,name,company,year,Price,kms_driven,fuel_type
0,Mini Cooper S,Mini,2002,270000,72197,Petrol
1,Jaguar XE Prestige,Jaguar,2020,1525000,110704,Petrol
2,Jeep Compass Longitude,Jeep,2019,169000,52224,Diesel
3,Maruti Suzuki Swift,Maruti,2015,56000,89294,Diesel
4,Chevrolet Beat LT,Chevrolet,2004,25000,99695,Petrol
5,Volkswagen Polo Highline,Volkswagen,2016,72000,140668,Petrol
6,Fiat Linea Active,Fiat,2022,85000,162241,Diesel
7,Hyundai Eon Era,Hyundai,2011,66000,21016,Petrol
8,Audi Q3 35,Audi,2007,454000,97140,Diesel
9,Jaguar XE Prestige,Jaguar,2021,1880000,166555,Petrol
10,Audi A8,Audi,2010,580000,167872,Petrol
11,Hyundai Eon Era,Hyundai,2003,25000,82794,Diesel
12,Mitsubishi Lancer 1.8,Mitsubishi,2008,34000,171919,Diesel
13,Audi A6 2.0,Audi,2010,912000,36703,Petrol
14,Mitsubishi Lancer 1.8,Mitsubishi,2020,107000,104800,Diesel
15,Jeep Compass Limited,Jeep,2004,46000,12451,Petrol
16,Jaguar XF Portfolio,Jaguar,2021,3228000,16753,Diesel
17,Jeep Compass Limited,Jeep,2019,225000,3109,Petrol
18,Volkswagen Vento Highline,Volkswagen,2018,143000,27994,Diesel
19,Tata Nano Lx,Tata,2013,56000,42449,Petrol
20,Ford EcoSport Ambiente,Ford,2011,46000,62870,Petrol
21,Mahindra Scorpio SLE,Mahindra,2017,134000,18243,Petrol
22,Mercedes GLA 200d,Mercedes,2007,702000,69583,Diesel
23,Land Rover Freelander,Land,2011,826000,104693,Diesel
24,Ford Figo,Ford,2009,47000,16884,Diesel
25,Mitsubishi Pajero Sport,Mitsubishi,2002,30000,18710,Petrol
26,Chevrolet Beat LT,Chevrolet,2018,76000,62491,Diesel
27,Honda Brio S,Honda,2020,93000,151150,Diesel
28,BMW 3 Series,BMW,2005,600000,25509,Diesel
29,Hyundai Grand i10,Hyundai,2003,25000,105644,Diesel
30,Tata Nano Lx,Tata,2019,63000,117701,Petrol
31,Renault Duster 110,Renault,2016,46000,144364,Petrol
32,Maruti Suzuki Swift,Maruti,2009,42000,43697,CNG
33,Datsun GO T,Datsun,2007,25000,99445,Petrol
34,Audi Q3 35,Audi,2015,857000,145791,Diesel
35,Hyundai Tucson 2WD,Hyundai,2019,123000,16079,Diesel
36,Jeep Compass Longitude,Jeep,2003,29000,133224,Petrol
37,Mahindra XUV500 W8,Mahindra,2014,84000,31527,Petrol
38,Volvo S60 D4,Volvo,2015,982000,172426,Diesel
39,Land Rover Discovery,Land,2009,785000,69729,Diesel
40,Audi Q3 35,Audi,2004,613000,2541,Diesel
41,Ford EcoSport Titanium,Ford,2019,104000,55977,Diesel
42,Mahindra XUV500 W8,Mahindra,2013,67000,74807,Diesel
43,Skoda Octavia Elegance,Skoda,2022,118000,138758,Petrol
44,Jaguar XE Prestige,Jaguar,2006,651000,69428,Petrol
45,Honda Jazz V,Honda,2011,42000,158652,Petrol
46,Mini Cooper D,Mini,2018,1166000,128165,Diesel
47,Mahindra KUV100 K8,Mahindra,2010,67000,11657,Diesel
48,Volkswagen Vento Highline,Volkswagen,2016,69000,144719,Diesel
49,Land Rover Freelander,Land,2019,3008000,9544,Diesel
50,Honda City 1.5,Honda,2011,50000,95691,Petrol
51,Renault Duster 110,Renault,2013,46000,146870,Diesel
52,Renault Kwid RXT,Renault,2007,25000,108180,Petrol
53,BMW X1 sDrive20d,BMW,2009,740000,70041,Petrol
54,Hyundai Venue SX,Hyundai,2009,44000,52416,Diesel
55,Renault Kwid RXT,Renault,2002,25000,173123,Petrol
56,Mahindra Bolero SLE,Mahindra,2013,50000,168260,Petrol
57,Fiat Linea Active,Fiat,2002,25000,30336,Diesel
58,Volkswagen Polo Highline,Volkswagen,2005,25000,156487,Diesel
59,BMW X1 sDrive20d,BMW,2018,2273000,30415,Diesel
60,Hyundai i10 Sportz,Hyundai,2002,25000,136393,Petrol
61,Jaguar XF Portfolio,Jaguar,2021,2393000,82391,Petrol
62,Skoda Octavia Elegance,Skoda,2015,77000,85606,Diesel
63,Tata Nexon XZ,Tata,2023,106000,99490,Petrol
64,Fiat Punto Active,Fiat,2011,35000,75312,Petrol
65,Mini Cooper D,Mini,2016,917000,115911,Diesel
66,Toyota Yaris VX,Toyota,2004,29000,74492,Diesel
67,Renault Triber RXZ,Renault,2009,34000,52300,Petrol
68,Mercedes GLA 200d,Mercedes,2004,396000,119484,Diesel
69,Land Rover Discovery,Land,2017,1285000,104866,Petrol
70,Ford Freestyle Titanium,Ford,2015,80000,57467,Petrol
71,Audi A4 35,Audi,2019,1723000,65425,Petrol
72,Jaguar XF Portfolio,Jaguar,2016,1319000,160703,Diesel
73,Toyota Yaris VX,Toyota,2017,91000,118083,Diesel
74,Volkswagen Jetta Comfortline,Volkswagen,2022,160000,62816,Diesel
75,Renault Triber RXZ,Renault,2012,39000,83909,Petrol
76,Land Rover Freelander,Land,2008,991000,16937,Diesel
77,BMW 3 Series,BMW,2008,564000,110238,Diesel
78,Land Rover Freelander,Land,2020,1784000,99814,Diesel
79,Datsun redi-GO T,Datsun,2019,51000,143265,Petrol
80,Mercedes C-Class C220d,Mercedes,2014,1154000,88214,Diesel
81,Honda Civic 1.8,Honda,2019,163000,7169,Diesel
82,Mahindra KUV100 K8,Mahindra,2006,25000,121131,Diesel
83,Tata Nexon XZ,Tata,2012,39000,88573,Diesel
84,BMW 5 Series,BMW,2004,350000,123388,Petrol
85,Nissan Micra XV,Nissan,2022,163000,18087,Petrol
86,Tata Indica V2,Tata,2021,108000,40046,Petrol
87,Mitsubishi Pajero Sport,Mitsubishi,2016,91000,67272,Diesel
88,Land Rover Freelander,Land,2007,646000,81636,Petrol
89,Mitsubishi Lancer 1.8,Mitsubishi,2014,87000,52090,Petrol
90,Renault Duster 110,Renault,2011,35000,179474,Petrol
91,Hyundai Verna 1.6,Hyundai,2019,73000,112396,Diesel
92,Maruti Suzuki Ertiga,Maruti,2017,106000,27766,CNG
93,Audi A6 2.0,Audi,2015,1423000,46273,Diesel
94,Mercedes E-Class E220d,Mercedes,2015,979000,155413,Diesel
95,Mahindra Bolero SLE,Mahindra,2016,98000,64027,Diesel
96,Chevrolet Beat LT,Chevrolet,2017,55000,85300,Petrol
97,Volkswagen Ameo Highline,Volkswagen,2010,39000,156378,Diesel
98,Tata Indica V2,Tata,2009,28000,106642,Diesel
99,Mercedes GLA 200d,Mercedes,2017,1062000,117586,Petrol
100,Land Rover Freelander,Land,2011,788000,174153,Diesel
101,BMW X1 sDrive20d,BMW,2019,1776000,86814,Diesel
102,Volkswagen Vento Highline,Volkswagen,2005,32000,50584,Diesel
103,Land Rover Freelander,Land,2008,795000,56823,Diesel
104,Jeep Compass Limited,Jeep,2005,46000,50986,Diesel
105,Maruti Suzuki Omni,Maruti,2019,108000,33282,Diesel
106,Skoda Rapid Elegance,Skoda,2017,69000,115566,Diesel
107,Mercedes C-Class C220d,Mercedes,2004,343000,105143,Diesel
108,Hyundai Elite i20,Hyundai,2006,25000,147645,Diesel
109,Fiat Linea Active,Fiat,2021,77000,156371,Petrol
110,Audi Q3 35,Audi,2020,1522000,112515,Diesel
111,Ford Freestyle Titanium,Ford,2008,26000,164075,Petrol
112,Renault Kwid RXT,Renault,2019,101000,19777,Petrol
113,Volvo XC60 D5,Volvo,2011,968000,8656,Petrol
114,Audi A4 35,Audi,2023,2915000,61290,Diesel
115,Jaguar XE Prestige,Jaguar,2015,1753000,30187,Petrol
116,Honda City 1.5,Honda,2003,31000,43595,Diesel
117,Skoda Rapid Elegance,Skoda,2005,25000,122966,Diesel
118,Jeep Compass Limited,Jeep,2016,165000,21187,Petrol
119,Volvo XC60 D5,Volvo,2002,454000,24040,Petrol
120,Mitsubishi Pajero Sport,Mitsubishi,2023,191000,70750,Petrol
121,Jeep Compass Limited,Jeep,2010,82000,47676,Diesel
122,Mahindra TUV300 T8,Mahindra,2013,53000,107146,Diesel
123,Toyota Corolla Altis,Toyota,2015,74000,129984,Diesel
124,Fiat Punto Active,Fiat,2016,74000,23184,Diesel
125,Datsun GO Plus,Datsun,2002,25000,172501,Diesel
126,Nissan Terrano XL,Nissan,2017,63000,164047,Diesel
127,Fiat Punto Active,Fiat,2011,27000,114949,Diesel
128,Volvo S60 D4,Volvo,2007,494000,81561,Petrol
129,Ford Figo Aspire,Ford,2005,25000,169893,Petrol
130,Jeep Compass Limited,Jeep,2015,81000,126584,Diesel
131,Datsun GO T,Datsun,2021,68000,133332,Petrol
132,BMW 5 Series,BMW,2018,1534000,70137,Petrol
133,Mitsubishi Lancer 1.8,Mitsubishi,2006,28000,117159,Diesel
134,Fiat Linea Active,Fiat,2016,61000,84452,Petrol
135,Datsun GO T,Datsun,2015,68000,11541,Diesel
136,Datsun redi-GO T,Datsun,2023,75000,171022,Petrol
137,Jeep Compass Limited,Jeep,2005,32000,115523,Petrol
138,Honda WR-V i-VTEC,Honda,2022,172000,40564,Petrol
139,Chevrolet Tavera Neo,Chevrolet,2022,140000,21154,Diesel
140,Datsun redi-GO T,Datsun,2022,70000,128012,Petrol
141,Jaguar XF Portfolio,Jaguar,2009,1158000,23792,Diesel
142,Land Rover Freelander,Land,2016,2091000,43711,Diesel
143,Hyundai Creta 1.6,Hyundai,2013,46000,98362,Diesel
144,Mitsubishi Pajero Sport,Mitsubishi,2007,46000,45993,Petrol
145,Jaguar XE Prestige,Jaguar,2017,1197000,152971,Petrol
146,Audi Q3 35,Audi,2023,3919000,2563,Diesel
147,Toyota Innova 2.5,Toyota,2016,93000,90687,Diesel
148,Volkswagen Jetta Comfortline,Volkswagen,2011,66000,52323,Diesel
149,Datsun GO Plus,Datsun,2013,34000,150783,Diesel
150,Jaguar XF Portfolio,Jaguar,2010,1308000,2222,Petrol
151,Skoda Fabia Classic,Skoda,2021,123000,92458,Petrol
152,Jaguar XE Prestige,Jaguar,2022,3192000,25570,Petrol
153,Mitsubishi Lancer 1.8,Mitsubishi,2006,46000,23727,Diesel
154,Tata Nano Lx,Tata,2019,82000,96007,Diesel
155,Mercedes E-Class E220d,Mercedes,2012,1369000,30291,Diesel
156,Fiat Punto Active,Fiat,2016,54000,96722,Diesel
157,Nissan Micra XV,Nissan,2023,128000,61395,Diesel
158,Fiat Linea Active,Fiat,2021,105000,58130,Petrol
159,Land Rover Discovery,Land,2022,2023000,107132,Petrol
160,Skoda Rapid Elegance,Skoda,2005,41000,25578,Petrol
161,Audi Q3 35,Audi,2023,2028000,141708,Diesel
162,BMW X1 sDrive20d,BMW,2005,421000,128379,Diesel
163,Land Rover Discovery,Land,2008,662000,116330,Diesel
164,Ford Fiesta Classic,Ford,2013,41000,142828,Diesel
165,Ford Freestyle Titanium,Ford,2016,99000,24131,Petrol
166,Maruti Suzuki Alto,Maruti,2012,55000,63950,Petrol
167,Fiat Punto Active,Fiat,2020,89000,56710,Petrol
168,Volvo S60 D4,Volvo,2010,823000,38029,Petrol
169,Ford Fiesta Classic,Ford,2002,25000,34651,Petrol
170,Mitsubishi Lancer 1.8,Mitsubishi,2002,26000,45777,Diesel
171,Jeep Compass Longitude,Jeep,2004,33000,124945,Diesel
172,Ford Figo Aspire,Ford,2018,103000,58177,Petrol
173,Jaguar XF Portfolio,Jaguar,2016,1041000,168747,Petrol
174,Datsun redi-GO T,Datsun,2023,134000,28401,Diesel
175,Mahindra Thar CRDe,Mahindra,2021,160000,38984,Diesel
176,Mitsubishi Lancer 1.8,Mitsubishi,2014,61000,156702,Diesel
177,Ford Freestyle Titanium,Ford,2005,25000,171729,Petrol
178,BMW 5 Series,BMW,2016,1200000,104624,Diesel
179,Chevrolet Sail UVA,Chevrolet,2013,45000,40113,Diesel
180,Mahindra KUV100 K8,Mahindra,2005,28000,97787,Diesel
181,Fiat Linea Active,Fiat,2023,141000,32142,Diesel
182,BMW X1 sDrive20d,BMW,2003,386000,75500,Diesel
183,Tata Nano Lx,Tata,2023,102000,126503,Petrol
184,Fiat Linea Active,Fiat,2005,25000,73124,Petrol
185,Volvo S60 D4,Volvo,2021,1390000,172546,Diesel
186,Skoda Rapid Elegance,Skoda,2013,96000,1700,Petrol
187,Datsun GO T,Datsun,2006,25000,166082,Petrol
188,Datsun redi-GO T,Datsun,2016,44000,89463,Petrol
189,Mitsubishi Pajero Sport,Mitsubishi,2003,34000,40884,Petrol
190,Mahindra Bolero SLE,Mahindra,2016,71000,173623,Diesel
191,Volkswagen Vento Highline,Volkswagen,2018,129000,29936,Diesel
192,Jaguar XF Portfolio,Jaguar,2018,1315000,174984,Diesel
193,Volvo S60 D4,Volvo,2002,413000,53688,Diesel
194,Volkswagen Ameo Highline,Volkswagen,2012,70000,31553,Petrol
195,Honda WR-V i-VTEC,Honda,2019,111000,60422,Diesel
196,Hyundai i10 Sportz,Hyundai,2002,25000,120621,Petrol
197,Chevrolet Spark LT,Chevrolet,2021,64000,120711,Diesel
198,Renault Lodgy 110PS,Renault,2020,78000,105075,Petrol
199,Chevrolet Spark LT,Chevrolet,2012,43000,44174,Petrol
200,Jeep Compass Longitude,Jeep,2013,73000,92138,Petrol
201,Tata Nano Lx,Tata,2021,109000,40173,Petrol
202,Mercedes E-Class E220d,Mercedes,2020,1711000,152004,Diesel
203,Mini Cooper D,Mini,2022,1767000,82973,Petrol
204,Mini Cooper D,Mini,2010,459000,155137,Petrol
205,Audi A8,Audi,2003,556000,15013,Diesel
206,Mahindra KUV100 K8,Mahindra,2016,75000,152229,Petrol
207,Hyundai Venue SX,Hyundai,2020,81000,170975,Petrol
208,Honda City 1.5,Honda,2016,123000,27232,Diesel
209,Mini Cooper S,Mini,2003,388000,65044,Diesel
210,Volvo S60 D4,Volvo,2013,793000,97840,Diesel
211,Jaguar XE Prestige,Jaguar,2022,1928000,169787,Diesel
212,Jaguar XF Portfolio,Jaguar,2011,932000,66159,Petrol
213,Honda Jazz V,Honda,2011,39000,172080,Diesel
214,Mahindra Bolero SLE,Mahindra,2019,106000,98844,Petrol
215,Skoda Fabia Classic,Skoda,2008,34000,89683,Diesel
216,Honda City 1.5,Honda,2011,68000,26613,Petrol
217,Volvo S60 D4,Volvo,2021,1507000,98854,Petrol
218,Volvo S60 D4,Volvo,2016,1640000,11553,Diesel
219,Audi Q7,Audi,2011,615000,117783,Petrol
220,Mercedes C-Class C220d,Mercedes,2013,839000,177914,Diesel
221,Datsun GO Plus,Datsun,2018,51000,109849,Petrol
222,Honda Jazz V,Honda,2003,25000,168181,Diesel
223,Ford Fiesta Classic,Ford,2018,105000,32783,Diesel
224,Audi Q7,Audi,2006,422000,114780,Petrol
225,Audi Q3 35,Audi,2002,261000,108862,Petrol
226,Datsun GO T,Datsun,2013,39000,58961,Petrol
227,Land Rover Discovery,Land,2006,696000,36170,Petrol
228,Tata Nano Lx,Tata,2019,61000,159714,Diesel
229,Skoda Fabia Classic,Skoda,2003,28000,62605,Diesel
230,Mahindra Scorpio SLE,Mahindra,2017,66000,156531,Petrol
231,Renault Kwid RXT,Renault,2011,33000,112622,Petrol
232,BMW 3 Series,BMW,2023,1993000,175268,Petrol
233,Jeep Compass Longitude,Jeep,2014,77000,123343,Petrol
234,Volkswagen Polo Highline,Volkswagen,2013,81000,17810,Diesel
235,Ford Freestyle Titanium,Ford,2020,89000,87267,Petrol
236,Mini Cooper S,Mini,2023,1757000,121898,Diesel
237,Mahindra TUV300 T8,Mahindra,2003,25000,77024,Diesel
238,Hyundai Verna 1.6,Hyundai,2011,43000,135204,Diesel
239,Volkswagen Polo Highline,Volkswagen,2022,168000,50196,Diesel
240,Mini Cooper D,Mini,2010,778000,32730,Diesel
241,Audi A8,Audi,2012,1076000,49073,Diesel
242,Jeep Compass Limited,Jeep,2004,29000,111380,Petrol
243,Toyota Glanza G,Toyota,2011,50000,84303,Petrol
244,Skoda Rapid Elegance,Skoda,2021,109000,111803,Petrol
245,Hyundai Verna 1.6,Hyundai,2021,101000,114117,Diesel
246,Hyundai Grand i10,Hyundai,2023,114000,167220,Diesel
247,Jaguar XE Prestige,Jaguar,2002,448000,37528,Diesel
248,Mini Cooper D,Mini,2013,704000,100462,Petrol
249,Nissan Sunny XL,Nissan,2016,87000,20255,Petrol
250,Mini Cooper D,Mini,2009,733000,29839,Petrol
251,Datsun GO Plus,Datsun,2005,25000,68723,Diesel
252,Volvo XC60 D5,Volvo,2017,1341000,52575,Petrol
253,Toyota Yaris VX,Toyota,2016,134000,23113,Diesel
254,Fiat Linea Active,Fiat,2011,46000,41389,Petrol
255,Ford Figo,Ford,2006,29000,62158,Diesel
256,Nissan Sunny XL,Nissan,2019,97000,34118,Petrol
257,Land Rover Discovery,Land,2018,1711000,107787,Diesel
258,Chevrolet Beat LT,Chevrolet,2016,40000,122215,Diesel
259,Fiat Punto Active,Fiat,2006,25000,113508,Petrol
260,Skoda Fabia Classic,Skoda,2007,32000,84683,Petrol
261,Skoda Fabia Classic,Skoda,2010,51000,51559,Diesel
262,Fiat Punto Active,Fiat,2018,56000,168131,Petrol
263,Toyota Yaris VX,Toyota,2021,135000,158733,Diesel
264,Maruti Suzuki Swift,Maruti,2003,25000,168253,Diesel
265,BMW X1 sDrive20d,BMW,2022,3644000,8039,Diesel
266,Mini Cooper D,Mini,2017,1242000,64293,Diesel
267,Hyundai Elite i20,Hyundai,2016,62000,109052,Diesel
268,Honda Jazz V,Honda,2012,49000,90636,Diesel
269,Fiat Punto Active,Fiat,2012,40000,63470,Diesel
270,Honda City 1.5,Honda,2003,27000,76177,Diesel
271,Toyota Corolla Altis,Toyota,2020,141000,82076,Petrol
272,Jeep Compass Limited,Jeep,2017,114000,80982,Diesel
273,Jeep Compass Limited,Jeep,2009,62000,56498,Diesel
274,Volvo XC60 D5,Volvo,2011,629000,140790,Petrol
275,Volkswagen Ameo Highline,Volkswagen,2014,59000,96028,Petrol
276,Tata Tiago Revotron,Tata,2019,79000,75755,Petrol
277,Fiat Linea Active,Fiat,2021,66000,178462,Petrol
278,Nissan Sunny XL,Nissan,2019,71000,95941,Petrol
279,Jeep Compass Longitude,Jeep,2003,49000,10301,Petrol
280,Jeep Compass Limited,Jeep,2006,34000,159027,Petrol
281,Toyota Fortuner 3.0,Toyota,2021,156000,78542,Diesel
282,Mercedes GLA 200d,Mercedes,2020,2197000,78688,Diesel
283,Jaguar XE Prestige,Jaguar,2015,1191000,153114,Diesel
284,Land Rover Freelander,Land,2021,2265000,124510,Diesel
285,Mitsubishi Pajero Sport,Mitsubishi,2003,25000,153067,Diesel
286,Volvo XC60 D5,Volvo,2006,322000,178548,Petrol
287,Ford Figo,Ford,2002,25000,115715,Diesel
288,Tata Nexon XZ,Tata,2018,67000,160395,Diesel
289,Hyundai Elite i20,Hyundai,2018,117000,54453,Diesel
290,Datsun redi-GO T,Datsun,2007,25000,120598,Diesel
291,Jaguar XF Portfolio,Jaguar,2021,2070000,127024,Petrol
292,Skoda Fabia Classic,Skoda,2011,53000,75860,Petrol
293,Mercedes E-Class E220d,Mercedes,2019,1758000,71785,Diesel
294,Datsun redi-GO T,Datsun,2013,42000,38497,Diesel
295,Mahindra Thar CRDe,Mahindra,2016,76000,172059,Diesel
296,Fiat Linea Active,Fiat,2019,71000,71303,Petrol
297,Renault Kwid RXT,Renault,2003,25000,175692,Petrol
298,BMW 5 Series,BMW,2017,1613000,26457,Petrol
299,Toyota Fortuner 3.0,Toyota,2022,142000,124801,Diesel
300,Skoda Rapid Elegance,Skoda,2011,44000,169418,Petrol
301,Mitsubishi Pajero Sport,Mitsubishi,2019,162000,9877,Petrol
302,Mitsubishi Pajero Sport,Mitsubishi,2012,73000,74696,Diesel
303,Mercedes C-Class C220d,Mercedes,2018,1258000,122788,Diesel
304,Chevrolet Sail UVA,Chevrolet,2020,57000,176890,Petrol
305,Datsun redi-GO T,Datsun,2018,55000,86064,Petrol
306,Honda WR-V i-VTEC,Honda,2012,56000,65124,Petrol
307,Volkswagen Ameo Highline,Volkswagen,2011,38000,152788,Petrol
308,Renault Duster 110,Renault,2023,160000,31091,Diesel
309,Jeep Compass Limited,Jeep,2005,33000,167534,Diesel
310,Honda WR-V i-VTEC,Honda,2006,26000,119369,Diesel
311,Mercedes GLA 200d,Mercedes,2023,3029000,57355,Petrol
312,Mahindra TUV300 T8,Mahindra,2018,107000,94939,Diesel
313,Fiat Punto Active,Fiat,2020,61000,140782,Petrol
314,Audi A4 35,Audi,2023,2554000,53944,Diesel
315,Hyundai Venue SX,Hyundai,2006,25000,134644,Diesel
316,Audi Q3 35,Audi,2002,313000,103895,Diesel
317,Mitsubishi Pajero Sport,Mitsubishi,2003,25000,111169,Diesel
318,Hyundai Grand i10,Hyundai,2017,115000,8419,Diesel
319,Mini Cooper D,Mini,2013,786000,100364,Diesel
320,Datsun GO T,Datsun,2023,78000,173584,Petrol
321,Toyota Glanza G,Toyota,2014,65000,138732,Petrol
322,Maruti Suzuki Alto,Maruti,2011,34000,121473,CNG
323,Renault Lodgy 110PS,Renault,2013,58000,40764,Diesel
324,Ford EcoSport Titanium,Ford,2023,108000,110001,Petrol
325,Volvo S60 D4,Volvo,2016,874000,156805,Petrol
326,Audi A6 2.0,Audi,2019,1663000,57055,Petrol
327,Renault Triber RXZ,Renault,2020,74000,156840,Diesel
328,Jaguar XE Prestige,Jaguar,2015,1238000,78874,Diesel
329,Toyota Yaris VX,Toyota,2023,135000,112088,Diesel
330,Mini Cooper D,Mini,2018,1257000,83654,Diesel
331,Toyota Glanza G,Toyota,2017,106000,63268,Petrol
332,Audi A4 35,Audi,2019,1423000,108280,Diesel
333,Renault Triber RXZ,Renault,2008,32000,86676,Petrol
334,Mahindra XUV500 W8,Mahindra,2003,28000,70475,Diesel
335,Mahindra XUV500 W8,Mahindra,2020,92000,176116,Petrol
336,Chevrolet Sail UVA,Chevrolet,2002,25000,55624,Petrol
337,Mercedes C-Class C220d,Mercedes,2021,2828000,53711,Diesel
338,Skoda Rapid Elegance,Skoda,2016,65000,139993,Diesel
339,Mercedes E-Class E220d,Mercedes,2005,438000,123174,Diesel
340,BMW 3 Series,BMW,2020,1842000,58105,Petrol
341,Mitsubishi Lancer 1.8,Mitsubishi,2011,65000,40053,Petrol
342,Renault Lodgy 110PS,Renault,2019,68000,171701,Diesel
343,Mini Cooper D,Mini,2016,1212000,44201,Diesel
344,Mercedes C-Class C220d,Mercedes,2019,1429000,168346,Petrol
345,Mahindra Jeep CL550,Mahindra,2002,25000,108206,Diesel
346,Land Rover Freelander,Land,2002,461000,57436,Diesel
347,Jaguar XF Portfolio,Jaguar,2023,1986000,127988,Petrol
348,Maruti Suzuki Alto,Maruti,2018,80000,72121,Diesel
349,Jaguar XF Portfolio,Jaguar,2007,808000,28153,Petrol
350,Volvo XC60 D5,Volvo,2013,866000,70177,Diesel
351,Audi Q7,Audi,2009,768000,59307,Diesel
352,Mini Cooper S,Mini,2004,288000,106341,Diesel
353,Mini Cooper S,Mini,2007,677000,21775,Diesel
354,Chevrolet Beat LT,Chevrolet,2018,82000,11254,Petrol
355,Mitsubishi Lancer 1.8,Mitsubishi,2010,73000,12305,Petrol
356,Fiat Punto Active,Fiat,2007,26000,82540,Petrol
357,Land Rover Discovery,Land,2004,494000,78553,Petrol
358,Datsun GO Plus,Datsun,2019,68000,87060,Diesel
359,Land Rover Freelander,Land,2018,1529000,90764,Petrol
360,Mahindra Thar CRDe,Mahindra,2021,106000,161021,Petrol
361,Maruti Suzuki Eeco,Maruti,2010,29000,118209,CNG
362,Datsun redi-GO T,Datsun,2007,25000,178277,Diesel
363,Renault Duster 110,Renault,2004,25000,70347,Petrol
364,Skoda Rapid Elegance,Skoda,2013,58000,70817,Petrol
365,Audi Q7,Audi,2019,1233000,134433,Diesel
366,BMW 5 Series,BMW,2004,336000,146779,Petrol
367,Datsun GO T,Datsun,2006,25000,70595,Diesel
368,Toyota Fortuner 3.0,Toyota,2010,45000,110489,Diesel
369,Volkswagen Vento Highline,Volkswagen,2022,113000,130071,Petrol
370,Maruti Suzuki Ertiga,Maruti,2012,40000,162679,CNG
371,Chevrolet Tavera Neo,Chevrolet,2022,70000,155916,Petrol
372,Land Rover Freelander,Land,2017,1801000,82461,Petrol
373,Skoda Octavia Elegance,Skoda,2022,109000,128814,Petrol
374,Datsun redi-GO T,Datsun,2005,25000,147910,Petrol
375,Jaguar XE Prestige,Jaguar,2016,1856000,55058,Diesel
376,Mahindra KUV100 K8,Mahindra,2023,142000,130989,Diesel
377,Jaguar XE Prestige,Jaguar,2015,1149000,98925,Petrol
378,Mitsubishi Lancer 1.8,Mitsubishi,2019,100000,132905,Diesel
379,Nissan Terrano XL,Nissan,2019,62000,155766,Petrol
380,Jaguar XF Portfolio,Jaguar,2007,506000,169707,Petrol
381,Mini Cooper D,Mini,2012,507000,112941,Petrol
382,Jeep Compass Longitude,Jeep,2016,104000,98173,Diesel
383,Land Rover Freelander,Land,2013,1535000,6538,Diesel
384,Mahindra Scorpio SLE,Mahindra,2006,31000,91412,Diesel
385,Jeep Compass Limited,Jeep,2013,67000,124923,Petrol
386,Chevrolet Beat LT,Chevrolet,2011,40000,11813,Petrol
387,Ford Fiesta Classic,Ford,2007,34000,64040,Petrol
388,BMW 5 Series,BMW,2009,512000,106280,Petrol
389,Datsun GO T,Datsun,2021,96000,51827,Diesel
390,Land Rover Freelander,Land,2008,746000,73066,Petrol
391,Fiat Punto Active,Fiat,2013,40000,85554,Petrol
392,Mercedes GLA 200d,Mercedes,2022,2480000,82257,Diesel
393,Nissan Sunny XL,Nissan,2016,56000,161937,Petrol
394,Skoda Octavia Elegance,Skoda,2020,149000,22317,Petrol
395,Ford Figo,Ford,2013,70000,37156,Diesel
396,Datsun redi-GO T,Datsun,2007,25000,127677,Petrol
397,Honda Amaze S,Honda,2012,48000,118327,Petrol
398,Mercedes C-Class C220d,Mercedes,2008,561000,100748,Diesel
399,Land Rover Discovery,Land,2017,2025000,43944,Petrol
400,Renault Triber RXZ,Renault,2003,25000,72151,Petrol
401,Audi Q7,Audi,2017,1093000,144207,Petrol
402,Fiat Linea Active,Fiat,2019,111000,11007,Diesel
403,Ford Fiesta Classic,Ford,2022,158000,64988,Diesel
404,Volkswagen Ameo Highline,Volkswagen,2004,25000,115199,Petrol
405,Mitsubishi Lancer 1.8,Mitsubishi,2021,110000,165977,Diesel
406,Tata Nano Lx,Tata,2003,25000,149541,Diesel
407,Toyota Corolla Altis,Toyota,2011,68000,75946,Diesel
408,Jaguar XE Prestige,Jaguar,2006,523000,107997,Petrol
409,Honda Brio S,Honda,2006,35000,65551,Petrol
410,Jaguar XF Portfolio,Jaguar,2017,2140000,37369,Diesel
411,Mahindra Scorpio SLE,Mahindra,2014,53000,135264,Petrol
412,Nissan Sunny XL,Nissan,2017,74000,85896,Petrol
413,Mahindra TUV300 T8,Mahindra,2022,115000,174201,Petrol
414,Fiat Linea Active,Fiat,2008,25000,112728,Petrol
415,Skoda Rapid Elegance,Skoda,2019,87000,151601,Petrol
416,Chevrolet Beat LT,Chevrolet,2003,25000,26202,Diesel
417,Toyota Fortuner 3.0,Toyota,2016,132000,277,Diesel
418,Honda Brio S,Honda,2011,58000,41774,Diesel
419,Mahindra Thar CRDe,Mahindra,2023,123000,170208,Diesel
420,Mercedes C-Class C220d,Mercedes,2006,419000,155729,Petrol
421,Maruti Suzuki Omni,Maruti,2012,61000,31712,CNG
422,Renault Lodgy 110PS,Renault,2004,26000,26950,Petrol
423,Honda WR-V i-VTEC,Honda,2006,25000,168285,Petrol
424,Volvo S60 D4,Volvo,2016,1102000,92161,Petrol
425,BMW X1 sDrive20d,BMW,2023,1785000,116068,Petrol
426,Ford Endeavour 4x4,Ford,2014,55000,92252,Diesel
427,Volkswagen Polo Highline,Volkswagen,2009,37000,145169,Diesel
428,Jaguar XF Portfolio,Jaguar,2008,580000,135824,Petrol
429,Hyundai Eon Era,Hyundai,2017,65000,101257,Petrol
430,Mahindra Jeep CL550,Mahindra,2013,63000,83061,Diesel
431,BMW 5 Series,BMW,2019,1445000,179129,Petrol
432,Mahindra Jeep CL550,Mahindra,2020,166000,17803,Diesel
433,Hyundai i10 Sportz,Hyundai,2018,92000,75201,Diesel
434,Mini Cooper S,Mini,2010,745000,22014,Diesel
435,Honda Civic 1.8,Honda,2012,45000,102527,Petrol
436,Renault Duster 110,Renault,2009,42000,22700,Diesel
437,Hyundai Creta 1.6,Hyundai,2023,102000,172604,Petrol
438,Land Rover Freelander,Land,2007,547000,130231,Diesel
439,Volkswagen Vento Highline,Volkswagen,2013,85000,33374,Diesel
440,Maruti Suzuki Celerio,Maruti,2015,61000,71398,Petrol
441,Mini Cooper S,Mini,2017,864000,119427,Diesel
442,Toyota Corolla Altis,Toyota,2007,46000,66977,Petrol
443,Hyundai Venue SX,Hyundai,2013,44000,100495,Petrol
444,Hyundai Xcent S,Hyundai,2022,100000,110035,Petrol
445,Chevrolet Sail UVA,Chevrolet,2004,25000,149924,Diesel
446,Hyundai Elite i20,Hyundai,2009,33000,135307,Petrol
447,Tata Tiago Revotron,Tata,2020,87000,79768,Petrol
448,Mercedes C-Class C220d,Mercedes,2019,1691000,64358,Petrol
449,Renault Triber RXZ,Renault,2022,151000,2615,Diesel
450,Skoda Fabia Classic,Skoda,2008,30000,138987,Petrol
451,Honda Brio S,Honda,2010,66000,24486,Petrol
452,Jeep Compass Limited,Jeep,2013,70000,120282,Petrol
453,Mini Cooper D,Mini,2004,266000,155261,Petrol
454,Renault Triber RXZ,Renault,2010,39000,82677,Diesel
455,Chevrolet Tavera Neo,Chevrolet,2010,36000,61339,Petrol
456,Mitsubishi Pajero Sport,Mitsubishi,2006,44000,27797,Petrol
457,Ford Endeavour 4x4,Ford,2013,62000,54530,Diesel
458,Ford EcoSport Titanium,Ford,2007,28000,179945,Diesel
459,Hyundai Eon Era,Hyundai,2012,64000,38982,Petrol
460,Datsun GO Plus,Datsun,2003,25000,177619,Diesel
461,Maruti Suzuki Ertiga,Maruti,2016,50000,145839,Petrol
462,Honda City 1.5,Honda,2002,27000,16266,Petrol
463,Nissan Terrano XL,Nissan,2022,93000,169100,Petrol
464,Mahindra Jeep CL550,Mahindra,2004,31000,51939,Petrol
465,Chevrolet Beat LT,Chevrolet,2003,25000,120947,Petrol
466,Datsun redi-GO T,Datsun,2002,25000,100430,Diesel
467,Toyota Corolla Altis,Toyota,2010,38000,117019,Petrol
468,Renault Triber RXZ,Renault,2017,55000,108101,Diesel
469,Honda WR-V i-VTEC,Honda,2008,31000,168567,Petrol
470,Maruti Suzuki Ertiga,Maruti,2013,39000,125846,CNG
471,Chevrolet Tavera Neo,Chevrolet,2010,34000,47237,Petrol
472,Volkswagen Polo Highline,Volkswagen,2017,79000,138887,Diesel
473,Toyota Innova 2.5,Toyota,2009,36000,172293,Petrol
474,Hyundai Eon Era,Hyundai,2020,106000,101922,Diesel
475,Toyota Etios VXD,Toyota,2009,43000,155425,Diesel
476,Mitsubishi Pajero Sport,Mitsubishi,2013,54000,148906,Petrol
477,Mercedes GLA 200d,Mercedes,2011,925000,46121,Diesel
478,Volvo S60 D4,Volvo,2002,230000,138105,Diesel
479,Tata Nano Lx,Tata,2012,46000,46620,Diesel
480,Land Rover Freelander,Land,2005,500000,138065,Diesel
481,Jaguar XF Portfolio,Jaguar,2020,2758000,26584,Diesel
482,Toyota Yaris VX,Toyota,2015,74000,167679,Diesel
483,Fiat Linea Active,Fiat,2009,25000,174565,Petrol
484,Skoda Fabia Classic,Skoda,2007,57000,571,Diesel
485,Mitsubishi Pajero Sport,Mitsubishi,2007,35000,158012,Diesel
486,Renault Duster 110,Renault,2017,98000,36968,Diesel
487,Chevrolet Spark LT,Chevrolet,2022,126000,23358,Diesel
488,Renault Duster 110,Renault,2013,55000,67381,Petrol
489,Audi A8,Audi,2007,493000,108632,Diesel
490,Datsun GO T,Datsun,2017,39000,151633,Petrol
491,Hyundai Creta 1.6,Hyundai,2002,25000,83649,Diesel
492,Toyota Fortuner 3.0,Toyota,2007,51000,19761,Petrol
493,Mercedes GLA 200d,Mercedes,2002,293000,113168,Petrol
494,Hyundai Grand i10,Hyundai,2012,56000,53983,Petrol
495,Fiat Linea Active,Fiat,2023,110000,73899,Diesel
496,Mitsubishi Lancer 1.8,Mitsubishi,2006,44000,14388,Diesel
497,Jaguar XF Portfolio,Jaguar,2008,831000,25524,Petrol
498,Mahindra TUV300 T8,Mahindra,2005,31000,80932,Diesel
499,Volkswagen Polo Highline,Volkswagen,2022,111000,142739,Diesel
500,Nissan Micra XV,Nissan,2016,93000,11796,Diesel
501,Volkswagen Polo Highline,Volkswagen,2006,25000,175072,Petrol
502,Fiat Linea Active,Fiat,2020,99000,59741,Petrol
503,BMW X1 sDrive20d,BMW,2023,1971000,124572,Petrol
504,Land Rover Freelander,Land,2018,1328000,149841,Petrol
505,Toyota Etios VXD,Toyota,2008,45000,50621,Petrol
506,Jaguar XF Portfolio,Jaguar,2008,591000,164523,Petrol
507,Mahindra Scorpio SLE,Mahindra,2014,60000,145947,Diesel
508,Jeep Compass Limited,Jeep,2002,25000,163430,Diesel
509,Mitsubishi Pajero Sport,Mitsubishi,2005,27000,147604,Petrol
510,Nissan Sunny XL,Nissan,2010,34000,100512,Diesel
511,Toyota Corolla Altis,Toyota,2014,89000,37810,Diesel
512,Skoda Rapid Elegance,Skoda,2010,41000,128975,Petrol
513,Skoda Octavia Elegance,Skoda,2016,86000,84213,Diesel
514,Mahindra XUV500 W8,Mahindra,2016,107000,55514,Diesel
515,Nissan Micra XV,Nissan,2018,90000,41773,Petrol
516,Honda Civic 1.8,Honda,2020,154000,7688,Petrol
517,Hyundai Eon Era,Hyundai,2003,25000,119755,Petrol
518,Volkswagen Ameo Highline,Volkswagen,2016,70000,132515,Diesel
519,Maruti Suzuki Baleno,Maruti,2013,37000,128232,CNG
520,Mitsubishi Lancer 1.8,Mitsubishi,2013,90000,42964,Diesel
521,Skoda Fabia Classic,Skoda,2014,100000,13115,Petrol
522,Tata Nano Lx,Tata,2022,112000,59111,Petrol
523,Maruti Suzuki Eeco,Maruti,2002,25000,124381,Petrol
524,Maruti Suzuki Baleno,Maruti,2010,34000,159573,Diesel
525,Volkswagen Jetta Comfortline,Volkswagen,2014,61000,91512,Diesel
526,Jaguar XF Portfolio,Jaguar,2020,2761000,26920,Petrol
527,Nissan Terrano XL,Nissan,2022,91000,155753,Diesel
528,Mahindra Thar CRDe,Mahindra,2010,44000,168028,Diesel
529,Land Rover Discovery,Land,2008,955000,39403,Petrol
530,Volvo XC60 D5,Volvo,2023,2292000,83877,Petrol
531,Skoda Rapid Elegance,Skoda,2015,68000,106163,Diesel
532,Mitsubishi Pajero Sport,Mitsubishi,2012,78000,58391,Diesel
533,Jeep Compass Limited,Jeep,2007,37000,172489,Petrol
534,Volkswagen Vento Highline,Volkswagen,2023,138000,88084,Petrol
535,Skoda Rapid Elegance,Skoda,2012,53000,97534,Diesel
536,Ford Figo Aspire,Ford,2003,25000,166403,Petrol
537,Ford Freestyle Titanium,Ford,2023,126000,100152,Diesel
538,Honda Amaze S,Honda,2008,42000,89928,Diesel
539,Audi A6 2.0,Audi,2012,985000,47379,Petrol
540,Toyota Corolla Altis,Toyota,2022,221000,15307,Petrol
541,Toyota Glanza G,Toyota,2007,29000,128439,Petrol
542,BMW 5 Series,BMW,2015,862000,125247,Diesel
543,Renault Kwid RXT,Renault,2013,43000,81913,Petrol
544,Skoda Fabia Classic,Skoda,2004,42000,12084,Diesel
545,Jeep Compass Limited,Jeep,2015,151000,35172,Diesel
546,Tata Nano Lx,Tata,2014,67000,5113,Petrol
547,Tata Tigor XZ,Tata,2002,25000,154684,Petrol
548,Hyundai i10 Sportz,Hyundai,2022,139000,67153,Petrol
549,Ford Fiesta Classic,Ford,2002,26000,12744,Petrol
550,Fiat Linea Active,Fiat,2017,79000,40241,Petrol
551,Skoda Rapid Elegance,Skoda,2023,220000,26571,Diesel
552,BMW 3 Series,BMW,2018,1172000,162025,Petrol
553,Mercedes C-Class C220d,Mercedes,2021,2794000,52463,Diesel
554,Nissan Terrano XL,Nissan,2015,53000,77524,Petrol
555,Tata Tigor XZ,Tata,2017,56000,86765,Petrol
556,Ford Freestyle Titanium,Ford,2020,82000,175480,Diesel
557,Jeep Compass Longitude,Jeep,2005,42000,67180,Petrol
558,Volkswagen Jetta Comfortline,Volkswagen,2003,34000,26264,Petrol
559,Nissan Terrano XL,Nissan,2012,32000,111772,Petrol
560,Hyundai Santro Xing,Hyundai,2006,25000,173994,Petrol
561,Volvo XC60 D5,Volvo,2004,322000,97780,Diesel
562,Audi Q3 35,Audi,2014,880000,125469,Diesel
563,Ford Figo,Ford,2003,25000,41884,Petrol
564,Mitsubishi Lancer 1.8,Mitsubishi,2007,34000,160354,Diesel
565,Jaguar XE Prestige,Jaguar,2017,1398000,128058,Petrol
566,Mahindra Bolero SLE,Mahindra,2022,160000,82475,Diesel
567,Mitsubishi Pajero Sport,Mitsubishi,2023,159000,88783,Petrol
568,Mercedes E-Class E220d,Mercedes,2023,1992000,177386,Diesel
569,Volvo S60 D4,Volvo,2002,249000,168763,Petrol
570,Mercedes C-Class C220d,Mercedes,2004,340000,128982,Diesel
571,Hyundai Xcent S,Hyundai,2009,31000,144409,Diesel
572,Audi A8,Audi,2020,1548000,117566,Petrol
573,Ford Figo Aspire,Ford,2022,179000,4758,Petrol
574,Fiat Punto Active,Fiat,2004,25000,158488,Diesel
575,Mini Cooper D,Mini,2012,695000,95348,Petrol
576,Chevrolet Tavera Neo,Chevrolet,2023,87000,95335,Diesel
577,Renault Duster 110,Renault,2012,43000,93197,Diesel
578,Ford EcoSport Titanium,Ford,2007,27000,129185,Petrol
579,BMW 3 Series,BMW,2010,538000,160231,Petrol
580,Datsun GO T,Datsun,2016,54000,50059,Diesel
581,Hyundai Xcent S,Hyundai,2015,61000,153485,Diesel
582,Toyota Yaris VX,Toyota,2020,146000,45621,Petrol
583,Volvo XC60 D5,Volvo,2018,1427000,100937,Diesel
584,Renault Triber RXZ,Renault,2014,52000,89978,Diesel
585,BMW X1 sDrive20d,BMW,2018,1703000,78458,Diesel
586,Mini Cooper S,Mini,2008,613000,55074,Diesel
587,Honda Brio S,Honda,2022,186000,46712,Diesel
588,Fiat Linea Active,Fiat,2020,72000,149689,Diesel
589,Fiat Linea Active,Fiat,2015,65000,3447,Petrol
590,Jaguar XE Prestige,Jaguar,2008,799000,70086,Petrol
591,Honda City 1.5,Honda,2011,56000,53577,Petrol
592,Volvo S60 D4,Volvo,2022,1613000,147233,Diesel
593,Land Rover Discovery,Land,2023,4135000,12415,Diesel
594,Jaguar XF Portfolio,Jaguar,2019,2804000,14203,Petrol
595,Audi A6 2.0,Audi,2022,1918000,169872,Diesel
596,Volvo S60 D4,Volvo,2008,533000,77216,Diesel
597,Toyota Etios VXD,Toyota,2018,133000,31387,Diesel
598,Volkswagen Vento Highline,Volkswagen,2007,26000,153188,Diesel
599,Honda City 1.5,Honda,2006,32000,84675,Petrol
600,Jaguar XF Portfolio,Jaguar,2017,1205000,150223,Diesel
601,Jeep Compass Longitude,Jeep,2007,41000,136573,Petrol
602,Fiat Linea Active,Fiat,2004,25000,91693,Petrol
603,Chevrolet Sail UVA,Chevrolet,2011,43000,57364,Diesel
604,Mini Cooper S,Mini,2005,308000,175458,Diesel
605,Volvo S60 D4,Volvo,2003,279000,179026,Diesel
606,Ford Figo Aspire,Ford,2010,31000,141719,Diesel
607,Nissan Terrano XL,Nissan,2018,58000,116900,Diesel
608,Tata Tiago Revotron,Tata,2018,89000,21686,Petrol
609,Fiat Punto Active,Fiat,2022,140000,17263,Petrol
610,Jaguar XF Portfolio,Jaguar,2005,639000,53991,Diesel
611,Jaguar XE Prestige,Jaguar,2002,290000,120483,Diesel
612,Toyota Corolla Altis,Toyota,2019,182000,18565,Petrol
613,Audi A8,Audi,2015,1052000,83043,Petrol
614,Maruti Suzuki Eeco,Maruti,2021,157000,16677,Petrol
615,Jeep Compass Longitude,Jeep,2011,61000,179898,Diesel
616,Audi A8,Audi,2014,805000,173304,Petrol
617,Honda Brio S,Honda,2014,62000,143158,Diesel
618,Volvo XC60 D5,Volvo,2019,1178000,143630,Petrol
619,Nissan Micra XV,Nissan,2015,43000,169427,Petrol
620,Volkswagen Vento Highline,Volkswagen,2005,37000,47641,Petrol
621,Fiat Linea Active,Fiat,2022,76000,144191,Petrol
622,Ford Figo,Ford,2020,86000,127814,Diesel
623,Renault Duster 110,Renault,2011,35000,162502,Petrol
624,Audi Q3 35,Audi,2021,1721000,172963,Diesel
625,Mitsubishi Lancer 1.8,Mitsubishi,2012,43000,112378,Petrol
626,Renault Lodgy 110PS,Renault,2010,35000,94337,Petrol
627,Mercedes E-Class E220d,Mercedes,2016,1270000,94141,Diesel
628,Mini Cooper S,Mini,2010,696000,36800,Petrol
629,Mahindra Scorpio SLE,Mahindra,2002,25000,133053,Petrol
630,Datsun GO Plus,Datsun,2008,34000,9709,Diesel
631,Mercedes GLA 200d,Mercedes,2006,458000,95997,Diesel
632,Skoda Fabia Classic,Skoda,2016,63000,131466,Petrol
633,Jaguar XE Prestige,Jaguar,2021,1980000,179448,Petrol
634,Toyota Etios VXD,Toyota,2020,115000,148424,Petrol
635,Nissan Micra XV,Nissan,2009,25000,127932,Petrol
636,Hyundai Eon Era,Hyundai,2018,83000,94799,Diesel
637,Hyundai Santro Xing,Hyundai,2022,129000,85053,Petrol
638,Volkswagen Ameo Highline,Volkswagen,2020,91000,142798,Petrol
639,Mitsubishi Pajero Sport,Mitsubishi,2018,134000,66051,Diesel
640,Honda WR-V i-VTEC,Honda,2007,38000,60390,Petrol
641,Honda Amaze S,Honda,2007,32000,95054,Petrol
642,Chevrolet Beat LT,Chevrolet,2017,48000,177107,Diesel
643,Mini Cooper D,Mini,2002,276000,63976,Petrol
644,Honda Brio S,Honda,2018,122000,10373,Petrol
645,Toyota Glanza G,Toyota,2014,67000,157217,Petrol
646,Skoda Fabia Classic,Skoda,2008,35000,117855,Diesel
647,BMW X1 sDrive20d,BMW,2006,411000,152837,Petrol
648,Toyota Yaris VX,Toyota,2023,180000,89929,Diesel
649,Datsun redi-GO T,Datsun,2006,25000,28561,Petrol
650,Jeep Compass Limited,Jeep,2006,33000,158831,Petrol
651,Volvo S60 D4,Volvo,2019,1115000,132044,Petrol
652,Volvo S60 D4,Volvo,2023,1902000,170292,Diesel
653,Hyundai Xcent S,Hyundai,2015,82000,60258,Diesel
654,Mitsubishi Pajero Sport,Mitsubishi,2015,106000,35196,Diesel
655,Maruti Suzuki Ciaz,Maruti,2018,103000,30988,Petrol
656,Chevrolet Tavera Neo,Chevrolet,2013,50000,28040,Petrol
657,Volkswagen Jetta Comfortline,Volkswagen,2020,124000,95951,Diesel
658,Tata Nexon XZ,Tata,2019,62000,146261,Diesel
659,Mercedes E-Class E220d,Mercedes,2011,748000,151527,Diesel
660,Honda Brio S,Honda,2005,35000,60333,Diesel
661,Ford Figo,Ford,2018,83000,105104,Diesel
662,Jaguar XE Prestige,Jaguar,2007,575000,102101,Petrol
663,Mercedes GLA 200d,Mercedes,2015,1516000,23205,Petrol
664,Volvo S60 D4,Volvo,2014,896000,105126,Diesel
665,Toyota Yaris VX,Toyota,2017,76000,115173,Petrol
666,Jeep Compass Limited,Jeep,2008,77000,8910,Petrol
667,Nissan Micra XV,Nissan,2022,149000,175,Petrol
668,Datsun redi-GO T,Datsun,2023,86000,103684,Diesel
669,Land Rover Freelander,Land,2004,432000,144172,Diesel
670,Mitsubishi Lancer 1.8,Mitsubishi,2013,71000,72584,Petrol
671,Datsun GO Plus,Datsun,2002,25000,68547,Petrol
672,Mahindra Bolero SLE,Mahindra,2012,82000,30773,Petrol
673,Mitsubishi Lancer 1.8,Mitsubishi,2016,87000,98949,Diesel
674,Audi A8,Audi,2020,2399000,7269,Diesel
675,Mini Cooper S,Mini,2023,2299000,60374,Diesel
676,Fiat Punto Active,Fiat,2010,33000,65179,Diesel
677,Chevrolet Beat LT,Chevrolet,2019,83000,46888,Diesel
678,Mitsubishi Lancer 1.8,Mitsubishi,2007,30000,179172,Petrol
679,Renault Triber RXZ,Renault,2008,36000,60185,Petrol
680,Nissan Micra XV,Nissan,2005,30000,31525,Petrol
681,Volvo S60 D4,Volvo,2019,2184000,11179,Diesel
682,Mitsubishi Lancer 1.8,Mitsubishi,2017,118000,48038,Diesel
683,Honda City 1.5,Honda,2018,92000,111033,Diesel
684,Nissan Sunny XL,Nissan,2023,174000,45922,Diesel
685,Audi Q3 35,Audi,2002,455000,3198,Petrol
686,Nissan Terrano XL,Nissan,2010,42000,49160,Diesel
687,Volvo XC60 D5,Volvo,2013,1061000,48311,Diesel
688,Nissan Sunny XL,Nissan,2014,53000,73403,Diesel
689,Mitsubishi Pajero Sport,Mitsubishi,2005,33000,70865,Petrol
690,Tata Nano Lx,Tata,2006,25000,124090,Petrol
691,Mini Cooper D,Mini,2017,1222000,78752,Diesel
692,Datsun GO T,Datsun,2007,30000,15838,Petrol
693,Mini Cooper S,Mini,2016,1003000,87828,Diesel
694,Volkswagen Ameo Highline,Volkswagen,2002,25000,108040,Petrol
695,Volvo S60 D4,Volvo,2020,1514000,151067,Petrol
696,Chevrolet Tavera Neo,Chevrolet,2016,76000,20654,Diesel
697,Honda Amaze S,Honda,2022,145000,88544,Diesel
698,Mahindra Scorpio SLE,Mahindra,2007,34000,90179,Diesel
699,Land Rover Discovery,Land,2021,1925000,169089,Diesel
700,Nissan Terrano XL,Nissan,2020,78000,136660,Diesel
701,Maruti Suzuki Swift,Maruti,2009,33000,173645,Diesel
702,Mahindra XUV500 W8,Mahindra,2007,29000,104183,Diesel
703,Mercedes GLA 200d,Mercedes,2003,586000,7011,Diesel
704,Ford EcoSport Ambiente,Ford,2021,147000,40804,Petrol
705,Skoda Fabia Classic,Skoda,2009,46000,74594,Diesel
706,Toyota Innova 2.5,Toyota,2003,25000,174045,Diesel
707,Mercedes E-Class E220d,Mercedes,2019,1767000,71511,Diesel
708,Fiat Punto Active,Fiat,2020,71000,156753,Diesel
709,Mitsubishi Lancer 1.8,Mitsubishi,2018,99000,167816,Diesel
710,Renault Duster 110,Renault,2016,65000,80805,Diesel
711,Maruti Suzuki Alto,Maruti,2018,103000,35830,Diesel
712,Land Rover Discovery,Land,2017,1763000,78641,Petrol
713,Volvo S60 D4,Volvo,2002,242000,143810,Diesel
714,BMW 5 Series,BMW,2009,903000,42900,Diesel
715,Mahindra KUV100 K8,Mahindra,2022,173000,62899,Petrol
716,Land Rover Discovery,Land,2011,777000,170089,Diesel
717,Toyota Etios VXD,Toyota,2011,81000,29029,Diesel
718,Volvo XC60 D5,Volvo,2008,484000,84154,Petrol
719,Maruti Suzuki Swift,Maruti,2005,25000,74054,Diesel
720,Maruti Suzuki Baleno,Maruti,2004,27000,39600,Petrol
721,Skoda Rapid Elegance,Skoda,2013,47000,121652,Petrol
722,Honda City 1.5,Honda,2010,40000,102971,Petrol
723,Volkswagen Jetta Comfortline,Volkswagen,2002,27000,32071,Petrol
724,Renault Duster 110,Renault,2008,25000,120905,Petrol
725,Mercedes E-Class E220d,Mercedes,2023,2442000,81917,Diesel
726,Fiat Punto Active,Fiat,2010,25000,126251,Diesel
727,Jaguar XE Prestige,Jaguar,2005,567000,61957,Diesel
728,Volkswagen Polo Highline,Volkswagen,2014,81000,63824,Petrol
729,Land Rover Discovery,Land,2021,3301000,40730,Diesel
730,Mercedes C-Class C220d,Mercedes,2023,2401000,162274,Diesel
731,Mini Cooper S,Mini,2003,294000,93296,Petrol
732,Honda WR-V i-VTEC,Honda,2009,46000,83131,Diesel
733,Tata Indica V2,Tata,2014,43000,93991,Petrol
734,Land Rover Discovery,Land,2019,1960000,77357,Diesel
735,Nissan Sunny XL,Nissan,2016,60000,72274,Petrol
736,Skoda Rapid Elegance,Skoda,2019,89000,96336,Diesel
737,Datsun GO Plus,Datsun,2007,33000,5007,Diesel
738,Mahindra KUV100 K8,Mahindra,2008,32000,137481,Petrol
739,Volvo XC60 D5,Volvo,2012,630000,107527,Diesel
740,Mahindra Jeep CL550,Mahindra,2006,38000,46929,Diesel
741,Ford EcoSport Titanium,Ford,2020,92000,168331,Diesel
742,Land Rover Discovery,Land,2003,408000,96137,Petrol
743,Tata Tigor XZ,Tata,2017,100000,21060,Diesel
744,Fiat Linea Active,Fiat,2013,62000,15383,Diesel
745,Skoda Fabia Classic,Skoda,2008,27000,136279,Petrol
746,Datsun GO T,Datsun,2008,25000,138038,Petrol
747,Fiat Linea Active,Fiat,2005,25000,167511,Diesel
748,BMW 3 Series,BMW,2007,679000,47389,Diesel
749,Fiat Linea Active,Fiat,2013,47000,82715,Diesel
750,Mini Cooper D,Mini,2012,583000,159591,Petrol
751,Hyundai Creta 1.6,Hyundai,2021,186000,4373,Petrol
752,Skoda Fabia Classic,Skoda,2008,39000,82650,Petrol
753,Volkswagen Vento Highline,Volkswagen,2005,41000,9992,Diesel
754,Nissan Terrano XL,Nissan,2009,41000,61178,Diesel
755,Datsun GO Plus,Datsun,2008,34000,20337,Diesel
756,Land Rover Freelander,Land,2021,1811000,168463,Diesel
757,Datsun GO T,Datsun,2003,25000,87758,Diesel
758,Ford Freestyle Titanium,Ford,2009,31000,171222,Petrol
759,Hyundai Creta 1.6,Hyundai,2018,130000,10895,Diesel
760,Jeep Compass Longitude,Jeep,2006,71000,13343,Diesel
761,Mitsubishi Pajero Sport,Mitsubishi,2009,41000,113329,Diesel
762,Chevrolet Beat LT,Chevrolet,2017,47000,149899,Petrol
763,Datsun GO Plus,Datsun,2015,55000,34277,Petrol
764,Datsun GO Plus,Datsun,2020,77000,51506,Petrol
765,BMW 5 Series,BMW,2023,1798000,151099,Petrol
766,Skoda Fabia Classic,Skoda,2013,53000,161638,Diesel
767,Renault Kwid RXT,Renault,2023,117000,98094,Petrol
768,Ford Fiesta Classic,Ford,2003,25000,63813,Petrol
769,Maruti Suzuki Celerio,Maruti,2005,25000,80084,CNG
770,Fiat Punto Active,Fiat,2008,25000,143341,Diesel
771,Honda Brio S,Honda,2023,239000,4920,Diesel
772,Hyundai Creta 1.6,Hyundai,2007,41000,15857,Diesel
773,Volkswagen Polo Highline,Volkswagen,2016,58000,171740,Petrol
774,Jaguar XF Portfolio,Jaguar,2005,839000,5101,Diesel
775,Renault Lodgy 110PS,Renault,2018,106000,26210,Diesel
776,Mahindra Scorpio S10,Mahindra,2008,34000,131342,Diesel
777,Hyundai Eon Era,Hyundai,2018,91000,80034,Diesel
778,Maruti Suzuki Celerio,Maruti,2023,132000,92351,Diesel
779,Jeep Compass Limited,Jeep,2003,30000,164147,Diesel
780,Maruti Suzuki Alto,Maruti,2010,42000,59235,Petrol
781,Honda City 1.5,Honda,2014,52000,136603,Petrol
782,BMW 5 Series,BMW,2021,2071000,86420,Diesel
783,Honda Civic 1.8,Honda,2019,93000,179419,Petrol
784,Land Rover Freelander,Land,2015,1623000,38150,Petrol
785,Ford Figo,Ford,2012,65000,38247,Petrol
786,BMW 5 Series,BMW,2011,615000,116230,Diesel
787,Honda Amaze S,Honda,2002,25000,160527,Diesel
788,Volvo S60 D4,Volvo,2009,803000,6937,Diesel
789,Honda Civic 1.8,Honda,2021,101000,122983,Diesel
790,Mercedes C-Class C220d,Mercedes,2007,589000,50761,Petrol
791,Maruti Suzuki Wagon,Maruti,2015,74000,58441,Petrol
792,Audi Q7,Audi,2017,1477000,85269,Diesel
793,Hyundai Tucson 2WD,Hyundai,2014,63000,82124,Diesel
794,Volvo S60 D4,Volvo,2018,1880000,28756,Diesel
795,Renault Lodgy 110PS,Renault,2003,25000,146297,Diesel
796,Hyundai Eon Era,Hyundai,2011,42000,115326,Diesel
797,Skoda Rapid Elegance,Skoda,2007,30000,110845,Diesel
798,Jeep Compass Longitude,Jeep,2016,86000,169471,Diesel
799,Toyota Glanza G,Toyota,2019,158000,35569,Diesel
800,Toyota Fortuner 3.0,Toyota,2020,147000,53035,Diesel
801,Mini Cooper S,Mini,2005,512000,24005,Petrol
802,Mahindra KUV100 K8,Mahindra,2018,84000,160551,Diesel
803,Toyota Corolla Altis,Toyota,2020,100000,172991,Petrol
804,Land Rover Freelander,Land,2015,1501000,80856,Diesel
805,Mercedes C-Class C220d,Mercedes,2008,523000,154466,Diesel
806,Volvo S60 D4,Volvo,2009,520000,143582,Diesel
807,Tata Indica V2,Tata,2007,33000,38964,Petrol
808,Hyundai Tucson 2WD,Hyundai,2021,135000,78334,Diesel
809,BMW 3 Series,BMW,2007,472000,176284,Diesel
810,Volvo S60 D4,Volvo,2016,1079000,151872,Diesel
811,Skoda Rapid Elegance,Skoda,2013,57000,99436,Petrol
812,Mahindra Bolero SLE,Mahindra,2017,128000,35370,Diesel
813,Jeep Compass Limited,Jeep,2018,159000,55109,Petrol
814,Mini Cooper S,Mini,2017,950000,158638,Diesel
815,Volkswagen Ameo Highline,Volkswagen,2006,27000,161132,Diesel
816,Maruti Suzuki Vitara,Maruti,2022,165000,31013,Petrol
817,BMW 3 Series,BMW,2012,713000,91758,Petrol
818,Skoda Rapid Elegance,Skoda,2004,27000,80780,Diesel
819,Maruti Suzuki Swift,Maruti,2023,129000,87468,Diesel
820,Maruti Suzuki Swift,Maruti,2008,35000,86742,Diesel
821,Mercedes C-Class C220d,Mercedes,2022,2831000,35687,Diesel
822,Fiat Linea Active,Fiat,2016,50000,108615,Petrol
823,Jaguar XF Portfolio,Jaguar,2019,1436000,140579,Petrol
824,Nissan Micra XV,Nissan,2006,25000,73620,Petrol
825,Fiat Punto Active,Fiat,2020,64000,158877,Diesel
826,Skoda Octavia Elegance,Skoda,2012,80000,8391,Diesel
827,Renault Triber RXZ,Renault,2016,65000,79432,Petrol
828,Nissan Micra XV,Nissan,2008,42000,24375,Diesel
829,Jeep Compass Longitude,Jeep,2008,55000,89259,Diesel
830,Chevrolet Spark LT,Chevrolet,2005,25000,135404,Petrol
831,Datsun GO Plus,Datsun,2018,71000,30465,Petrol
832,Volvo S60 D4,Volvo,2012,578000,122488,Petrol
833,Skoda Fabia Classic,Skoda,2020,110000,81926,Petrol
834,Volkswagen Ameo Highline,Volkswagen,2016,61000,176031,Petrol
835,Ford EcoSport Titanium,Ford,2021,87000,146802,Petrol
836,Chevrolet Sail UVA,Chevrolet,2006,25000,74356,Petrol
837,Chevrolet Tavera Neo,Chevrolet,2003,25000,34198,Petrol
838,Ford Figo Aspire,Ford,2003,29000,22675,Diesel
839,Mitsubishi Lancer 1.8,Mitsubishi,2021,131000,93324,Diesel
840,Jaguar XE Prestige,Jaguar,2016,1050000,148942,Petrol
841,Land Rover Discovery,Land,2005,470000,119528,Diesel
842,Audi A8,Audi,2009,764000,58766,Petrol
843,Nissan Sunny XL,Nissan,2007,25000,174473,Diesel
844,Audi A8,Audi,2002,421000,17235,Diesel
845,Toyota Corolla Altis,Toyota,2013,56000,158550,Petrol
846,Land Rover Freelander,Land,2012,888000,145891,Petrol
847,Datsun GO Plus,Datsun,2015,49000,62641,Petrol
848,Datsun GO T,Datsun,2012,42000,54688,Diesel
849,Chevrolet Spark LT,Chevrolet,2007,25000,173799,Petrol
850,Mercedes C-Class C220d,Mercedes,2020,1571000,156357,Diesel
851,Audi A6 2.0,Audi,2011,652000,106476,Petrol
852,Volvo XC60 D5,Volvo,2012,576000,129676,Petrol
853,Mitsubishi Pajero Sport,Mitsubishi,2006,27000,173346,Petrol
854,Volvo XC60 D5,Volvo,2008,624000,54012,Diesel
855,Jaguar XF Portfolio,Jaguar,2015,1254000,90346,Petrol
856,Jeep Compass Limited,Jeep,2006,43000,77218,Petrol
857,Hyundai Santro Xing,Hyundai,2019,95000,94273,Petrol
858,Renault Lodgy 110PS,Renault,2020,89000,103455,Diesel
859,BMW X1 sDrive20d,BMW,2008,479000,173767,Petrol
860,Datsun redi-GO T,Datsun,2015,63000,40540,Diesel
861,Honda City 1.5,Honda,2004,25000,170071,Petrol
862,Jaguar XF Portfolio,Jaguar,2006,776000,22294,Petrol
863,Audi Q7,Audi,2015,880000,163480,Petrol
864,Mercedes GLA 200d,Mercedes,2009,569000,131625,Diesel
865,Nissan Micra XV,Nissan,2003,25000,149037,Diesel
866,Mercedes GLA 200d,Mercedes,2004,556000,37347,Diesel
867,Volvo S60 D4,Volvo,2009,502000,123950,Petrol
868,Audi Q7,Audi,2017,1107000,150561,Diesel
869,Skoda Rapid Elegance,Skoda,2007,54000,9360,Diesel
870,Hyundai Venue SX,Hyundai,2020,132000,44423,Petrol
871,Volvo S60 D4,Volvo,2011,529000,127176,Petrol
872,Volkswagen Ameo Highline,Volkswagen,2006,25000,161527,Diesel
873,Ford Endeavour 4x4,Ford,2007,26000,155228,Petrol
874,Toyota Corolla Altis,Toyota,2009,41000,127218,Petrol
875,Chevrolet Beat LT,Chevrolet,2006,25000,156218,Petrol
876,BMW 5 Series,BMW,2009,586000,173289,Diesel
877,Mitsubishi Lancer 1.8,Mitsubishi,2003,25000,168464,Diesel
878,Toyota Fortuner 3.0,Toyota,2014,64000,124941,Diesel
879,Fiat Punto Active,Fiat,2014,39000,179278,Diesel
880,BMW 3 Series,BMW,2011,700000,117755,Diesel
881,Jaguar XE Prestige,Jaguar,2005,480000,139375,Diesel
882,Mini Cooper D,Mini,2012,843000,70964,Diesel
883,Mitsubishi Lancer 1.8,Mitsubishi,2016,75000,177123,Petrol
884,Maruti Suzuki Swift,Maruti,2002,25000,107906,Petrol
885,Nissan Micra XV,Nissan,2011,38000,66133,Petrol
886,Hyundai Tucson 2WD,Hyundai,2023,166000,56939,Petrol
887,Volvo S60 D4,Volvo,2014,844000,172169,Petrol
888,Volkswagen Ameo Highline,Volkswagen,2016,67000,173240,Petrol
889,Volkswagen Jetta Comfortline,Volkswagen,2023,145000,84878,Diesel
890,Hyundai i10 Sportz,Hyundai,2014,54000,87303,Petrol
891,Toyota Fortuner 3.0,Toyota,2004,25000,129001,Petrol
892,Mercedes C-Class C220d,Mercedes,2006,408000,141823,Diesel
893,Audi Q3 35,Audi,2005,544000,9238,Petrol
894,Audi A4 35,Audi,2017,1819000,39121,Petrol
895,Volkswagen Vento Highline,Volkswagen,2012,48000,102684,Petrol
896,Land Rover Discovery,Land,2005,432000,148799,Diesel
897,Hyundai Grand i10,Hyundai,2013,41000,140249,Diesel
898,Skoda Octavia Elegance,Skoda,2008,50000,46399,Petrol
899,Skoda Octavia Elegance,Skoda,2014,90000,28088,Diesel
900,Audi A6 2.0,Audi,2006,590000,9458,Petrol
901,Renault Lodgy 110PS,Renault,2014,76000,16613,Diesel
902,Audi A4 35,Audi,2003,323000,89041,Petrol
903,Datsun GO T,Datsun,2008,25000,171502,Diesel
904,Fiat Punto Active,Fiat,2020,81000,61175,Petrol
905,Mini Cooper S,Mini,2017,864000,162202,Petrol
906,Maruti Suzuki Swift,Maruti,2022,188000,13196,Diesel
907,Volvo S60 D4,Volvo,2020,2089000,16866,Petrol
908,Volvo S60 D4,Volvo,2004,434000,53221,Diesel
909,Jaguar XF Portfolio,Jaguar,2012,1213000,31767,Petrol
910,Tata Indica V2,Tata,2020,99000,45568,Diesel
911,BMW 3 Series,BMW,2013,760000,145172,Petrol
912,Mercedes C-Class C220d,Mercedes,2002,568000,1993,Petrol
913,Mitsubishi Lancer 1.8,Mitsubishi,2015,60000,124883,Petrol
914,Jeep Compass Limited,Jeep,2015,115000,62818,Petrol
915,Toyota Yaris VX,Toyota,2017,84000,160545,Petrol
916,Nissan Sunny XL,Nissan,2002,25000,146300,Petrol
917,Ford Endeavour 4x4,Ford,2013,43000,141585,Petrol
918,Tata Tiago Revotron,Tata,2003,25000,50882,Petrol
919,Mercedes E-Class E220d,Mercedes,2007,619000,41980,Petrol
920,Tata Nexon XZ,Tata,2010,30000,87733,Diesel
921,Fiat Punto Active,Fiat,2007,36000,7719,Diesel
922,Renault Lodgy 110PS,Renault,2020,78000,152081,Diesel
923,Chevrolet Spark LT,Chevrolet,2005,25000,85593,Petrol
924,Tata Nexon XZ,Tata,2009,45000,19375,Diesel
925,BMW 3 Series,BMW,2008,467000,159859,Diesel
926,Audi A6 2.0,Audi,2022,1903000,94102,Diesel
927,Land Rover Freelander,Land,2010,1161000,35883,Petrol
928,Toyota Corolla Altis,Toyota,2009,52000,77474,Petrol
929,Volvo S60 D4,Volvo,2020,1223000,145001,Petrol
930,Mercedes C-Class C220d,Mercedes,2020,1553000,124222,Diesel
931,Renault Kwid RXT,Renault,2012,39000,113935,Petrol
932,Honda Civic 1.8,Honda,2002,25000,109616,Petrol
933,Jeep Compass Longitude,Jeep,2015,86000,139330,Diesel
934,BMW 3 Series,BMW,2006,445000,94053,Diesel
935,Maruti Suzuki Vitara,Maruti,2023,138000,80011,Petrol
936,Mitsubishi Pajero Sport,Mitsubishi,2016,78000,121672,Petrol
937,Nissan Terrano XL,Nissan,2016,56000,166142,Petrol
938,Land Rover Discovery,Land,2018,2646000,8675,Diesel
939,Volvo S60 D4,Volvo,2023,3324000,21322,Diesel
940,Jaguar XF Portfolio,Jaguar,2003,557000,29189,Diesel
941,Nissan Sunny XL,Nissan,2007,25000,170014,Petrol
942,Honda Jazz V,Honda,2009,35000,141561,Petrol
943,Mitsubishi Pajero Sport,Mitsubishi,2009,51000,84107,Diesel
944,BMW 5 Series,BMW,2003,516000,16711,Diesel
945,Jeep Compass Longitude,Jeep,2017,103000,139535,Diesel
946,Jaguar XE Prestige,Jaguar,2008,492000,120128,Petrol
947,Skoda Fabia Classic,Skoda,2005,33000,43292,Diesel
948,Honda Amaze S,Honda,2018,74000,164536,Petrol
949,Fiat Punto Active,Fiat,2017,60000,90985,Diesel
950,Skoda Fabia Classic,Skoda,2004,40000,5876,Petrol
951,Chevrolet Tavera Neo,Chevrolet,2020,75000,89960,Diesel
952,Jeep Compass Limited,Jeep,2016,123000,79813,Petrol
953,Volkswagen Vento Highline,Volkswagen,2017,88000,97591,Diesel
954,Nissan Sunny XL,Nissan,2016,82000,43711,Petrol
955,Toyota Yaris VX,Toyota,2023,206000,40335,Petrol
956,Chevrolet Spark LT,Chevrolet,2016,54000,68364,Diesel
957,Hyundai Verna 1.6,Hyundai,2013,70000,38882,Diesel
958,Fiat Linea Active,Fiat,2005,33000,6633,Diesel
959,Audi Q3 35,Audi,2006,749000,1225,Diesel
960,Skoda Octavia Elegance,Skoda,2023,194000,38657,Diesel
961,Mercedes C-Class C220d,Mercedes,2006,398000,177835,Petrol
962,Renault Lodgy 110PS,Renault,2013,60000,24343,Diesel
963,Mitsubishi Pajero Sport,Mitsubishi,2010,53000,51405,Petrol
964,Jaguar XE Prestige,Jaguar,2018,1494000,103495,Petrol
965,Jeep Compass Longitude,Jeep,2023,190000,94750,Diesel
966,Nissan Sunny XL,Nissan,2013,71000,3295,Diesel
967,Audi Q7,Audi,2004,492000,56643,Diesel
968,Audi Q3 35,Audi,2007,405000,111205,Diesel
969,Mahindra Scorpio S10,Mahindra,2008,46000,79590,Diesel
970,Chevrolet Beat LT,Chevrolet,2020,59000,98606,Petrol
971,Volkswagen Jetta Comfortline,Volkswagen,2007,31000,145803,Diesel
972,Honda Amaze S,Honda,2007,32000,100178,Diesel
973,Skoda Octavia Elegance,Skoda,2011,40000,129625,Diesel
974,Honda Jazz V,Honda,2011,39000,168017,Diesel
975,Skoda Rapid Elegance,Skoda,2007,25000,129045,Petrol
976,Mercedes C-Class C220d,Mercedes,2021,2064000,94933,Diesel
977,Mini Cooper D,Mini,2005,356000,97932,Petrol
978,Hyundai Elite i20,Hyundai,2012,39000,120959,Petrol
979,Nissan Sunny XL,Nissan,2022,99000,93419,Petrol
980,Mahindra XUV500 W8,Mahindra,2022,189000,48137,Diesel
981,Chevrolet Sail UVA,Chevrolet,2023,111000,79024,Diesel
982,Ford Endeavour 4x4,Ford,2020,86000,92277,Petrol
983,Nissan Sunny XL,Nissan,2015,50000,89311,Petrol
984,Renault Kwid RXT,Renault,2019,67000,160906,Petrol
985,Ford Freestyle Titanium,Ford,2006,41000,4655,Diesel
986,Honda WR-V i-VTEC,Honda,2021,100000,137233,Diesel
987,Ford Figo,Ford,2006,33000,37418,Petrol
988,Mahindra KUV100 K8,Mahindra,2005,45000,20477,Diesel
989,Hyundai Eon Era,Hyundai,2005,36000,8696,Petrol
990,Hyundai Grand i10,Hyundai,2011,39000,175103,Petrol
991,Honda Brio S,Honda,2010,37000,152078,Diesel
992,Volvo S60 D4,Volvo,2018,1016000,149583,Petrol
993,Maruti Suzuki Alto,Maruti,2008,36000,50313,Diesel
994,Maruti Suzuki Omni,Maruti,2005,26000,56202,CNG
995,Audi A4 35,Audi,2007,492000,93114,Diesel
996,BMW 3 Series,BMW,2012,1057000,32505,Diesel
997,Nissan Terrano XL,Nissan,2011,29000,146148,Petrol
998,Datsun redi-GO T,Datsun,2016,43000,157488,Diesel
999,Renault Lodgy 110PS,Renault,2011,35000,112287,Petrol
1000,Mercedes GLA 200d,Mercedes,2013,1333000,47101,Petrol
1001,Ford Figo Aspire,Ford,2016,53000,137112,Petrol
1002,Land Rover Freelander,Land,2007,1026000,17063,Diesel
1003,Volvo XC60 D5,Volvo,2005,502000,61145,Diesel
1004,Land Rover Discovery,Land,2022,2346000,105019,Diesel
1005,Datsun redi-GO T,Datsun,2018,64000,73209,Petrol
1006,Volkswagen Jetta Comfortline,Volkswagen,2017,87000,60608,Petrol
1007,Mahindra TUV300 T8,Mahindra,2023,237000,7112,Diesel
1008,Honda Jazz V,Honda,2021,110000,163476,Petrol
1009,Jeep Compass Limited,Jeep,2016,141000,53035,Diesel
1010,Volkswagen Ameo Highline,Volkswagen,2019,95000,143393,Petrol
1011,BMW 3 Series,BMW,2014,966000,118095,Diesel
1012,Hyundai Santro Xing,Hyundai,2007,29000,146026,Diesel
1013,BMW 3 Series,BMW,2011,768000,102095,Diesel
1014,Mercedes GLA 200d,Mercedes,2019,1483000,179766,Diesel
1015,Jeep Compass Longitude,Jeep,2014,106000,69146,Diesel
1016,Jaguar XF Portfolio,Jaguar,2011,777000,84112,Petrol
1017,Nissan Sunny XL,Nissan,2020,136000,7151,Diesel
1018,Nissan Sunny XL,Nissan,2013,63000,14897,Petrol
1019,Chevrolet Beat LT,Chevrolet,2016,45000,172529,Diesel
1020,Volkswagen Polo Highline,Volkswagen,2017,79000,154237,Petrol
1021,Datsun redi-GO T,Datsun,2020,88000,25718,Diesel
1022,Chevrolet Tavera Neo,Chevrolet,2018,49000,175051,Diesel
1023,BMW 3 Series,BMW,2017,1217000,166677,Petrol
1024,Skoda Rapid Elegance,Skoda,2003,27000,78040,Diesel
1025,Mahindra Scorpio SLE,Mahindra,2020,109000,88400,Diesel
1026,Mercedes E-Class E220d,Mercedes,2008,603000,91146,Petrol
1027,Skoda Rapid Elegance,Skoda,2023,122000,141644,Diesel
1028,Volvo XC60 D5,Volvo,2023,1967000,143640,Petrol
1029,Jeep Compass Longitude,Jeep,2020,137000,130963,Petrol
1030,Audi Q3 35,Audi,2022,1996000,139749,Diesel
1031,Hyundai Xcent S,Hyundai,2008,30000,95592,Diesel
1032,Jaguar XF Portfolio,Jaguar,2015,1251000,107647,Diesel
1033,Mini Cooper S,Mini,2015,1084000,70075,Diesel
1034,Skoda Rapid Elegance,Skoda,2017,73000,146854,Diesel
1035,Tata Nano Lx,Tata,2010,40000,35864,Petrol
1036,Jaguar XE Prestige,Jaguar,2022,3991000,11170,Diesel
1037,Mahindra Thar CRDe,Mahindra,2021,156000,78213,Diesel
1038,Nissan Terrano XL,Nissan,2023,191000,23773,Diesel
1039,Honda Amaze S,Honda,2005,25000,149777,Petrol
1040,Jeep Compass Limited,Jeep,2017,168000,23758,Petrol
1041,Chevrolet Sail UVA,Chevrolet,2020,73000,102323,Petrol
1042,Ford Figo,Ford,2008,36000,72070,Diesel
1043,Hyundai Venue SX,Hyundai,2019,81000,98326,Petrol
1044,Jaguar XE Prestige,Jaguar,2010,1063000,38087,Diesel
1045,Skoda Fabia Classic,Skoda,2022,123000,158910,Petrol
1046,Hyundai Eon Era,Hyundai,2010,33000,144994,Diesel
1047,Nissan Terrano XL,Nissan,2005,25000,140323,Petrol
1048,Datsun redi-GO T,Datsun,2011,38000,23758,Petrol
1049,Toyota Fortuner 3.0,Toyota,2022,178000,83247,Diesel
1050,Mahindra TUV300 T8,Mahindra,2017,85000,108355,Diesel
1051,Ford Freestyle Titanium,Ford,2007,32000,68511,Petrol
1052,Fiat Linea Active,Fiat,2016,83000,7269,Petrol
1053,Audi A6 2.0,Audi,2002,284000,105131,Petrol
1054,Mahindra Scorpio SLE,Mahindra,2007,41000,65532,Petrol
1055,Mini Cooper S,Mini,2021,1509000,179866,Diesel
1056,Mercedes GLA 200d,Mercedes,2006,575000,68435,Petrol
1057,Skoda Fabia Classic,Skoda,2004,25000,108757,Diesel
1058,Mitsubishi Pajero Sport,Mitsubishi,2002,37000,6121,Petrol
1059,Tata Tiago Revotron,Tata,2007,39000,13150,Diesel
1060,Honda City 1.5,Honda,2013,64000,44696,Petrol
1061,Audi A8,Audi,2005,446000,58947,Petrol
1062,Volkswagen Ameo Highline,Volkswagen,2017,76000,100258,Petrol
1063,Tata Tiago Revotron,Tata,2023,133000,49740,Diesel
1064,Maruti Suzuki Wagon,Maruti,2010,46000,61831,CNG
1065,Jaguar XF Portfolio,Jaguar,2004,646000,2805,Diesel
1066,Land Rover Discovery,Land,2023,3649000,55731,Diesel
1067,Volkswagen Polo Highline,Volkswagen,2005,25000,146114,Petrol
1068,Mercedes E-Class E220d,Mercedes,2021,1512000,175943,Petrol
1069,Datsun redi-GO T,Datsun,2014,31000,176067,Diesel
1070,Hyundai Tucson 2WD,Hyundai,2007,33000,68333,Petrol
1071,Audi A6 2.0,Audi,2004,367000,83282,Diesel
1072,Hyundai Elite i20,Hyundai,2017,95000,73762,Diesel
1073,Volkswagen Ameo Highline,Volkswagen,2018,110000,82153,Diesel
1074,Mercedes C-Class C220d,Mercedes,2019,1332000,172438,Diesel
1075,Renault Kwid RXT,Renault,2003,25000,123372,Diesel
1076,Ford Figo Aspire,Ford,2003,25000,115841,Diesel
1077,Audi A8,Audi,2005,513000,38911,Petrol
1078,Skoda Fabia Classic,Skoda,2007,29000,133462,Diesel
1079,Tata Bolt XT,Tata,2002,25000,137991,Petrol
1080,Mercedes GLA 200d,Mercedes,2005,428000,86255,Petrol
1081,Ford Figo Aspire,Ford,2013,47000,154853,Petrol
1082,Mahindra TUV300 T8,Mahindra,2023,142000,125891,Diesel
1083,Jaguar XE Prestige,Jaguar,2012,1392000,11594,Diesel
1084,Mitsubishi Pajero Sport,Mitsubishi,2008,58000,12861,Diesel
1085,Mahindra KUV100 K8,Mahindra,2004,25000,104658,Diesel
1086,Datsun GO T,Datsun,2002,25000,54684,Petrol
1087,Mini Cooper S,Mini,2005,417000,78362,Diesel
1088,Skoda Octavia Elegance,Skoda,2021,177000,34516,Diesel
1089,Jeep Compass Longitude,Jeep,2017,104000,116870,Diesel
1090,BMW 3 Series,BMW,2015,1023000,96630,Petrol
1091,Hyundai Xcent S,Hyundai,2012,41000,121610,Petrol
1092,Mercedes GLA 200d,Mercedes,2022,1791000,169766,Petrol
1093,Mercedes E-Class E220d,Mercedes,2006,746000,33599,Diesel
1094,Skoda Octavia Elegance,Skoda,2003,25000,144539,Petrol
1095,Jeep Compass Limited,Jeep,2015,147000,24868,Diesel
1096,Jaguar XF Portfolio,Jaguar,2007,685000,47864,Diesel
1097,Land Rover Discovery,Land,2012,925000,154033,Diesel
1098,Volkswagen Ameo Highline,Volkswagen,2007,35000,55430,Petrol
1099,Volkswagen Polo Highline,Volkswagen,2015,52000,140183,Petrol
1100,Toyota Yaris VX,Toyota,2017,93000,120728,Diesel
1101,Volvo XC60 D5,Volvo,2011,638000,162235,Diesel
1102,Jaguar XF Portfolio,Jaguar,2011,1094000,23073,Petrol
1103,Maruti Suzuki Omni,Maruti,2008,45000,7129,Petrol
1104,Renault Lodgy 110PS,Renault,2022,82000,141286,Petrol
1105,Honda WR-V i-VTEC,Honda,2015,96000,5819,Petrol
1106,Land Rover Discovery,Land,2017,1445000,123698,Petrol
1107,Tata Tiago Revotron,Tata,2020,73000,102790,Petrol
1108,Land Rover Discovery,Land,2015,1028000,130045,Diesel
1109,Jeep Compass Limited,Jeep,2009,78000,16013,Petrol
1110,Mahindra Bolero SLE,Mahindra,2022,117000,109450,Diesel
1111,Mini Cooper D,Mini,2016,770000,114455,Petrol
1112,Mercedes E-Class E220d,Mercedes,2016,1503000,60944,Petrol
1113,Volvo XC60 D5,Volvo,2006,532000,77011,Diesel
1114,Jaguar XF Portfolio,Jaguar,2017,1829000,42574,Petrol
1115,Jaguar XF Portfolio,Jaguar,2006,618000,45527,Petrol
1116,BMW 5 Series,BMW,2011,888000,61630,Petrol
1117,Nissan Sunny XL,Nissan,2013,36000,177552,Petrol
1118,Jeep Compass Longitude,Jeep,2004,33000,88635,Diesel
1119,Fiat Punto Active,Fiat,2017,74000,67686,Diesel
1120,Fiat Linea Active,Fiat,2006,25000,135205,Petrol
1121,Audi A8,Audi,2005,603000,27858,Petrol
1122,Ford Figo,Ford,2022,179000,31048,Petrol
1123,Skoda Octavia Elegance,Skoda,2016,72000,132717,Diesel
1124,Mini Cooper D,Mini,2012,968000,36216,Petrol
1125,BMW 3 Series,BMW,2009,527000,124268,Diesel
1126,Volkswagen Ameo Highline,Volkswagen,2015,61000,94640,Petrol
1127,BMW 3 Series,BMW,2006,461000,112513,Diesel
1128,Jeep Compass Limited,Jeep,2002,26000,116119,Petrol
1129,Jeep Compass Longitude,Jeep,2004,35000,88784,Diesel
1130,BMW 3 Series,BMW,2014,1625000,9823,Petrol
1131,Mini Cooper D,Mini,2015,886000,105482,Diesel
1132,Nissan Micra XV,Nissan,2010,31000,138457,Petrol
1133,Tata Bolt XT,Tata,2021,85000,162154,Diesel
1134,Mini Cooper D,Mini,2008,435000,79144,Petrol
1135,Honda Civic 1.8,Honda,2019,99000,74529,Petrol
1136,Jeep Compass Limited,Jeep,2022,214000,42050,Petrol
1137,Mitsubishi Lancer 1.8,Mitsubishi,2009,53000,79776,Diesel
1138,Hyundai Verna 1.6,Hyundai,2010,32000,164461,Diesel
1139,Ford Figo Aspire,Ford,2011,36000,150160,Petrol
1140,Mitsubishi Pajero Sport,Mitsubishi,2013,73000,78533,Diesel
1141,Mitsubishi Pajero Sport,Mitsubishi,2014,53000,136327,Petrol
1142,Tata Tiago Revotron,Tata,2016,83000,25786,Petrol
1143,Mahindra Scorpio SLE,Mahindra,2003,25000,111481,Diesel
1144,Nissan Terrano XL,Nissan,2018,75000,105679,Diesel
1145,Mini Cooper D,Mini,2016,948000,128430,Diesel
1146,Honda WR-V i-VTEC,Honda,2016,106000,34017,Petrol
1147,Hyundai Elite i20,Hyundai,2019,88000,96918,Petrol
1148,Ford EcoSport Ambiente,Ford,2020,108000,76014,Petrol
1149,Skoda Rapid Elegance,Skoda,2011,47000,77165,Diesel
1150,Mitsubishi Lancer 1.8,Mitsubishi,2003,25000,80096,Diesel
1151,Mercedes C-Class C220d,Mercedes,2005,357000,143633,Diesel
1152,Mercedes GLA 200d,Mercedes,2011,769000,148411,Diesel
1153,Mercedes GLA 200d,Mercedes,2021,2687000,34915,Petrol
1154,Audi A8,Audi,2006,489000,85353,Petrol
1155,BMW 5 Series,BMW,2009,597000,103750,Diesel
1156,Audi Q3 35,Audi,2022,2980000,23307,Petrol
1157,Land Rover Discovery,Land,2019,1662000,169224,Petrol
1158,Volvo S60 D4,Volvo,2020,1439000,136874,Petrol
1159,Maruti Suzuki Swift,Maruti,2023,118000,139523,Petrol
1160,Tata Nano Lx,Tata,2020,76000,116552,Petrol
1161,Datsun GO Plus,Datsun,2003,25000,128936,Petrol
1162,Maruti Suzuki Alto,Maruti,2012,39000,100241,Diesel
1163,Fiat Punto Active,Fiat,2011,41000,37857,Petrol
1164,Skoda Rapid Elegance,Skoda,2023,192000,44452,Petrol
1165,Maruti Suzuki Omni,Maruti,2003,25000,78225,CNG
1166,Chevrolet Sail UVA,Chevrolet,2014,51000,31810,Petrol
1167,Mitsubishi Pajero Sport,Mitsubishi,2017,91000,133432,Diesel
1168,Chevrolet Tavera Neo,Chevrolet,2019,58000,106812,Petrol
1169,Renault Duster 110,Renault,2010,28000,145347,Petrol
1170,Honda Jazz V,Honda,2020,93000,106726,Diesel
1171,Tata Nano Lx,Tata,2013,39000,141773,Petrol
1172,BMW X1 sDrive20d,BMW,2016,1913000,11055,Petrol
1173,Volvo XC60 D5,Volvo,2022,2197000,43978,Petrol
1174,Volkswagen Ameo Highline,Volkswagen,2023,155000,99754,Diesel
1175,Jeep Compass Limited,Jeep,2003,38000,42414,Petrol
1176,Ford Freestyle Titanium,Ford,2006,26000,145977,Diesel
1177,Jeep Compass Limited,Jeep,2023,239000,89919,Diesel
1178,Volkswagen Vento Highline,Volkswagen,2023,147000,84415,Diesel
1179,Maruti Suzuki Eeco,Maruti,2007,25000,108408,CNG
1180,Mini Cooper S,Mini,2019,2138000,8212,Diesel
1181,Datsun GO Plus,Datsun,2013,34000,101484,Petrol
1182,Maruti Suzuki Swift,Maruti,2016,60000,97219,Petrol
1183,Maruti Suzuki Wagon,Maruti,2023,109000,93900,Petrol
1184,Skoda Octavia Elegance,Skoda,2009,53000,61509,Diesel
1185,Mercedes GLA 200d,Mercedes,2021,2257000,54910,Petrol
1186,Datsun GO T,Datsun,2010,25000,149286,Diesel
1187,Mitsubishi Pajero Sport,Mitsubishi,2004,25000,154283,Petrol
1188,Land Rover Discovery,Land,2023,2165000,146931,Diesel
1189,Jaguar XE Prestige,Jaguar,2012,793000,113489,Diesel
1190,Audi A8,Audi,2013,805000,135695,Petrol
1191,Volkswagen Jetta Comfortline,Volkswagen,2019,79000,117766,Diesel
1192,Mahindra Jeep CL550,Mahindra,2009,41000,111201,Diesel
1193,Chevrolet Sail UVA,Chevrolet,2004,25000,164200,Petrol
1194,Maruti Suzuki Ciaz,Maruti,2022,113000,87735,Diesel
1195,Chevrolet Beat LT,Chevrolet,2012,32000,136329,Petrol
1196,Volvo XC60 D5,Volvo,2005,353000,164031,Diesel
1197,Hyundai Santro Xing,Hyundai,2014,63000,82224,Petrol
1198,Audi A4 35,Audi,2011,574000,160201,Diesel
1199,Fiat Punto Active,Fiat,2011,29000,100096,Diesel
1200,Renault Duster 110,Renault,2016,63000,100742,Diesel
1201,Volvo S60 D4,Volvo,2012,631000,170735,Petrol
1202,Tata Indica V2,Tata,2005,32000,3321,Petrol
1203,Mitsubishi Pajero Sport,Mitsubishi,2022,127000,133504,Diesel
1204,Volvo XC60 D5,Volvo,2007,578000,63840,Petrol
1205,Skoda Octavia Elegance,Skoda,2015,59000,134612,Diesel
1206,Honda Amaze S,Honda,2017,87000,81017,Diesel
1207,Jeep Compass Longitude,Jeep,2003,36000,62329,Petrol
1208,Tata Tigor XZ,Tata,2008,37000,18031,Diesel
1209,Land Rover Discovery,Land,2021,2483000,86907,Diesel
1210,Renault Kwid RXT,Renault,2016,48000,163656,Petrol
1211,Maruti Suzuki Swift,Maruti,2013,67000,7968,Petrol
1212,Mini Cooper D,Mini,2003,402000,7881,Petrol
1213,Volkswagen Polo Highline,Volkswagen,2002,25000,177690,Petrol
1214,Ford EcoSport Ambiente,Ford,2008,33000,80072,Diesel
1215,Jaguar XE Prestige,Jaguar,2018,1610000,163469,Diesel
1216,Honda Amaze S,Honda,2008,49000,50348,Diesel
1217,BMW X1 sDrive20d,BMW,2009,993000,12209,Petrol
1218,Honda Jazz V,Honda,2009,66000,14061,Diesel
1219,Mitsubishi Lancer 1.8,Mitsubishi,2008,62000,21440,Diesel
1220,Toyota Glanza G,Toyota,2014,65000,169201,Diesel
1221,Chevrolet Sail UVA,Chevrolet,2018,53000,126793,Diesel
1222,Mini Cooper S,Mini,2008,545000,57647,Petrol
1223,Tata Tiago Revotron,Tata,2015,54000,98950,Petrol
1224,Fiat Punto Active,Fiat,2006,30000,22127,Diesel
1225,Mitsubishi Pajero Sport,Mitsubishi,2016,73000,134386,Diesel
1226,BMW 5 Series,BMW,2017,1393000,83205,Diesel
1227,Renault Triber RXZ,Renault,2022,175000,19993,Diesel
1228,Jeep Compass Longitude,Jeep,2010,65000,59801,Petrol
1229,Fiat Punto Active,Fiat,2012,44000,51649,Diesel
1230,Jaguar XF Portfolio,Jaguar,2008,613000,158443,Petrol
1231,Fiat Linea Active,Fiat,2002,25000,78605,Diesel
1232,Datsun redi-GO T,Datsun,2020,56000,171885,Petrol
1233,Honda WR-V i-VTEC,Honda,2009,46000,59587,Petrol
1234,Fiat Linea Active,Fiat,2016,50000,89401,Petrol
1235,Land Rover Discovery,Land,2008,648000,115097,Diesel
1236,Honda Civic 1.8,Honda,2006,31000,80203,Petrol
1237,Nissan Sunny XL,Nissan,2009,30000,109976,Diesel
1238,Land Rover Discovery,Land,2012,844000,153966,Petrol
1239,Honda Amaze S,Honda,2012,52000,149047,Diesel
1240,Datsun GO T,Datsun,2019,55000,101401,Petrol
1241,Audi Q3 35,Audi,2004,490000,45037,Petrol
1242,Land Rover Discovery,Land,2002,424000,49040,Petrol
1243,Skoda Fabia Classic,Skoda,2009,42000,76411,Petrol
1244,Maruti Suzuki Swift,Maruti,2012,35000,107804,CNG
1245,Fiat Linea Active,Fiat,2017,98000,18125,Diesel
1246,Honda Amaze S,Honda,2011,39000,113398,Diesel
1247,Honda WR-V i-VTEC,Honda,2004,25000,104757,Petrol
1248,Mercedes E-Class E220d,Mercedes,2016,1132000,151129,Petrol
1249,Audi Q3 35,Audi,2011,641000,102621,Petrol
1250,Volvo XC60 D5,Volvo,2016,1057000,100937,Petrol
1251,Land Rover Freelander,Land,2009,1087000,41500,Diesel
1252,Jaguar XE Prestige,Jaguar,2008,643000,129464,Diesel
1253,Nissan Micra XV,Nissan,2005,25000,132324,Diesel
1254,Tata Bolt XT,Tata,2003,25000,121254,Petrol
1255,Ford Fiesta Classic,Ford,2006,28000,85850,Diesel
1256,Fiat Punto Active,Fiat,2016,79000,36867,Diesel
1257,Toyota Innova 2.5,Toyota,2021,184000,26449,Petrol
1258,Datsun GO T,Datsun,2004,25000,176101,Petrol
1259,Nissan Micra XV,Nissan,2008,42000,9129,Petrol
1260,Maruti Suzuki Alto,Maruti,2012,51000,50471,Petrol
1261,Jaguar XE Prestige,Jaguar,2007,909000,11637,Diesel
1262,Chevrolet Spark LT,Chevrolet,2021,111000,54395,Diesel
1263,Tata Indica V2,Tata,2013,39000,84868,Petrol
1264,Maruti Suzuki Ertiga,Maruti,2008,25000,120365,Petrol
1265,Mini Cooper D,Mini,2003,407000,17750,Petrol
1266,Mercedes C-Class C220d,Mercedes,2019,1336000,149313,Petrol
1267,Chevrolet Tavera Neo,Chevrolet,2023,123000,34947,Diesel
1268,Land Rover Discovery,Land,2023,2250000,126487,Petrol
1269,Mitsubishi Lancer 1.8,Mitsubishi,2014,59000,134062,Petrol
1270,Maruti Suzuki Baleno,Maruti,2002,25000,161672,Petrol
1271,Renault Duster 110,Renault,2003,25000,36159,Diesel
1272,Datsun GO T,Datsun,2022,131000,10037,Petrol
1273,Audi Q3 35,Audi,2006,532000,73009,Diesel
1274,Jeep Compass Limited,Jeep,2022,189000,75716,Petrol
1275,Chevrolet Spark LT,Chevrolet,2008,25000,141477,Petrol
1276,Renault Kwid RXT,Renault,2021,88000,100104,Diesel
1277,Mahindra TUV300 T8,Mahindra,2004,34000,50553,Diesel
1278,Tata Nano Lx,Tata,2004,25000,45628,Petrol
1279,Audi Q3 35,Audi,2007,592000,51882,Petrol
1280,Skoda Rapid Elegance,Skoda,2020,89000,117611,Petrol
1281,Mahindra Thar CRDe,Mahindra,2014,64000,99116,Diesel
1282,Volvo XC60 D5,Volvo,2006,385000,126453,Petrol
1283,Mahindra Bolero SLE,Mahindra,2021,116000,140923,Diesel
1284,Datsun redi-GO T,Datsun,2011,25000,119009,Diesel
1285,Mahindra Thar CRDe,Mahindra,2006,25000,123113,Diesel
1286,Maruti Suzuki Alto,Maruti,2013,45000,128931,CNG
1287,Nissan Sunny XL,Nissan,2017,68000,80790,Petrol
1288,Ford Figo Aspire,Ford,2020,136000,42662,Petrol
1289,Nissan Terrano XL,Nissan,2017,63000,166556,Diesel
1290,BMW X1 sDrive20d,BMW,2009,669000,63631,Diesel
1291,Mini Cooper S,Mini,2023,1529000,169270,Petrol
1292,Jaguar XE Prestige,Jaguar,2010,785000,64958,Petrol
1293,Mini Cooper D,Mini,2014,697000,153758,Petrol
1294,BMW 3 Series,BMW,2015,1307000,66388,Diesel
1295,Datsun GO Plus,Datsun,2011,25000,108000,Petrol
1296,Toyota Fortuner 3.0,Toyota,2002,35000,25494,Petrol
1297,BMW X1 sDrive20d,BMW,2011,590000,113070,Petrol
1298,Honda Amaze S,Honda,2017,103000,47806,Petrol
1299,Toyota Etios VXD,Toyota,2003,30000,48001,Petrol
1300,BMW 5 Series,BMW,2022,1963000,163788,Petrol
1301,Renault Lodgy 110PS,Renault,2017,50000,176471,Petrol
1302,Maruti Suzuki Eeco,Maruti,2020,130000,11073,Petrol
1303,Datsun GO Plus,Datsun,2018,64000,69787,Diesel
1304,BMW 5 Series,BMW,2013,908000,178845,Diesel
1305,Nissan Terrano XL,Nissan,2014,52000,99304,Petrol
1306,Ford EcoSport Titanium,Ford,2016,54000,105431,Petrol
1307,Jeep Compass Limited,Jeep,2009,56000,96681,Diesel
1308,Mercedes GLA 200d,Mercedes,2015,858000,173174,Petrol
1309,Chevrolet Beat LT,Chevrolet,2022,93000,94525,Petrol
1310,Jaguar XF Portfolio,Jaguar,2009,616000,159159,Diesel
1311,Mahindra Thar CRDe,Mahindra,2015,67000,124912,Petrol
1312,Datsun redi-GO T,Datsun,2021,98000,51238,Petrol
1313,Land Rover Freelander,Land,2006,449000,130628,Petrol
1314,Fiat Linea Active,Fiat,2007,25000,117091,Petrol
1315,Renault Kwid RXT,Renault,2007,25000,173048,Petrol
1316,Maruti Suzuki Swift,Maruti,2012,40000,100629,Diesel
1317,Mercedes GLA 200d,Mercedes,2005,418000,174550,Petrol
1318,Mercedes C-Class C220d,Mercedes,2012,1057000,58769,Petrol
1319,Land Rover Discovery,Land,2022,2404000,168423,Diesel
1320,Ford EcoSport Ambiente,Ford,2004,29000,29298,Petrol
1321,Tata Tigor XZ,Tata,2005,25000,150266,Diesel
1322,Datsun GO Plus,Datsun,2002,25000,81574,Petrol
1323,Datsun redi-GO T,Datsun,2012,30000,95788,Petrol
1324,Renault Duster 110,Renault,2014,77000,2508,Diesel
1325,Skoda Fabia Classic,Skoda,2017,68000,178352,Diesel
1326,Jaguar XE Prestige,Jaguar,2021,2365000,84022,Diesel
1327,Volkswagen Jetta Comfortline,Volkswagen,2022,160000,56645,Diesel
1328,Hyundai Verna 1.6,Hyundai,2006,34000,55310,Petrol
1329,Toyota Fortuner 3.0,Toyota,2014,86000,78507,Petrol
1330,Chevrolet Tavera Neo,Chevrolet,2023,91000,124204,Diesel
1331,Jeep Compass Limited,Jeep,2011,77000,51242,Diesel
1332,Mitsubishi Pajero Sport,Mitsubishi,2011,45000,120039,Petrol
1333,Mercedes E-Class E220d,Mercedes,2006,634000,55088,Petrol
1334,Mini Cooper S,Mini,2013,659000,151011,Petrol
1335,Honda WR-V i-VTEC,Honda,2015,65000,178212,Petrol
1336,Mercedes C-Class C220d,Mercedes,2003,538000,30861,Diesel
1337,Mini Cooper D,Mini,2009,712000,9011,Petrol
1338,Land Rover Freelander,Land,2022,2505000,98501,Petrol
1339,Mini Cooper D,Mini,2010,484000,165862,Diesel
1340,Mahindra Scorpio SLE,Mahindra,2017,82000,168241,Petrol
1341,Mitsubishi Lancer 1.8,Mitsubishi,2010,64000,24886,Petrol
1342,Land Rover Discovery,Land,2011,683000,149895,Petrol
1343,Fiat Punto Active,Fiat,2014,71000,5276,Diesel
1344,Jeep Compass Limited,Jeep,2004,31000,136126,Petrol
1345,Jaguar XE Prestige,Jaguar,2007,439000,157151,Petrol
1346,Chevrolet Beat LT,Chevrolet,2003,25000,33868,Petrol
1347,Volkswagen Polo Highline,Volkswagen,2004,33000,32793,Diesel
1348,BMW X1 sDrive20d,BMW,2002,344000,65200,Diesel
1349,Skoda Octavia Elegance,Skoda,2019,87000,116733,Petrol
1350,Jeep Compass Limited,Jeep,2021,152000,141188,Petrol
1351,Hyundai Eon Era,Hyundai,2003,25000,49402,Petrol
1352,Honda Civic 1.8,Honda,2019,120000,56733,Diesel
1353,BMW 3 Series,BMW,2019,1846000,66938,Diesel
1354,Datsun redi-GO T,Datsun,2004,25000,66731,Diesel
1355,Tata Indica V2,Tata,2022,117000,70721,Petrol
1356,Mini Cooper S,Mini,2015,1365000,40336,Diesel
1357,Maruti Suzuki Ciaz,Maruti,2009,45000,20422,Diesel
1358,Fiat Linea Active,Fiat,2004,25000,86439,Petrol
1359,Volkswagen Vento Highline,Volkswagen,2009,39000,71834,Petrol
1360,Renault Lodgy 110PS,Renault,2005,29000,32475,Petrol
1361,Mitsubishi Lancer 1.8,Mitsubishi,2005,28000,138763,Diesel
1362,Fiat Linea Active,Fiat,2021,109000,26069,Petrol
1363,Datsun GO T,Datsun,2013,31000,177784,Diesel
1364,Maruti Suzuki Eeco,Maruti,2018,92000,40861,Petrol
1365,Volkswagen Polo Highline,Volkswagen,2022,132000,97132,Petrol
1366,Audi A6 2.0,Audi,2016,1174000,92899,Diesel
1367,BMW X1 sDrive20d,BMW,2009,724000,80103,Petrol
1368,Chevrolet Beat LT,Chevrolet,2022,130000,20933,Petrol
1369,Toyota Glanza G,Toyota,2003,38000,22273,Diesel
1370,Maruti Suzuki Ertiga,Maruti,2023,106000,133448,Petrol
1371,Jaguar XE Prestige,Jaguar,2014,1896000,3743,Petrol
1372,Land Rover Discovery,Land,2019,2084000,90555,Petrol
1373,Jeep Compass Longitude,Jeep,2021,151000,117711,Petrol
1374,Jeep Compass Longitude,Jeep,2007,74000,19792,Diesel
1375,Hyundai i10 Sportz,Hyundai,2017,68000,99477,Petrol
1376,Jaguar XE Prestige,Jaguar,2019,2458000,30997,Diesel
1377,Tata Indica V2,Tata,2022,84000,149218,Diesel
1378,Audi Q3 35,Audi,2011,614000,92870,Petrol
1379,Toyota Fortuner 3.0,Toyota,2013,99000,2423,Petrol
1380,Jeep Compass Longitude,Jeep,2015,121000,32564,Diesel
1381,Volkswagen Vento Highline,Volkswagen,2017,76000,103740,Diesel
1382,Toyota Glanza G,Toyota,2010,74000,28593,Diesel
1383,Honda Jazz V,Honda,2015,122000,1623,Diesel
1384,Ford Figo,Ford,2011,62000,10652,Petrol
1385,Hyundai Elite i20,Hyundai,2023,189000,52264,Diesel
1386,Ford Figo Aspire,Ford,2017,72000,144311,Diesel
1387,Chevrolet Tavera Neo,Chevrolet,2018,50000,102034,Petrol
1388,Maruti Suzuki Swift,Maruti,2006,26000,90309,Petrol
1389,Jaguar XF Portfolio,Jaguar,2015,1042000,156622,Petrol
1390,Mercedes C-Class C220d,Mercedes,2015,1383000,65045,Petrol
1391,Volkswagen Polo Highline,Volkswagen,2010,48000,64942,Diesel
1392,Ford Fiesta Classic,Ford,2018,65000,160296,Petrol
1393,Mini Cooper S,Mini,2009,671000,31678,Petrol
1394,Tata Nano Lx,Tata,2015,71000,4729,Petrol
1395,BMW X1 sDrive20d,BMW,2011,596000,166118,Petrol
1396,Hyundai Xcent S,Hyundai,2015,50000,168887,Petrol
1397,Volkswagen Ameo Highline,Volkswagen,2015,91000,64841,Diesel
1398,Maruti Suzuki Alto,Maruti,2023,121000,84415,Petrol
1399,Volvo S60 D4,Volvo,2015,1444000,48554,Diesel
1400,Skoda Fabia Classic,Skoda,2005,25000,175460,Petrol
1401,Honda Jazz V,Honda,2013,54000,94834,Diesel
1402,Mitsubishi Lancer 1.8,Mitsubishi,2004,38000,27983,Petrol
1403,Hyundai Tucson 2WD,Hyundai,2022,156000,50021,Petrol
1404,Mahindra Thar CRDe,Mahindra,2011,45000,124408,Diesel
1405,Honda Amaze S,Honda,2015,68000,144409,Diesel
1406,Fiat Linea Active,Fiat,2013,37000,117666,Petrol
1407,BMW X1 sDrive20d,BMW,2018,2249000,5834,Petrol
1408,Honda Jazz V,Honda,2003,25000,148519,Petrol
1409,Datsun redi-GO T,Datsun,2023,69000,139683,Petrol
1410,Mitsubishi Pajero Sport,Mitsubishi,2020,196000,2422,Diesel
1411,Volkswagen Ameo Highline,Volkswagen,2009,44000,77789,Diesel
1412,Hyundai Xcent S,Hyundai,2009,39000,76604,Petrol
1413,Volkswagen Vento Highline,Volkswagen,2010,71000,13605,Petrol
1414,Ford EcoSport Titanium,Ford,2022,119000,91185,Diesel
1415,Fiat Linea Active,Fiat,2006,25000,107144,Diesel
1416,Jaguar XE Prestige,Jaguar,2014,1102000,171496,Diesel
1417,Fiat Punto Active,Fiat,2016,63000,57939,Diesel
1418,Datsun GO T,Datsun,2016,54000,60844,Diesel
1419,Mahindra TUV300 T8,Mahindra,2007,33000,120526,Diesel
1420,Mitsubishi Lancer 1.8,Mitsubishi,2007,28000,169855,Diesel
1421,Toyota Fortuner 3.0,Toyota,2023,129000,159436,Petrol
1422,Renault Lodgy 110PS,Renault,2022,101000,105614,Petrol
1423,Maruti Suzuki Ciaz,Maruti,2005,25000,99157,CNG
1424,Mini Cooper S,Mini,2006,414000,65201,Petrol
1425,Volvo S60 D4,Volvo,2002,457000,27976,Diesel
1426,Honda WR-V i-VTEC,Honda,2020,90000,116577,Petrol
1427,Renault Duster 110,Renault,2019,79000,70212,Petrol
1428,Fiat Linea Active,Fiat,2005,25000,134197,Diesel
1429,Maruti Suzuki Baleno,Maruti,2015,52000,101125,Petrol
1430,Jaguar XF Portfolio,Jaguar,2023,3491000,29567,Diesel
1431,Ford EcoSport Ambiente,Ford,2013,70000,20098,Diesel
1432,Mahindra Jeep CL550,Mahindra,2021,172000,39710,Diesel
1433,Toyota Yaris VX,Toyota,2015,112000,39479,Diesel
1434,Ford EcoSport Ambiente,Ford,2017,74000,173568,Diesel
1435,Land Rover Freelander,Land,2002,474000,39065,Petrol
1436,Mercedes C-Class C220d,Mercedes,2005,442000,151578,Diesel
1437,Mahindra Thar CRDe,Mahindra,2006,39000,47776,Diesel
1438,Mercedes GLA 200d,Mercedes,2015,934000,157843,Diesel
1439,Renault Lodgy 110PS,Renault,2015,50000,144105,Diesel
1440,Fiat Punto Active,Fiat,2014,66000,22019,Diesel
1441,Renault Duster 110,Renault,2009,28000,94919,Petrol
1442,Nissan Terrano XL,Nissan,2017,79000,35120,Petrol
1443,Honda Jazz V,Honda,2016,98000,37885,Diesel
1444,Hyundai Elite i20,Hyundai,2005,35000,37606,Diesel
1445,BMW 5 Series,BMW,2003,483000,27889,Petrol
1446,Toyota Innova 2.5,Toyota,2006,29000,95846,Petrol
1447,Mitsubishi Lancer 1.8,Mitsubishi,2006,45000,47921,Diesel
1448,Land Rover Discovery,Land,2017,1423000,107978,Diesel
1449,Maruti Suzuki Wagon,Maruti,2005,32000,40964,Petrol
1450,Toyota Glanza G,Toyota,2007,65000,2948,Diesel
1451,Audi Q7,Audi,2010,612000,150063,Diesel
1452,Toyota Corolla Altis,Toyota,2004,28000,136808,Diesel
1453,Tata Nexon XZ,Tata,2021,130000,14779,Petrol
1454,Fiat Punto Active,Fiat,2016,49000,125251,Diesel
1455,Datsun GO T,Datsun,2003,25000,97480,Diesel
1456,Mahindra Thar CRDe,Mahindra,2021,126000,88041,Diesel
1457,Ford EcoSport Titanium,Ford,2008,29000,156629,Petrol
1458,Fiat Punto Active,Fiat,2022,132000,8584,Petrol
1459,Mitsubishi Pajero Sport,Mitsubishi,2020,92000,126927,Petrol
1460,Skoda Fabia Classic,Skoda,2013,65000,74130,Diesel
1461,Datsun GO Plus,Datsun,2013,44000,34052,Petrol
1462,Jeep Compass Longitude,Jeep,2018,171000,39470,Petrol
1463,Mitsubishi Pajero Sport,Mitsubishi,2011,70000,42363,Petrol
1464,Mini Cooper S,Mini,2009,648000,56630,Petrol
1465,Jeep Compass Limited,Jeep,2016,141000,34492,Diesel
1466,BMW 3 Series,BMW,2023,1988000,101715,Petrol
1467,Skoda Octavia Elegance,Skoda,2004,25000,130886,Petrol
1468,Skoda Fabia Classic,Skoda,2004,27000,73531,Diesel
1469,Land Rover Discovery,Land,2010,767000,124162,Diesel
1470,Honda City 1.5,Honda,2020,91000,128094,Petrol
1471,BMW X1 sDrive20d,BMW,2023,3166000,33912,Diesel
1472,Chevrolet Sail UVA,Chevrolet,2004,25000,178934,Diesel
1473,Jaguar XE Prestige,Jaguar,2021,1973000,168885,Petrol
1474,Fiat Punto Active,Fiat,2006,29000,27703,Diesel
1475,Mahindra XUV500 W8,Mahindra,2014,51000,121283,Petrol
1476,Mini Cooper D,Mini,2005,518000,22597,Petrol
1477,Datsun redi-GO T,Datsun,2008,25000,105356,Diesel
1478,Volvo XC60 D5,Volvo,2008,415000,124938,Petrol
1479,Honda WR-V i-VTEC,Honda,2006,25000,167928,Petrol
1480,Volvo XC60 D5,Volvo,2003,361000,94863,Diesel
1481,Tata Indica V2,Tata,2023,94000,110966,Diesel
1482,Honda City 1.5,Honda,2010,37000,106286,Petrol
1483,BMW X1 sDrive20d,BMW,2008,467000,175643,Diesel
1484,BMW 5 Series,BMW,2011,926000,43231,Petrol
1485,Mercedes GLA 200d,Mercedes,2007,529000,114600,Diesel
1486,Maruti Suzuki Alto,Maruti,2021,134000,52151,Petrol
1487,Honda Jazz V,Honda,2023,139000,83072,Petrol
1488,Honda WR-V i-VTEC,Honda,2012,70000,29881,Diesel
1489,Audi A6 2.0,Audi,2022,1530000,117888,Petrol
1490,Tata Nexon XZ,Tata,2019,95000,43642,Diesel
1491,Skoda Octavia Elegance,Skoda,2005,25000,130944,Diesel
1492,Fiat Linea Active,Fiat,2018,71000,88134,Petrol
1493,Nissan Micra XV,Nissan,2019,69000,156047,Petrol
1494,Jaguar XF Portfolio,Jaguar,2022,2929000,74351,Petrol
1495,Ford EcoSport Titanium,Ford,2022,174000,4406,Diesel
1496,Volvo S60 D4,Volvo,2022,1706000,116519,Petrol
1497,Tata Nano Lx,Tata,2016,46000,144695,Diesel
1498,Ford EcoSport Ambiente,Ford,2016,56000,108348,Diesel
1499,Renault Triber RXZ,Renault,2010,29000,172769,Diesel
1500,Nissan Terrano XL,Nissan,2021,97000,83323,Diesel
1501,BMW 3 Series,BMW,2019,1497000,102693,Petrol
1502,Hyundai Tucson 2WD,Hyundai,2015,97000,33882,Diesel
1503,Chevrolet Spark LT,Chevrolet,2015,55000,60647,Petrol
1504,Ford Fiesta Classic,Ford,2020,103000,102863,Diesel
1505,Chevrolet Spark LT,Chevrolet,2004,25000,24548,Petrol
1506,Honda WR-V i-VTEC,Honda,2022,111000,165644,Diesel
1507,Renault Triber RXZ,Renault,2008,26000,140456,Petrol
1508,Datsun redi-GO T,Datsun,2023,122000,13665,Diesel
1509,Maruti Suzuki Eeco,Maruti,2020,129000,27210,Petrol
1510,Ford Figo,Ford,2011,43000,68780,Petrol
1511,Nissan Micra XV,Nissan,2014,78000,26490,Diesel
1512,Mercedes GLA 200d,Mercedes,2004,498000,55227,Diesel
1513,Audi A6 2.0,Audi,2007,573000,78416,Petrol
1514,Mini Cooper S,Mini,2005,362000,89965,Diesel
1515,Fiat Punto Active,Fiat,2007,25000,136873,Diesel
1516,Maruti Suzuki Alto,Maruti,2002,25000,135889,Petrol
1517,Tata Indica V2,Tata,2012,46000,36423,Petrol
1518,Honda Jazz V,Honda,2010,41000,126341,Petrol
1519,Fiat Linea Active,Fiat,2016,48000,130071,Diesel
1520,Tata Tiago Revotron,Tata,2007,35000,51972,Diesel
1521,Mitsubishi Lancer 1.8,Mitsubishi,2007,45000,54057,Diesel
1522,Volvo XC60 D5,Volvo,2012,655000,163392,Petrol
1523,Mitsubishi Lancer 1.8,Mitsubishi,2013,53000,165958,Petrol
1524,Jeep Compass Limited,Jeep,2020,147000,107528,Diesel
1525,Jeep Compass Limited,Jeep,2014,122000,7948,Petrol
1526,Toyota Corolla Altis,Toyota,2009,67000,19142,Petrol
1527,Chevrolet Beat LT,Chevrolet,2002,25000,83616,Petrol
1528,Mitsubishi Lancer 1.8,Mitsubishi,2009,36000,147330,Petrol
1529,Jeep Compass Longitude,Jeep,2005,35000,147151,Diesel
1530,Jaguar XE Prestige,Jaguar,2020,1860000,169515,Diesel
1531,Chevrolet Spark LT,Chevrolet,2008,36000,13118,Diesel
1532,BMW 3 Series,BMW,2005,372000,118794,Petrol
1533,Renault Duster 110,Renault,2011,63000,4775,Petrol
1534,Mercedes C-Class C220d,Mercedes,2015,1217000,79004,Diesel
1535,Mahindra Thar CRDe,Mahindra,2017,76000,160616,Diesel
1536,Audi A8,Audi,2022,3168000,31927,Diesel
1537,Renault Duster 110,Renault,2002,25000,36468,Petrol
1538,BMW 3 Series,BMW,2007,762000,23173,Petrol
1539,Fiat Punto Active,Fiat,2003,25000,68175,Petrol
1540,Mahindra Bolero SLE,Mahindra,2012,46000,160728,Diesel
1541,Honda Civic 1.8,Honda,2016,98000,31531,Petrol
1542,Mitsubishi Lancer 1.8,Mitsubishi,2022,126000,117220,Petrol
1543,Mercedes GLA 200d,Mercedes,2017,1688000,73642,Diesel
1544,Mahindra Bolero SLE,Mahindra,2011,75000,21804,Diesel
1545,Tata Nexon XZ,Tata,2014,56000,49361,Diesel
1546,Mitsubishi Lancer 1.8,Mitsubishi,2011,48000,119119,Petrol
1547,Honda Amaze S,Honda,2013,60000,101176,Diesel
1548,Datsun GO T,Datsun,2004,25000,72933,Diesel
1549,Mitsubishi Pajero Sport,Mitsubishi,2006,29000,120936,Petrol
1550,Audi A6 2.0,Audi,2010,1068000,7593,Diesel
1551,Volkswagen Polo Highline,Volkswagen,2019,147000,22137,Diesel
1552,Jeep Compass Limited,Jeep,2018,127000,87587,Petrol
1553,Hyundai i10 Sportz,Hyundai,2015,74000,50938,Diesel
1554,Volkswagen Jetta Comfortline,Volkswagen,2018,81000,113756,Petrol
1555,Ford Figo,Ford,2005,36000,14029,Petrol
1556,Fiat Punto Active,Fiat,2010,36000,59466,Diesel
1557,Land Rover Discovery,Land,2017,2026000,54024,Petrol
1558,Skoda Octavia Elegance,Skoda,2021,119000,75591,Petrol
1559,Land Rover Discovery,Land,2011,984000,62652,Petrol
1560,Toyota Corolla Altis,Toyota,2016,120000,37280,Petrol
1561,Maruti Suzuki Swift,Maruti,2010,54000,20279,Petrol
1562,Volvo XC60 D5,Volvo,2017,1020000,152971,Petrol
1563,Ford EcoSport Titanium,Ford,2002,25000,148805,Diesel
1564,Toyota Etios VXD,Toyota,2005,48000,26312,Diesel
1565,Mercedes GLA 200d,Mercedes,2013,880000,143155,Diesel
1566,Audi A4 35,Audi,2013,1052000,79040,Diesel
1567,Volvo XC60 D5,Volvo,2005,394000,70862,Petrol
1568,Renault Kwid RXT,Renault,2013,37000,130603,Petrol
1569,BMW 5 Series,BMW,2008,873000,23502,Petrol
1570,Ford EcoSport Ambiente,Ford,2022,120000,178043,Diesel
1571,Toyota Corolla Altis,Toyota,2023,170000,91547,Diesel
1572,Volkswagen Ameo Highline,Volkswagen,2008,60000,10874,Diesel
1573,Audi Q7,Audi,2013,1039000,75704,Petrol
1574,Jaguar XE Prestige,Jaguar,2016,1170000,178599,Petrol
1575,Fiat Punto Active,Fiat,2011,27000,127718,Diesel
1576,Audi A4 35,Audi,2008,525000,74291,Petrol
1577,BMW 5 Series,BMW,2023,3385000,268,Petrol
1578,Skoda Octavia Elegance,Skoda,2023,139000,147097,Petrol
1579,Honda Brio S,Honda,2008,29000,113359,Petrol
1580,Nissan Micra XV,Nissan,2023,103000,167097,Diesel
1581,Ford EcoSport Ambiente,Ford,2011,35000,156610,Diesel
1582,Chevrolet Spark LT,Chevrolet,2023,112000,52399,Diesel
1583,Skoda Rapid Elegance,Skoda,2004,28000,78044,Diesel
1584,BMW 3 Series,BMW,2006,438000,138137,Diesel
1585,Jaguar XF Portfolio,Jaguar,2016,1385000,92949,Diesel
1586,Audi A4 35,Audi,2019,2169000,7026,Diesel
1587,Skoda Fabia Classic,Skoda,2020,90000,134371,Diesel
1588,Jeep Compass Limited,Jeep,2003,42000,22292,Petrol
1589,Ford EcoSport Ambiente,Ford,2021,162000,25632,Diesel
1590,Hyundai Grand i10,Hyundai,2020,89000,176893,Petrol
1591,Fiat Linea Active,Fiat,2006,25000,58700,Petrol
1592,Maruti Suzuki Vitara,Maruti,2021,113000,52712,Petrol
1593,Jeep Compass Limited,Jeep,2014,122000,14689,Petrol
1594,Toyota Etios VXD,Toyota,2019,149000,68328,Diesel
1595,BMW 3 Series,BMW,2022,2928000,5777,Petrol
1596,Renault Kwid RXT,Renault,2018,62000,143409,Petrol
1597,Jaguar XE Prestige,Jaguar,2020,1854000,129327,Diesel
1598,Land Rover Freelander,Land,2016,1190000,109386,Diesel
1599,Ford Endeavour 4x4,Ford,2014,81000,2988,Diesel
1600,Jaguar XF Portfolio,Jaguar,2003,387000,93089,Petrol
1601,Volkswagen Polo Highline,Volkswagen,2007,30000,93881,Petrol
1602,Datsun GO Plus,Datsun,2004,25000,45843,Petrol
1603,Chevrolet Tavera Neo,Chevrolet,2006,25000,73065,Diesel
1604,Mini Cooper D,Mini,2014,707000,123767,Petrol
1605,Jaguar XF Portfolio,Jaguar,2006,582000,85054,Diesel
1606,Mahindra Jeep CL550,Mahindra,2002,26000,41827,Diesel
1607,Jaguar XF Portfolio,Jaguar,2012,994000,60795,Petrol
1608,Datsun redi-GO T,Datsun,2004,25000,16333,Diesel
1609,Mahindra TUV300 T8,Mahindra,2013,55000,159099,Petrol
1610,Chevrolet Beat LT,Chevrolet,2016,52000,99093,Petrol
1611,Tata Nano Lx,Tata,2010,30000,128839,Diesel
1612,Toyota Fortuner 3.0,Toyota,2018,133000,50509,Petrol
1613,Jaguar XE Prestige,Jaguar,2008,1051000,8813,Petrol
1614,BMW X1 sDrive20d,BMW,2019,2217000,18965,Diesel
1615,Mini Cooper D,Mini,2008,588000,54488,Diesel
1616,Fiat Punto Active,Fiat,2004,25000,115149,Diesel
1617,Mitsubishi Pajero Sport,Mitsubishi,2006,26000,135693,Diesel
1618,Hyundai Tucson 2WD,Hyundai,2019,86000,86848,Petrol
1619,Volkswagen Jetta Comfortline,Volkswagen,2013,91000,17913,Petrol
1620,Mitsubishi Pajero Sport,Mitsubishi,2018,88000,160334,Diesel
1621,Land Rover Freelander,Land,2020,1922000,123564,Diesel
1622,BMW 5 Series,BMW,2008,519000,87797,Petrol
1623,Chevrolet Beat LT,Chevrolet,2009,25000,129482,Petrol
1624,Volvo S60 D4,Volvo,2013,1269000,18650,Diesel
1625,Mahindra TUV300 T8,Mahindra,2006,31000,71012,Petrol
1626,Jeep Compass Longitude,Jeep,2022,191000,91917,Diesel
1627,Renault Duster 110,Renault,2003,27000,7008,Petrol
1628,Jaguar XE Prestige,Jaguar,2019,1503000,126498,Petrol
1629,Honda WR-V i-VTEC,Honda,2015,53000,144159,Petrol
1630,Volvo XC60 D5,Volvo,2013,1051000,50863,Diesel
1631,Renault Duster 110,Renault,2020,133000,2734,Petrol
1632,Fiat Punto Active,Fiat,2002,25000,65615,Petrol
1633,Toyota Corolla Altis,Toyota,2003,29000,82446,Diesel
1634,Skoda Fabia Classic,Skoda,2021,120000,104385,Diesel
1635,Mahindra Bolero SLE,Mahindra,2019,141000,54065,Diesel
1636,Renault Lodgy 110PS,Renault,2011,41000,96289,Diesel
1637,Volkswagen Ameo Highline,Volkswagen,2019,77000,132075,Petrol
1638,Land Rover Discovery,Land,2010,1260000,20664,Petrol
1639,Jeep Compass Longitude,Jeep,2011,51000,145056,Petrol
1640,Hyundai Creta 1.6,Hyundai,2010,33000,154303,Diesel
1641,Hyundai Creta 1.6,Hyundai,2021,94000,100746,Diesel
1642,Audi A4 35,Audi,2009,699000,54030,Diesel
1643,Hyundai Creta 1.6,Hyundai,2003,25000,142063,Diesel
1644,Chevrolet Sail UVA,Chevrolet,2020,83000,56865,Petrol
1645,BMW 5 Series,BMW,2003,563000,28728,Diesel
1646,Skoda Octavia Elegance,Skoda,2016,63000,111205,Diesel
1647,Renault Kwid RXT,Renault,2002,25000,73683,Diesel
1648,Fiat Linea Active,Fiat,2012,29000,149805,Diesel
1649,Volkswagen Ameo Highline,Volkswagen,2022,104000,159483,Petrol
1650,Hyundai Verna 1.6,Hyundai,2017,63000,167280,Petrol
1651,Mahindra Bolero SLE,Mahindra,2021,127000,144658,Diesel
1652,Volkswagen Ameo Highline,Volkswagen,2010,34000,129842,Petrol
1653,Volvo S60 D4,Volvo,2009,711000,30101,Petrol
1654,Audi Q7,Audi,2012,1042000,11098,Petrol
1655,Volkswagen Ameo Highline,Volkswagen,2002,25000,177935,Diesel
1656,Renault Triber RXZ,Renault,2005,29000,20410,Diesel
1657,Tata Tiago Revotron,Tata,2020,74000,97449,Diesel
1658,Skoda Fabia Classic,Skoda,2002,25000,85700,Diesel
1659,Mini Cooper D,Mini,2017,1063000,77186,Petrol
1660,Honda Civic 1.8,Honda,2002,30000,27948,Petrol
1661,Jeep Compass Limited,Jeep,2008,48000,99410,Petrol
1662,Mini Cooper S,Mini,2004,398000,58972,Diesel
1663,Jeep Compass Longitude,Jeep,2021,146000,123918,Diesel
1664,Mitsubishi Lancer 1.8,Mitsubishi,2009,47000,86262,Petrol
1665,Renault Lodgy 110PS,Renault,2012,56000,30355,Petrol
1666,BMW 5 Series,BMW,2004,416000,92370,Petrol
1667,Volvo S60 D4,Volvo,2016,965000,109899,Petrol
1668,Honda Civic 1.8,Honda,2009,36000,106954,Petrol
1669,Chevrolet Sail UVA,Chevrolet,2005,25000,21466,Diesel
1670,Ford Figo Aspire,Ford,2010,37000,145479,Diesel
1671,Hyundai i10 Sportz,Hyundai,2002,25000,43861,Petrol
1672,Datsun redi-GO T,Datsun,2013,51000,33511,Diesel
1673,Skoda Fabia Classic,Skoda,2012,58000,88348,Petrol
1674,Nissan Sunny XL,Nissan,2015,52000,165468,Diesel
1675,Mitsubishi Lancer 1.8,Mitsubishi,2023,140000,170337,Diesel
1676,Jeep Compass Limited,Jeep,2005,46000,60986,Diesel
1677,Jeep Compass Limited,Jeep,2011,68000,84720,Diesel
1678,Honda City 1.5,Honda,2008,33000,112962,Diesel
1679,Ford EcoSport Ambiente,Ford,2011,52000,43509,Petrol
1680,Renault Kwid RXT,Renault,2011,47000,68107,Petrol
1681,Honda City 1.5,Honda,2008,27000,144846,Petrol
1682,Fiat Punto Active,Fiat,2002,25000,128122,Petrol
1683,Mitsubishi Lancer 1.8,Mitsubishi,2016,77000,136649,Petrol
1684,Ford Fiesta Classic,Ford,2005,25000,116598,Diesel
1685,Honda Jazz V,Honda,2023,225000,30629,Diesel
1686,Renault Duster 110,Renault,2012,54000,41185,Diesel
1687,Jeep Compass Longitude,Jeep,2012,103000,10155,Diesel
1688,Jeep Compass Limited,Jeep,2008,47000,146420,Petrol
1689,Renault Kwid RXT,Renault,2020,86000,98720,Petrol
1690,Honda WR-V i-VTEC,Honda,2007,26000,130313,Diesel
1691,Mahindra XUV500 W8,Mahindra,2002,25000,113954,Diesel
1692,Land Rover Freelander,Land,2003,391000,109717,Diesel
1693,Renault Triber RXZ,Renault,2017,62000,139157,Petrol
1694,Skoda Octavia Elegance,Skoda,2017,76000,128608,Diesel
1695,Skoda Fabia Classic,Skoda,2009,55000,29556,Diesel
1696,Renault Lodgy 110PS,Renault,2005,32000,46288,Diesel
1697,Nissan Terrano XL,Nissan,2014,77000,33669,Diesel
1698,Volvo XC60 D5,Volvo,2023,2344000,61667,Petrol
1699,BMW 3 Series,BMW,2019,1786000,84822,Diesel
1700,Audi A8,Audi,2014,1010000,68440,Petrol
1701,Chevrolet Beat LT,Chevrolet,2011,26000,117445,Diesel
1702,Fiat Punto Active,Fiat,2022,123000,29018,Diesel
1703,Maruti Suzuki Ertiga,Maruti,2004,25000,87469,Diesel
1704,Mini Cooper S,Mini,2018,1518000,55271,Diesel
1705,Fiat Linea Active,Fiat,2009,32000,76170,Petrol
1706,Tata Bolt XT,Tata,2009,49000,3675,Petrol
1707,Jeep Compass Longitude,Jeep,2018,108000,104416,Diesel
1708,Maruti Suzuki Baleno,Maruti,2022,123000,64930,Petrol
1709,Datsun GO Plus,Datsun,2014,57000,34491,Diesel
1710,Jeep Compass Limited,Jeep,2002,39000,3964,Petrol
1711,Datsun GO T,Datsun,2021,78000,81938,Diesel
1712,Skoda Rapid Elegance,Skoda,2016,87000,53227,Petrol
1713,Mercedes E-Class E220d,Mercedes,2011,624000,112699,Petrol
1714,Volkswagen Jetta Comfortline,Volkswagen,2011,39000,139876,Petrol
1715,Datsun redi-GO T,Datsun,2019,81000,28491,Diesel
1716,Datsun GO T,Datsun,2016,46000,97046,Diesel
1717,Chevrolet Spark LT,Chevrolet,2022,125000,22024,Petrol
1718,Mercedes GLA 200d,Mercedes,2009,896000,22090,Petrol
1719,Jeep Compass Longitude,Jeep,2003,27000,129446,Diesel
1720,Honda City 1.5,Honda,2012,51000,148293,Diesel
1721,Tata Bolt XT,Tata,2017,53000,143122,Diesel
1722,Chevrolet Tavera Neo,Chevrolet,2017,51000,134955,Petrol
1723,Mahindra KUV100 K8,Mahindra,2006,50000,3671,Diesel
1724,Tata Nexon XZ,Tata,2005,31000,10339,Diesel
1725,Jeep Compass Limited,Jeep,2006,36000,143515,Diesel
1726,BMW 5 Series,BMW,2023,2781000,71169,Diesel
1727,Mini Cooper S,Mini,2006,443000,76173,Petrol
1728,Nissan Terrano XL,Nissan,2021,115000,65960,Diesel
1729,Honda Amaze S,Honda,2018,75000,124322,Petrol
1730,Mercedes C-Class C220d,Mercedes,2002,324000,81847,Petrol
1731,Audi Q3 35,Audi,2005,633000,16119,Diesel
1732,Mini Cooper S,Mini,2013,696000,164941,Petrol
1733,BMW X1 sDrive20d,BMW,2011,828000,96378,Diesel
1734,Mini Cooper S,Mini,2004,244000,155456,Petrol
1735,Toyota Corolla Altis,Toyota,2020,188000,26923,Petrol
1736,Datsun redi-GO T,Datsun,2020,66000,155333,Diesel
1737,Volvo XC60 D5,Volvo,2008,700000,44166,Petrol
1738,Mahindra Scorpio S10,Mahindra,2006,45000,43306,Diesel
1739,Hyundai Elite i20,Hyundai,2018,77000,115361,Diesel
1740,Jeep Compass Longitude,Jeep,2009,48000,146938,Diesel
1741,Mercedes E-Class E220d,Mercedes,2011,707000,136935,Diesel
1742,Tata Nano Lx,Tata,2022,119000,72907,Petrol
1743,Mercedes GLA 200d,Mercedes,2010,617000,179765,Petrol
1744,Nissan Micra XV,Nissan,2002,25000,95962,Diesel
1745,BMW 3 Series,BMW,2021,1595000,146846,Petrol
1746,Maruti Suzuki Baleno,Maruti,2016,55000,94731,Petrol
1747,Ford EcoSport Ambiente,Ford,2010,34000,131904,Petrol
1748,Volkswagen Jetta Comfortline,Volkswagen,2014,92000,11612,Diesel
1749,Mitsubishi Pajero Sport,Mitsubishi,2017,82000,159364,Diesel
1750,Mini Cooper S,Mini,2003,281000,96971,Petrol
1751,Land Rover Freelander,Land,2006,887000,21811,Diesel
1752,Audi A4 35,Audi,2012,1282000,25652,Diesel
1753,Volvo S60 D4,Volvo,2012,734000,176258,Diesel
1754,Mitsubishi Lancer 1.8,Mitsubishi,2018,158000,3814,Diesel
1755,Hyundai Grand i10,Hyundai,2008,29000,131571,Petrol
1756,Audi A4 35,Audi,2010,580000,159622,Petrol
1757,Mini Cooper S,Mini,2011,646000,71865,Diesel
1758,Land Rover Freelander,Land,2020,1603000,121474,Petrol
1759,Mahindra Scorpio S10,Mahindra,2012,52000,155066,Petrol
1760,Maruti Suzuki Baleno,Maruti,2022,94000,98280,CNG
1761,Renault Triber RXZ,Renault,2023,106000,168479,Petrol
1762,Skoda Fabia Classic,Skoda,2014,64000,75355,Petrol
1763,BMW 3 Series,BMW,2008,576000,71612,Petrol
1764,Land Rover Discovery,Land,2010,1143000,24325,Diesel
1765,Mini Cooper D,Mini,2022,2440000,44788,Petrol
1766,Honda Civic 1.8,Honda,2020,135000,55323,Diesel
1767,Skoda Fabia Classic,Skoda,2012,42000,132159,Diesel
1768,Volkswagen Vento Highline,Volkswagen,2016,94000,68479,Petrol
1769,Mini Cooper S,Mini,2017,1531000,36751,Diesel
1770,Datsun GO Plus,Datsun,2020,109000,8973,Diesel
1771,Maruti Suzuki Swift,Maruti,2015,50000,124748,Diesel
1772,Toyota Corolla Altis,Toyota,2011,74000,42762,Diesel
1773,Audi Q7,Audi,2016,1083000,155702,Diesel
1774,Renault Triber RXZ,Renault,2013,41000,157633,Diesel
1775,Hyundai Eon Era,Hyundai,2018,117000,28373,Diesel
1776,Mitsubishi Lancer 1.8,Mitsubishi,2020,183000,7585,Petrol
1777,Volvo S60 D4,Volvo,2020,2189000,36681,Petrol
1778,Hyundai Grand i10,Hyundai,2011,58000,37183,Diesel
1779,Maruti Suzuki Eeco,Maruti,2006,29000,52635,Petrol
1780,Renault Kwid RXT,Renault,2015,71000,23736,Petrol
1781,Nissan Micra XV,Nissan,2017,82000,41867,Diesel
1782,Datsun GO Plus,Datsun,2008,25000,123912,Diesel
1783,Ford Figo Aspire,Ford,2006,27000,83555,Petrol
1784,Skoda Octavia Elegance,Skoda,2015,62000,156583,Diesel
1785,Jaguar XE Prestige,Jaguar,2009,640000,159620,Petrol
1786,Chevrolet Beat LT,Chevrolet,2021,78000,157168,Diesel
1787,Honda WR-V i-VTEC,Honda,2008,50000,11699,Petrol
1788,Datsun GO Plus,Datsun,2007,25000,111697,Petrol
1789,Mercedes C-Class C220d,Mercedes,2010,566000,110655,Petrol
1790,Ford Figo Aspire,Ford,2004,25000,90877,Petrol
1791,Mini Cooper D,Mini,2015,1347000,14389,Diesel
1792,Ford Endeavour 4x4,Ford,2016,65000,131712,Diesel
1793,Fiat Linea Active,Fiat,2005,25000,46981,Diesel
1794,Jaguar XE Prestige,Jaguar,2006,951000,1923,Diesel
1795,Volkswagen Vento Highline,Volkswagen,2018,81000,161192,Diesel
1796,Hyundai Grand i10,Hyundai,2017,60000,120751,Diesel
1797,Volkswagen Vento Highline,Volkswagen,2011,43000,93655,Diesel
1798,Mini Cooper S,Mini,2021,2388000,29377,Diesel
1799,Datsun GO T,Datsun,2007,25000,22132,Petrol
1800,Mercedes E-Class E220d,Mercedes,2010,774000,90640,Diesel
1801,Jeep Compass Limited,Jeep,2003,45000,20163,Diesel
1802,Mini Cooper S,Mini,2014,667000,134483,Petrol
1803,Skoda Rapid Elegance,Skoda,2014,105000,5967,Petrol
1804,Mini Cooper S,Mini,2015,1237000,30620,Petrol
1805,Volvo S60 D4,Volvo,2003,295000,98203,Diesel
1806,Volkswagen Vento Highline,Volkswagen,2010,38000,131581,Petrol
1807,Jaguar XF Portfolio,Jaguar,2010,1166000,1424,Diesel
1808,Jaguar XE Prestige,Jaguar,2010,930000,70106,Diesel
1809,Chevrolet Beat LT,Chevrolet,2009,32000,59036,Petrol
1810,Volvo XC60 D5,Volvo,2021,1617000,120855,Diesel
1811,Datsun redi-GO T,Datsun,2019,93000,3394,Diesel
1812,Audi A6 2.0,Audi,2016,985000,130903,Petrol
1813,Datsun redi-GO T,Datsun,2014,58000,8558,Petrol
1814,Nissan Micra XV,Nissan,2008,25000,138929,Diesel
1815,Audi A8,Audi,2002,409000,40968,Petrol
1816,BMW 3 Series,BMW,2011,750000,145967,Diesel
1817,Fiat Punto Active,Fiat,2014,34000,159253,Petrol
1818,Ford Endeavour 4x4,Ford,2011,57000,46924,Petrol
1819,Datsun GO Plus,Datsun,2015,40000,92381,Petrol
1820,Chevrolet Sail UVA,Chevrolet,2022,126000,27792,Diesel
1821,Renault Lodgy 110PS,Renault,2017,64000,121712,Diesel
1822,Toyota Fortuner 3.0,Toyota,2011,94000,974,Diesel
1823,Jaguar XE Prestige,Jaguar,2014,1127000,152184,Diesel
1824,Mini Cooper S,Mini,2021,1916000,58870,Petrol
1825,Mahindra KUV100 K8,Mahindra,2002,25000,85302,Petrol
1826,Mercedes GLA 200d,Mercedes,2004,406000,97170,Petrol
1827,Mini Cooper D,Mini,2019,1206000,134143,Petrol
1828,Nissan Terrano XL,Nissan,2009,46000,46030,Diesel
1829,Chevrolet Spark LT,Chevrolet,2011,41000,17090,Petrol
1830,Renault Lodgy 110PS,Renault,2009,42000,46467,Diesel
1831,Volvo XC60 D5,Volvo,2007,595000,64289,Diesel
1832,Hyundai i10 Sportz,Hyundai,2018,66000,123362,Diesel
1833,Volkswagen Polo Highline,Volkswagen,2021,102000,169730,Petrol
1834,Hyundai Creta 1.6,Hyundai,2014,86000,10561,Diesel
1835,Mini Cooper D,Mini,2015,1103000,32620,Petrol
1836,Mitsubishi Pajero Sport,Mitsubishi,2007,37000,96166,Diesel
1837,Renault Lodgy 110PS,Renault,2008,31000,69439,Petrol
1838,Audi A8,Audi,2009,667000,68257,Diesel
1839,Audi Q3 35,Audi,2020,1958000,72267,Petrol
1840,Skoda Fabia Classic,Skoda,2009,41000,97316,Diesel
1841,Land Rover Freelander,Land,2020,1842000,166271,Diesel
1842,Skoda Fabia Classic,Skoda,2006,44000,38510,Diesel
1843,Nissan Terrano XL,Nissan,2018,65000,135580,Diesel
1844,Nissan Terrano XL,Nissan,2006,25000,154014,Diesel
1845,Mercedes GLA 200d,Mercedes,2007,444000,137787,Diesel
1846,Maruti Suzuki Eeco,Maruti,2004,25000,89849,Petrol
1847,Volkswagen Polo Highline,Volkswagen,2022,172000,51727,Diesel
1848,Mini Cooper S,Mini,2018,1353000,59966,Petrol
1849,Mini Cooper S,Mini,2012,543000,133116,Petrol
1850,Fiat Punto Active,Fiat,2003,25000,117182,Petrol
1851,Toyota Yaris VX,Toyota,2022,185000,64348,Petrol
1852,Hyundai Tucson 2WD,Hyundai,2010,31000,144797,Diesel
1853,Mahindra Scorpio S10,Mahindra,2018,99000,79466,Diesel
1854,Mitsubishi Lancer 1.8,Mitsubishi,2016,111000,25860,Petrol
1855,Tata Nexon XZ,Tata,2005,25000,115940,Petrol
1856,Mitsubishi Pajero Sport,Mitsubishi,2021,122000,127824,Diesel
1857,Ford Fiesta Classic,Ford,2016,59000,168560,Petrol
1858,Audi A4 35,Audi,2010,606000,106836,Diesel
1859,Jeep Compass Limited,Jeep,2018,138000,74484,Diesel
1860,Chevrolet Sail UVA,Chevrolet,2023,88000,147232,Diesel
1861,Toyota Fortuner 3.0,Toyota,2002,25000,83778,Diesel
1862,BMW X1 sDrive20d,BMW,2011,1057000,24890,Diesel
1863,Toyota Etios VXD,Toyota,2005,35000,60865,Petrol
1864,Jeep Compass Limited,Jeep,2005,37000,179602,Diesel
1865,Jaguar XE Prestige,Jaguar,2012,1290000,41096,Petrol
1866,Toyota Glanza G,Toyota,2023,254000,41291,Diesel
1867,Mini Cooper D,Mini,2010,686000,60058,Diesel
1868,Skoda Rapid Elegance,Skoda,2006,34000,80376,Diesel
1869,Datsun GO T,Datsun,2015,45000,92797,Petrol
1870,Maruti Suzuki Omni,Maruti,2008,37000,54785,Diesel
1871,Chevrolet Tavera Neo,Chevrolet,2014,45000,85476,Petrol
1872,Audi Q3 35,Audi,2005,533000,19610,Petrol
1873,Mitsubishi Lancer 1.8,Mitsubishi,2003,25000,172962,Diesel
1874,Mercedes C-Class C220d,Mercedes,2010,571000,159144,Diesel
1875,Chevrolet Sail UVA,Chevrolet,2019,72000,96948,Diesel
1876,Honda Brio S,Honda,2004,28000,85177,Diesel
1877,Mitsubishi Lancer 1.8,Mitsubishi,2020,147000,52527,Petrol
1878,Fiat Linea Active,Fiat,2019,66000,139305,Diesel
1879,Mahindra Thar CRDe,Mahindra,2013,56000,116974,Petrol
1880,Audi A6 2.0,Audi,2016,1073000,95049,Diesel
1881,Volkswagen Ameo Highline,Volkswagen,2021,167000,6165,Petrol
1882,Datsun redi-GO T,Datsun,2003,25000,138616,Petrol
1883,Maruti Suzuki Ciaz,Maruti,2015,99000,8510,Diesel
1884,Mitsubishi Lancer 1.8,Mitsubishi,2022,215000,17692,Petrol
1885,Ford Endeavour 4x4,Ford,2007,25000,134711,Petrol
1886,Mini Cooper S,Mini,2004,305000,179394,Diesel
1887,Honda Brio S,Honda,2012,77000,19243,Petrol
1888,Jeep Compass Limited,Jeep,2002,25000,105341,Diesel
1889,Maruti Suzuki Alto,Maruti,2009,31000,84611,CNG
1890,Mitsubishi Lancer 1.8,Mitsubishi,2019,100000,120097,Petrol
1891,Nissan Terrano XL,Nissan,2020,123000,40104,Petrol
1892,Toyota Innova 2.5,Toyota,2002,25000,139933,Petrol
1893,Mahindra Thar CRDe,Mahindra,2012,60000,60420,Petrol
1894,BMW 5 Series,BMW,2009,691000,57047,Diesel
1895,Audi A4 35,Audi,2014,1636000,6764,Diesel
1896,Tata Nexon XZ,Tata,2003,25000,117229,Diesel
1897,Datsun GO Plus,Datsun,2005,25000,24440,Petrol
1898,Jeep Compass Longitude,Jeep,2007,61000,55055,Petrol
1899,Nissan Terrano XL,Nissan,2012,34000,108923,Petrol
1900,Datsun redi-GO T,Datsun,2014,53000,26331,Diesel
1901,Mahindra KUV100 K8,Mahindra,2022,175000,78925,Diesel
1902,Mini Cooper D,Mini,2017,1823000,4254,Diesel
1903,Hyundai Elite i20,Hyundai,2009,41000,46593,Petrol
1904,Land Rover Discovery,Land,2003,657000,16138,Petrol
1905,Nissan Terrano XL,Nissan,2015,69000,41383,Diesel
1906,Honda Brio S,Honda,2023,211000,47709,Diesel
1907,Toyota Innova 2.5,Toyota,2017,120000,53597,Diesel
1908,Volkswagen Ameo Highline,Volkswagen,2002,28000,6871,Diesel
1909,Honda WR-V i-VTEC,Honda,2003,25000,141520,Diesel
1910,Toyota Etios VXD,Toyota,2005,54000,4016,Diesel
1911,Mahindra Scorpio SLE,Mahindra,2017,85000,121848,Diesel
1912,Honda Civic 1.8,Honda,2022,216000,289,Diesel
1913,Volkswagen Vento Highline,Volkswagen,2012,52000,172164,Diesel
1914,Ford Figo Aspire,Ford,2017,58000,149847,Petrol
1915,Honda Amaze S,Honda,2023,219000,21645,Petrol
1916,Volvo S60 D4,Volvo,2009,647000,59403,Diesel
1917,Chevrolet Tavera Neo,Chevrolet,2023,91000,154970,Diesel
1918,BMW 5 Series,BMW,2023,3235000,38168,Petrol
1919,Mini Cooper S,Mini,2008,530000,47855,Petrol
1920,Renault Kwid RXT,Renault,2014,52000,84649,Petrol
1921,Nissan Micra XV,Nissan,2022,95000,151409,Diesel
1922,Volvo XC60 D5,Volvo,2019,1308000,115407,Petrol
1923,Jeep Compass Limited,Jeep,2012,92000,48942,Diesel
1924,Fiat Linea Active,Fiat,2023,160000,25397,Diesel
1925,Nissan Sunny XL,Nissan,2022,145000,6762,Petrol
1926,Ford EcoSport Titanium,Ford,2019,105000,77619,Petrol
1927,BMW X1 sDrive20d,BMW,2004,322000,132410,Petrol
1928,Jeep Compass Longitude,Jeep,2006,38000,178508,Petrol
1929,Nissan Terrano XL,Nissan,2021,136000,39885,Petrol
1930,Renault Kwid RXT,Renault,2013,62000,41715,Petrol
1931,Volvo S60 D4,Volvo,2006,413000,141873,Diesel
1932,Datsun redi-GO T,Datsun,2014,37000,136873,Diesel
1933,Honda Brio S,Honda,2011,69000,192,Petrol
1934,Skoda Fabia Classic,Skoda,2021,93000,155809,Petrol
1935,Honda WR-V i-VTEC,Honda,2007,42000,63660,Diesel
1936,Datsun GO Plus,Datsun,2008,25000,65261,Diesel
1937,Volkswagen Vento Highline,Volkswagen,2014,79000,32467,Petrol
1938,Volkswagen Ameo Highline,Volkswagen,2002,25000,167021,Petrol
1939,Mini Cooper D,Mini,2009,433000,173225,Diesel
1940,Volvo XC60 D5,Volvo,2006,699000,18555,Diesel
1941,Hyundai i10 Sportz,Hyundai,2010,55000,29679,Diesel
1942,Land Rover Discovery,Land,2011,946000,58986,Petrol
1943,Volvo XC60 D5,Volvo,2009,546000,174402,Diesel
1944,BMW 3 Series,BMW,2022,3314000,27674,Diesel
1945,Volkswagen Ameo Highline,Volkswagen,2015,69000,174944,Diesel
1946,Ford Fiesta Classic,Ford,2017,85000,63733,Diesel
1947,Volkswagen Polo Highline,Volkswagen,2017,77000,147076,Diesel
1948,Jaguar XF Portfolio,Jaguar,2003,349000,157822,Petrol
1949,Ford Endeavour 4x4,Ford,2005,32000,30894,Petrol
1950,Volvo XC60 D5,Volvo,2014,1460000,10550,Diesel
1951,Audi Q7,Audi,2018,2328000,9871,Diesel
1952,BMW X1 sDrive20d,BMW,2002,341000,56733,Petrol
1953,Ford EcoSport Ambiente,Ford,2015,106000,7538,Diesel
1954,Jaguar XF Portfolio,Jaguar,2013,1221000,65295,Diesel
1955,Audi Q3 35,Audi,2007,659000,54987,Diesel
1956,Toyota Fortuner 3.0,Toyota,2004,31000,87594,Diesel
1957,Renault Triber RXZ,Renault,2011,54000,26654,Petrol
1958,Mercedes GLA 200d,Mercedes,2007,470000,100421,Petrol
1959,Nissan Sunny XL,Nissan,2016,65000,94855,Petrol
1960,Ford Figo,Ford,2020,116000,81502,Diesel
1961,Datsun GO Plus,Datsun,2004,25000,52166,Petrol
1962,Jaguar XF Portfolio,Jaguar,2010,1077000,38311,Diesel
1963,Datsun GO T,Datsun,2011,25000,160904,Petrol
1964,Hyundai Eon Era,Hyundai,2019,109000,40735,Diesel
1965,Land Rover Freelander,Land,2009,943000,59300,Diesel
1966,Maruti Suzuki Wagon,Maruti,2009,53000,5545,CNG
1967,Fiat Punto Active,Fiat,2015,65000,48873,Diesel
1968,Datsun GO Plus,Datsun,2010,26000,95512,Diesel
1969,Renault Triber RXZ,Renault,2019,87000,93704,Petrol
1970,Land Rover Freelander,Land,2019,1451000,151870,Petrol
1971,Jeep Compass Limited,Jeep,2019,157000,82278,Petrol
1972,Nissan Terrano XL,Nissan,2022,90000,145346,Petrol
1973,Hyundai Venue SX,Hyundai,2021,100000,114885,Diesel
1974,Toyota Innova 2.5,Toyota,2019,108000,117663,Petrol
1975,Land Rover Freelander,Land,2004,367000,178884,Diesel
1976,Mitsubishi Lancer 1.8,Mitsubishi,2002,25000,156793,Diesel
1977,Honda WR-V i-VTEC,Honda,2008,30000,173587,Diesel
1978,Skoda Rapid Elegance,Skoda,2009,32000,149484,Diesel
1979,Jaguar XF Portfolio,Jaguar,2002,327000,159901,Petrol
1980,Ford Freestyle Titanium,Ford,2004,25000,161017,Petrol
1981,Tata Nano Lx,Tata,2021,102000,47113,Petrol
1982,Ford EcoSport Ambiente,Ford,2004,33000,24783,Diesel
1983,Datsun redi-GO T,Datsun,2014,35000,124463,Petrol
1984,Skoda Rapid Elegance,Skoda,2007,29000,112916,Diesel
1985,Datsun GO T,Datsun,2009,25000,92165,Petrol
1986,Jeep Compass Limited,Jeep,2002,27000,159001,Petrol
1987,Nissan Micra XV,Nissan,2007,35000,553,Petrol
1988,Maruti Suzuki Ciaz,Maruti,2020,98000,98361,Petrol
1989,Volvo XC60 D5,Volvo,2007,444000,140403,Petrol
1990,Jaguar XE Prestige,Jaguar,2021,2253000,98185,Petrol
1991,Toyota Glanza G,Toyota,2006,30000,116781,Petrol
1992,Ford Freestyle Titanium,Ford,2011,44000,76496,Petrol
1993,Jeep Compass Longitude,Jeep,2005,33000,130556,Petrol
1994,Chevrolet Tavera Neo,Chevrolet,2023,91000,143749,Diesel
1995,Jaguar XE Prestige,Jaguar,2012,1032000,64645,Diesel
1996,Mercedes C-Class C220d,Mercedes,2014,1447000,11002,Diesel
1997,Mercedes GLA 200d,Mercedes,2020,2644000,25994,Petrol
1998,Jeep Compass Limited,Jeep,2019,114000,168710,Petrol
1999,Tata Tiago Revotron,Tata,2022,89000,111857,Diesel
2000,Maruti Suzuki Vitara,Maruti,2005,25000,84383,CNG
2001,Skoda Octavia Elegance,Skoda,2003,25000,138394,Petrol
2002,Mitsubishi Pajero Sport,Mitsubishi,2022,154000,82322,Petrol
2003,Skoda Rapid Elegance,Skoda,2008,38000,92313,Petrol
2004,BMW X1 sDrive20d,BMW,2018,1239000,137459,Petrol
2005,Hyundai Eon Era,Hyundai,2005,25000,119961,Petrol
2006,Datsun GO T,Datsun,2005,25000,76237,Petrol
2007,Chevrolet Spark LT,Chevrolet,2014,56000,59966,Diesel
2008,Honda Amaze S,Honda,2021,160000,64632,Diesel
2009,Land Rover Discovery,Land,2003,369000,117836,Petrol
2010,Mini Cooper S,Mini,2005,423000,41760,Diesel
2011,Toyota Yaris VX,Toyota,2010,42000,178595,Diesel
2012,Mitsubishi Lancer 1.8,Mitsubishi,2005,45000,31400,Diesel
2013,Mahindra TUV300 T8,Mahindra,2008,56000,33422,Petrol
2014,Ford EcoSport Titanium,Ford,2009,51000,10069,Diesel
2015,Mahindra XUV500 W8,Mahindra,2015,64000,161402,Diesel
2016,Volvo S60 D4,Volvo,2023,1918000,132120,Petrol
2017,Hyundai Tucson 2WD,Hyundai,2002,27000,40132,Diesel
2018,Toyota Corolla Altis,Toyota,2016,104000,52699,Petrol
2019,Skoda Octavia Elegance,Skoda,2004,30000,59144,Petrol
2020,Audi A4 35,Audi,2016,1688000,18288,Petrol
2021,Toyota Etios VXD,Toyota,2019,108000,83344,Petrol
2022,Jeep Compass Longitude,Jeep,2021,220000,44642,Diesel
2023,Ford Fiesta Classic,Ford,2009,50000,1647,Diesel
2024,Datsun GO Plus,Datsun,2005,25000,58956,Petrol
2025,Mini Cooper D,Mini,2020,1216000,169127,Diesel
2026,Audi A6 2.0,Audi,2023,1913000,128697,Diesel
2027,Audi A8,Audi,2006,373000,119171,Diesel
2028,Toyota Fortuner 3.0,Toyota,2010,71000,42126,Diesel
2029,Skoda Fabia Classic,Skoda,2003,25000,120668,Diesel
2030,Renault Lodgy 110PS,Renault,2006,25000,164333,Diesel
2031,BMW 5 Series,BMW,2016,1066000,116463,Diesel
2032,Jaguar XF Portfolio,Jaguar,2006,426000,139019,Petrol
2033,Mitsubishi Pajero Sport,Mitsubishi,2023,158000,162334,Diesel
2034,BMW 5 Series,BMW,2022,2166000,80551,Petrol
2035,Fiat Linea Active,Fiat,2011,26000,163571,Diesel
2036,Fiat Punto Active,Fiat,2023,92000,100839,Diesel
2037,Land Rover Freelander,Land,2014,948000,148838,Petrol
2038,Mitsubishi Pajero Sport,Mitsubishi,2022,121000,105449,Petrol
2039,Renault Kwid RXT,Renault,2017,72000,82993,Petrol
2040,Mahindra Jeep CL550,Mahindra,2002,35000,13928,Diesel
2041,Nissan Micra XV,Nissan,2006,32000,55939,Diesel
2042,Chevrolet Tavera Neo,Chevrolet,2017,51000,88867,Petrol
2043,Fiat Punto Active,Fiat,2006,25000,42896,Diesel
2044,BMW 3 Series,BMW,2019,1496000,144887,Diesel
2045,Renault Duster 110,Renault,2023,146000,38542,Diesel
2046,Datsun redi-GO T,Datsun,2014,34000,125111,Petrol
2047,Mercedes GLA 200d,Mercedes,2020,2128000,90232,Diesel
2048,Mahindra Scorpio S10,Mahindra,2006,29000,163686,Diesel
2049,Ford Freestyle Titanium,Ford,2023,162000,51776,Diesel
2050,Mahindra Thar CRDe,Mahindra,2021,118000,129795,Diesel
2051,Toyota Corolla Altis,Toyota,2010,72000,50437,Diesel
2052,Maruti Suzuki Vitara,Maruti,2012,59000,43847,Petrol
2053,Volkswagen Jetta Comfortline,Volkswagen,2015,65000,88578,Petrol
2054,Jaguar XF Portfolio,Jaguar,2023,3985000,21135,Diesel
2055,Volvo S60 D4,Volvo,2020,2466000,5136,Diesel
2056,Datsun redi-GO T,Datsun,2003,25000,176235,Diesel
2057,Jeep Compass Limited,Jeep,2015,106000,89786,Petrol
2058,Fiat Punto Active,Fiat,2017,60000,73930,Diesel
2059,Jaguar XE Prestige,Jaguar,2023,2413000,83622,Petrol
2060,Ford Figo,Ford,2004,26000,46527,Diesel
2061,Renault Duster 110,Renault,2004,32000,2628,Petrol
2062,Volvo S60 D4,Volvo,2006,393000,152865,Diesel
2063,Jaguar XE Prestige,Jaguar,2021,3101000,32075,Petrol
2064,Mahindra Scorpio S10,Mahindra,2004,37000,24108,Diesel
2065,Tata Indica V2,Tata,2004,25000,101523,Diesel
2066,Tata Tigor XZ,Tata,2017,53000,158817,Petrol
2067,Mitsubishi Pajero Sport,Mitsubishi,2016,94000,48577,Petrol
2068,Volkswagen Vento Highline,Volkswagen,2019,90000,150946,Petrol
2069,Mahindra XUV500 W8,Mahindra,2007,34000,84354,Diesel
2070,Mitsubishi Lancer 1.8,Mitsubishi,2021,115000,108177,Diesel
2071,Nissan Terrano XL,Nissan,2009,28000,139180,Petrol
2072,Volkswagen Ameo Highline,Volkswagen,2007,42000,17048,Petrol
2073,Hyundai Tucson 2WD,Hyundai,2015,82000,21058,Diesel
2074,Mahindra Thar CRDe,Mahindra,2020,117000,94859,Petrol
2075,Mahindra Bolero SLE,Mahindra,2012,52000,118271,Diesel
2076,Mercedes E-Class E220d,Mercedes,2017,1342000,82275,Petrol
2077,Land Rover Discovery,Land,2015,1108000,121982,Diesel
2078,Datsun redi-GO T,Datsun,2016,35000,118635,Petrol
2079,BMW 3 Series,BMW,2006,568000,83127,Diesel
2080,Datsun redi-GO T,Datsun,2002,25000,113970,Petrol
2081,Tata Indica V2,Tata,2002,25000,102674,Diesel
2082,Maruti Suzuki Vitara,Maruti,2014,78000,41601,Diesel
2083,Volkswagen Vento Highline,Volkswagen,2008,31000,127642,Diesel
2084,Toyota Fortuner 3.0,Toyota,2023,286000,15765,Diesel
2085,Chevrolet Tavera Neo,Chevrolet,2021,80000,75943,Petrol
2086,Tata Nexon XZ,Tata,2017,103000,3499,Diesel
2087,Skoda Octavia Elegance,Skoda,2021,106000,112559,Petrol
2088,Chevrolet Sail UVA,Chevrolet,2006,25000,96979,Diesel
2089,BMW 3 Series,BMW,2008,633000,85611,Petrol
2090,Mini Cooper D,Mini,2010,509000,145588,Diesel
2091,Tata Nano Lx,Tata,2012,35000,165953,Petrol
2092,Renault Lodgy 110PS,Renault,2020,72000,123242,Petrol
2093,Datsun GO T,Datsun,2021,75000,84419,Petrol
2094,Volkswagen Polo Highline,Volkswagen,2016,74000,102225,Petrol
2095,Nissan Terrano XL,Nissan,2017,61000,147392,Petrol
2096,Mercedes E-Class E220d,Mercedes,2021,1849000,140690,Petrol
2097,Volvo S60 D4,Volvo,2011,994000,15976,Petrol
2098,Renault Lodgy 110PS,Renault,2015,84000,2961,Diesel
2099,Maruti Suzuki Alto,Maruti,2022,85000,168917,CNG
2100,Honda WR-V i-VTEC,Honda,2022,127000,100244,Petrol
2101,Ford EcoSport Ambiente,Ford,2016,79000,72438,Petrol
2102,Toyota Glanza G,Toyota,2006,32000,84721,Petrol
2103,Fiat Linea Active,Fiat,2013,60000,37259,Diesel
2104,Maruti Suzuki Eeco,Maruti,2015,51000,169531,Diesel
2105,Hyundai Creta 1.6,Hyundai,2012,44000,148373,Petrol
2106,Land Rover Freelander,Land,2017,2061000,16845,Petrol
2107,Toyota Yaris VX,Toyota,2009,74000,24180,Diesel
2108,BMW 5 Series,BMW,2004,351000,129194,Diesel
2109,Mini Cooper D,Mini,2006,351000,143780,Petrol
2110,Ford Freestyle Titanium,Ford,2010,41000,59710,Petrol
2111,Maruti Suzuki Alto,Maruti,2022,117000,59218,CNG
2112,Renault Kwid RXT,Renault,2006,25000,131325,Diesel
2113,Jaguar XF Portfolio,Jaguar,2002,326000,133858,Diesel
2114,Land Rover Discovery,Land,2019,2516000,17915,Petrol
2115,Renault Lodgy 110PS,Renault,2002,25000,91688,Petrol
2116,Toyota Fortuner 3.0,Toyota,2008,59000,40012,Petrol
2117,Skoda Rapid Elegance,Skoda,2019,91000,98220,Diesel
2118,Volvo XC60 D5,Volvo,2012,1061000,51420,Diesel
2119,Mini Cooper D,Mini,2016,1589000,7654,Diesel
2120,Jeep Compass Limited,Jeep,2008,56000,48552,Petrol
2121,Tata Nano Lx,Tata,2020,96000,78378,Petrol
2122,Nissan Sunny XL,Nissan,2003,25000,169924,Petrol
2123,Volkswagen Vento Highline,Volkswagen,2018,128000,6342,Diesel
2124,Chevrolet Spark LT,Chevrolet,2017,52000,101961,Diesel
2125,Toyota Fortuner 3.0,Toyota,2017,92000,147118,Diesel
2126,Renault Duster 110,Renault,2021,145000,28217,Petrol
2127,Maruti Suzuki Wagon,Maruti,2002,25000,79646,CNG
2128,Toyota Innova 2.5,Toyota,2003,25000,96582,Petrol
2129,Nissan Micra XV,Nissan,2010,29000,109541,Petrol
2130,Ford EcoSport Ambiente,Ford,2006,35000,68971,Diesel
2131,Tata Indica V2,Tata,2022,93000,178837,Petrol
2132,Toyota Innova 2.5,Toyota,2005,43000,22669,Petrol
2133,Land Rover Discovery,Land,2010,1146000,6013,Diesel
2134,Tata Indica V2,Tata,2014,37000,177838,Diesel
2135,Audi A8,Audi,2007,778000,3578,Petrol
2136,Volkswagen Ameo Highline,Volkswagen,2017,95000,53236,Diesel
2137,Tata Nano Lx,Tata,2016,96000,610,Petrol
2138,BMW X1 sDrive20d,BMW,2017,1469000,60791,Petrol
2139,Nissan Sunny XL,Nissan,2017,55000,142861,Petrol
2140,Fiat Punto Active,Fiat,2012,32000,167692,Diesel
2141,Nissan Sunny XL,Nissan,2013,53000,76763,Petrol
2142,Mercedes GLA 200d,Mercedes,2019,1723000,107009,Diesel
2143,Volkswagen Vento Highline,Volkswagen,2012,52000,94122,Diesel
2144,Jaguar XE Prestige,Jaguar,2003,407000,90134,Petrol
2145,Toyota Glanza G,Toyota,2006,39000,54052,Diesel
2146,Ford Endeavour 4x4,Ford,2019,137000,11104,Petrol
2147,Fiat Punto Active,Fiat,2009,25000,179409,Diesel
2148,Nissan Terrano XL,Nissan,2014,42000,137233,Diesel
2149,BMW X1 sDrive20d,BMW,2005,485000,59295,Diesel
2150,Tata Tigor XZ,Tata,2002,25000,132354,Petrol
2151,Land Rover Discovery,Land,2009,739000,106561,Diesel
2152,Ford Freestyle Titanium,Ford,2008,43000,6261,Petrol
2153,Toyota Yaris VX,Toyota,2004,42000,17669,Diesel
2154,Nissan Terrano XL,Nissan,2014,78000,2870,Diesel
2155,Skoda Rapid Elegance,Skoda,2021,112000,154683,Diesel
2156,Jaguar XF Portfolio,Jaguar,2003,346000,131170,Diesel
2157,Mercedes E-Class E220d,Mercedes,2019,2543000,25791,Diesel
2158,Nissan Terrano XL,Nissan,2017,94000,7263,Diesel
2159,Mahindra TUV300 T8,Mahindra,2010,36000,142636,Diesel
2160,Land Rover Freelander,Land,2016,1303000,99675,Diesel
2161,Hyundai Verna 1.6,Hyundai,2011,36000,144967,Diesel
2162,Maruti Suzuki Eeco,Maruti,2006,25000,155663,Petrol
2163,Jeep Compass Longitude,Jeep,2016,132000,72121,Diesel
2164,Hyundai Creta 1.6,Hyundai,2020,131000,30946,Diesel
2165,Toyota Innova 2.5,Toyota,2011,48000,157680,Diesel
2166,Mahindra XUV500 W8,Mahindra,2017,69000,127566,Diesel
2167,Mini Cooper S,Mini,2014,1167000,11601,Diesel
2168,Jaguar XF Portfolio,Jaguar,2009,544000,116666,Petrol
2169,Volvo S60 D4,Volvo,2016,1047000,130161,Diesel
2170,Land Rover Discovery,Land,2022,2090000,142571,Petrol
2171,BMW X1 sDrive20d,BMW,2015,1419000,17647,Petrol
2172,Jaguar XF Portfolio,Jaguar,2017,1477000,105305,Petrol
2173,Ford EcoSport Titanium,Ford,2007,43000,22743,Petrol
2174,Fiat Linea Active,Fiat,2019,74000,69045,Diesel
2175,Toyota Glanza G,Toyota,2015,101000,30469,Petrol
2176,Honda Brio S,Honda,2014,90000,3034,Diesel
2177,Ford Endeavour 4x4,Ford,2023,141000,69800,Petrol
2178,Chevrolet Spark LT,Chevrolet,2017,68000,56083,Petrol
2179,Tata Indica V2,Tata,2007,25000,101774,Petrol
2180,Jeep Compass Longitude,Jeep,2004,30000,125323,Petrol
2181,BMW X1 sDrive20d,BMW,2013,1099000,59172,Diesel
2182,Hyundai Verna 1.6,Hyundai,2014,89000,7352,Petrol
2183,Datsun redi-GO T,Datsun,2021,86000,59009,Petrol
2184,Jeep Compass Limited,Jeep,2022,150000,166651,Petrol
2185,Mercedes C-Class C220d,Mercedes,2015,955000,157339,Petrol
2186,Land Rover Freelander,Land,2022,3689000,10572,Diesel
2187,Mini Cooper D,Mini,2011,604000,140423,Diesel
2188,Mercedes GLA 200d,Mercedes,2017,1263000,101312,Petrol
2189,Mercedes E-Class E220d,Mercedes,2019,1336000,135627,Petrol
2190,Volkswagen Ameo Highline,Volkswagen,2021,99000,134715,Petrol
2191,Renault Kwid RXT,Renault,2013,52000,80407,Petrol
2192,BMW 5 Series,BMW,2010,636000,156799,Diesel
2193,Volvo S60 D4,Volvo,2011,933000,49898,Diesel
2194,Tata Nexon XZ,Tata,2020,64000,136444,Petrol
2195,Skoda Octavia Elegance,Skoda,2009,46000,54031,Diesel
2196,Mercedes E-Class E220d,Mercedes,2009,655000,102763,Diesel
2197,Audi Q7,Audi,2012,1111000,38462,Diesel
2198,Datsun GO Plus,Datsun,2014,54000,956,Petrol
2199,Mercedes E-Class E220d,Mercedes,2019,1496000,153082,Diesel
2200,Volkswagen Polo Highline,Volkswagen,2015,63000,164755,Diesel
2201,Datsun redi-GO T,Datsun,2005,25000,36728,Petrol
2202,Hyundai Santro Xing,Hyundai,2004,25000,72807,Petrol
2203,Ford Fiesta Classic,Ford,2023,101000,111056,Petrol
2204,Hyundai Santro Xing,Hyundai,2005,25000,88601,Diesel
2205,Renault Triber RXZ,Renault,2019,72000,92781,Petrol
2206,Toyota Innova 2.5,Toyota,2020,122000,161091,Diesel
2207,Renault Lodgy 110PS,Renault,2009,39000,63545,Diesel
2208,Renault Triber RXZ,Renault,2005,35000,930,Petrol
2209,Volvo XC60 D5,Volvo,2016,1187000,56038,Petrol
2210,Land Rover Discovery,Land,2016,2109000,39522,Diesel
2211,Maruti Suzuki Alto,Maruti,2010,43000,53873,CNG
2212,Chevrolet Sail UVA,Chevrolet,2002,25000,130918,Diesel
2213,Nissan Micra XV,Nissan,2004,25000,157636,Diesel
2214,Tata Tiago Revotron,Tata,2013,38000,106295,Diesel
2215,Renault Lodgy 110PS,Renault,2021,87000,123232,Petrol
2216,Mini Cooper S,Mini,2016,1589000,5835,Diesel
2217,Maruti Suzuki Vitara,Maruti,2015,44000,116839,CNG
2218,Renault Triber RXZ,Renault,2013,50000,68220,Diesel
2219,Mitsubishi Pajero Sport,Mitsubishi,2003,25000,100093,Diesel
2220,Land Rover Freelander,Land,2004,367000,161436,Petrol
2221,Volkswagen Jetta Comfortline,Volkswagen,2006,34000,76948,Petrol
2222,Toyota Etios VXD,Toyota,2015,83000,81783,Petrol
2223,Mahindra Jeep CL550,Mahindra,2020,91000,171705,Petrol
2224,BMW 3 Series,BMW,2009,968000,4604,Petrol
2225,Ford EcoSport Ambiente,Ford,2007,27000,140072,Petrol
2226,Toyota Corolla Altis,Toyota,2018,156000,5531,Petrol
2227,Mercedes C-Class C220d,Mercedes,2006,604000,63519,Diesel
2228,Renault Lodgy 110PS,Renault,2007,33000,28903,Petrol
2229,Hyundai Grand i10,Hyundai,2014,71000,35726,Petrol
2230,Mercedes GLA 200d,Mercedes,2014,1018000,144361,Diesel
2231,Mini Cooper D,Mini,2021,1495000,151480,Diesel
2232,BMW 3 Series,BMW,2018,1327000,131100,Petrol
2233,Volvo XC60 D5,Volvo,2011,947000,30387,Diesel
2234,Maruti Suzuki Celerio,Maruti,2017,81000,52188,Petrol
2235,Honda WR-V i-VTEC,Honda,2020,150000,36759,Diesel
2236,Renault Lodgy 110PS,Renault,2010,31000,127705,Diesel
2237,Tata Nexon XZ,Tata,2006,25000,109099,Petrol
2238,Mini Cooper S,Mini,2011,557000,98151,Petrol
2239,Mini Cooper D,Mini,2004,274000,156924,Diesel
2240,Mercedes C-Class C220d,Mercedes,2017,2001000,17861,Diesel
2241,Jeep Compass Longitude,Jeep,2002,42000,26655,Petrol
2242,Hyundai Santro Xing,Hyundai,2018,92000,57429,Diesel
2243,Volvo XC60 D5,Volvo,2013,699000,163093,Diesel
2244,Jeep Compass Longitude,Jeep,2016,101000,127899,Diesel
2245,Fiat Punto Active,Fiat,2006,25000,99170,Diesel
2246,Mini Cooper D,Mini,2006,455000,37379,Petrol
2247,Datsun GO T,Datsun,2003,25000,11637,Diesel
2248,BMW X1 sDrive20d,BMW,2008,483000,109568,Petrol
2249,Tata Indica V2,Tata,2004,25000,42932,Petrol
2250,Mahindra XUV500 W8,Mahindra,2016,102000,43512,Petrol
2251,Audi Q3 35,Audi,2021,2022000,97648,Diesel
2252,Fiat Linea Active,Fiat,2022,84000,174410,Diesel
2253,Land Rover Discovery,Land,2021,2816000,64403,Petrol
2254,Volkswagen Ameo Highline,Volkswagen,2018,114000,78892,Diesel
2255,Hyundai Tucson 2WD,Hyundai,2011,52000,67639,Petrol
2256,Renault Kwid RXT,Renault,2016,83000,40275,Petrol
2257,BMW X1 sDrive20d,BMW,2014,863000,110014,Diesel
2258,Volvo XC60 D5,Volvo,2023,3526000,17485,Diesel
2259,Datsun redi-GO T,Datsun,2006,25000,108686,Diesel
2260,Nissan Micra XV,Nissan,2011,51000,61882,Diesel
2261,Datsun GO Plus,Datsun,2008,25000,106351,Diesel
2262,Volvo S60 D4,Volvo,2012,1038000,41831,Diesel
2263,Ford EcoSport Titanium,Ford,2004,34000,2325,Petrol
2264,Mahindra Scorpio S10,Mahindra,2003,35000,647,Diesel
2265,Nissan Terrano XL,Nissan,2023,101000,93751,Petrol
2266,Chevrolet Beat LT,Chevrolet,2003,25000,152894,Petrol
2267,Tata Nano Lx,Tata,2014,38000,128644,Petrol
2268,Jeep Compass Longitude,Jeep,2021,166000,74665,Petrol
2269,Volkswagen Vento Highline,Volkswagen,2022,114000,135075,Petrol
2270,Skoda Fabia Classic,Skoda,2014,66000,88877,Petrol
2271,Nissan Terrano XL,Nissan,2011,42000,77079,Diesel
2272,Skoda Octavia Elegance,Skoda,2012,62000,55293,Petrol
2273,Hyundai Grand i10,Hyundai,2003,25000,154157,Petrol
2274,Honda Amaze S,Honda,2004,29000,74149,Diesel
2275,Land Rover Discovery,Land,2015,1259000,107547,Petrol
2276,Jaguar XF Portfolio,Jaguar,2008,529000,124153,Petrol
2277,Nissan Micra XV,Nissan,2003,27000,8325,Diesel
2278,Audi A8,Audi,2012,721000,117963,Petrol
2279,Land Rover Discovery,Land,2023,2514000,82619,Petrol
2280,Volkswagen Jetta Comfortline,Volkswagen,2004,25000,127736,Diesel
2281,Renault Lodgy 110PS,Renault,2010,41000,53120,Petrol
2282,Mini Cooper D,Mini,2012,580000,161286,Diesel
2283,Jeep Compass Longitude,Jeep,2008,72000,38846,Diesel
2284,Jeep Compass Limited,Jeep,2018,115000,102517,Petrol
2285,Hyundai Venue SX,Hyundai,2020,90000,143525,Diesel
2286,Hyundai Creta 1.6,Hyundai,2012,76000,4796,Diesel
2287,Mahindra TUV300 T8,Mahindra,2015,63000,121615,Petrol
2288,Mitsubishi Pajero Sport,Mitsubishi,2016,107000,69489,Diesel
2289,Renault Triber RXZ,Renault,2014,57000,69664,Petrol
2290,Audi A6 2.0,Audi,2014,1374000,689,Diesel
2291,Volkswagen Jetta Comfortline,Volkswagen,2002,25000,131631,Diesel
2292,Mercedes GLA 200d,Mercedes,2008,564000,140108,Diesel
2293,Datsun GO Plus,Datsun,2012,35000,46561,Petrol
2294,Chevrolet Spark LT,Chevrolet,2017,75000,5523,Petrol
2295,Volkswagen Vento Highline,Volkswagen,2023,162000,76729,Diesel
2296,Tata Tigor XZ,Tata,2007,25000,94846,Petrol
2297,Renault Duster 110,Renault,2010,46000,47016,Petrol
2298,Jeep Compass Limited,Jeep,2018,189000,32107,Diesel
2299,Mahindra Thar CRDe,Mahindra,2004,26000,92699,Diesel
2300,Volkswagen Polo Highline,Volkswagen,2021,157000,22755,Petrol
2301,Jeep Compass Longitude,Jeep,2017,93000,165662,Diesel
2302,BMW 3 Series,BMW,2018,1195000,105602,Petrol
2303,Mercedes GLA 200d,Mercedes,2004,509000,59541,Diesel
2304,Nissan Micra XV,Nissan,2023,114000,97758,Diesel
2305,Chevrolet Tavera Neo,Chevrolet,2004,25000,35248,Petrol
2306,Ford Endeavour 4x4,Ford,2006,25000,124206,Diesel
2307,Chevrolet Beat LT,Chevrolet,2021,117000,8614,Diesel
2308,BMW 5 Series,BMW,2003,536000,28037,Petrol
2309,Honda Brio S,Honda,2010,38000,99604,Petrol
2310,Mahindra Thar CRDe,Mahindra,2004,25000,130722,Diesel
2311,Maruti Suzuki Wagon,Maruti,2012,60000,48537,Petrol
2312,Volvo S60 D4,Volvo,2013,1252000,29820,Petrol
2313,Chevrolet Beat LT,Chevrolet,2007,25000,151202,Petrol
2314,Hyundai Creta 1.6,Hyundai,2011,39000,144333,Petrol
2315,Mitsubishi Lancer 1.8,Mitsubishi,2019,90000,172564,Diesel
2316,Hyundai Creta 1.6,Hyundai,2015,86000,24470,Diesel
2317,Mahindra Scorpio SLE,Mahindra,2020,206000,1151,Diesel
2318,Nissan Sunny XL,Nissan,2019,107000,28120,Diesel
2319,Renault Duster 110,Renault,2012,55000,44239,Petrol
2320,Ford Fiesta Classic,Ford,2002,25000,123390,Petrol
2321,Jaguar XE Prestige,Jaguar,2015,2047000,1485,Diesel
2322,Tata Nexon XZ,Tata,2019,86000,62467,Petrol
2323,Datsun GO T,Datsun,2018,57000,76831,Diesel
2324,BMW X1 sDrive20d,BMW,2011,857000,70711,Petrol
2325,Land Rover Discovery,Land,2010,635000,170057,Diesel
2326,Mitsubishi Pajero Sport,Mitsubishi,2010,68000,33704,Petrol
2327,Jaguar XE Prestige,Jaguar,2006,883000,10639,Petrol
2328,Mahindra KUV100 K8,Mahindra,2006,43000,57282,Diesel
2329,Mini Cooper S,Mini,2005,506000,3707,Diesel
2330,Honda Amaze S,Honda,2022,181000,32407,Diesel
2331,Jaguar XF Portfolio,Jaguar,2016,1264000,173932,Petrol
2332,Datsun redi-GO T,Datsun,2008,25000,174650,Petrol
2333,BMW 3 Series,BMW,2010,1097000,901,Diesel
2334,Hyundai Venue SX,Hyundai,2018,87000,75878,Petrol
2335,Honda Jazz V,Honda,2010,61000,46515,Diesel
2336,Jeep Compass Longitude,Jeep,2020,132000,119225,Diesel
2337,Tata Tigor XZ,Tata,2010,27000,125099,Diesel
2338,Audi A6 2.0,Audi,2002,365000,61552,Diesel
2339,Fiat Punto Active,Fiat,2005,25000,70269,Diesel
2340,Volkswagen Ameo Highline,Volkswagen,2014,97000,5421,Petrol
2341,Renault Triber RXZ,Renault,2010,41000,64140,Petrol
2342,Tata Nano Lx,Tata,2005,25000,80404,Diesel
2343,Mitsubishi Pajero Sport,Mitsubishi,2022,125000,105469,Diesel
2344,Tata Nano Lx,Tata,2012,58000,12107,Diesel
2345,Mahindra Scorpio SLE,Mahindra,2020,158000,36012,Diesel
2346,Audi A8,Audi,2019,2273000,19132,Petrol
2347,Audi A6 2.0,Audi,2009,690000,56338,Petrol
2348,Maruti Suzuki Ciaz,Maruti,2015,86000,31630,Diesel
2349,Tata Indica V2,Tata,2012,41000,62151,Petrol
2350,Volvo S60 D4,Volvo,2003,290000,124883,Diesel
2351,Land Rover Freelander,Land,2017,2145000,56817,Diesel
2352,Jeep Compass Longitude,Jeep,2020,167000,72889,Petrol
2353,Nissan Sunny XL,Nissan,2019,109000,43168,Petrol
2354,Mitsubishi Pajero Sport,Mitsubishi,2023,164000,72257,Petrol
2355,Hyundai Elite i20,Hyundai,2008,35000,54906,Petrol
2356,Jaguar XF Portfolio,Jaguar,2009,534000,162274,Petrol
2357,Tata Tiago Revotron,Tata,2022,102000,78636,Diesel
2358,Toyota Fortuner 3.0,Toyota,2014,108000,2098,Petrol
2359,Jaguar XF Portfolio,Jaguar,2005,636000,22336,Petrol
2360,Ford Figo Aspire,Ford,2009,50000,43665,Diesel
2361,Jaguar XF Portfolio,Jaguar,2016,1958000,41360,Petrol
2362,Volvo XC60 D5,Volvo,2010,692000,82866,Diesel
2363,Maruti Suzuki Baleno,Maruti,2014,60000,77572,CNG
2364,Mahindra Scorpio SLE,Mahindra,2006,50000,14201,Diesel
2365,Ford Endeavour 4x4,Ford,2017,61000,103543,Petrol
2366,Renault Kwid RXT,Renault,2009,43000,13405,Petrol
2367,Chevrolet Beat LT,Chevrolet,2010,33000,68556,Diesel
2368,Hyundai i10 Sportz,Hyundai,2017,98000,53918,Petrol
2369,Mini Cooper S,Mini,2018,1464000,38850,Diesel
2370,Fiat Punto Active,Fiat,2012,32000,120921,Petrol
2371,Chevrolet Beat LT,Chevrolet,2003,25000,3122,Petrol
2372,Maruti Suzuki Swift,Maruti,2012,51000,43333,Petrol
2373,Ford Figo Aspire,Ford,2019,72000,169850,Diesel
2374,Volvo S60 D4,Volvo,2006,423000,92725,Diesel
2375,Jeep Compass Limited,Jeep,2011,67000,68468,Petrol
2376,Volvo XC60 D5,Volvo,2011,532000,128849,Petrol
2377,Skoda Octavia Elegance,Skoda,2021,183000,11230,Diesel
2378,BMW 5 Series,BMW,2002,417000,11672,Petrol
2379,Renault Lodgy 110PS,Renault,2013,37000,166998,Diesel
2380,Volkswagen Vento Highline,Volkswagen,2014,55000,99117,Petrol
2381,Volkswagen Vento Highline,Volkswagen,2012,48000,96979,Petrol
2382,Mitsubishi Lancer 1.8,Mitsubishi,2003,25000,144945,Petrol
2383,Tata Nano Lx,Tata,2015,48000,157937,Diesel
2384,Maruti Suzuki Ciaz,Maruti,2022,88000,137941,Petrol
2385,Hyundai Grand i10,Hyundai,2014,70000,66373,Petrol
2386,Maruti Suzuki Wagon,Maruti,2022,130000,67906,Petrol
2387,Renault Kwid RXT,Renault,2014,61000,49300,Petrol
2388,Jaguar XE Prestige,Jaguar,2006,529000,104979,Diesel
2389,Mini Cooper D,Mini,2015,844000,78110,Petrol
2390,Land Rover Freelander,Land,2013,892000,138596,Diesel
2391,Volkswagen Polo Highline,Volkswagen,2016,112000,10789,Diesel
2392,Datsun GO T,Datsun,2013,37000,98054,Diesel
2393,Datsun GO T,Datsun,2023,89000,96843,Diesel
2394,Tata Tigor XZ,Tata,2002,25000,175386,Petrol
2395,Volkswagen Ameo Highline,Volkswagen,2018,83000,151018,Petrol
2396,Nissan Micra XV,Nissan,2019,74000,131426,Petrol
2397,Honda WR-V i-VTEC,Honda,2021,164000,16229,Diesel
2398,Hyundai Creta 1.6,Hyundai,2009,40000,53745,Petrol
2399,Nissan Micra XV,Nissan,2018,95000,67658,Diesel
2400,Renault Kwid RXT,Renault,2005,32000,23708,Petrol
2401,Audi A4 35,Audi,2019,2099000,12769,Petrol
2402,Jaguar XE Prestige,Jaguar,2017,1755000,56928,Petrol
2403,Renault Duster 110,Renault,2015,91000,9211,Petrol
2404,Volvo XC60 D5,Volvo,2012,680000,102163,Petrol
2405,BMW X1 sDrive20d,BMW,2018,2448000,2297,Petrol
2406,Maruti Suzuki Alto,Maruti,2020,145000,28082,Diesel
2407,Honda Civic 1.8,Honda,2018,146000,3539,Petrol
2408,Mini Cooper D,Mini,2010,675000,74456,Petrol
2409,Maruti Suzuki Ciaz,Maruti,2023,142000,56120,CNG
2410,Honda City 1.5,Honda,2004,27000,81686,Petrol
2411,Mini Cooper D,Mini,2005,291000,141455,Diesel
2412,Mercedes E-Class E220d,Mercedes,2002,304000,153862,Petrol
2413,Toyota Yaris VX,Toyota,2007,40000,56614,Petrol
2414,Chevrolet Sail UVA,Chevrolet,2015,60000,20218,Petrol
2415,Skoda Fabia Classic,Skoda,2018,91000,140636,Diesel
2416,Nissan Terrano XL,Nissan,2002,25000,88571,Petrol
2417,BMW X1 sDrive20d,BMW,2003,273000,136241,Petrol
2418,Maruti Suzuki Alto,Maruti,2008,43000,14619,Petrol
2419,Volvo S60 D4,Volvo,2002,281000,101362,Petrol
2420,Tata Indica V2,Tata,2007,33000,57405,Diesel
2421,BMW X1 sDrive20d,BMW,2019,2131000,48178,Diesel
2422,Mercedes E-Class E220d,Mercedes,2019,1462000,168960,Petrol
2423,Volkswagen Ameo Highline,Volkswagen,2003,29000,30463,Petrol
2424,Jeep Compass Limited,Jeep,2008,49000,89912,Diesel
2425,Fiat Punto Active,Fiat,2015,67000,12190,Petrol
2426,Ford EcoSport Titanium,Ford,2005,25000,174956,Diesel
2427,Volvo S60 D4,Volvo,2018,1345000,96632,Petrol
2428,Toyota Innova 2.5,Toyota,2016,97000,67010,Petrol
2429,Mitsubishi Lancer 1.8,Mitsubishi,2021,130000,150233,Diesel
2430,Fiat Linea Active,Fiat,2004,25000,136994,Diesel
2431,Mitsubishi Lancer 1.8,Mitsubishi,2022,115000,149197,Petrol
2432,Skoda Fabia Classic,Skoda,2018,106000,81258,Petrol
2433,Ford Figo,Ford,2009,40000,77283,Petrol
2434,Mitsubishi Pajero Sport,Mitsubishi,2015,72000,163210,Petrol
2435,Datsun GO Plus,Datsun,2005,25000,119947,Diesel
2436,Audi A6 2.0,Audi,2008,567000,81234,Petrol
2437,Jaguar XF Portfolio,Jaguar,2022,2876000,64053,Petrol
2438,Maruti Suzuki Wagon,Maruti,2002,25000,90456,CNG
2439,Honda Brio S,Honda,2020,95000,160009,Diesel
2440,Honda WR-V i-VTEC,Honda,2020,105000,94136,Petrol
2441,Fiat Linea Active,Fiat,2020,74000,99268,Diesel
2442,Tata Indica V2,Tata,2019,61000,126434,Diesel
2443,Honda Amaze S,Honda,2018,112000,82333,Diesel
2444,Volkswagen Vento Highline,Volkswagen,2010,36000,104609,Petrol
2445,Skoda Octavia Elegance,Skoda,2010,40000,164212,Petrol
2446,Toyota Fortuner 3.0,Toyota,2009,73000,356,Petrol
2447,Volvo XC60 D5,Volvo,2014,1189000,16511,Petrol
2448,Datsun GO Plus,Datsun,2008,32000,19775,Petrol
2449,Chevrolet Beat LT,Chevrolet,2003,25000,17459,Diesel
2450,Volkswagen Polo Highline,Volkswagen,2011,44000,165214,Petrol
2451,Audi A8,Audi,2007,456000,165129,Petrol
2452,Mini Cooper D,Mini,2022,2404000,37756,Petrol
2453,Volkswagen Ameo Highline,Volkswagen,2002,25000,129931,Diesel
2454,Toyota Innova 2.5,Toyota,2016,129000,36729,Diesel
2455,Honda Civic 1.8,Honda,2006,30000,90421,Petrol
2456,Mercedes GLA 200d,Mercedes,2022,2181000,124392,Diesel
2457,Mitsubishi Pajero Sport,Mitsubishi,2010,83000,6059,Diesel
2458,Volkswagen Polo Highline,Volkswagen,2008,43000,52119,Petrol
2459,Honda Jazz V,Honda,2013,70000,44991,Petrol
2460,Ford Figo Aspire,Ford,2019,119000,20848,Diesel
2461,Toyota Yaris VX,Toyota,2005,39000,20703,Petrol
2462,BMW 3 Series,BMW,2018,1184000,175640,Diesel
2463,Mitsubishi Lancer 1.8,Mitsubishi,2014,87000,31888,Petrol
2464,Jaguar XF Portfolio,Jaguar,2011,1005000,69462,Petrol
2465,Mitsubishi Lancer 1.8,Mitsubishi,2003,32000,37023,Diesel
2466,Ford Figo Aspire,Ford,2010,39000,74748,Petrol
2467,Volkswagen Polo Highline,Volkswagen,2014,59000,123412,Petrol
2468,Mercedes GLA 200d,Mercedes,2018,1733000,44747,Petrol
2469,Mini Cooper S,Mini,2017,833000,154501,Petrol
2470,Jeep Compass Limited,Jeep,2007,43000,150182,Diesel
2471,Jaguar XF Portfolio,Jaguar,2009,659000,111778,Petrol
2472,Ford Freestyle Titanium,Ford,2018,107000,46556,Diesel
2473,Mitsubishi Lancer 1.8,Mitsubishi,2002,25000,129291,Diesel
2474,Ford Figo Aspire,Ford,2017,124000,16114,Diesel
2475,Datsun GO Plus,Datsun,2006,30000,4153,Diesel
2476,Honda City 1.5,Honda,2023,174000,44910,Petrol
2477,Jaguar XE Prestige,Jaguar,2004,372000,103216,Diesel
2478,Audi A4 35,Audi,2023,2651000,69544,Diesel
2479,Jeep Compass Longitude,Jeep,2004,28000,149684,Petrol
2480,Audi Q7,Audi,2003,282000,146252,Diesel
2481,Fiat Linea Active,Fiat,2019,98000,4337,Petrol
2482,Chevrolet Beat LT,Chevrolet,2021,109000,60340,Diesel
2483,Land Rover Discovery,Land,2018,1754000,76611,Petrol
2484,Volvo S60 D4,Volvo,2022,2748000,22123,Diesel
2485,Jeep Compass Limited,Jeep,2003,25000,171760,Diesel
2486,Renault Lodgy 110PS,Renault,2016,54000,102466,Diesel
2487,Jaguar XE Prestige,Jaguar,2002,309000,161471,Diesel
2488,Volvo S60 D4,Volvo,2022,1720000,174082,Diesel
2489,Datsun GO Plus,Datsun,2006,25000,163583,Diesel
2490,Honda Amaze S,Honda,2012,44000,135396,Petrol
2491,Mini Cooper D,Mini,2023,1582000,137564,Petrol
2492,Mini Cooper S,Mini,2013,1244000,13697,Diesel
2493,Nissan Sunny XL,Nissan,2014,47000,162508,Diesel
2494,Maruti Suzuki Eeco,Maruti,2005,34000,44119,Diesel
2495,Chevrolet Sail UVA,Chevrolet,2010,35000,65952,Petrol
2496,Mitsubishi Lancer 1.8,Mitsubishi,2008,59000,36893,Diesel
2497,Toyota Yaris VX,Toyota,2009,40000,166285,Petrol
2498,Volkswagen Jetta Comfortline,Volkswagen,2009,46000,51104,Petrol
2499,Mahindra Thar CRDe,Mahindra,2007,32000,139833,Diesel
2500,Toyota Corolla Altis,Toyota,2014,90000,44056,Petrol
2501,Land Rover Freelander,Land,2012,788000,138968,Diesel
2502,Jeep Compass Longitude,Jeep,2019,131000,102655,Diesel
2503,Mercedes GLA 200d,Mercedes,2010,610000,101360,Diesel
2504,Mercedes GLA 200d,Mercedes,2011,777000,68704,Petrol
2505,Volvo S60 D4,Volvo,2023,1986000,134399,Petrol
2506,Mercedes GLA 200d,Mercedes,2017,1641000,43305,Petrol
2507,Chevrolet Spark LT,Chevrolet,2010,45000,9980,Petrol
2508,Skoda Fabia Classic,Skoda,2012,53000,77078,Diesel
2509,Tata Indica V2,Tata,2008,37000,45584,Diesel
2510,BMW 5 Series,BMW,2018,2163000,25627,Petrol
2511,Chevrolet Beat LT,Chevrolet,2002,25000,162831,Diesel
2512,Mini Cooper S,Mini,2011,921000,22942,Petrol
2513,Datsun GO Plus,Datsun,2018,79000,32085,Diesel
2514,Honda WR-V i-VTEC,Honda,2002,25000,71319,Diesel
2515,Jeep Compass Limited,Jeep,2014,125000,42774,Petrol
2516,BMW 5 Series,BMW,2003,405000,85153,Diesel
2517,Audi Q3 35,Audi,2011,912000,44032,Petrol
2518,Chevrolet Sail UVA,Chevrolet,2019,62000,165820,Diesel
2519,Nissan Sunny XL,Nissan,2021,105000,75606,Petrol
2520,Volvo S60 D4,Volvo,2004,280000,112325,Diesel
2521,Maruti Suzuki Alto,Maruti,2003,25000,40979,Diesel
2522,Mini Cooper S,Mini,2004,382000,62076,Petrol
2523,Ford Freestyle Titanium,Ford,2012,45000,83298,Petrol
2524,Mercedes C-Class C220d,Mercedes,2018,1965000,53601,Diesel
2525,Ford EcoSport Ambiente,Ford,2011,47000,74644,Diesel
2526,Land Rover Discovery,Land,2006,463000,131063,Petrol
2527,Audi Q3 35,Audi,2022,1878000,108438,Petrol
2528,Jeep Compass Longitude,Jeep,2013,96000,75574,Petrol
2529,Tata Nano Lx,Tata,2019,96000,27850,Petrol
2530,Tata Bolt XT,Tata,2006,25000,169221,Petrol
2531,Hyundai i10 Sportz,Hyundai,2002,25000,23653,Petrol
2532,Tata Tigor XZ,Tata,2019,60000,121521,Diesel
2533,Mercedes E-Class E220d,Mercedes,2018,2068000,22930,Diesel
2534,Nissan Sunny XL,Nissan,2016,69000,84208,Diesel
2535,Mini Cooper D,Mini,2017,1382000,35664,Diesel
2536,Hyundai Verna 1.6,Hyundai,2006,25000,162265,Petrol
2537,Jaguar XF Portfolio,Jaguar,2014,1017000,172506,Petrol
2538,Fiat Punto Active,Fiat,2016,70000,31801,Diesel
2539,Tata Nano Lx,Tata,2016,76000,57056,Petrol
2540,Chevrolet Spark LT,Chevrolet,2007,29000,40782,Petrol
2541,Ford Fiesta Classic,Ford,2015,65000,85809,Petrol
2542,Fiat Punto Active,Fiat,2009,38000,43763,Diesel
2543,Renault Kwid RXT,Renault,2012,35000,145837,Diesel
2544,Mini Cooper D,Mini,2017,1385000,57474,Petrol
2545,Maruti Suzuki Ciaz,Maruti,2012,53000,68529,Diesel
2546,Mercedes GLA 200d,Mercedes,2005,602000,47406,Diesel
2547,Mitsubishi Lancer 1.8,Mitsubishi,2002,27000,49067,Petrol
2548,Chevrolet Spark LT,Chevrolet,2023,91000,156310,Diesel
2549,Ford Figo,Ford,2017,78000,85788,Petrol
2550,Jeep Compass Longitude,Jeep,2006,58000,39222,Petrol
2551,Ford Figo,Ford,2013,47000,104205,Petrol
2552,Hyundai Creta 1.6,Hyundai,2019,81000,128274,Diesel
2553,Mitsubishi Lancer 1.8,Mitsubishi,2013,56000,179300,Petrol
2554,Nissan Terrano XL,Nissan,2018,66000,93780,Petrol
2555,Hyundai Santro Xing,Hyundai,2008,57000,4644,Diesel
2556,Datsun GO Plus,Datsun,2004,25000,150220,Diesel
2557,Toyota Etios VXD,Toyota,2020,190000,24628,Petrol
2558,Toyota Yaris VX,Toyota,2020,113000,91391,Petrol
2559,Volkswagen Vento Highline,Volkswagen,2003,25000,160553,Petrol
2560,Mercedes C-Class C220d,Mercedes,2008,477000,155678,Diesel
2561,Honda WR-V i-VTEC,Honda,2003,25000,166113,Petrol
2562,Toyota Innova 2.5,Toyota,2023,150000,120776,Diesel
2563,Hyundai Grand i10,Hyundai,2021,85000,176637,Petrol
2564,Ford Figo,Ford,2007,44000,11071,Petrol
2565,Honda Brio S,Honda,2012,51000,173565,Diesel
2566,Volvo S60 D4,Volvo,2003,338000,77068,Petrol
2567,Fiat Punto Active,Fiat,2023,141000,46981,Diesel
2568,Skoda Octavia Elegance,Skoda,2005,34000,39325,Diesel
2569,Maruti Suzuki Alto,Maruti,2023,125000,103590,Petrol
2570,Mitsubishi Pajero Sport,Mitsubishi,2013,70000,91843,Diesel
2571,Mini Cooper S,Mini,2008,377000,174937,Diesel
2572,Mercedes C-Class C220d,Mercedes,2005,500000,60095,Diesel
2573,BMW 5 Series,BMW,2019,1659000,85726,Diesel
2574,Honda Amaze S,Honda,2002,25000,68088,Petrol
2575,Maruti Suzuki Swift,Maruti,2017,92000,14207,CNG
2576,Mercedes C-Class C220d,Mercedes,2019,1335000,129823,Diesel
2577,Renault Kwid RXT,Renault,2006,25000,73867,Petrol
2578,Toyota Yaris VX,Toyota,2022,122000,168407,Petrol
2579,Skoda Fabia Classic,Skoda,2009,50000,15474,Petrol
2580,Datsun redi-GO T,Datsun,2020,58000,167829,Diesel
2581,Skoda Octavia Elegance,Skoda,2004,25000,97326,Diesel
2582,Nissan Sunny XL,Nissan,2011,36000,111555,Petrol
2583,Ford Figo,Ford,2010,31000,121143,Diesel
2584,Hyundai Grand i10,Hyundai,2018,103000,32248,Petrol
2585,BMW X1 sDrive20d,BMW,2009,882000,26413,Diesel
2586,Ford Freestyle Titanium,Ford,2023,120000,96108,Diesel
2587,Ford EcoSport Ambiente,Ford,2003,25000,121592,Petrol
2588,Audi A4 35,Audi,2009,956000,14225,Diesel
2589,Hyundai Creta 1.6,Hyundai,2013,46000,139218,Diesel
2590,Datsun GO T,Datsun,2005,25000,51625,Petrol
2591,Nissan Terrano XL,Nissan,2018,65000,177405,Diesel
2592,Tata Tigor XZ,Tata,2008,25000,159211,Diesel
2593,Audi Q3 35,Audi,2015,1074000,103286,Diesel
2594,Mitsubishi Pajero Sport,Mitsubishi,2018,122000,63158,Petrol
2595,Hyundai Santro Xing,Hyundai,2010,36000,105739,Diesel
2596,Chevrolet Beat LT,Chevrolet,2004,25000,30634,Petrol
2597,Audi A4 35,Audi,2010,1027000,9891,Petrol
2598,Renault Duster 110,Renault,2020,81000,165532,Diesel
2599,Jaguar XE Prestige,Jaguar,2012,1119000,45220,Petrol
2600,Hyundai Tucson 2WD,Hyundai,2011,42000,169598,Diesel
2601,Volvo XC60 D5,Volvo,2022,2116000,58736,Petrol
2602,Jaguar XE Prestige,Jaguar,2015,1095000,100297,Diesel
2603,Ford Figo,Ford,2008,32000,127228,Diesel
2604,Mitsubishi Lancer 1.8,Mitsubishi,2009,54000,61257,Petrol
2605,Tata Tigor XZ,Tata,2018,63000,175666,Diesel
2606,Volvo XC60 D5,Volvo,2002,406000,17662,Diesel
2607,Jaguar XE Prestige,Jaguar,2002,410000,56288,Diesel
2608,Fiat Punto Active,Fiat,2005,25000,23436,Diesel
2609,Jaguar XE Prestige,Jaguar,2022,1943000,173230,Diesel
2610,Fiat Punto Active,Fiat,2009,30000,96929,Diesel
2611,Mahindra TUV300 T8,Mahindra,2002,25000,141002,Petrol
2612,Jaguar XE Prestige,Jaguar,2004,431000,143392,Diesel
2613,Honda Amaze S,Honda,2005,25000,118403,Diesel
2614,Renault Lodgy 110PS,Renault,2018,80000,98089,Diesel
2615,Hyundai Santro Xing,Hyundai,2010,32000,141682,Petrol
2616,Jaguar XE Prestige,Jaguar,2007,774000,49622,Diesel
2617,Datsun GO T,Datsun,2022,75000,175207,Petrol
2618,Mercedes GLA 200d,Mercedes,2020,2082000,70987,Petrol
2619,Jeep Compass Longitude,Jeep,2016,106000,102887,Diesel
2620,Hyundai Tucson 2WD,Hyundai,2013,57000,60219,Petrol
2621,Mitsubishi Lancer 1.8,Mitsubishi,2005,27000,93058,Diesel
2622,Mini Cooper S,Mini,2007,392000,127896,Diesel
2623,Fiat Punto Active,Fiat,2012,32000,99029,Diesel
2624,Mitsubishi Lancer 1.8,Mitsubishi,2007,42000,76868,Petrol
2625,Land Rover Discovery,Land,2021,2266000,98748,Diesel
2626,Volvo XC60 D5,Volvo,2002,343000,69737,Diesel
2627,Audi A4 35,Audi,2006,362000,147119,Diesel
2628,Nissan Terrano XL,Nissan,2009,27000,165333,Diesel
2629,Maruti Suzuki Alto,Maruti,2020,118000,58296,Diesel
2630,Jeep Compass Longitude,Jeep,2021,242000,10870,Diesel
2631,Mercedes C-Class C220d,Mercedes,2018,1270000,116799,Petrol
2632,Mahindra Scorpio SLE,Mahindra,2011,84000,19460,Diesel
2633,Renault Triber RXZ,Renault,2023,112000,157305,Petrol
2634,Land Rover Discovery,Land,2005,586000,61087,Petrol
2635,Maruti Suzuki Celerio,Maruti,2007,35000,65275,Petrol
2636,Jeep Compass Longitude,Jeep,2014,97000,87249,Petrol
2637,Volkswagen Ameo Highline,Volkswagen,2017,105000,38017,Diesel
2638,Chevrolet Beat LT,Chevrolet,2008,25000,75899,Diesel
2639,Datsun GO T,Datsun,2017,45000,127040,Petrol
2640,Volkswagen Polo Highline,Volkswagen,2019,93000,141930,Petrol
2641,Fiat Punto Active,Fiat,2005,25000,71271,Petrol
2642,Ford Freestyle Titanium,Ford,2009,40000,85676,Petrol
2643,Volkswagen Jetta Comfortline,Volkswagen,2021,109000,173945,Petrol
2644,Land Rover Discovery,Land,2011,806000,132934,Diesel
2645,Mahindra Thar CRDe,Mahindra,2012,55000,154332,Diesel
2646,Hyundai Grand i10,Hyundai,2005,25000,160977,Petrol
2647,Hyundai Venue SX,Hyundai,2013,68000,64691,Diesel
2648,Ford EcoSport Titanium,Ford,2017,117000,20706,Diesel
2649,Volvo XC60 D5,Volvo,2008,438000,110527,Diesel
2650,Mini Cooper S,Mini,2005,299000,135017,Diesel
2651,Datsun redi-GO T,Datsun,2002,25000,12984,Petrol
2652,Skoda Fabia Classic,Skoda,2011,39000,139128,Diesel
2653,Datsun redi-GO T,Datsun,2023,100000,71920,Diesel
2654,Chevrolet Tavera Neo,Chevrolet,2010,39000,42522,Petrol
2655,Chevrolet Tavera Neo,Chevrolet,2013,32000,128558,Diesel
2656,Mitsubishi Lancer 1.8,Mitsubishi,2011,50000,83706,Petrol
2657,Volvo S60 D4,Volvo,2015,1442000,34403,Petrol
2658,Datsun redi-GO T,Datsun,2006,25000,166176,Petrol
2659,Skoda Fabia Classic,Skoda,2005,26000,104037,Diesel
2660,Hyundai Santro Xing,Hyundai,2023,123000,111641,Petrol
2661,Honda Jazz V,Honda,2007,32000,118569,Diesel
2662,Jaguar XF Portfolio,Jaguar,2011,813000,105281,Petrol
2663,Datsun GO T,Datsun,2005,25000,20826,Petrol
2664,Mahindra Thar CRDe,Mahindra,2018,118000,65950,Petrol
2665,Hyundai Santro Xing,Hyundai,2019,137000,4035,Petrol
2666,Datsun redi-GO T,Datsun,2017,40000,146593,Petrol
2667,Mitsubishi Lancer 1.8,Mitsubishi,2016,132000,3670,Diesel
2668,BMW 5 Series,BMW,2007,413000,167503,Diesel
2669,Toyota Innova 2.5,Toyota,2008,34000,138711,Diesel
2670,Mercedes E-Class E220d,Mercedes,2009,608000,112843,Diesel
2671,Fiat Punto Active,Fiat,2016,53000,145355,Diesel
2672,Nissan Sunny XL,Nissan,2018,89000,45930,Diesel
2673,Land Rover Freelander,Land,2018,1780000,85113,Diesel
2674,Volkswagen Polo Highline,Volkswagen,2003,25000,177262,Diesel
2675,Skoda Octavia Elegance,Skoda,2016,83000,88846,Petrol
2676,Mahindra Scorpio SLE,Mahindra,2006,44000,50837,Diesel
2677,Skoda Octavia Elegance,Skoda,2021,102000,128879,Petrol
2678,Datsun GO T,Datsun,2009,25000,174294,Diesel
2679,Toyota Fortuner 3.0,Toyota,2007,61000,8149,Petrol
2680,Fiat Punto Active,Fiat,2004,25000,159153,Diesel
2681,Volkswagen Ameo Highline,Volkswagen,2022,160000,51050,Petrol
2682,Renault Triber RXZ,Renault,2019,65000,131969,Petrol
2683,Chevrolet Spark LT,Chevrolet,2011,51000,3197,Petrol
2684,Mini Cooper S,Mini,2018,1766000,18220,Diesel
2685,Jeep Compass Longitude,Jeep,2015,90000,90628,Petrol
2686,Jaguar XF Portfolio,Jaguar,2010,817000,68752,Diesel
2687,Fiat Linea Active,Fiat,2004,25000,124647,Petrol
2688,Ford EcoSport Titanium,Ford,2022,101000,179993,Diesel
2689,Honda Civic 1.8,Honda,2016,74000,131785,Diesel
2690,Volvo XC60 D5,Volvo,2020,1483000,138431,Petrol
2691,Volvo S60 D4,Volvo,2011,757000,82544,Diesel
2692,Mercedes C-Class C220d,Mercedes,2010,572000,117911,Petrol
2693,Mahindra KUV100 K8,Mahindra,2010,55000,45982,Diesel
2694,Fiat Punto Active,Fiat,2020,66000,117941,Petrol
2695,Ford Figo,Ford,2005,25000,169463,Diesel
2696,Toyota Glanza G,Toyota,2008,55000,45294,Petrol
2697,Renault Kwid RXT,Renault,2002,26000,4367,Petrol
2698,BMW 5 Series,BMW,2005,629000,11977,Petrol
2699,Jaguar XF Portfolio,Jaguar,2014,1546000,32003,Petrol
2700,Tata Tiago Revotron,Tata,2014,62000,24463,Diesel
2701,Fiat Linea Active,Fiat,2012,32000,170461,Petrol
2702,Jeep Compass Longitude,Jeep,2017,144000,72547,Diesel
2703,Fiat Punto Active,Fiat,2008,27000,82639,Diesel
2704,Chevrolet Beat LT,Chevrolet,2003,25000,1056,Petrol
2705,Audi A8,Audi,2007,856000,1019,Diesel
2706,Chevrolet Tavera Neo,Chevrolet,2016,65000,19638,Diesel
2707,BMW 5 Series,BMW,2023,2111000,102318,Diesel
2708,Mini Cooper D,Mini,2013,827000,78504,Petrol
2709,Renault Triber RXZ,Renault,2002,25000,117283,Diesel
2710,Fiat Punto Active,Fiat,2015,40000,110119,Petrol
2711,Fiat Linea Active,Fiat,2007,25000,101920,Diesel
2712,Fiat Linea Active,Fiat,2019,60000,145700,Petrol
2713,Jaguar XF Portfolio,Jaguar,2021,2918000,19144,Diesel
2714,BMW 3 Series,BMW,2013,785000,118991,Petrol
2715,Maruti Suzuki Omni,Maruti,2021,107000,62161,Petrol
2716,BMW X1 sDrive20d,BMW,2013,750000,119258,Petrol
2717,Mahindra Jeep CL550,Mahindra,2020,128000,96711,Diesel
2718,Nissan Sunny XL,Nissan,2018,75000,82506,Petrol
2719,Land Rover Freelander,Land,2023,3637000,36267,Diesel
2720,Mahindra Scorpio SLE,Mahindra,2019,91000,176516,Petrol
2721,Volvo XC60 D5,Volvo,2006,351000,114327,Diesel
2722,Mercedes E-Class E220d,Mercedes,2018,1277000,154144,Petrol
2723,Volkswagen Ameo Highline,Volkswagen,2010,62000,34674,Petrol
2724,Skoda Rapid Elegance,Skoda,2017,127000,11993,Diesel
2725,Mitsubishi Pajero Sport,Mitsubishi,2003,35000,16711,Diesel
2726,Chevrolet Tavera Neo,Chevrolet,2010,40000,13951,Diesel
2727,Volkswagen Jetta Comfortline,Volkswagen,2007,30000,131984,Petrol
2728,Volkswagen Polo Highline,Volkswagen,2003,33000,23420,Diesel
2729,Jeep Compass Longitude,Jeep,2007,50000,68733,Diesel
2730,BMW 3 Series,BMW,2014,785000,142246,Diesel
2731,Nissan Terrano XL,Nissan,2022,141000,15566,Petrol
2732,Maruti Suzuki Ciaz,Maruti,2007,26000,121688,Petrol
2733,Chevrolet Spark LT,Chevrolet,2015,67000,21299,Petrol
2734,Audi A4 35,Audi,2020,1978000,35794,Petrol
2735,BMW X1 sDrive20d,BMW,2012,619000,178485,Petrol
2736,Land Rover Freelander,Land,2018,1558000,150571,Diesel
2737,Skoda Fabia Classic,Skoda,2022,181000,37022,Diesel
2738,Tata Nexon XZ,Tata,2013,57000,34573,Diesel
2739,Ford Figo Aspire,Ford,2004,25000,163784,Petrol
2740,Skoda Octavia Elegance,Skoda,2004,26000,55993,Petrol
2741,Honda Jazz V,Honda,2019,84000,174160,Diesel
2742,Audi Q3 35,Audi,2008,514000,94456,Diesel
2743,Renault Triber RXZ,Renault,2006,25000,110377,Petrol
2744,Fiat Linea Active,Fiat,2003,25000,112629,Diesel
2745,Land Rover Discovery,Land,2011,764000,142166,Petrol
2746,Chevrolet Spark LT,Chevrolet,2014,36000,165413,Diesel
2747,Hyundai Verna 1.6,Hyundai,2012,77000,14012,Diesel
2748,Land Rover Freelander,Land,2014,1225000,94499,Diesel
2749,Hyundai Xcent S,Hyundai,2012,43000,85179,Petrol
2750,Skoda Octavia Elegance,Skoda,2002,25000,174709,Petrol
2751,Mahindra Scorpio SLE,Mahindra,2016,64000,133140,Diesel
2752,Maruti Suzuki Swift,Maruti,2012,48000,77414,CNG
2753,Land Rover Freelander,Land,2007,506000,166258,Petrol
2754,Renault Triber RXZ,Renault,2010,55000,21899,Petrol
2755,Jaguar XE Prestige,Jaguar,2007,559000,114850,Diesel
2756,Nissan Micra XV,Nissan,2002,25000,41494,Diesel
2757,Hyundai Grand i10,Hyundai,2012,63000,29196,Diesel
2758,Toyota Corolla Altis,Toyota,2022,136000,154293,Diesel
2759,Chevrolet Beat LT,Chevrolet,2016,60000,74160,Petrol
2760,Audi A6 2.0,Audi,2006,420000,121655,Petrol
2761,Mitsubishi Lancer 1.8,Mitsubishi,2022,230000,7453,Petrol
2762,Hyundai Santro Xing,Hyundai,2014,68000,75557,Petrol
2763,Maruti Suzuki Baleno,Maruti,2020,121000,31168,Petrol
2764,Hyundai Eon Era,Hyundai,2015,86000,12055,Diesel
2765,Mini Cooper S,Mini,2009,496000,171526,Diesel
2766,Toyota Glanza G,Toyota,2013,71000,90830,Petrol
2767,Chevrolet Spark LT,Chevrolet,2003,25000,94824,Diesel
2768,Mercedes GLA 200d,Mercedes,2020,2730000,3520,Petrol
2769,Fiat Punto Active,Fiat,2004,25000,143423,Diesel
2770,Hyundai Eon Era,Hyundai,2017,70000,131422,Diesel
2771,Tata Tigor XZ,Tata,2008,25000,149594,Diesel
2772,Nissan Micra XV,Nissan,2002,26000,828,Diesel
2773,Toyota Corolla Altis,Toyota,2012,84000,2210,Petrol
2774,Maruti Suzuki Swift,Maruti,2017,80000,55809,CNG
2775,Datsun GO T,Datsun,2011,41000,27826,Diesel
2776,Hyundai Elite i20,Hyundai,2023,105000,150225,Petrol
2777,Chevrolet Beat LT,Chevrolet,2004,25000,4093,Petrol
2778,BMW X1 sDrive20d,BMW,2003,302000,93467,Petrol
2779,Fiat Linea Active,Fiat,2018,64000,66495,Petrol
2780,Ford EcoSport Titanium,Ford,2014,50000,103013,Diesel
2781,Maruti Suzuki Wagon,Maruti,2023,118000,87790,CNG
2782,Mitsubishi Lancer 1.8,Mitsubishi,2012,44000,148366,Petrol
2783,Mitsubishi Lancer 1.8,Mitsubishi,2011,62000,44005,Diesel
2784,Renault Lodgy 110PS,Renault,2023,161000,47071,Petrol
2785,Nissan Sunny XL,Nissan,2018,86000,48999,Petrol
2786,Maruti Suzuki Omni,Maruti,2021,152000,33151,Petrol
2787,Nissan Micra XV,Nissan,2009,25000,144470,Petrol
2788,Toyota Innova 2.5,Toyota,2022,117000,159482,Petrol
2789,Jeep Compass Longitude,Jeep,2018,121000,150269,Diesel
2790,Mitsubishi Pajero Sport,Mitsubishi,2015,105000,27996,Petrol
2791,Nissan Sunny XL,Nissan,2019,72000,144436,Petrol
2792,Mitsubishi Lancer 1.8,Mitsubishi,2017,114000,44003,Petrol
2793,Land Rover Freelander,Land,2012,1201000,62053,Diesel
2794,Volvo S60 D4,Volvo,2004,323000,143620,Diesel
2795,Mitsubishi Lancer 1.8,Mitsubishi,2007,31000,133548,Diesel
2796,Hyundai Grand i10,Hyundai,2018,115000,36302,Petrol
2797,Maruti Suzuki Alto,Maruti,2007,25000,144593,Petrol
2798,Mini Cooper S,Mini,2006,292000,173766,Petrol
2799,Volkswagen Jetta Comfortline,Volkswagen,2010,39000,171760,Petrol
2800,Jeep Compass Longitude,Jeep,2004,32000,110583,Diesel
2801,Land Rover Freelander,Land,2023,3362000,33269,Petrol
2802,Hyundai Creta 1.6,Hyundai,2006,29000,57514,Petrol
2803,Nissan Micra XV,Nissan,2005,27000,63984,Diesel
2804,Honda Civic 1.8,Honda,2004,25000,109657,Diesel
2805,Datsun GO T,Datsun,2002,25000,178929,Petrol
2806,Renault Lodgy 110PS,Renault,2016,53000,120581,Diesel
2807,Volvo S60 D4,Volvo,2006,632000,18722,Petrol
2808,Mahindra KUV100 K8,Mahindra,2023,118000,179875,Petrol
2809,Volvo S60 D4,Volvo,2007,362000,152678,Petrol
2810,Volkswagen Vento Highline,Volkswagen,2019,114000,72427,Petrol
2811,Hyundai Verna 1.6,Hyundai,2014,56000,146161,Diesel
2812,Datsun redi-GO T,Datsun,2003,25000,100544,Petrol
2813,Mahindra KUV100 K8,Mahindra,2013,58000,94909,Diesel
2814,Volkswagen Ameo Highline,Volkswagen,2022,232000,9583,Diesel
2815,Tata Tigor XZ,Tata,2011,32000,158607,Petrol
2816,Nissan Micra XV,Nissan,2011,31000,169765,Diesel
2817,Toyota Fortuner 3.0,Toyota,2006,26000,113828,Petrol
2818,Volkswagen Vento Highline,Volkswagen,2015,65000,174547,Petrol
2819,Mini Cooper D,Mini,2010,430000,176655,Petrol
2820,Jeep Compass Longitude,Jeep,2019,127000,129334,Petrol
2821,Honda Brio S,Honda,2009,42000,81662,Petrol
2822,Datsun redi-GO T,Datsun,2009,32000,52794,Diesel
2823,Skoda Rapid Elegance,Skoda,2007,30000,95948,Petrol
2824,Renault Triber RXZ,Renault,2008,38000,9205,Petrol
2825,Nissan Terrano XL,Nissan,2018,58000,131043,Diesel
2826,Volkswagen Ameo Highline,Volkswagen,2016,73000,102442,Diesel
2827,Datsun GO Plus,Datsun,2010,26000,166752,Diesel
2828,Renault Lodgy 110PS,Renault,2013,46000,148032,Diesel
2829,Datsun GO Plus,Datsun,2021,73000,131903,Diesel
2830,Tata Tiago Revotron,Tata,2006,30000,20829,Petrol
2831,Fiat Punto Active,Fiat,2020,82000,87142,Diesel
2832,Toyota Fortuner 3.0,Toyota,2021,207000,37480,Diesel
2833,Datsun redi-GO T,Datsun,2011,25000,117195,Petrol
2834,Maruti Suzuki Vitara,Maruti,2010,47000,35937,Petrol
2835,Ford EcoSport Ambiente,Ford,2007,30000,100974,Petrol
2836,Jaguar XF Portfolio,Jaguar,2022,1925000,142827,Petrol
2837,BMW 3 Series,BMW,2011,758000,83130,Diesel
2838,Audi Q7,Audi,2015,1220000,57774,Diesel
2839,Jaguar XE Prestige,Jaguar,2002,310000,140126,Petrol
2840,Nissan Micra XV,Nissan,2006,31000,31622,Petrol
2841,Mahindra Bolero SLE,Mahindra,2012,72000,41104,Diesel
2842,Volkswagen Vento Highline,Volkswagen,2015,58000,132610,Diesel
2843,Mini Cooper D,Mini,2003,384000,29572,Diesel
2844,Mini Cooper S,Mini,2018,1198000,107820,Diesel
2845,Renault Lodgy 110PS,Renault,2016,53000,118842,Petrol
2846,Chevrolet Tavera Neo,Chevrolet,2008,26000,51212,Diesel
2847,Hyundai Santro Xing,Hyundai,2022,125000,93714,Petrol
2848,Mahindra Jeep CL550,Mahindra,2013,62000,85423,Petrol
2849,Hyundai Santro Xing,Hyundai,2006,25000,126937,Petrol
2850,Skoda Fabia Classic,Skoda,2020,159000,32453,Petrol
2851,Mini Cooper S,Mini,2017,1285000,43217,Petrol
2852,Volvo XC60 D5,Volvo,2013,1035000,40515,Diesel
2853,Volvo S60 D4,Volvo,2020,1523000,165556,Diesel
2854,Nissan Terrano XL,Nissan,2013,43000,172924,Petrol
2855,Honda Brio S,Honda,2016,98000,59564,Petrol
2856,Toyota Innova 2.5,Toyota,2011,57000,95413,Diesel
2857,Renault Triber RXZ,Renault,2009,41000,33969,Petrol
2858,Nissan Micra XV,Nissan,2017,66000,104196,Petrol
2859,Audi A4 35,Audi,2018,1857000,49235,Diesel
2860,Ford Freestyle Titanium,Ford,2018,103000,41622,Petrol
2861,Mercedes C-Class C220d,Mercedes,2006,427000,104020,Petrol
2862,Fiat Punto Active,Fiat,2019,63000,177773,Petrol
2863,Mercedes GLA 200d,Mercedes,2022,1996000,114064,Diesel
2864,Datsun redi-GO T,Datsun,2008,25000,85116,Diesel
2865,Tata Nano Lx,Tata,2006,32000,37228,Petrol
2866,Mini Cooper S,Mini,2021,1990000,76655,Diesel
2867,Jaguar XE Prestige,Jaguar,2023,2079000,179754,Petrol
2868,Datsun GO T,Datsun,2014,46000,48082,Diesel
2869,Datsun GO T,Datsun,2022,61000,125611,Petrol
2870,Fiat Punto Active,Fiat,2010,27000,104123,Diesel
2871,Maruti Suzuki Vitara,Maruti,2023,140000,82742,Petrol
2872,Ford Fiesta Classic,Ford,2019,82000,85023,Petrol
2873,Renault Lodgy 110PS,Renault,2007,25000,105296,Petrol
2874,Datsun GO T,Datsun,2020,58000,124232,Diesel
2875,Volkswagen Jetta Comfortline,Volkswagen,2003,25000,94873,Diesel
2876,Toyota Yaris VX,Toyota,2023,230000,17740,Diesel
2877,Volkswagen Polo Highline,Volkswagen,2004,25000,148532,Diesel
2878,Mitsubishi Pajero Sport,Mitsubishi,2020,117000,98659,Petrol
2879,Mercedes E-Class E220d,Mercedes,2007,879000,15880,Diesel
2880,Maruti Suzuki Wagon,Maruti,2007,25000,114026,Petrol
2881,Mini Cooper D,Mini,2005,424000,35739,Petrol
2882,Tata Bolt XT,Tata,2009,26000,112820,Diesel
2883,Audi A8,Audi,2003,281000,148576,Diesel
2884,Mercedes E-Class E220d,Mercedes,2009,840000,21046,Petrol
2885,Jaguar XE Prestige,Jaguar,2016,1482000,88997,Diesel
2886,Renault Kwid RXT,Renault,2022,89000,179652,Diesel
2887,Mini Cooper D,Mini,2012,627000,81041,Petrol
2888,Mitsubishi Lancer 1.8,Mitsubishi,2007,38000,61225,Petrol
2889,Mitsubishi Pajero Sport,Mitsubishi,2013,99000,6265,Diesel
2890,Skoda Octavia Elegance,Skoda,2022,119000,119662,Diesel
2891,Maruti Suzuki Swift,Maruti,2015,48000,147231,CNG
2892,Jaguar XF Portfolio,Jaguar,2017,1439000,105197,Diesel
2893,Skoda Fabia Classic,Skoda,2015,97000,52871,Diesel
2894,Hyundai Creta 1.6,Hyundai,2012,68000,8757,Petrol
2895,Land Rover Freelander,Land,2017,1953000,52313,Petrol
2896,Volkswagen Jetta Comfortline,Volkswagen,2021,157000,48982,Diesel
2897,Mini Cooper D,Mini,2006,320000,149341,Diesel
2898,Land Rover Discovery,Land,2020,1629000,122246,Petrol
2899,Toyota Glanza G,Toyota,2007,35000,121386,Diesel
2900,Renault Duster 110,Renault,2012,41000,161077,Diesel
2901,Fiat Linea Active,Fiat,2021,90000,103246,Diesel
2902,BMW 3 Series,BMW,2011,869000,86714,Diesel
2903,Skoda Octavia Elegance,Skoda,2009,46000,80680,Diesel
2904,Skoda Octavia Elegance,Skoda,2005,26000,103783,Petrol
2905,Land Rover Discovery,Land,2010,685000,151702,Diesel
2906,Volkswagen Jetta Comfortline,Volkswagen,2010,60000,4602,Petrol
2907,Chevrolet Tavera Neo,Chevrolet,2006,25000,158812,Diesel
2908,Mitsubishi Lancer 1.8,Mitsubishi,2006,43000,16144,Petrol
2909,Hyundai Venue SX,Hyundai,2012,48000,79099,Diesel
2910,BMW 5 Series,BMW,2012,763000,123993,Petrol
2911,Renault Duster 110,Renault,2003,25000,79207,Diesel
2912,Datsun GO T,Datsun,2006,25000,160253,Petrol
2913,Honda Brio S,Honda,2013,84000,28054,Petrol
2914,Audi Q3 35,Audi,2014,896000,93485,Diesel
2915,Mini Cooper D,Mini,2002,262000,145688,Diesel
2916,Mitsubishi Pajero Sport,Mitsubishi,2004,32000,68543,Diesel
2917,Land Rover Discovery,Land,2014,973000,101782,Petrol
2918,Fiat Linea Active,Fiat,2003,25000,53761,Diesel
2919,BMW 3 Series,BMW,2023,3355000,35681,Petrol
2920,Audi Q3 35,Audi,2007,536000,69600,Diesel
2921,Skoda Fabia Classic,Skoda,2023,132000,118264,Diesel
2922,Jaguar XF Portfolio,Jaguar,2019,2759000,7445,Petrol
2923,Mini Cooper D,Mini,2006,333000,149281,Diesel
2924,Hyundai Elite i20,Hyundai,2022,175000,23606,Diesel
2925,Audi Q3 35,Audi,2008,784000,9940,Diesel
2926,Honda Amaze S,Honda,2019,88000,96205,Petrol
2927,Volvo XC60 D5,Volvo,2015,881000,102557,Diesel
2928,Toyota Etios VXD,Toyota,2008,56000,35090,Petrol
2929,Honda City 1.5,Honda,2006,32000,86657,Diesel
2930,Tata Indica V2,Tata,2009,41000,5858,Petrol
2931,Audi A4 35,Audi,2005,389000,175822,Diesel
2932,Maruti Suzuki Vitara,Maruti,2015,78000,37322,CNG
2933,Chevrolet Spark LT,Chevrolet,2003,25000,45597,Diesel
2934,Mahindra Scorpio S10,Mahindra,2009,37000,152594,Petrol
2935,Toyota Etios VXD,Toyota,2002,31000,56928,Diesel
2936,Honda City 1.5,Honda,2006,26000,141705,Diesel
2937,Mitsubishi Pajero Sport,Mitsubishi,2004,25000,119170,Petrol
2938,Honda Jazz V,Honda,2003,25000,97958,Petrol
2939,BMW 5 Series,BMW,2023,2196000,143352,Diesel
2940,Mercedes GLA 200d,Mercedes,2022,2134000,129911,Diesel
2941,Volvo S60 D4,Volvo,2010,924000,13219,Diesel
2942,Fiat Linea Active,Fiat,2006,25000,177738,Diesel
2943,Mahindra Scorpio S10,Mahindra,2006,29000,83109,Petrol
2944,Land Rover Discovery,Land,2014,1179000,103437,Diesel
2945,Honda Amaze S,Honda,2017,94000,65401,Petrol
2946,Mahindra Scorpio S10,Mahindra,2005,36000,34176,Diesel
2947,Jeep Compass Limited,Jeep,2018,199000,11100,Petrol
2948,Fiat Linea Active,Fiat,2021,124000,13206,Petrol
2949,Mercedes E-Class E220d,Mercedes,2003,322000,165061,Petrol
2950,Mitsubishi Lancer 1.8,Mitsubishi,2013,88000,46814,Diesel
2951,Ford Figo Aspire,Ford,2005,28000,45362,Petrol
2952,Datsun GO Plus,Datsun,2010,30000,65576,Petrol
2953,Maruti Suzuki Celerio,Maruti,2011,48000,39330,Petrol
2954,Jaguar XF Portfolio,Jaguar,2023,3385000,68433,Diesel
2955,Tata Tigor XZ,Tata,2002,25000,141547,Petrol
2956,Skoda Rapid Elegance,Skoda,2002,25000,79983,Diesel
2957,Nissan Terrano XL,Nissan,2023,104000,99065,Diesel
2958,Chevrolet Spark LT,Chevrolet,2023,80000,117591,Diesel
2959,Toyota Fortuner 3.0,Toyota,2015,62000,166472,Petrol
2960,Chevrolet Tavera Neo,Chevrolet,2009,28000,70356,Petrol
2961,Chevrolet Spark LT,Chevrolet,2007,25000,94129,Petrol
2962,Datsun redi-GO T,Datsun,2019,92000,22045,Petrol
2963,Mini Cooper D,Mini,2020,1895000,41431,Petrol
2964,Chevrolet Tavera Neo,Chevrolet,2008,35000,11120,Petrol
2965,Jaguar XF Portfolio,Jaguar,2009,596000,114366,Petrol
2966,Honda Brio S,Honda,2015,96000,45283,Diesel
2967,Hyundai i10 Sportz,Hyundai,2014,88000,20022,Diesel
2968,Maruti Suzuki Eeco,Maruti,2023,101000,144600,Diesel
2969,Ford Figo,Ford,2022,91000,141214,Petrol
2970,Renault Kwid RXT,Renault,2004,25000,168492,Petrol
2971,Toyota Innova 2.5,Toyota,2013,74000,77713,Petrol
2972,BMW X1 sDrive20d,BMW,2015,1094000,140552,Diesel
2973,Maruti Suzuki Swift,Maruti,2020,128000,28866,Diesel
2974,Datsun redi-GO T,Datsun,2011,34000,35113,Petrol
2975,Mitsubishi Lancer 1.8,Mitsubishi,2016,70000,167421,Diesel
2976,Chevrolet Tavera Neo,Chevrolet,2022,90000,105410,Diesel
2977,Skoda Octavia Elegance,Skoda,2005,25000,156283,Diesel
2978,Jaguar XE Prestige,Jaguar,2005,434000,160142,Petrol
2979,Honda Amaze S,Honda,2004,27000,50774,Petrol
2980,Hyundai Creta 1.6,Hyundai,2007,26000,160462,Diesel
2981,Ford EcoSport Ambiente,Ford,2017,58000,134076,Petrol
2982,Audi A6 2.0,Audi,2015,951000,154274,Diesel
2983,Renault Lodgy 110PS,Renault,2015,52000,107532,Petrol
2984,Land Rover Freelander,Land,2003,745000,1511,Diesel
2985,Fiat Linea Active,Fiat,2008,25000,142698,Diesel
2986,Chevrolet Beat LT,Chevrolet,2012,42000,47144,Diesel
2987,Renault Duster 110,Renault,2013,43000,145105,Petrol
2988,Volvo S60 D4,Volvo,2023,1611000,148094,Petrol
2989,Land Rover Discovery,Land,2007,600000,120001,Diesel
2990,Toyota Glanza G,Toyota,2008,38000,131591,Diesel
2991,Tata Nano Lx,Tata,2017,56000,106926,Petrol
2992,Mini Cooper D,Mini,2007,361000,104341,Diesel
2993,Skoda Fabia Classic,Skoda,2002,27000,19599,Petrol
2994,Toyota Etios VXD,Toyota,2009,35000,159686,Petrol
2995,Jeep Compass Longitude,Jeep,2013,111000,49077,Diesel
2996,Mahindra TUV300 T8,Mahindra,2012,96000,5286,Diesel
2997,Datsun GO T,Datsun,2022,132000,11489,Diesel
2998,Mitsubishi Pajero Sport,Mitsubishi,2002,25000,166510,Petrol
2999,Renault Duster 110,Renault,2021,141000,33506,Diesel
3000,Ford Figo Aspire,Ford,2018,132000,29111,Diesel
3001,Fiat Punto Active,Fiat,2019,82000,78457,Diesel
3002,Jaguar XE Prestige,Jaguar,2006,494000,102543,Diesel
3003,Datsun GO Plus,Datsun,2014,51000,44878,Diesel
3004,Chevrolet Tavera Neo,Chevrolet,2008,25000,80852,Petrol
3005,Volkswagen Jetta Comfortline,Volkswagen,2022,121000,166944,Petrol
3006,Honda Civic 1.8,Honda,2021,182000,5991,Diesel
3007,Volvo XC60 D5,Volvo,2015,796000,154834,Diesel
3008,Volvo XC60 D5,Volvo,2017,1841000,5760,Petrol
3009,Skoda Octavia Elegance,Skoda,2023,133000,130655,Diesel
3010,Mitsubishi Lancer 1.8,Mitsubishi,2014,84000,72399,Petrol
3011,Volvo XC60 D5,Volvo,2005,336000,107828,Diesel
3012,Jeep Compass Limited,Jeep,2008,50000,104608,Petrol
3013,Mitsubishi Pajero Sport,Mitsubishi,2010,47000,76125,Diesel
3014,Jaguar XF Portfolio,Jaguar,2002,337000,85733,Petrol
3015,Hyundai Elite i20,Hyundai,2014,70000,36679,Diesel
3016,Fiat Punto Active,Fiat,2002,25000,142801,Petrol
3017,Nissan Terrano XL,Nissan,2005,26000,58149,Petrol
3018,Fiat Punto Active,Fiat,2023,159000,10886,Diesel
3019,Fiat Punto Active,Fiat,2021,72000,156076,Diesel
3020,Ford Endeavour 4x4,Ford,2013,40000,109150,Petrol
3021,Audi Q3 35,Audi,2002,420000,12484,Petrol
3022,Nissan Sunny XL,Nissan,2011,59000,25551,Diesel
3023,Audi Q7,Audi,2023,2466000,77220,Diesel
3024,Mercedes GLA 200d,Mercedes,2002,288000,171444,Petrol
3025,Mini Cooper S,Mini,2002,352000,29721,Petrol
3026,Ford EcoSport Titanium,Ford,2009,39000,71241,Diesel
3027,Honda Civic 1.8,Honda,2021,188000,11441,Diesel
3028,BMW X1 sDrive20d,BMW,2014,892000,98200,Petrol
3029,Honda Amaze S,Honda,2005,30000,84931,Diesel
3030,Mercedes C-Class C220d,Mercedes,2012,683000,111634,Petrol
3031,Ford Endeavour 4x4,Ford,2002,25000,87075,Petrol
3032,Jaguar XF Portfolio,Jaguar,2016,2152000,7806,Diesel
3033,Datsun redi-GO T,Datsun,2019,66000,75747,Diesel
3034,BMW 5 Series,BMW,2007,722000,25367,Petrol
3035,Mercedes C-Class C220d,Mercedes,2006,586000,75458,Diesel
3036,Toyota Yaris VX,Toyota,2021,216000,14873,Petrol
3037,Jaguar XE Prestige,Jaguar,2004,623000,17923,Diesel
3038,Honda Brio S,Honda,2016,64000,129770,Petrol
3039,Mini Cooper S,Mini,2021,1714000,90934,Diesel
3040,Chevrolet Spark LT,Chevrolet,2007,25000,153311,Diesel
3041,Honda Brio S,Honda,2012,69000,26682,Diesel
3042,Mercedes E-Class E220d,Mercedes,2021,2675000,22128,Diesel
3043,Hyundai Xcent S,Hyundai,2022,177000,12463,Diesel
3044,Audi A8,Audi,2011,781000,70680,Diesel
3045,Tata Tiago Revotron,Tata,2006,27000,78104,Diesel
3046,Skoda Fabia Classic,Skoda,2016,110000,31316,Diesel
3047,Mitsubishi Lancer 1.8,Mitsubishi,2008,50000,68246,Diesel
3048,Hyundai Verna 1.6,Hyundai,2009,28000,128112,Petrol
3049,Tata Nexon XZ,Tata,2004,25000,18095,Petrol
3050,Volvo S60 D4,Volvo,2015,1556000,9913,Diesel
3051,Fiat Punto Active,Fiat,2013,54000,45736,Diesel
3052,Skoda Octavia Elegance,Skoda,2015,95000,48322,Diesel
3053,Ford Figo Aspire,Ford,2011,43000,107210,Diesel
3054,Chevrolet Spark LT,Chevrolet,2017,42000,134280,Petrol
3055,Ford EcoSport Ambiente,Ford,2015,51000,179815,Diesel
3056,Datsun redi-GO T,Datsun,2004,25000,125716,Diesel
3057,Mitsubishi Lancer 1.8,Mitsubishi,2020,172000,17219,Diesel
3058,Honda Civic 1.8,Honda,2021,119000,150987,Diesel
3059,BMW 5 Series,BMW,2012,1261000,13904,Petrol
3060,Fiat Linea Active,Fiat,2017,69000,59836,Petrol
3061,Jaguar XF Portfolio,Jaguar,2007,823000,25056,Petrol
3062,Jeep Compass Limited,Jeep,2011,86000,44717,Diesel
3063,Jeep Compass Limited,Jeep,2021,155000,175734,Diesel
3064,Fiat Linea Active,Fiat,2017,66000,86238,Diesel
3065,Jeep Compass Longitude,Jeep,2020,208000,13559,Petrol
3066,Mitsubishi Lancer 1.8,Mitsubishi,2019,102000,159798,Petrol
3067,Fiat Punto Active,Fiat,2022,92000,159597,Diesel
3068,Chevrolet Sail UVA,Chevrolet,2010,30000,86274,Petrol
3069,Tata Nexon XZ,Tata,2017,94000,42010,Diesel
3070,Toyota Yaris VX,Toyota,2008,33000,167399,Petrol
3071,BMW X1 sDrive20d,BMW,2005,619000,21573,Petrol
3072,Volvo S60 D4,Volvo,2005,353000,116831,Diesel
3073,Honda Civic 1.8,Honda,2015,56000,110976,Petrol
3074,Mahindra Thar CRDe,Mahindra,2018,91000,141254,Diesel
3075,Ford EcoSport Titanium,Ford,2020,102000,63311,Petrol
3076,Fiat Punto Active,Fiat,2020,63000,124437,Diesel
3077,Nissan Micra XV,Nissan,2009,27000,111928,Petrol
3078,Chevrolet Beat LT,Chevrolet,2018,76000,32348,Petrol
3079,Honda Jazz V,Honda,2008,30000,120958,Petrol
3080,Land Rover Discovery,Land,2008,598000,99482,Diesel
3081,Tata Tigor XZ,Tata,2013,39000,133703,Diesel
3082,Renault Duster 110,Renault,2002,25000,164367,Diesel
3083,BMW 3 Series,BMW,2013,801000,166002,Diesel
3084,Mini Cooper D,Mini,2014,780000,98554,Petrol
3085,Nissan Sunny XL,Nissan,2005,30000,26645,Diesel
3086,Jaguar XE Prestige,Jaguar,2023,3494000,35233,Petrol
3087,Maruti Suzuki Swift,Maruti,2019,80000,155944,CNG
3088,BMW 3 Series,BMW,2012,913000,65471,Diesel
3089,Volkswagen Ameo Highline,Volkswagen,2004,25000,179133,Diesel
3090,Volvo XC60 D5,Volvo,2012,613000,166458,Petrol
3091,Mini Cooper D,Mini,2015,1114000,69725,Petrol
3092,Hyundai Eon Era,Hyundai,2023,103000,146957,Petrol
3093,Maruti Suzuki Wagon,Maruti,2006,25000,127660,CNG
3094,Jeep Compass Longitude,Jeep,2010,56000,166236,Diesel
3095,Jeep Compass Longitude,Jeep,2020,177000,83196,Petrol
3096,Mitsubishi Pajero Sport,Mitsubishi,2015,64000,129939,Diesel
3097,Jaguar XE Prestige,Jaguar,2020,2526000,45634,Petrol
3098,Volkswagen Jetta Comfortline,Volkswagen,2010,42000,83960,Diesel
3099,Chevrolet Tavera Neo,Chevrolet,2006,25000,128802,Petrol
3100,Maruti Suzuki Eeco,Maruti,2015,53000,145012,Petrol
3101,Volkswagen Polo Highline,Volkswagen,2008,38000,80071,Petrol
3102,Mahindra TUV300 T8,Mahindra,2008,33000,143853,Diesel
3103,Jeep Compass Longitude,Jeep,2009,66000,56316,Diesel
3104,Maruti Suzuki Wagon,Maruti,2005,27000,61061,Petrol
3105,Ford EcoSport Ambiente,Ford,2008,32000,134488,Diesel
3106,Honda WR-V i-VTEC,Honda,2006,33000,91504,Diesel
3107,Volkswagen Polo Highline,Volkswagen,2022,186000,44765,Petrol
3108,Mini Cooper D,Mini,2016,739000,121164,Petrol
3109,Mahindra Jeep CL550,Mahindra,2003,25000,129795,Petrol
3110,Ford Endeavour 4x4,Ford,2008,42000,41927,Diesel
3111,Fiat Punto Active,Fiat,2003,25000,162992,Diesel
3112,Mini Cooper S,Mini,2006,392000,72726,Diesel
3113,Fiat Linea Active,Fiat,2006,25000,102277,Diesel
3114,Tata Nano Lx,Tata,2007,26000,97930,Petrol
3115,Honda Amaze S,Honda,2011,82000,3767,Diesel
3116,Jaguar XE Prestige,Jaguar,2007,459000,109994,Petrol
3117,Hyundai Santro Xing,Hyundai,2008,36000,80179,Diesel
3118,Datsun GO T,Datsun,2003,25000,124589,Petrol
3119,Land Rover Freelander,Land,2003,482000,39800,Petrol
3120,Renault Lodgy 110PS,Renault,2015,75000,35631,Petrol
3121,Fiat Punto Active,Fiat,2002,25000,88957,Diesel
3122,Hyundai Grand i10,Hyundai,2017,83000,63904,Petrol
3123,Maruti Suzuki Alto,Maruti,2016,68000,56772,CNG
3124,Hyundai Venue SX,Hyundai,2007,34000,42107,Petrol
3125,Datsun GO Plus,Datsun,2003,25000,133614,Diesel
3126,Mercedes C-Class C220d,Mercedes,2007,781000,31544,Petrol
3127,Land Rover Discovery,Land,2015,1682000,29427,Diesel
3128,Mahindra TUV300 T8,Mahindra,2002,25000,119319,Diesel
3129,Honda Amaze S,Honda,2011,47000,76943,Petrol
3130,Mini Cooper D,Mini,2002,335000,37867,Diesel
3131,Volkswagen Polo Highline,Volkswagen,2006,26000,174247,Petrol
3132,Audi A8,Audi,2007,428000,98620,Petrol
3133,Mini Cooper D,Mini,2012,1037000,24839,Petrol
3134,Mahindra TUV300 T8,Mahindra,2021,137000,78771,Petrol
3135,Jaguar XE Prestige,Jaguar,2010,821000,90525,Diesel
3136,Datsun GO T,Datsun,2006,25000,27826,Petrol
3137,Fiat Punto Active,Fiat,2007,25000,112787,Diesel
3138,Volvo XC60 D5,Volvo,2010,594000,125658,Diesel
3139,Jeep Compass Limited,Jeep,2006,51000,56171,Diesel
3140,Renault Lodgy 110PS,Renault,2023,112000,146242,Petrol
3141,Hyundai Venue SX,Hyundai,2011,33000,162553,Petrol
3142,Hyundai i10 Sportz,Hyundai,2020,83000,138796,Petrol
3143,Mini Cooper S,Mini,2008,446000,85568,Petrol
3144,BMW 5 Series,BMW,2016,1621000,10342,Petrol
3145,Jeep Compass Limited,Jeep,2012,78000,72011,Diesel
3146,Maruti Suzuki Swift,Maruti,2004,28000,43746,Petrol
3147,Honda City 1.5,Honda,2013,63000,86306,Petrol
3148,Maruti Suzuki Alto,Maruti,2002,25000,4864,CNG
3149,Mitsubishi Pajero Sport,Mitsubishi,2014,63000,148923,Petrol
3150,Mercedes C-Class C220d,Mercedes,2016,1189000,152660,Diesel
3151,Datsun GO T,Datsun,2019,64000,88400,Diesel
3152,Mahindra KUV100 K8,Mahindra,2017,97000,67736,Diesel
3153,Volvo XC60 D5,Volvo,2023,2482000,57540,Petrol
3154,Renault Lodgy 110PS,Renault,2004,26000,25297,Petrol
3155,Fiat Linea Active,Fiat,2010,32000,86535,Petrol
3156,Skoda Fabia Classic,Skoda,2002,28000,49674,Diesel
3157,Mahindra Thar CRDe,Mahindra,2008,38000,85019,Diesel
3158,Audi Q3 35,Audi,2014,806000,150768,Diesel
3159,Volkswagen Jetta Comfortline,Volkswagen,2015,62000,115867,Petrol
3160,Fiat Punto Active,Fiat,2010,28000,168910,Petrol
3161,Fiat Punto Active,Fiat,2018,87000,40000,Petrol
3162,Volvo XC60 D5,Volvo,2002,366000,39235,Diesel
3163,Jeep Compass Longitude,Jeep,2017,151000,68802,Diesel
3164,Nissan Terrano XL,Nissan,2008,25000,107994,Diesel
3165,Nissan Sunny XL,Nissan,2002,25000,2307,Diesel
3166,Fiat Punto Active,Fiat,2019,72000,87135,Petrol
3167,Mahindra Scorpio S10,Mahindra,2022,152000,85916,Diesel
3168,Datsun GO T,Datsun,2003,25000,16046,Diesel
3169,Volkswagen Jetta Comfortline,Volkswagen,2015,94000,6268,Petrol
3170,Jeep Compass Longitude,Jeep,2016,135000,22818,Petrol
3171,Toyota Etios VXD,Toyota,2006,27000,148944,Diesel
3172,Maruti Suzuki Eeco,Maruti,2010,29000,139652,Diesel
3173,BMW 5 Series,BMW,2009,715000,67877,Diesel
3174,Skoda Octavia Elegance,Skoda,2007,44000,37934,Diesel
3175,Mini Cooper D,Mini,2014,1264000,6693,Petrol
3176,Maruti Suzuki Celerio,Maruti,2017,67000,164181,Petrol
3177,Honda Jazz V,Honda,2009,36000,91777,Diesel
3178,Fiat Punto Active,Fiat,2007,25000,83422,Petrol
3179,Audi A6 2.0,Audi,2014,811000,118867,Petrol
3180,Land Rover Discovery,Land,2013,1044000,105007,Petrol
3181,Mahindra TUV300 T8,Mahindra,2015,65000,143172,Diesel
3182,Volvo XC60 D5,Volvo,2017,1063000,122542,Petrol
3183,Mini Cooper S,Mini,2013,1106000,4043,Petrol
3184,Jeep Compass Limited,Jeep,2018,128000,148375,Diesel
3185,Honda Amaze S,Honda,2012,55000,71370,Petrol
3186,BMW X1 sDrive20d,BMW,2014,939000,143672,Petrol
3187,Chevrolet Tavera Neo,Chevrolet,2010,25000,158592,Diesel
3188,Toyota Innova 2.5,Toyota,2014,69000,173095,Diesel
3189,Mahindra Scorpio SLE,Mahindra,2005,25000,175888,Petrol
3190,Fiat Punto Active,Fiat,2018,83000,38570,Diesel
3191,BMW 3 Series,BMW,2011,971000,59173,Diesel
3192,Jeep Compass Longitude,Jeep,2004,31000,138573,Diesel
3193,Maruti Suzuki Ertiga,Maruti,2014,58000,68171,Petrol
3194,Ford EcoSport Titanium,Ford,2007,44000,23983,Petrol
3195,Land Rover Discovery,Land,2003,402000,81615,Diesel
3196,Mercedes C-Class C220d,Mercedes,2005,356000,168359,Diesel
3197,Toyota Innova 2.5,Toyota,2008,60000,27634,Diesel
3198,Skoda Rapid Elegance,Skoda,2005,33000,63198,Petrol
3199,Ford Endeavour 4x4,Ford,2016,54000,171078,Diesel
3200,Mini Cooper D,Mini,2006,392000,93103,Petrol
3201,Mitsubishi Lancer 1.8,Mitsubishi,2022,143000,122431,Diesel
3202,Mini Cooper S,Mini,2004,389000,54110,Diesel
3203,Toyota Yaris VX,Toyota,2005,54000,6033,Diesel
3204,Jaguar XF Portfolio,Jaguar,2018,2440000,1007,Diesel
3205,Land Rover Freelander,Land,2021,1767000,123302,Petrol
3206,Volvo XC60 D5,Volvo,2010,592000,126223,Diesel
3207,Mercedes E-Class E220d,Mercedes,2009,1103000,10669,Diesel
3208,Ford EcoSport Titanium,Ford,2007,33000,75281,Petrol
3209,Nissan Sunny XL,Nissan,2016,46000,131303,Petrol
3210,Jaguar XF Portfolio,Jaguar,2008,931000,35477,Petrol
3211,Toyota Innova 2.5,Toyota,2014,66000,153475,Petrol
3212,Jaguar XF Portfolio,Jaguar,2019,1751000,92482,Diesel
3213,Maruti Suzuki Ertiga,Maruti,2016,52000,178945,Diesel
3214,Ford Figo,Ford,2020,86000,95697,Petrol
3215,Maruti Suzuki Baleno,Maruti,2008,32000,95514,Petrol
3216,Mini Cooper D,Mini,2007,481000,74042,Petrol
3217,Volvo S60 D4,Volvo,2020,2241000,36001,Diesel
3218,Mahindra XUV500 W8,Mahindra,2002,38000,2778,Diesel
3219,Volvo S60 D4,Volvo,2002,269000,83040,Petrol
3220,Mahindra KUV100 K8,Mahindra,2017,85000,95711,Petrol
3221,Skoda Rapid Elegance,Skoda,2009,45000,60678,Diesel
3222,Mahindra Jeep CL550,Mahindra,2012,95000,4576,Diesel
3223,Mercedes E-Class E220d,Mercedes,2010,972000,40855,Diesel
3224,BMW 3 Series,BMW,2012,711000,123952,Petrol
3225,Ford Figo,Ford,2019,149000,20117,Diesel
3226,Ford Figo,Ford,2009,34000,155361,Diesel
3227,Ford EcoSport Ambiente,Ford,2013,56000,68151,Petrol
3228,Skoda Rapid Elegance,Skoda,2015,67000,97043,Diesel
3229,Honda City 1.5,Honda,2013,78000,17049,Diesel
3230,Hyundai Xcent S,Hyundai,2016,94000,32213,Diesel
3231,Mini Cooper D,Mini,2019,1107000,168191,Petrol
3232,Tata Indica V2,Tata,2017,76000,83474,Diesel
3233,Toyota Fortuner 3.0,Toyota,2011,82000,19209,Diesel
3234,Audi A6 2.0,Audi,2014,1415000,13157,Petrol
3235,Datsun GO Plus,Datsun,2018,54000,105698,Petrol
3236,Jeep Compass Limited,Jeep,2003,27000,117722,Diesel
3237,Audi A8,Audi,2023,2678000,54330,Petrol
3238,Land Rover Freelander,Land,2012,1231000,54690,Diesel
3239,Nissan Terrano XL,Nissan,2006,31000,57218,Diesel
3240,Volvo S60 D4,Volvo,2015,908000,176214,Petrol
3241,Jeep Compass Limited,Jeep,2020,122000,178206,Petrol
3242,Nissan Micra XV,Nissan,2010,60000,1679,Diesel
3243,Volvo S60 D4,Volvo,2017,1633000,52532,Diesel
3244,Chevrolet Tavera Neo,Chevrolet,2015,48000,67568,Petrol
3245,Chevrolet Tavera Neo,Chevrolet,2016,75000,15244,Diesel
3246,Mercedes GLA 200d,Mercedes,2012,822000,90346,Diesel
3247,Mitsubishi Pajero Sport,Mitsubishi,2009,35000,138241,Diesel
3248,Tata Nexon XZ,Tata,2006,25000,119491,Petrol
3249,Toyota Yaris VX,Toyota,2006,26000,126491,Petrol
3250,Audi Q3 35,Audi,2022,1854000,128575,Diesel
3251,Ford Figo Aspire,Ford,2007,41000,15096,Diesel
3252,Nissan Micra XV,Nissan,2011,45000,70408,Diesel
3253,Nissan Micra XV,Nissan,2005,25000,111466,Petrol
3254,Toyota Etios VXD,Toyota,2002,34000,47333,Diesel
3255,Fiat Punto Active,Fiat,2005,25000,69867,Petrol
3256,Mahindra Jeep CL550,Mahindra,2015,71000,143326,Diesel
3257,Maruti Suzuki Baleno,Maruti,2004,25000,104973,Petrol
3258,Chevrolet Beat LT,Chevrolet,2003,25000,76437,Petrol
3259,Audi A6 2.0,Audi,2010,763000,73411,Diesel
3260,Audi A6 2.0,Audi,2020,1895000,73143,Diesel
3261,Fiat Punto Active,Fiat,2019,89000,58372,Petrol
3262,Chevrolet Sail UVA,Chevrolet,2003,25000,41066,Diesel
3263,Fiat Linea Active,Fiat,2005,25000,158336,Petrol
3264,Audi A6 2.0,Audi,2017,1454000,47333,Petrol
3265,Datsun GO T,Datsun,2013,28000,171074,Petrol
3266,BMW 3 Series,BMW,2006,414000,112939,Diesel
3267,Toyota Fortuner 3.0,Toyota,2007,32000,145056,Diesel
3268,Mercedes E-Class E220d,Mercedes,2021,1596000,164359,Diesel
3269,Jeep Compass Limited,Jeep,2011,114000,831,Diesel
3270,BMW 3 Series,BMW,2007,789000,11790,Petrol
3271,Mitsubishi Pajero Sport,Mitsubishi,2021,182000,12278,Petrol
3272,Nissan Sunny XL,Nissan,2009,25000,162549,Petrol
3273,Hyundai Tucson 2WD,Hyundai,2009,43000,45543,Petrol
3274,Tata Nano Lx,Tata,2002,25000,44080,Petrol
3275,Nissan Terrano XL,Nissan,2012,37000,90291,Petrol
3276,Renault Triber RXZ,Renault,2011,36000,86230,Petrol
3277,Jeep Compass Limited,Jeep,2008,45000,163620,Petrol
3278,Toyota Corolla Altis,Toyota,2009,42000,103414,Petrol
3279,Fiat Punto Active,Fiat,2013,31000,148035,Petrol
3280,Volkswagen Ameo Highline,Volkswagen,2004,31000,42486,Petrol
3281,Volvo XC60 D5,Volvo,2012,708000,160460,Petrol
3282,Renault Lodgy 110PS,Renault,2014,61000,52027,Petrol
3283,Nissan Sunny XL,Nissan,2007,36000,17287,Petrol
3284,Volkswagen Polo Highline,Volkswagen,2020,136000,53354,Diesel
3285,Ford Endeavour 4x4,Ford,2006,35000,47498,Diesel
3286,Ford Figo Aspire,Ford,2013,58000,60948,Diesel
3287,Volkswagen Jetta Comfortline,Volkswagen,2012,67000,39721,Diesel
3288,Honda Brio S,Honda,2002,25000,162841,Diesel
3289,Renault Duster 110,Renault,2002,25000,149805,Petrol
3290,Volkswagen Ameo Highline,Volkswagen,2006,30000,71005,Petrol
3291,Mahindra Thar CRDe,Mahindra,2009,39000,87096,Diesel
3292,Tata Tigor XZ,Tata,2006,29000,26410,Petrol
3293,Hyundai Xcent S,Hyundai,2016,63000,127269,Diesel
3294,Volvo S60 D4,Volvo,2013,861000,65983,Petrol
3295,Fiat Punto Active,Fiat,2010,28000,164800,Diesel
3296,Ford Endeavour 4x4,Ford,2007,50000,2046,Diesel
3297,Hyundai i10 Sportz,Hyundai,2017,72000,166311,Diesel
3298,Tata Nano Lx,Tata,2007,25000,154479,Diesel
3299,Volvo S60 D4,Volvo,2007,514000,89305,Diesel
3300,BMW 5 Series,BMW,2003,326000,136353,Diesel
3301,Nissan Terrano XL,Nissan,2018,67000,139142,Petrol
3302,Jeep Compass Limited,Jeep,2014,78000,126520,Petrol
3303,Nissan Sunny XL,Nissan,2008,27000,167255,Diesel
3304,Mitsubishi Lancer 1.8,Mitsubishi,2007,28000,145707,Petrol
3305,Maruti Suzuki Swift,Maruti,2019,119000,48164,Diesel
3306,Mini Cooper D,Mini,2007,432000,78710,Diesel
3307,Mitsubishi Lancer 1.8,Mitsubishi,2007,27000,169476,Petrol
3308,Toyota Etios VXD,Toyota,2010,74000,22956,Diesel
3309,Maruti Suzuki Alto,Maruti,2021,84000,171836,CNG
3310,Audi A4 35,Audi,2006,364000,107555,Diesel
3311,Chevrolet Beat LT,Chevrolet,2020,67000,94814,Diesel
3312,Skoda Octavia Elegance,Skoda,2003,35000,5018,Petrol
3313,Mahindra XUV500 W8,Mahindra,2009,41000,97286,Diesel
3314,Toyota Corolla Altis,Toyota,2016,135000,24648,Petrol
3315,Maruti Suzuki Omni,Maruti,2003,25000,110166,Petrol
3316,Mercedes GLA 200d,Mercedes,2003,377000,84083,Diesel
3317,Jaguar XF Portfolio,Jaguar,2003,390000,124356,Diesel
3318,Tata Tigor XZ,Tata,2018,59000,92895,Petrol
3319,Audi A6 2.0,Audi,2008,566000,71239,Diesel
3320,Jaguar XE Prestige,Jaguar,2009,559000,176600,Petrol
3321,Tata Nexon XZ,Tata,2005,31000,3358,Diesel
3322,BMW 5 Series,BMW,2006,558000,52541,Petrol
3323,Skoda Fabia Classic,Skoda,2008,30000,120625,Petrol
3324,Datsun GO Plus,Datsun,2013,34000,125040,Diesel
3325,BMW X1 sDrive20d,BMW,2008,625000,65900,Diesel
3326,Volkswagen Jetta Comfortline,Volkswagen,2004,25000,124194,Diesel
3327,Fiat Linea Active,Fiat,2002,25000,22786,Diesel
3328,Toyota Corolla Altis,Toyota,2007,53000,10894,Petrol
3329,Skoda Rapid Elegance,Skoda,2010,59000,20486,Diesel
3330,BMW 5 Series,BMW,2008,515000,131429,Diesel
3331,Maruti Suzuki Swift,Maruti,2013,58000,77018,Diesel
3332,Honda WR-V i-VTEC,Honda,2019,81000,148950,Petrol
3333,Tata Bolt XT,Tata,2015,60000,69888,Petrol
3334,Maruti Suzuki Ciaz,Maruti,2012,56000,59642,Diesel
3335,Volkswagen Vento Highline,Volkswagen,2004,25000,102549,Diesel
3336,Volvo S60 D4,Volvo,2003,272000,152550,Petrol
3337,Jaguar XF Portfolio,Jaguar,2003,480000,79981,Diesel
3338,Ford EcoSport Ambiente,Ford,2009,30000,119535,Diesel
3339,Datsun GO Plus,Datsun,2014,61000,21688,Diesel
3340,Nissan Sunny XL,Nissan,2010,29000,108652,Diesel
3341,Renault Lodgy 110PS,Renault,2019,126000,17701,Diesel
3342,Mahindra Thar CRDe,Mahindra,2018,73000,159727,Petrol
3343,Audi A8,Audi,2007,369000,151321,Petrol
3344,Chevrolet Beat LT,Chevrolet,2016,39000,170444,Diesel
3345,Nissan Sunny XL,Nissan,2015,95000,8820,Diesel
3346,Renault Lodgy 110PS,Renault,2010,28000,111460,Petrol
3347,Mini Cooper D,Mini,2023,2470000,55409,Petrol
3348,Ford Endeavour 4x4,Ford,2006,33000,48081,Petrol
3349,Mercedes GLA 200d,Mercedes,2022,2482000,73817,Petrol
3350,Audi Q7,Audi,2022,1734000,133024,Diesel
3351,Chevrolet Beat LT,Chevrolet,2014,35000,123498,Petrol
3352,Chevrolet Sail UVA,Chevrolet,2002,25000,175931,Diesel
3353,Ford Fiesta Classic,Ford,2016,108000,15483,Diesel
3354,Land Rover Freelander,Land,2019,1574000,105343,Diesel
3355,Toyota Innova 2.5,Toyota,2004,26000,105539,Petrol
3356,Maruti Suzuki Vitara,Maruti,2008,27000,152200,Petrol
3357,Volvo S60 D4,Volvo,2023,1798000,148643,Petrol
3358,BMW X1 sDrive20d,BMW,2012,994000,53596,Petrol
3359,Maruti Suzuki Alto,Maruti,2015,60000,80830,Diesel
3360,Toyota Innova 2.5,Toyota,2008,39000,155121,Petrol
3361,Renault Triber RXZ,Renault,2011,29000,167802,Petrol
3362,Mitsubishi Lancer 1.8,Mitsubishi,2016,135000,7121,Diesel
3363,Chevrolet Tavera Neo,Chevrolet,2008,35000,622,Diesel
3364,Toyota Corolla Altis,Toyota,2009,42000,147270,Diesel
3365,Hyundai Elite i20,Hyundai,2023,209000,19851,Diesel
3366,Mercedes GLA 200d,Mercedes,2002,360000,101383,Diesel
3367,Renault Duster 110,Renault,2012,32000,169235,Petrol
3368,Volkswagen Vento Highline,Volkswagen,2022,109000,134056,Petrol
3369,Audi A4 35,Audi,2005,383000,124868,Petrol
3370,BMW X1 sDrive20d,BMW,2011,1272000,11249,Diesel
3371,Jeep Compass Longitude,Jeep,2018,108000,168035,Petrol
3372,Jeep Compass Longitude,Jeep,2021,154000,108789,Petrol
3373,Skoda Octavia Elegance,Skoda,2012,77000,8014,Petrol
3374,Jaguar XF Portfolio,Jaguar,2020,2697000,48295,Diesel
3375,BMW X1 sDrive20d,BMW,2002,291000,110982,Petrol
3376,Hyundai Xcent S,Hyundai,2006,42000,4489,Petrol
3377,Mini Cooper S,Mini,2015,1097000,51118,Diesel
3378,Volvo XC60 D5,Volvo,2022,1695000,170745,Petrol
3379,Jeep Compass Limited,Jeep,2002,35000,21392,Petrol
3380,Jaguar XE Prestige,Jaguar,2011,1071000,42647,Diesel
3381,Fiat Linea Active,Fiat,2020,75000,118418,Diesel
3382,Hyundai Eon Era,Hyundai,2021,95000,98855,Diesel
3383,Skoda Fabia Classic,Skoda,2014,70000,83526,Petrol
3384,Skoda Fabia Classic,Skoda,2013,58000,93124,Petrol
3385,Jeep Compass Longitude,Jeep,2019,135000,115342,Diesel
3386,Maruti Suzuki Baleno,Maruti,2014,54000,71397,Petrol
3387,Mitsubishi Lancer 1.8,Mitsubishi,2017,104000,65313,Diesel
3388,BMW 3 Series,BMW,2008,745000,33437,Petrol
3389,Audi Q7,Audi,2021,1560000,138758,Diesel
3390,Nissan Terrano XL,Nissan,2011,38000,148721,Diesel
3391,Jaguar XE Prestige,Jaguar,2006,757000,13337,Diesel
3392,Toyota Etios VXD,Toyota,2015,60000,147864,Petrol
3393,Mahindra TUV300 T8,Mahindra,2020,96000,153036,Diesel
3394,Datsun GO Plus,Datsun,2020,58000,157600,Petrol
3395,Fiat Punto Active,Fiat,2008,29000,84147,Diesel
3396,Jeep Compass Limited,Jeep,2017,96000,118311,Petrol
3397,Maruti Suzuki Wagon,Maruti,2005,28000,64865,Diesel
3398,Volkswagen Vento Highline,Volkswagen,2005,28000,85918,Petrol
3399,Mahindra Bolero SLE,Mahindra,2011,81000,13120,Petrol
3400,Datsun GO T,Datsun,2021,117000,17752,Diesel
3401,Jeep Compass Limited,Jeep,2012,91000,40026,Diesel
3402,Fiat Linea Active,Fiat,2022,95000,85880,Diesel
3403,Jaguar XE Prestige,Jaguar,2011,1409000,3077,Diesel
3404,Honda City 1.5,Honda,2018,110000,47980,Petrol
3405,Mitsubishi Lancer 1.8,Mitsubishi,2015,67000,112325,Petrol
3406,Volvo XC60 D5,Volvo,2006,376000,149098,Petrol
3407,Datsun GO Plus,Datsun,2006,27000,1230,Petrol
3408,Mini Cooper S,Mini,2016,861000,161498,Diesel
3409,BMW X1 sDrive20d,BMW,2012,746000,126005,Petrol
3410,Mini Cooper D,Mini,2002,294000,81265,Petrol
3411,Volkswagen Polo Highline,Volkswagen,2007,37000,83458,Petrol
3412,Mercedes GLA 200d,Mercedes,2021,1978000,82871,Diesel
3413,Mercedes E-Class E220d,Mercedes,2008,452000,168491,Petrol
3414,Nissan Micra XV,Nissan,2009,29000,109949,Petrol
3415,Toyota Innova 2.5,Toyota,2006,35000,87531,Petrol
3416,Tata Nano Lx,Tata,2016,80000,10668,Petrol
3417,Volkswagen Jetta Comfortline,Volkswagen,2015,116000,6829,Diesel
3418,Honda Amaze S,Honda,2012,78000,17319,Petrol
3419,Chevrolet Beat LT,Chevrolet,2021,123000,18788,Diesel
3420,Land Rover Discovery,Land,2004,434000,126799,Petrol
3421,Fiat Linea Active,Fiat,2004,25000,70350,Diesel
3422,Hyundai Tucson 2WD,Hyundai,2004,25000,146466,Diesel
3423,Fiat Punto Active,Fiat,2005,25000,84237,Diesel
3424,Volvo XC60 D5,Volvo,2023,2068000,95977,Petrol
3425,Datsun GO T,Datsun,2022,63000,129047,Diesel
3426,Mitsubishi Pajero Sport,Mitsubishi,2002,27000,81753,Diesel
3427,Volkswagen Polo Highline,Volkswagen,2009,31000,158489,Petrol
3428,Maruti Suzuki Eeco,Maruti,2008,25000,154389,CNG
3429,Hyundai Eon Era,Hyundai,2018,85000,97551,Diesel
3430,Land Rover Freelander,Land,2023,2146000,116705,Petrol
3431,Volvo XC60 D5,Volvo,2004,359000,100274,Diesel
3432,Tata Nano Lx,Tata,2009,28000,89896,Diesel
3433,Tata Bolt XT,Tata,2016,69000,78738,Diesel
3434,Jeep Compass Longitude,Jeep,2015,82000,127864,Petrol
3435,Fiat Linea Active,Fiat,2003,25000,156490,Petrol
3436,Ford Endeavour 4x4,Ford,2021,175000,24389,Diesel
3437,Tata Tigor XZ,Tata,2006,25000,102283,Diesel
3438,Volkswagen Ameo Highline,Volkswagen,2019,143000,12432,Diesel
3439,Toyota Yaris VX,Toyota,2005,39000,29312,Diesel
3440,Jaguar XE Prestige,Jaguar,2006,793000,4842,Diesel
3441,Jaguar XE Prestige,Jaguar,2017,1299000,125249,Diesel
3442,Mercedes GLA 200d,Mercedes,2003,346000,139514,Petrol
3443,Mahindra TUV300 T8,Mahindra,2004,31000,75931,Diesel
3444,Mitsubishi Lancer 1.8,Mitsubishi,2009,38000,151246,Diesel
3445,Datsun redi-GO T,Datsun,2006,25000,106909,Petrol
3446,Mitsubishi Lancer 1.8,Mitsubishi,2002,25000,95337,Petrol
3447,Datsun GO T,Datsun,2019,58000,79059,Petrol
3448,Fiat Linea Active,Fiat,2002,25000,56744,Diesel
3449,Hyundai i10 Sportz,Hyundai,2009,54000,10986,Diesel
3450,Maruti Suzuki Celerio,Maruti,2003,26000,33986,Petrol
3451,Maruti Suzuki Ciaz,Maruti,2019,64000,154179,Petrol
3452,Hyundai Tucson 2WD,Hyundai,2005,33000,43329,Petrol
3453,Maruti Suzuki Swift,Maruti,2013,66000,35556,Petrol
3454,Land Rover Freelander,Land,2016,1477000,97362,Diesel
3455,Ford Endeavour 4x4,Ford,2022,140000,49035,Diesel
3456,Fiat Linea Active,Fiat,2003,25000,34977,Diesel
3457,Mercedes E-Class E220d,Mercedes,2023,2816000,84426,Diesel
3458,Mitsubishi Pajero Sport,Mitsubishi,2003,28000,83729,Diesel
3459,Skoda Octavia Elegance,Skoda,2011,48000,86444,Petrol
3460,Maruti Suzuki Eeco,Maruti,2019,109000,31760,CNG
3461,Tata Tiago Revotron,Tata,2011,42000,86652,Diesel
3462,Toyota Glanza G,Toyota,2023,145000,97354,Petrol
3463,Hyundai Verna 1.6,Hyundai,2015,54000,99684,Petrol
3464,Ford Freestyle Titanium,Ford,2015,87000,36679,Diesel
3465,Maruti Suzuki Wagon,Maruti,2016,58000,167963,Petrol
3466,Datsun GO T,Datsun,2006,25000,51674,Diesel
3467,Jeep Compass Limited,Jeep,2002,47000,18713,Diesel
3468,Mahindra TUV300 T8,Mahindra,2009,36000,178198,Petrol
3469,Mercedes C-Class C220d,Mercedes,2012,715000,111051,Petrol
3470,Hyundai Verna 1.6,Hyundai,2006,33000,47087,Diesel
3471,Mitsubishi Lancer 1.8,Mitsubishi,2011,42000,116056,Diesel
3472,Volkswagen Ameo Highline,Volkswagen,2008,55000,25547,Diesel
3473,Audi Q7,Audi,2003,331000,83807,Diesel
3474,Mahindra KUV100 K8,Mahindra,2015,75000,78833,Petrol
3475,Chevrolet Tavera Neo,Chevrolet,2005,25000,145256,Petrol
3476,Volvo XC60 D5,Volvo,2010,541000,164517,Diesel
3477,Nissan Terrano XL,Nissan,2016,99000,12991,Petrol
3478,Mini Cooper S,Mini,2020,1585000,48756,Petrol
3479,Mercedes C-Class C220d,Mercedes,2008,767000,49816,Petrol
3480,Mercedes C-Class C220d,Mercedes,2023,3290000,35033,Petrol
3481,Skoda Rapid Elegance,Skoda,2003,27000,48870,Petrol
3482,Datsun redi-GO T,Datsun,2014,30000,161924,Petrol
3483,Renault Kwid RXT,Renault,2009,29000,140325,Diesel
3484,Renault Kwid RXT,Renault,2002,25000,150893,Petrol
3485,Mahindra KUV100 K8,Mahindra,2021,177000,49618,Diesel
3486,Volkswagen Ameo Highline,Volkswagen,2006,37000,55784,Diesel
3487,Mitsubishi Pajero Sport,Mitsubishi,2021,207000,2483,Diesel
3488,Mahindra Thar CRDe,Mahindra,2010,52000,89778,Diesel
3489,Audi Q3 35,Audi,2015,826000,149101,Petrol
3490,Ford EcoSport Titanium,Ford,2002,25000,103213,Diesel
3491,Honda Amaze S,Honda,2015,65000,164049,Petrol
3492,Audi A8,Audi,2008,643000,53512,Petrol
3493,Audi A4 35,Audi,2008,431000,146510,Diesel
3494,Hyundai Verna 1.6,Hyundai,2021,117000,82201,Petrol
3495,Honda Brio S,Honda,2011,69000,22333,Petrol
3496,Skoda Octavia Elegance,Skoda,2003,29000,34775,Diesel
3497,BMW 5 Series,BMW,2013,758000,132833,Petrol
3498,Nissan Terrano XL,Nissan,2002,25000,112743,Petrol
3499,Land Rover Discovery,Land,2008,617000,133362,Diesel
3500,Datsun redi-GO T,Datsun,2015,63000,18705,Diesel
3501,Volvo XC60 D5,Volvo,2022,1484000,153768,Petrol
3502,Mitsubishi Lancer 1.8,Mitsubishi,2020,118000,142099,Diesel
3503,Mahindra Bolero SLE,Mahindra,2021,101000,132767,Diesel
3504,Chevrolet Sail UVA,Chevrolet,2002,25000,74049,Petrol
3505,BMW 5 Series,BMW,2008,803000,33538,Petrol
3506,Volkswagen Jetta Comfortline,Volkswagen,2005,33000,34378,Petrol
3507,Land Rover Freelander,Land,2023,4092000,27449,Diesel
3508,Chevrolet Spark LT,Chevrolet,2010,45000,4368,Petrol
3509,Audi A8,Audi,2007,700000,36137,Petrol
3510,Land Rover Discovery,Land,2017,1786000,78788,Petrol
3511,Toyota Corolla Altis,Toyota,2014,58000,120973,Diesel
3512,Jeep Compass Longitude,Jeep,2006,53000,53847,Diesel
3513,Mercedes C-Class C220d,Mercedes,2012,691000,172397,Diesel
3514,Datsun GO Plus,Datsun,2004,25000,52510,Diesel
3515,Skoda Rapid Elegance,Skoda,2020,96000,157244,Diesel
3516,Chevrolet Tavera Neo,Chevrolet,2023,87000,116445,Diesel
3517,Tata Tigor XZ,Tata,2019,95000,63392,Petrol
3518,Audi A6 2.0,Audi,2008,437000,103639,Petrol
3519,BMW 5 Series,BMW,2013,1024000,83633,Diesel
3520,Volkswagen Ameo Highline,Volkswagen,2017,71000,174559,Diesel
3521,Nissan Sunny XL,Nissan,2013,60000,26281,Petrol
3522,Maruti Suzuki Alto,Maruti,2003,25000,101396,CNG
3523,BMW X1 sDrive20d,BMW,2006,486000,76428,Petrol
3524,Nissan Sunny XL,Nissan,2012,53000,28021,Petrol
3525,Tata Nano Lx,Tata,2018,57000,106670,Diesel
3526,Chevrolet Tavera Neo,Chevrolet,2003,25000,16752,Diesel
3527,Tata Indica V2,Tata,2021,93000,78297,Diesel
3528,Mini Cooper D,Mini,2003,392000,45544,Petrol
3529,Hyundai Xcent S,Hyundai,2021,83000,140261,Petrol
3530,Volkswagen Polo Highline,Volkswagen,2008,40000,70646,Petrol
3531,Mahindra TUV300 T8,Mahindra,2021,119000,127185,Petrol
3532,Volkswagen Ameo Highline,Volkswagen,2006,25000,145652,Diesel
3533,Volvo XC60 D5,Volvo,2018,2023000,3555,Diesel
3534,Tata Tiago Revotron,Tata,2014,47000,129112,Diesel
3535,Maruti Suzuki Ciaz,Maruti,2012,38000,130717,Petrol
3536,Chevrolet Beat LT,Chevrolet,2006,25000,172554,Diesel
3537,Volkswagen Ameo Highline,Volkswagen,2006,27000,170670,Petrol
3538,Nissan Terrano XL,Nissan,2021,136000,36777,Diesel
3539,Maruti Suzuki Vitara,Maruti,2008,28000,81935,Petrol
3540,Audi A8,Audi,2017,1422000,74995,Diesel
3541,Ford Fiesta Classic,Ford,2011,68000,17583,Diesel
3542,Jaguar XE Prestige,Jaguar,2008,1072000,1068,Petrol
3543,Mini Cooper D,Mini,2018,1328000,72570,Petrol
3544,Mini Cooper S,Mini,2007,379000,112654,Petrol
3545,Fiat Linea Active,Fiat,2021,92000,73487,Petrol
3546,Datsun GO T,Datsun,2020,77000,56103,Petrol
3547,Jeep Compass Longitude,Jeep,2016,86000,141889,Petrol
3548,Datsun redi-GO T,Datsun,2012,27000,147720,Diesel
3549,Maruti Suzuki Ertiga,Maruti,2006,29000,61852,Petrol
3550,Mini Cooper D,Mini,2005,331000,118146,Petrol
3551,Renault Lodgy 110PS,Renault,2023,89000,150363,Petrol
3552,BMW 5 Series,BMW,2010,546000,142222,Diesel
3553,Volkswagen Jetta Comfortline,Volkswagen,2016,71000,152385,Diesel
3554,Audi A8,Audi,2017,1277000,82402,Diesel
3555,Fiat Punto Active,Fiat,2016,68000,55184,Diesel
3556,Mahindra Thar CRDe,Mahindra,2017,79000,158049,Diesel
3557,Jeep Compass Limited,Jeep,2007,41000,106264,Petrol
3558,Audi A8,Audi,2008,500000,137758,Petrol
3559,Jaguar XF Portfolio,Jaguar,2014,1505000,20881,Petrol
3560,Ford Figo,Ford,2005,25000,165669,Petrol
3561,Mahindra Scorpio SLE,Mahindra,2006,28000,148754,Petrol
3562,Mercedes C-Class C220d,Mercedes,2014,1041000,101818,Petrol
3563,Mitsubishi Pajero Sport,Mitsubishi,2009,38000,126203,Petrol
3564,Fiat Punto Active,Fiat,2009,33000,72163,Diesel
3565,Audi A4 35,Audi,2009,602000,82985,Petrol
3566,Jeep Compass Limited,Jeep,2018,146000,59157,Petrol
3567,Maruti Suzuki Vitara,Maruti,2016,80000,61998,Petrol
3568,Jaguar XE Prestige,Jaguar,2005,501000,84747,Diesel
3569,Chevrolet Tavera Neo,Chevrolet,2023,136000,8681,Diesel
3570,Mercedes GLA 200d,Mercedes,2021,1723000,177178,Petrol
3571,Volkswagen Ameo Highline,Volkswagen,2003,27000,81673,Diesel
3572,Ford EcoSport Titanium,Ford,2011,71000,16848,Diesel
3573,Mini Cooper S,Mini,2006,515000,59559,Diesel
3574,Fiat Linea Active,Fiat,2005,25000,85113,Diesel
3575,Volvo S60 D4,Volvo,2003,313000,152872,Diesel
3576,Audi Q7,Audi,2003,458000,37356,Petrol
3577,Mini Cooper D,Mini,2013,628000,111865,Diesel
3578,Mitsubishi Lancer 1.8,Mitsubishi,2002,29000,60891,Diesel
3579,Skoda Fabia Classic,Skoda,2004,25000,113347,Petrol
3580,Mercedes C-Class C220d,Mercedes,2017,1281000,132753,Petrol
3581,Mercedes E-Class E220d,Mercedes,2016,1682000,42086,Petrol
3582,Jeep Compass Limited,Jeep,2019,156000,54724,Petrol
3583,Chevrolet Sail UVA,Chevrolet,2023,113000,79870,Petrol
3584,Toyota Corolla Altis,Toyota,2004,25000,98643,Diesel
3585,Volkswagen Vento Highline,Volkswagen,2020,88000,113571,Diesel
3586,Tata Tiago Revotron,Tata,2011,36000,100842,Diesel
3587,Ford EcoSport Ambiente,Ford,2022,109000,150125,Diesel
3588,Mini Cooper D,Mini,2010,467000,159944,Petrol
3589,Chevrolet Beat LT,Chevrolet,2007,27000,43507,Petrol
3590,Mitsubishi Pajero Sport,Mitsubishi,2022,149000,75251,Petrol
3591,Volkswagen Jetta Comfortline,Volkswagen,2014,103000,15454,Diesel
3592,Mercedes E-Class E220d,Mercedes,2011,1207000,6871,Petrol
3593,Honda Civic 1.8,Honda,2014,76000,75758,Petrol
3594,Maruti Suzuki Swift,Maruti,2015,58000,166408,Diesel
3595,Mitsubishi Lancer 1.8,Mitsubishi,2007,48000,30659,Petrol
3596,Ford Endeavour 4x4,Ford,2014,51000,109017,Diesel
3597,Honda Jazz V,Honda,2014,70000,63148,Diesel
3598,Hyundai Elite i20,Hyundai,2006,33000,35132,Petrol
3599,Hyundai Grand i10,Hyundai,2008,29000,114845,Diesel
3600,Mercedes E-Class E220d,Mercedes,2021,3047000,4332,Petrol
3601,Mahindra Thar CRDe,Mahindra,2006,26000,166735,Diesel
3602,Volkswagen Ameo Highline,Volkswagen,2002,25000,161785,Petrol
3603,Nissan Micra XV,Nissan,2016,74000,79803,Diesel
3604,Skoda Fabia Classic,Skoda,2014,93000,13874,Petrol
3605,Honda WR-V i-VTEC,Honda,2008,57000,17528,Diesel
3606,Volvo XC60 D5,Volvo,2013,725000,152837,Petrol
3607,Fiat Linea Active,Fiat,2002,25000,46997,Diesel
3608,Tata Tiago Revotron,Tata,2011,35000,179235,Diesel
3609,Honda Amaze S,Honda,2019,87000,140594,Petrol
3610,Renault Kwid RXT,Renault,2004,25000,66341,Diesel
3611,Land Rover Freelander,Land,2013,976000,126506,Diesel
3612,Nissan Micra XV,Nissan,2005,26000,68444,Diesel
3613,Chevrolet Spark LT,Chevrolet,2004,25000,35230,Petrol
3614,Skoda Fabia Classic,Skoda,2016,67000,130004,Diesel
3615,Hyundai Xcent S,Hyundai,2013,39000,131708,Petrol
3616,Fiat Linea Active,Fiat,2009,38000,22585,Diesel
3617,Mahindra Scorpio SLE,Mahindra,2010,56000,60089,Diesel
3618,Mini Cooper S,Mini,2002,226000,127471,Petrol
3619,Volvo XC60 D5,Volvo,2022,1690000,137595,Diesel
3620,Audi A4 35,Audi,2015,813000,168478,Petrol
3621,Mitsubishi Pajero Sport,Mitsubishi,2009,72000,19001,Diesel
3622,Tata Indica V2,Tata,2014,65000,8813,Petrol
3623,Chevrolet Spark LT,Chevrolet,2007,25000,75677,Petrol
3624,Maruti Suzuki Ertiga,Maruti,2015,45000,126033,Petrol
3625,Chevrolet Spark LT,Chevrolet,2002,25000,25121,Diesel
3626,Jeep Compass Longitude,Jeep,2006,52000,35668,Petrol
3627,Chevrolet Spark LT,Chevrolet,2020,100000,34307,Petrol
3628,Datsun GO T,Datsun,2022,134000,7317,Petrol
3629,Hyundai Grand i10,Hyundai,2005,31000,54556,Diesel
3630,Mitsubishi Pajero Sport,Mitsubishi,2008,45000,59822,Petrol
3631,Ford Freestyle Titanium,Ford,2008,44000,41603,Petrol
3632,BMW X1 sDrive20d,BMW,2011,704000,87461,Petrol
3633,Volkswagen Jetta Comfortline,Volkswagen,2015,83000,50779,Diesel
3634,Mitsubishi Lancer 1.8,Mitsubishi,2009,40000,114726,Diesel
3635,Renault Triber RXZ,Renault,2023,97000,150268,Diesel
3636,Renault Triber RXZ,Renault,2014,77000,24247,Diesel
3637,Datsun redi-GO T,Datsun,2012,25000,147613,Petrol
3638,Datsun GO T,Datsun,2013,41000,64662,Petrol
3639,Skoda Fabia Classic,Skoda,2010,36000,124023,Diesel
3640,Mitsubishi Lancer 1.8,Mitsubishi,2007,43000,75739,Diesel
3641,Datsun redi-GO T,Datsun,2012,26000,174929,Petrol
3642,Land Rover Discovery,Land,2006,524000,166244,Diesel
3643,Tata Tigor XZ,Tata,2014,38000,129560,Petrol
3644,Mahindra Scorpio S10,Mahindra,2022,125000,120074,Petrol
3645,Tata Tigor XZ,Tata,2022,82000,143506,Petrol
3646,Jaguar XF Portfolio,Jaguar,2015,1112000,143893,Diesel
3647,Jaguar XE Prestige,Jaguar,2015,1906000,26646,Diesel
3648,Mitsubishi Lancer 1.8,Mitsubishi,2020,107000,167587,Petrol
3649,Fiat Punto Active,Fiat,2015,77000,25313,Diesel
3650,Jeep Compass Longitude,Jeep,2005,36000,103293,Petrol
3651,Renault Duster 110,Renault,2017,77000,54683,Diesel
3652,Land Rover Freelander,Land,2002,560000,25113,Diesel
3653,Mercedes GLA 200d,Mercedes,2002,278000,145834,Petrol
3654,Tata Indica V2,Tata,2006,31000,32208,Diesel
3655,Skoda Rapid Elegance,Skoda,2014,85000,48319,Diesel
3656,Mitsubishi Pajero Sport,Mitsubishi,2014,82000,77835,Diesel
3657,Tata Bolt XT,Tata,2005,25000,120688,Petrol
3658,Mitsubishi Lancer 1.8,Mitsubishi,2002,30000,56521,Diesel
3659,Jaguar XE Prestige,Jaguar,2023,3745000,28893,Petrol
3660,Datsun GO Plus,Datsun,2011,25000,148776,Diesel
3661,Jaguar XE Prestige,Jaguar,2015,988000,178863,Petrol
3662,Ford EcoSport Titanium,Ford,2005,25000,102239,Petrol
3663,Mitsubishi Pajero Sport,Mitsubishi,2005,27000,105312,Petrol
3664,Mitsubishi Pajero Sport,Mitsubishi,2004,31000,51136,Petrol
3665,Tata Nexon XZ,Tata,2023,104000,110007,Diesel
3666,Jaguar XF Portfolio,Jaguar,2019,2349000,26416,Diesel
3667,Land Rover Discovery,Land,2004,721000,16372,Petrol
3668,Skoda Octavia Elegance,Skoda,2022,121000,154847,Petrol
3669,Skoda Octavia Elegance,Skoda,2007,49000,10232,Petrol
3670,BMW 5 Series,BMW,2005,403000,106058,Petrol
3671,Volvo S60 D4,Volvo,2009,552000,76640,Petrol
3672,Tata Tiago Revotron,Tata,2018,74000,86378,Diesel
3673,Hyundai Eon Era,Hyundai,2012,56000,51868,Petrol
3674,Mitsubishi Pajero Sport,Mitsubishi,2017,73000,155204,Petrol
3675,Hyundai Grand i10,Hyundai,2012,43000,126073,Petrol
3676,Mercedes C-Class C220d,Mercedes,2008,801000,35550,Petrol
3677,Maruti Suzuki Swift,Maruti,2011,32000,121716,Petrol
3678,Fiat Punto Active,Fiat,2011,42000,24221,Petrol
3679,Mini Cooper D,Mini,2012,1037000,35939,Diesel
3680,Volvo S60 D4,Volvo,2015,888000,124995,Diesel
3681,BMW 3 Series,BMW,2021,2794000,18908,Petrol
3682,Hyundai Venue SX,Hyundai,2011,38000,161231,Petrol
3683,Mitsubishi Lancer 1.8,Mitsubishi,2007,37000,65505,Petrol
3684,Hyundai Grand i10,Hyundai,2009,49000,21700,Diesel
3685,Volvo XC60 D5,Volvo,2023,2481000,48739,Diesel
3686,Nissan Sunny XL,Nissan,2007,28000,84818,Petrol
3687,Skoda Fabia Classic,Skoda,2002,27000,36519,Diesel
3688,Mahindra TUV300 T8,Mahindra,2020,104000,142392,Petrol
3689,Jeep Compass Limited,Jeep,2015,93000,102448,Diesel
3690,Volvo S60 D4,Volvo,2003,457000,8128,Diesel
3691,Land Rover Discovery,Land,2015,1278000,118436,Diesel
3692,Tata Tiago Revotron,Tata,2013,42000,132447,Diesel
3693,Toyota Fortuner 3.0,Toyota,2022,208000,22755,Diesel
3694,Mini Cooper D,Mini,2014,731000,96295,Petrol
3695,Mercedes C-Class C220d,Mercedes,2023,3419000,11328,Petrol
3696,Volkswagen Polo Highline,Volkswagen,2009,64000,1435,Diesel
3697,BMW 3 Series,BMW,2010,1134000,10723,Diesel
3698,Maruti Suzuki Alto,Maruti,2022,99000,108064,CNG
3699,Volkswagen Polo Highline,Volkswagen,2017,98000,35640,Petrol
3700,Tata Bolt XT,Tata,2005,31000,32006,Diesel
3701,Honda Amaze S,Honda,2006,25000,144859,Petrol
3702,Skoda Fabia Classic,Skoda,2019,111000,72902,Diesel
3703,Tata Tiago Revotron,Tata,2021,72000,155041,Diesel
3704,Hyundai Xcent S,Hyundai,2010,31000,118686,Petrol
3705,Ford Fiesta Classic,Ford,2005,30000,64659,Diesel
3706,Chevrolet Spark LT,Chevrolet,2012,27000,116228,Petrol
3707,Mitsubishi Pajero Sport,Mitsubishi,2002,25000,114573,Diesel
3708,Jaguar XF Portfolio,Jaguar,2017,1309000,145989,Petrol
3709,Skoda Fabia Classic,Skoda,2021,130000,75518,Diesel
3710,Chevrolet Spark LT,Chevrolet,2018,83000,25162,Diesel
3711,Audi Q3 35,Audi,2022,2495000,33888,Petrol
3712,Jaguar XE Prestige,Jaguar,2002,357000,101163,Petrol
3713,Fiat Punto Active,Fiat,2023,129000,59696,Diesel
3714,Jaguar XE Prestige,Jaguar,2005,568000,58274,Diesel
3715,Renault Lodgy 110PS,Renault,2021,79000,151018,Petrol
3716,Volkswagen Vento Highline,Volkswagen,2020,184000,273,Diesel
3717,Mini Cooper S,Mini,2011,595000,94284,Petrol
3718,BMW 3 Series,BMW,2014,1395000,17579,Petrol
3719,Renault Kwid RXT,Renault,2016,69000,71761,Diesel
3720,Datsun redi-GO T,Datsun,2006,25000,116533,Diesel
3721,Jaguar XE Prestige,Jaguar,2011,664000,154174,Petrol
3722,Maruti Suzuki Alto,Maruti,2010,47000,51074,CNG
3723,Toyota Yaris VX,Toyota,2021,125000,104372,Diesel
3724,Mercedes C-Class C220d,Mercedes,2012,1446000,2498,Diesel
3725,Honda Jazz V,Honda,2007,41000,55829,Diesel
3726,Volkswagen Polo Highline,Volkswagen,2016,97000,33135,Diesel
3727,Renault Lodgy 110PS,Renault,2021,141000,28414,Diesel
3728,Skoda Octavia Elegance,Skoda,2002,25000,100808,Petrol
3729,Datsun GO T,Datsun,2007,25000,72858,Petrol
3730,Tata Nano Lx,Tata,2023,158000,37953,Diesel
3731,Toyota Etios VXD,Toyota,2004,29000,84551,Petrol
3732,Volkswagen Polo Highline,Volkswagen,2006,26000,158723,Diesel
3733,Land Rover Freelander,Land,2016,1829000,41500,Petrol
3734,Volvo S60 D4,Volvo,2006,606000,7031,Diesel
3735,Toyota Innova 2.5,Toyota,2013,57000,179536,Petrol
3736,Datsun GO Plus,Datsun,2008,25000,124576,Petrol
3737,Nissan Micra XV,Nissan,2008,39000,31848,Petrol
3738,Skoda Octavia Elegance,Skoda,2013,80000,2089,Petrol
3739,Jaguar XE Prestige,Jaguar,2005,427000,151214,Petrol
3740,Volvo S60 D4,Volvo,2017,967000,158486,Diesel
3741,Hyundai Santro Xing,Hyundai,2007,26000,152606,Diesel
3742,Toyota Corolla Altis,Toyota,2014,68000,177575,Diesel
3743,Nissan Sunny XL,Nissan,2021,107000,81129,Petrol
3744,Volvo S60 D4,Volvo,2009,982000,223,Diesel
3745,Tata Nano Lx,Tata,2009,45000,21817,Diesel
3746,Fiat Punto Active,Fiat,2011,33000,87000,Diesel
3747,Renault Lodgy 110PS,Renault,2002,26000,31103,Diesel
3748,Jaguar XE Prestige,Jaguar,2004,439000,175757,Diesel
3749,BMW X1 sDrive20d,BMW,2015,1049000,89224,Petrol
3750,Mini Cooper D,Mini,2004,456000,32873,Petrol
3751,Mahindra Thar CRDe,Mahindra,2017,77000,143608,Diesel
3752,Volvo S60 D4,Volvo,2006,509000,34714,Petrol
3753,Mercedes GLA 200d,Mercedes,2019,1322000,178293,Diesel
3754,Mercedes GLA 200d,Mercedes,2015,1372000,53707,Diesel
3755,Jaguar XF Portfolio,Jaguar,2005,442000,141435,Diesel
3756,Honda WR-V i-VTEC,Honda,2022,124000,135580,Diesel
3757,Renault Lodgy 110PS,Renault,2004,31000,21891,Diesel
3758,Tata Indica V2,Tata,2003,25000,7680,Petrol
3759,Renault Kwid RXT,Renault,2009,41000,19275,Petrol
3760,Volvo XC60 D5,Volvo,2014,702000,160690,Petrol
3761,Fiat Linea Active,Fiat,2005,25000,128783,Petrol
3762,Chevrolet Beat LT,Chevrolet,2012,36000,55231,Petrol
3763,Volkswagen Polo Highline,Volkswagen,2014,64000,92662,Petrol
3764,Toyota Fortuner 3.0,Toyota,2016,98000,57857,Diesel
3765,Toyota Corolla Altis,Toyota,2012,66000,90651,Petrol
3766,Mercedes E-Class E220d,Mercedes,2023,2568000,102926,Diesel
3767,Mercedes E-Class E220d,Mercedes,2010,640000,138757,Diesel
3768,Toyota Etios VXD,Toyota,2010,47000,151555,Diesel
3769,Maruti Suzuki Wagon,Maruti,2015,48000,164064,Petrol
3770,Mitsubishi Pajero Sport,Mitsubishi,2020,108000,109887,Diesel
3771,Ford Figo,Ford,2023,216000,14317,Diesel
3772,BMW X1 sDrive20d,BMW,2017,1756000,47108,Petrol
3773,Volvo XC60 D5,Volvo,2020,2094000,56594,Diesel
3774,Honda City 1.5,Honda,2006,25000,150971,Petrol
3775,Jaguar XF Portfolio,Jaguar,2002,486000,48870,Petrol
3776,Mercedes E-Class E220d,Mercedes,2019,1348000,175246,Petrol
3777,Mercedes GLA 200d,Mercedes,2020,1514000,121640,Petrol
3778,Skoda Octavia Elegance,Skoda,2022,182000,13715,Diesel
3779,Volvo S60 D4,Volvo,2004,402000,76804,Diesel
3780,Honda Amaze S,Honda,2008,32000,116677,Petrol
3781,Land Rover Discovery,Land,2012,1473000,16885,Diesel
3782,Audi A4 35,Audi,2014,1264000,51776,Diesel
3783,Jeep Compass Limited,Jeep,2008,69000,1238,Petrol
3784,Honda City 1.5,Honda,2003,25000,177280,Diesel
3785,Datsun redi-GO T,Datsun,2019,82000,53456,Petrol
3786,Audi Q7,Audi,2014,1587000,6113,Petrol
3787,Volvo XC60 D5,Volvo,2017,1072000,167383,Petrol
3788,Chevrolet Sail UVA,Chevrolet,2021,98000,75083,Diesel
3789,Maruti Suzuki Alto,Maruti,2013,45000,110018,Diesel
3790,Ford Freestyle Titanium,Ford,2008,46000,38260,Diesel
3791,Mahindra XUV500 W8,Mahindra,2013,98000,13185,Petrol
3792,Mahindra Scorpio SLE,Mahindra,2012,56000,76586,Diesel
3793,Jeep Compass Longitude,Jeep,2019,230000,12889,Petrol
3794,Mitsubishi Pajero Sport,Mitsubishi,2011,53000,67020,Petrol
3795,Renault Duster 110,Renault,2013,47000,106443,Diesel
3796,Jaguar XE Prestige,Jaguar,2012,1097000,50151,Petrol
3797,Mercedes E-Class E220d,Mercedes,2016,1360000,83912,Diesel
3798,Volvo S60 D4,Volvo,2005,353000,105826,Diesel
3799,Mercedes E-Class E220d,Mercedes,2019,1688000,68850,Petrol
3800,Hyundai Elite i20,Hyundai,2016,57000,172343,Petrol
3801,Land Rover Freelander,Land,2017,2044000,27056,Diesel
3802,Datsun redi-GO T,Datsun,2018,43000,110828,Petrol
3803,Datsun redi-GO T,Datsun,2013,30000,151918,Petrol
3804,Mahindra TUV300 T8,Mahindra,2003,25000,84208,Diesel
3805,Tata Tiago Revotron,Tata,2008,33000,67099,Diesel
3806,Nissan Sunny XL,Nissan,2012,36000,115373,Petrol
3807,Renault Kwid RXT,Renault,2020,71000,172101,Petrol
3808,Jaguar XE Prestige,Jaguar,2005,416000,122816,Diesel
3809,Jaguar XF Portfolio,Jaguar,2019,2083000,70271,Diesel
3810,Tata Indica V2,Tata,2008,44000,1793,Petrol
3811,Toyota Fortuner 3.0,Toyota,2007,33000,125664,Diesel
3812,Mini Cooper S,Mini,2010,597000,83109,Petrol
3813,Land Rover Freelander,Land,2007,682000,83969,Petrol
3814,Skoda Rapid Elegance,Skoda,2005,33000,62635,Petrol
3815,Tata Indica V2,Tata,2019,61000,148028,Diesel
3816,Maruti Suzuki Eeco,Maruti,2016,85000,58757,Petrol
3817,Mercedes E-Class E220d,Mercedes,2005,578000,31785,Diesel
3818,Mercedes GLA 200d,Mercedes,2018,1222000,102319,Petrol
3819,Maruti Suzuki Vitara,Maruti,2004,25000,38484,Petrol
3820,Volkswagen Vento Highline,Volkswagen,2008,40000,77485,Diesel
3821,Hyundai Verna 1.6,Hyundai,2023,132000,126827,Diesel
3822,Volvo XC60 D5,Volvo,2005,314000,177795,Diesel
3823,Volvo XC60 D5,Volvo,2013,829000,104632,Diesel
3824,Hyundai Tucson 2WD,Hyundai,2021,98000,178688,Diesel
3825,Skoda Rapid Elegance,Skoda,2002,30000,4678,Diesel
3826,Skoda Fabia Classic,Skoda,2023,133000,99678,Diesel
3827,Tata Tigor XZ,Tata,2007,33000,33440,Petrol
3828,Renault Duster 110,Renault,2016,101000,5670,Diesel
3829,Renault Lodgy 110PS,Renault,2003,25000,29989,Diesel
3830,Ford EcoSport Titanium,Ford,2012,62000,9836,Petrol
3831,Honda WR-V i-VTEC,Honda,2002,28000,8155,Petrol
3832,Mitsubishi Pajero Sport,Mitsubishi,2023,209000,68691,Diesel
3833,Fiat Punto Active,Fiat,2009,30000,83630,Diesel
3834,Nissan Sunny XL,Nissan,2004,25000,157418,Petrol
3835,Mercedes GLA 200d,Mercedes,2004,455000,66199,Diesel
3836,Jeep Compass Limited,Jeep,2022,188000,101638,Diesel
3837,Honda City 1.5,Honda,2008,55000,24117,Diesel
3838,BMW 5 Series,BMW,2013,1133000,38439,Petrol
3839,Volkswagen Vento Highline,Volkswagen,2017,67000,175686,Petrol
3840,Hyundai Elite i20,Hyundai,2002,25000,143257,Diesel
3841,Jaguar XF Portfolio,Jaguar,2002,384000,83888,Petrol
3842,Chevrolet Sail UVA,Chevrolet,2008,35000,37649,Diesel
3843,Mini Cooper S,Mini,2003,275000,169173,Petrol
3844,BMW X1 sDrive20d,BMW,2008,564000,100078,Petrol
3845,Hyundai Santro Xing,Hyundai,2003,25000,154590,Petrol
3846,Renault Duster 110,Renault,2019,72000,116326,Petrol
3847,Skoda Octavia Elegance,Skoda,2003,27000,45579,Petrol
3848,Mahindra Thar CRDe,Mahindra,2019,97000,157422,Diesel
3849,Renault Duster 110,Renault,2010,42000,57935,Diesel
3850,BMW 5 Series,BMW,2007,440000,140029,Petrol
3851,Honda Amaze S,Honda,2023,132000,166611,Diesel
3852,Mitsubishi Lancer 1.8,Mitsubishi,2016,107000,67322,Diesel
3853,Land Rover Freelander,Land,2004,718000,23241,Petrol
3854,Tata Tigor XZ,Tata,2009,47000,2293,Diesel
3855,Audi Q7,Audi,2018,1347000,76178,Petrol
3856,Ford Fiesta Classic,Ford,2011,61000,36782,Diesel
3857,BMW X1 sDrive20d,BMW,2013,820000,169874,Petrol
3858,Mercedes E-Class E220d,Mercedes,2017,2004000,25867,Diesel
3859,Honda Brio S,Honda,2018,76000,142363,Petrol
3860,Fiat Linea Active,Fiat,2002,25000,23111,Diesel
3861,Toyota Fortuner 3.0,Toyota,2014,85000,45161,Petrol
3862,Audi Q7,Audi,2018,2094000,3034,Petrol
3863,Datsun redi-GO T,Datsun,2007,25000,49189,Petrol
3864,Renault Triber RXZ,Renault,2020,69000,140467,Petrol
3865,Mercedes E-Class E220d,Mercedes,2016,1644000,40022,Diesel
3866,Mercedes E-Class E220d,Mercedes,2011,1300000,6637,Petrol
3867,Fiat Punto Active,Fiat,2012,60000,7787,Petrol
3868,Skoda Fabia Classic,Skoda,2016,105000,28768,Diesel
3869,Tata Bolt XT,Tata,2004,28000,36557,Diesel
3870,Mahindra TUV300 T8,Mahindra,2004,25000,170044,Diesel
3871,Volvo S60 D4,Volvo,2010,693000,70818,Petrol
3872,Mercedes E-Class E220d,Mercedes,2022,1943000,121487,Petrol
3873,Honda Civic 1.8,Honda,2008,49000,4823,Petrol
3874,Chevrolet Beat LT,Chevrolet,2004,25000,168854,Diesel
3875,Volkswagen Vento Highline,Volkswagen,2020,182000,6118,Diesel
3876,Honda Amaze S,Honda,2007,37000,59622,Petrol
3877,Ford Fiesta Classic,Ford,2019,133000,4209,Diesel
3878,Mercedes GLA 200d,Mercedes,2008,963000,5293,Petrol
3879,Datsun GO Plus,Datsun,2015,60000,36509,Diesel
3880,Nissan Micra XV,Nissan,2017,67000,166576,Diesel
3881,Chevrolet Tavera Neo,Chevrolet,2004,25000,168396,Diesel
3882,Volvo XC60 D5,Volvo,2015,838000,177909,Diesel
3883,Fiat Linea Active,Fiat,2008,25000,94966,Diesel
3884,Volkswagen Ameo Highline,Volkswagen,2004,29000,73680,Diesel
3885,Fiat Linea Active,Fiat,2013,35000,134871,Petrol
3886,Jeep Compass Longitude,Jeep,2011,59000,147310,Petrol
3887,Mini Cooper D,Mini,2022,2530000,42048,Diesel
3888,Datsun redi-GO T,Datsun,2018,52000,82200,Petrol
3889,Audi A8,Audi,2013,682000,137601,Diesel
3890,Volvo XC60 D5,Volvo,2009,815000,41798,Diesel
3891,Tata Tigor XZ,Tata,2022,113000,66113,Diesel
3892,BMW X1 sDrive20d,BMW,2012,678000,140496,Petrol
3893,Skoda Rapid Elegance,Skoda,2003,25000,94780,Petrol
3894,Datsun redi-GO T,Datsun,2007,30000,2247,Petrol
3895,Volvo S60 D4,Volvo,2020,2435000,12074,Diesel
3896,Mercedes C-Class C220d,Mercedes,2020,2061000,82605,Diesel
3897,Jaguar XE Prestige,Jaguar,2009,538000,147484,Petrol
3898,Fiat Linea Active,Fiat,2005,25000,92990,Petrol
3899,Mini Cooper S,Mini,2011,631000,90145,Petrol
3900,Ford EcoSport Ambiente,Ford,2008,35000,90124,Petrol
3901,Audi Q7,Audi,2010,598000,179348,Petrol
3902,Volvo XC60 D5,Volvo,2008,662000,20722,Petrol
3903,Nissan Terrano XL,Nissan,2002,25000,72129,Petrol
3904,Audi Q3 35,Audi,2006,432000,144635,Diesel
3905,Toyota Yaris VX,Toyota,2013,90000,29200,Petrol
3906,Jeep Compass Longitude,Jeep,2019,122000,177544,Diesel
3907,Mahindra Bolero SLE,Mahindra,2022,135000,113186,Diesel
3908,Mini Cooper S,Mini,2020,1592000,60956,Diesel
3909,Skoda Rapid Elegance,Skoda,2013,62000,82063,Petrol
3910,BMW 3 Series,BMW,2017,1612000,48983,Petrol
3911,Audi Q3 35,Audi,2014,1434000,25126,Petrol
3912,Mercedes E-Class E220d,Mercedes,2015,1445000,43821,Diesel
3913,BMW 3 Series,BMW,2018,1645000,67612,Petrol
3914,Audi A8,Audi,2007,735000,3800,Petrol
3915,Volvo XC60 D5,Volvo,2009,943000,5389,Petrol
3916,Mahindra KUV100 K8,Mahindra,2017,128000,15649,Diesel
3917,Volvo S60 D4,Volvo,2006,375000,177618,Diesel
3918,Ford Figo,Ford,2008,38000,73604,Petrol
3919,Fiat Punto Active,Fiat,2011,32000,131717,Diesel
3920,Skoda Octavia Elegance,Skoda,2006,42000,15090,Petrol
3921,Datsun redi-GO T,Datsun,2013,51000,12210,Petrol
3922,Renault Duster 110,Renault,2009,35000,67038,Petrol
3923,Audi A8,Audi,2016,1298000,48545,Petrol
3924,Mitsubishi Pajero Sport,Mitsubishi,2011,43000,164912,Diesel
3925,Land Rover Freelander,Land,2022,2617000,78521,Petrol
3926,Renault Duster 110,Renault,2003,25000,179845,Petrol
3927,Mercedes C-Class C220d,Mercedes,2023,1983000,168531,Petrol
3928,Jaguar XE Prestige,Jaguar,2023,2193000,122704,Petrol
3929,Chevrolet Beat LT,Chevrolet,2016,59000,56101,Petrol
3930,Honda Brio S,Honda,2021,181000,21957,Petrol
3931,Volvo S60 D4,Volvo,2007,634000,25777,Petrol
3932,Chevrolet Tavera Neo,Chevrolet,2008,25000,178199,Diesel
3933,Maruti Suzuki Celerio,Maruti,2006,25000,148179,CNG
3934,Skoda Rapid Elegance,Skoda,2021,100000,162301,Petrol
3935,Volkswagen Ameo Highline,Volkswagen,2012,82000,13500,Petrol
3936,Honda Brio S,Honda,2014,54000,136609,Petrol
3937,Hyundai Eon Era,Hyundai,2011,42000,167335,Diesel
3938,Chevrolet Tavera Neo,Chevrolet,2016,42000,104066,Petrol
3939,Volkswagen Polo Highline,Volkswagen,2021,152000,54027,Diesel
3940,Jaguar XF Portfolio,Jaguar,2011,733000,164053,Petrol
3941,Renault Lodgy 110PS,Renault,2019,61000,132479,Petrol
3942,Fiat Punto Active,Fiat,2016,60000,45325,Petrol
3943,Ford Figo,Ford,2009,36000,73714,Diesel
3944,Toyota Etios VXD,Toyota,2002,33000,25931,Petrol
3945,Nissan Micra XV,Nissan,2007,41000,8364,Petrol
3946,Jaguar XF Portfolio,Jaguar,2018,2184000,31965,Diesel
3947,Renault Duster 110,Renault,2022,96000,125636,Petrol
3948,Audi Q7,Audi,2020,1815000,80383,Diesel
3949,Hyundai Santro Xing,Hyundai,2013,65000,34021,Petrol
3950,Hyundai Venue SX,Hyundai,2002,25000,119834,Petrol
3951,Nissan Micra XV,Nissan,2022,87000,176075,Diesel
3952,Maruti Suzuki Alto,Maruti,2013,75000,21314,Petrol
3953,Mahindra Bolero SLE,Mahindra,2022,146000,79774,Diesel
3954,Volvo XC60 D5,Volvo,2006,366000,161799,Diesel
3955,Ford Endeavour 4x4,Ford,2007,26000,118987,Diesel
3956,Audi A4 35,Audi,2023,2106000,131440,Diesel
3957,Renault Triber RXZ,Renault,2014,73000,28031,Petrol
3958,Datsun redi-GO T,Datsun,2019,70000,57446,Petrol
3959,Audi A4 35,Audi,2008,511000,142829,Diesel
3960,Hyundai Elite i20,Hyundai,2006,35000,57094,Diesel
3961,Skoda Rapid Elegance,Skoda,2014,58000,100045,Petrol
3962,Tata Indica V2,Tata,2011,27000,178351,Petrol
3963,Ford Fiesta Classic,Ford,2011,52000,45743,Petrol
3964,Renault Duster 110,Renault,2021,86000,104114,Diesel
3965,Volkswagen Jetta Comfortline,Volkswagen,2002,25000,65702,Diesel
3966,Mitsubishi Lancer 1.8,Mitsubishi,2020,120000,133928,Diesel
3967,Fiat Punto Active,Fiat,2002,25000,7520,Diesel
3968,Volvo S60 D4,Volvo,2014,1136000,59610,Petrol
3969,Toyota Yaris VX,Toyota,2006,30000,155776,Petrol
3970,Hyundai i10 Sportz,Hyundai,2012,38000,156943,Petrol
3971,Volkswagen Polo Highline,Volkswagen,2014,55000,179823,Petrol
3972,Audi A6 2.0,Audi,2006,361000,134727,Petrol
3973,Tata Indica V2,Tata,2004,25000,140733,Petrol
3974,Datsun GO Plus,Datsun,2003,25000,126049,Diesel
3975,Jeep Compass Limited,Jeep,2020,141000,125159,Diesel
3976,Volvo S60 D4,Volvo,2012,873000,42365,Petrol
3977,Volkswagen Jetta Comfortline,Volkswagen,2012,48000,109547,Diesel
3978,Volvo S60 D4,Volvo,2002,248000,113521,Petrol
3979,Jaguar XF Portfolio,Jaguar,2015,1603000,63867,Petrol
3980,Ford Figo,Ford,2021,106000,120947,Diesel
3981,Toyota Yaris VX,Toyota,2015,118000,27194,Diesel
3982,Tata Nexon XZ,Tata,2019,58000,133037,Petrol
3983,Tata Bolt XT,Tata,2020,69000,170040,Petrol
3984,Mahindra KUV100 K8,Mahindra,2017,97000,91341,Diesel
3985,Ford Figo Aspire,Ford,2009,50000,51079,Diesel
3986,Renault Duster 110,Renault,2017,56000,161035,Diesel
3987,Hyundai Creta 1.6,Hyundai,2021,159000,14854,Petrol
3988,Nissan Terrano XL,Nissan,2011,38000,97505,Diesel
3989,BMW 3 Series,BMW,2023,1817000,156783,Petrol
3990,Tata Bolt XT,Tata,2022,143000,40503,Petrol
3991,Chevrolet Beat LT,Chevrolet,2016,59000,71489,Petrol
3992,Toyota Corolla Altis,Toyota,2019,189000,17603,Diesel
3993,Toyota Innova 2.5,Toyota,2007,52000,49348,Diesel
3994,Fiat Linea Active,Fiat,2009,25000,149901,Diesel
3995,Tata Tigor XZ,Tata,2019,85000,66078,Diesel
3996,Tata Indica V2,Tata,2021,115000,63633,Petrol
3997,Volvo XC60 D5,Volvo,2018,1259000,173502,Diesel
3998,Mini Cooper D,Mini,2023,2294000,80277,Diesel
3999,Audi A6 2.0,Audi,2022,2251000,72862,Petrol
4000,Volvo S60 D4,Volvo,2005,358000,120922,Diesel
4001,Chevrolet Beat LT,Chevrolet,2015,36000,105078,Petrol
4002,Volvo XC60 D5,Volvo,2008,408000,112505,Diesel
4003,Ford Figo Aspire,Ford,2023,183000,59439,Diesel
4004,Toyota Corolla Altis,Toyota,2006,30000,170613,Petrol
4005,Volkswagen Polo Highline,Volkswagen,2021,111000,137780,Petrol
4006,Jaguar XE Prestige,Jaguar,2007,684000,61622,Diesel
4007,Ford Endeavour 4x4,Ford,2005,25000,170182,Diesel
4008,Fiat Linea Active,Fiat,2006,25000,175579,Petrol
4009,Nissan Micra XV,Nissan,2021,105000,80748,Diesel
4010,Mahindra Scorpio SLE,Mahindra,2023,143000,135039,Diesel
4011,BMW 5 Series,BMW,2002,260000,160712,Diesel
4012,Tata Bolt XT,Tata,2019,70000,162640,Petrol
4013,Chevrolet Sail UVA,Chevrolet,2022,131000,35288,Diesel
4014,Jaguar XE Prestige,Jaguar,2018,2367000,47045,Diesel
4015,Mahindra Jeep CL550,Mahindra,2022,175000,52432,Diesel
4016,Toyota Yaris VX,Toyota,2020,96000,155717,Petrol
4017,Renault Lodgy 110PS,Renault,2014,50000,100135,Diesel
4018,BMW X1 sDrive20d,BMW,2007,645000,44108,Diesel
4019,Mahindra Bolero SLE,Mahindra,2004,40000,17250,Petrol
4020,Tata Bolt XT,Tata,2023,179000,4357,Petrol
4021,Volkswagen Vento Highline,Volkswagen,2011,75000,676,Diesel
4022,Tata Tiago Revotron,Tata,2015,69000,50252,Petrol
4023,Fiat Punto Active,Fiat,2009,31000,67563,Petrol
4024,Jeep Compass Limited,Jeep,2015,91000,160609,Diesel
4025,Nissan Sunny XL,Nissan,2007,30000,74621,Petrol
4026,Volvo S60 D4,Volvo,2019,1365000,86547,Diesel
4027,Chevrolet Beat LT,Chevrolet,2020,79000,91167,Petrol
4028,Mini Cooper D,Mini,2021,1983000,71397,Diesel
4029,Renault Lodgy 110PS,Renault,2021,85000,110711,Diesel
4030,Ford Freestyle Titanium,Ford,2017,63000,106230,Diesel
4031,Fiat Punto Active,Fiat,2002,25000,9965,Diesel
4032,Audi A6 2.0,Audi,2010,773000,74759,Diesel
4033,BMW 5 Series,BMW,2016,1064000,154514,Diesel
4034,Ford Figo Aspire,Ford,2022,195000,5932,Diesel
4035,Volkswagen Jetta Comfortline,Volkswagen,2004,39000,21279,Petrol
4036,Jeep Compass Limited,Jeep,2016,150000,27003,Diesel
4037,BMW 5 Series,BMW,2012,1204000,113,Diesel
4038,BMW 3 Series,BMW,2023,3395000,25245,Diesel
4039,Mitsubishi Pajero Sport,Mitsubishi,2008,47000,74571,Petrol
4040,Mini Cooper D,Mini,2020,1135000,135660,Diesel
4041,Volkswagen Ameo Highline,Volkswagen,2002,25000,169369,Diesel
4042,Land Rover Freelander,Land,2017,1447000,90056,Diesel
4043,Volkswagen Vento Highline,Volkswagen,2019,85000,114036,Petrol
4044,Mitsubishi Pajero Sport,Mitsubishi,2012,46000,116938,Petrol
4045,Honda Jazz V,Honda,2003,25000,179010,Petrol
4046,Mercedes E-Class E220d,Mercedes,2007,531000,98768,Diesel
4047,Mini Cooper D,Mini,2009,463000,135707,Diesel
4048,BMW X1 sDrive20d,BMW,2003,293000,176044,Diesel
4049,Renault Duster 110,Renault,2004,32000,5797,Petrol
4050,Fiat Linea Active,Fiat,2021,95000,87515,Petrol
4051,Tata Indica V2,Tata,2011,29000,168580,Diesel
4052,Land Rover Discovery,Land,2016,1552000,91923,Diesel
4053,Tata Nexon XZ,Tata,2012,30000,108877,Petrol
4054,BMW 3 Series,BMW,2010,704000,79803,Diesel
4055,Datsun GO Plus,Datsun,2021,64000,99064,Petrol
4056,Jaguar XE Prestige,Jaguar,2008,789000,58387,Diesel
4057,Mercedes GLA 200d,Mercedes,2003,340000,117669,Petrol
4058,Skoda Rapid Elegance,Skoda,2013,56000,120944,Diesel
4059,BMW 3 Series,BMW,2014,1187000,64326,Diesel
4060,Hyundai Xcent S,Hyundai,2021,105000,145398,Diesel
4061,Mercedes E-Class E220d,Mercedes,2021,2422000,71564,Diesel
4062,Jeep Compass Limited,Jeep,2006,40000,154092,Diesel
4063,Audi Q3 35,Audi,2002,363000,63021,Diesel
4064,Mercedes E-Class E220d,Mercedes,2002,332000,69604,Petrol
4065,BMW 5 Series,BMW,2013,1380000,21207,Diesel
4066,Skoda Fabia Classic,Skoda,2004,28000,83223,Diesel
4067,Tata Indica V2,Tata,2021,83000,154335,Petrol
4068,Hyundai Tucson 2WD,Hyundai,2010,59000,8881,Diesel
4069,Jeep Compass Longitude,Jeep,2009,60000,76254,Diesel
4070,Chevrolet Tavera Neo,Chevrolet,2013,50000,64587,Diesel
4071,Jaguar XE Prestige,Jaguar,2015,1093000,112779,Petrol
4072,Jaguar XE Prestige,Jaguar,2003,420000,68317,Diesel
4073,Mahindra Scorpio SLE,Mahindra,2003,29000,64460,Diesel
4074,Nissan Sunny XL,Nissan,2004,32000,20721,Diesel
4075,Mahindra Scorpio SLE,Mahindra,2023,148000,83535,Petrol
4076,Volkswagen Jetta Comfortline,Volkswagen,2015,109000,20154,Diesel
4077,BMW 3 Series,BMW,2018,1302000,168615,Diesel
4078,Volkswagen Jetta Comfortline,Volkswagen,2020,106000,108000,Diesel
4079,Datsun GO Plus,Datsun,2006,25000,161085,Petrol
4080,Nissan Sunny XL,Nissan,2012,33000,157490,Diesel
4081,Mahindra Bolero SLE,Mahindra,2007,37000,61093,Petrol
4082,Mitsubishi Pajero Sport,Mitsubishi,2017,90000,110937,Diesel
4083,Mercedes GLA 200d,Mercedes,2009,536000,163452,Diesel
4084,Volkswagen Polo Highline,Volkswagen,2013,90000,17724,Petrol
4085,Datsun GO T,Datsun,2011,25000,127122,Diesel
4086,Fiat Punto Active,Fiat,2010,25000,119056,Diesel
4087,Skoda Fabia Classic,Skoda,2002,27000,49377,Diesel
4088,Maruti Suzuki Omni,Maruti,2023,170000,43742,Petrol
4089,Renault Triber RXZ,Renault,2004,25000,140942,Diesel
4090,Mercedes E-Class E220d,Mercedes,2011,985000,25137,Petrol
4091,Nissan Micra XV,Nissan,2018,55000,176867,Petrol
4092,Nissan Micra XV,Nissan,2010,32000,109783,Diesel
4093,Tata Bolt XT,Tata,2018,64000,141124,Diesel
4094,Mercedes GLA 200d,Mercedes,2021,2343000,86048,Diesel
4095,Hyundai Tucson 2WD,Hyundai,2018,96000,79683,Petrol
4096,Fiat Linea Active,Fiat,2012,34000,94735,Petrol
4097,Volvo S60 D4,Volvo,2008,484000,141143,Petrol
4098,Renault Triber RXZ,Renault,2019,69000,150030,Petrol
4099,Hyundai Santro Xing,Hyundai,2008,29000,139788,Petrol
4100,Tata Tiago Revotron,Tata,2006,25000,159142,Petrol
4101,Land Rover Discovery,Land,2020,1968000,121554,Petrol
4102,Mitsubishi Pajero Sport,Mitsubishi,2007,50000,16697,Diesel
4103,Skoda Fabia Classic,Skoda,2004,25000,77621,Diesel
4104,Chevrolet Sail UVA,Chevrolet,2013,51000,51421,Petrol
4105,Hyundai Eon Era,Hyundai,2003,25000,80659,Diesel
4106,Mahindra Scorpio SLE,Mahindra,2003,25000,161748,Petrol
4107,Skoda Octavia Elegance,Skoda,2012,55000,83924,Diesel
4108,BMW 3 Series,BMW,2011,730000,85437,Diesel
4109,Toyota Glanza G,Toyota,2020,173000,25863,Petrol
4110,Volvo XC60 D5,Volvo,2012,955000,40129,Petrol
4111,Volvo S60 D4,Volvo,2002,278000,110030,Petrol
4112,Mini Cooper D,Mini,2021,1969000,24553,Petrol
4113,Land Rover Freelander,Land,2007,496000,174203,Diesel
4114,Datsun GO Plus,Datsun,2006,25000,109519,Petrol
4115,Mercedes E-Class E220d,Mercedes,2022,2053000,105510,Petrol
4116,Volvo XC60 D5,Volvo,2006,658000,8089,Petrol
4117,Land Rover Freelander,Land,2002,620000,3015,Diesel
4118,Mini Cooper D,Mini,2017,1464000,34049,Petrol
4119,Land Rover Freelander,Land,2007,711000,38312,Petrol
4120,Audi Q3 35,Audi,2019,1684000,89124,Diesel
4121,Tata Bolt XT,Tata,2016,79000,32106,Petrol
4122,Chevrolet Spark LT,Chevrolet,2003,25000,86917,Petrol
4123,Toyota Corolla Altis,Toyota,2002,25000,109809,Diesel
4124,Volkswagen Jetta Comfortline,Volkswagen,2014,50000,159218,Diesel
4125,Volkswagen Polo Highline,Volkswagen,2022,118000,131873,Diesel
4126,Volkswagen Vento Highline,Volkswagen,2003,31000,24680,Diesel
4127,BMW 3 Series,BMW,2009,560000,135057,Diesel
4128,Audi A8,Audi,2013,665000,111660,Petrol
4129,Mahindra Scorpio SLE,Mahindra,2008,30000,145855,Diesel
4130,Mitsubishi Lancer 1.8,Mitsubishi,2023,146000,117335,Petrol
4131,Tata Bolt XT,Tata,2002,25000,54446,Diesel
4132,Volkswagen Ameo Highline,Volkswagen,2009,37000,146931,Petrol
4133,Skoda Fabia Classic,Skoda,2020,155000,32090,Diesel
4134,Hyundai Verna 1.6,Hyundai,2009,35000,80742,Diesel
4135,Nissan Micra XV,Nissan,2015,49000,124417,Petrol
4136,Chevrolet Spark LT,Chevrolet,2006,25000,172461,Diesel
4137,Volkswagen Jetta Comfortline,Volkswagen,2022,129000,138700,Diesel
4138,Land Rover Freelander,Land,2020,2962000,43825,Diesel
4139,Fiat Punto Active,Fiat,2007,25000,137866,Petrol
4140,Ford Endeavour 4x4,Ford,2008,40000,40538,Petrol
4141,Jeep Compass Limited,Jeep,2015,90000,140393,Diesel
4142,Mercedes E-Class E220d,Mercedes,2022,1936000,129916,Petrol
4143,Chevrolet Spark LT,Chevrolet,2017,64000,70564,Diesel
4144,Mercedes E-Class E220d,Mercedes,2006,671000,20900,Petrol
4145,Mercedes E-Class E220d,Mercedes,2013,868000,179322,Diesel
4146,Jeep Compass Limited,Jeep,2010,60000,140989,Diesel
4147,Jaguar XE Prestige,Jaguar,2022,2837000,76418,Diesel
4148,Toyota Fortuner 3.0,Toyota,2016,97000,84832,Petrol
4149,Volvo XC60 D5,Volvo,2015,1103000,67516,Diesel
4150,Nissan Sunny XL,Nissan,2004,25000,93997,Diesel
4151,Datsun redi-GO T,Datsun,2018,46000,157085,Diesel
4152,Hyundai Tucson 2WD,Hyundai,2008,28000,92102,Petrol
4153,Tata Indica V2,Tata,2004,25000,85894,Diesel
4154,Volkswagen Vento Highline,Volkswagen,2006,28000,137548,Diesel
4155,Tata Tiago Revotron,Tata,2023,93000,157439,Petrol
4156,Hyundai Tucson 2WD,Hyundai,2022,106000,136388,Diesel
4157,Mahindra Jeep CL550,Mahindra,2010,68000,2225,Diesel
4158,Maruti Suzuki Swift,Maruti,2012,55000,57555,CNG
4159,Jeep Compass Limited,Jeep,2014,83000,127494,Petrol
4160,Volkswagen Jetta Comfortline,Volkswagen,2002,25000,90552,Petrol
4161,Hyundai Tucson 2WD,Hyundai,2015,61000,127123,Diesel
4162,Datsun GO Plus,Datsun,2006,25000,130063,Petrol
4163,Tata Nexon XZ,Tata,2011,27000,163691,Petrol
4164,Land Rover Discovery,Land,2015,1182000,116609,Petrol
4165,Hyundai Elite i20,Hyundai,2004,25000,93794,Diesel
4166,Mini Cooper S,Mini,2019,1562000,64561,Petrol
4167,Chevrolet Spark LT,Chevrolet,2004,25000,41706,Diesel
4168,Volvo XC60 D5,Volvo,2014,769000,125324,Diesel
4169,Audi Q7,Audi,2021,3151000,5965,Diesel
4170,Mitsubishi Pajero Sport,Mitsubishi,2021,113000,132449,Petrol
4171,Mahindra Scorpio S10,Mahindra,2020,94000,177725,Petrol
4172,Skoda Octavia Elegance,Skoda,2007,34000,88980,Petrol
4173,Volkswagen Vento Highline,Volkswagen,2018,78000,176513,Petrol
4174,Jaguar XF Portfolio,Jaguar,2010,683000,115436,Diesel
4175,Chevrolet Beat LT,Chevrolet,2017,83000,5013,Diesel
4176,Volkswagen Vento Highline,Volkswagen,2022,157000,80294,Petrol
4177,Mercedes GLA 200d,Mercedes,2017,2179000,26798,Diesel
4178,Toyota Etios VXD,Toyota,2002,25000,152736,Diesel
4179,Hyundai Venue SX,Hyundai,2014,75000,63274,Diesel
4180,Nissan Terrano XL,Nissan,2016,58000,122421,Petrol
4181,Ford EcoSport Titanium,Ford,2012,42000,168776,Diesel
4182,Skoda Octavia Elegance,Skoda,2010,54000,63117,Petrol
4183,Land Rover Discovery,Land,2006,815000,45437,Diesel
4184,Jeep Compass Limited,Jeep,2014,93000,66831,Petrol
4185,Mini Cooper D,Mini,2011,906000,25064,Diesel
4186,Nissan Sunny XL,Nissan,2008,25000,162517,Diesel
4187,Fiat Linea Active,Fiat,2013,42000,91724,Petrol
4188,Mitsubishi Lancer 1.8,Mitsubishi,2017,89000,156810,Diesel
4189,Jeep Compass Longitude,Jeep,2022,155000,107260,Diesel
4190,Jeep Compass Limited,Jeep,2022,170000,167944,Petrol
4191,Renault Kwid RXT,Renault,2022,94000,167369,Diesel
4192,Audi A4 35,Audi,2010,634000,105074,Diesel
4193,Mercedes GLA 200d,Mercedes,2020,1739000,128325,Petrol
4194,Nissan Terrano XL,Nissan,2012,42000,150021,Diesel
4195,Tata Nexon XZ,Tata,2011,31000,97843,Diesel
4196,Tata Bolt XT,Tata,2014,59000,26517,Petrol
4197,Jaguar XE Prestige,Jaguar,2023,3866000,10405,Petrol
4198,Datsun redi-GO T,Datsun,2020,60000,169498,Diesel
4199,BMW X1 sDrive20d,BMW,2021,2433000,46787,Diesel
4200,Land Rover Freelander,Land,2005,500000,95825,Petrol
4201,Mitsubishi Lancer 1.8,Mitsubishi,2016,72000,105430,Petrol
4202,BMW 5 Series,BMW,2009,650000,96572,Diesel
4203,Hyundai Venue SX,Hyundai,2003,25000,119232,Petrol
4204,Volkswagen Polo Highline,Volkswagen,2008,47000,60519,Diesel
4205,Volvo S60 D4,Volvo,2004,348000,71430,Petrol
4206,Skoda Fabia Classic,Skoda,2017,83000,166627,Diesel
4207,Datsun GO Plus,Datsun,2009,27000,82321,Diesel
4208,BMW 5 Series,BMW,2004,400000,70362,Petrol
4209,Jaguar XE Prestige,Jaguar,2023,4235000,13613,Diesel
4210,Toyota Corolla Altis,Toyota,2007,31000,175576,Diesel
4211,Mitsubishi Lancer 1.8,Mitsubishi,2004,37000,37190,Diesel
4212,Mahindra Scorpio S10,Mahindra,2023,232000,33765,Diesel
4213,Volkswagen Vento Highline,Volkswagen,2012,63000,41798,Diesel
4214,Mercedes GLA 200d,Mercedes,2019,1538000,148895,Petrol
4215,Skoda Rapid Elegance,Skoda,2012,48000,118459,Diesel
4216,Nissan Terrano XL,Nissan,2008,39000,47512,Diesel
4217,Skoda Fabia Classic,Skoda,2005,25000,136617,Petrol
4218,Jaguar XF Portfolio,Jaguar,2004,612000,56154,Diesel
4219,Maruti Suzuki Eeco,Maruti,2012,54000,37949,Petrol
4220,Mini Cooper S,Mini,2020,1949000,56824,Diesel
4221,Jeep Compass Limited,Jeep,2005,37000,140886,Diesel
4222,Volkswagen Jetta Comfortline,Volkswagen,2023,173000,35379,Petrol
4223,Jaguar XE Prestige,Jaguar,2008,735000,63783,Diesel
4224,Ford EcoSport Titanium,Ford,2007,25000,116207,Petrol
4225,Maruti Suzuki Baleno,Maruti,2002,25000,133310,CNG
4226,Skoda Rapid Elegance,Skoda,2017,137000,12213,Petrol
4227,Mercedes E-Class E220d,Mercedes,2005,405000,142565,Petrol
4228,Volvo XC60 D5,Volvo,2002,271000,126763,Diesel
4229,Mahindra KUV100 K8,Mahindra,2007,46000,24691,Diesel
4230,Jeep Compass Limited,Jeep,2019,197000,13030,Diesel
4231,Mitsubishi Pajero Sport,Mitsubishi,2003,28000,59393,Petrol
4232,Chevrolet Tavera Neo,Chevrolet,2010,25000,161255,Diesel
4233,Volvo S60 D4,Volvo,2014,1488000,9800,Diesel
4234,Renault Duster 110,Renault,2014,64000,65681,Petrol
4235,Mercedes GLA 200d,Mercedes,2002,378000,60253,Diesel
4236,Ford Fiesta Classic,Ford,2021,85000,118229,Petrol
4237,Nissan Terrano XL,Nissan,2020,120000,26272,Petrol
4238,Mitsubishi Lancer 1.8,Mitsubishi,2016,127000,2924,Diesel
4239,Chevrolet Spark LT,Chevrolet,2004,25000,156956,Petrol
4240,Honda Jazz V,Honda,2007,27000,105358,Petrol
4241,Mitsubishi Pajero Sport,Mitsubishi,2019,96000,133804,Diesel
4242,Maruti Suzuki Swift,Maruti,2021,129000,60892,Petrol
4243,Renault Triber RXZ,Renault,2008,25000,178998,Petrol
4244,Renault Triber RXZ,Renault,2004,25000,125933,Diesel
4245,Mitsubishi Pajero Sport,Mitsubishi,2013,93000,32112,Petrol
4246,Skoda Fabia Classic,Skoda,2004,30000,39563,Petrol
4247,Renault Triber RXZ,Renault,2021,83000,119059,Petrol
4248,Mercedes GLA 200d,Mercedes,2002,399000,50496,Petrol
4249,Hyundai Tucson 2WD,Hyundai,2011,57000,19423,Petrol
4250,Datsun GO T,Datsun,2012,43000,24537,Diesel
4251,Mini Cooper D,Mini,2008,548000,62770,Diesel
4252,Fiat Linea Active,Fiat,2014,43000,120032,Diesel
4253,Hyundai Santro Xing,Hyundai,2014,59000,73451,Petrol
4254,Mini Cooper D,Mini,2023,1755000,166567,Petrol
4255,Mercedes C-Class C220d,Mercedes,2003,401000,59776,Petrol
4256,BMW X1 sDrive20d,BMW,2016,1392000,87480,Diesel
4257,Chevrolet Beat LT,Chevrolet,2002,25000,79318,Diesel
4258,Mitsubishi Lancer 1.8,Mitsubishi,2016,101000,57042,Petrol
4259,Datsun GO T,Datsun,2012,34000,75993,Petrol
4260,Mitsubishi Lancer 1.8,Mitsubishi,2020,133000,78453,Diesel
4261,Ford EcoSport Titanium,Ford,2017,65000,151129,Diesel
4262,Nissan Sunny XL,Nissan,2023,116000,92137,Diesel
4263,Mitsubishi Lancer 1.8,Mitsubishi,2006,46000,43725,Diesel
4264,Jeep Compass Limited,Jeep,2010,55000,178436,Petrol
4265,BMW 5 Series,BMW,2020,1645000,156720,Petrol
4266,Land Rover Discovery,Land,2004,603000,57374,Petrol
4267,Mercedes C-Class C220d,Mercedes,2021,1970000,116192,Diesel
4268,Nissan Sunny XL,Nissan,2003,25000,171608,Petrol
4269,BMW 3 Series,BMW,2014,1231000,58511,Diesel
4270,Audi A4 35,Audi,2023,3466000,22486,Petrol
4271,Nissan Micra XV,Nissan,2006,25000,145301,Diesel
4272,Hyundai i10 Sportz,Hyundai,2019,73000,171321,Petrol
4273,Tata Tigor XZ,Tata,2009,40000,13701,Petrol
4274,Renault Triber RXZ,Renault,2010,34000,99474,Petrol
4275,Volvo XC60 D5,Volvo,2022,2474000,34313,Petrol
4276,Datsun redi-GO T,Datsun,2006,25000,157068,Diesel
4277,Renault Lodgy 110PS,Renault,2003,30000,8752,Diesel
4278,Jeep Compass Limited,Jeep,2011,63000,139484,Diesel
4279,Ford EcoSport Titanium,Ford,2020,80000,165709,Petrol
4280,Skoda Fabia Classic,Skoda,2018,139000,1793,Diesel
4281,Skoda Fabia Classic,Skoda,2013,57000,87399,Petrol
4282,Toyota Innova 2.5,Toyota,2009,35000,154789,Petrol
4283,Mahindra TUV300 T8,Mahindra,2003,36000,24487,Petrol
4284,Fiat Linea Active,Fiat,2015,59000,54848,Petrol
4285,Jeep Compass Limited,Jeep,2007,38000,136256,Diesel
4286,Mahindra Bolero SLE,Mahindra,2007,34000,81289,Petrol
4287,Mitsubishi Pajero Sport,Mitsubishi,2017,78000,174827,Diesel
4288,Mahindra Jeep CL550,Mahindra,2007,29000,138268,Diesel
4289,Honda City 1.5,Honda,2006,27000,178647,Petrol
4290,Maruti Suzuki Swift,Maruti,2017,69000,94695,Diesel
4291,Datsun redi-GO T,Datsun,2018,49000,130723,Petrol
4292,Hyundai Creta 1.6,Hyundai,2014,54000,108903,Petrol
4293,Maruti Suzuki Swift,Maruti,2013,63000,44957,CNG
4294,Volkswagen Ameo Highline,Volkswagen,2007,52000,13417,Petrol
4295,Mercedes GLA 200d,Mercedes,2012,859000,76739,Petrol
4296,Nissan Terrano XL,Nissan,2017,92000,37261,Petrol
4297,Fiat Punto Active,Fiat,2015,77000,12938,Petrol
4298,Volvo S60 D4,Volvo,2009,786000,35379,Diesel
4299,Jaguar XF Portfolio,Jaguar,2018,2117000,26241,Diesel
4300,Honda Jazz V,Honda,2004,25000,149904,Petrol
4301,Honda Civic 1.8,Honda,2013,72000,33216,Petrol
4302,Mitsubishi Lancer 1.8,Mitsubishi,2002,26000,70525,Petrol
4303,Jeep Compass Longitude,Jeep,2020,227000,27137,Diesel
4304,Nissan Sunny XL,Nissan,2005,35000,20370,Diesel
4305,Mini Cooper D,Mini,2004,385000,74135,Petrol
4306,Audi Q3 35,Audi,2016,1357000,79452,Petrol
4307,Toyota Corolla Altis,Toyota,2019,101000,122716,Petrol
4308,Honda Jazz V,Honda,2021,181000,21000,Petrol
4309,Mini Cooper D,Mini,2016,1264000,61870,Diesel
4310,Toyota Corolla Altis,Toyota,2011,66000,50240,Diesel
4311,Skoda Octavia Elegance,Skoda,2016,62000,136124,Diesel
4312,Datsun redi-GO T,Datsun,2017,79000,29019,Diesel
4313,Skoda Fabia Classic,Skoda,2018,84000,177400,Petrol
4314,Mitsubishi Pajero Sport,Mitsubishi,2009,49000,70934,Petrol
4315,Mercedes GLA 200d,Mercedes,2015,1766000,13355,Petrol
4316,Maruti Suzuki Ciaz,Maruti,2004,25000,109925,Diesel
4317,Honda Jazz V,Honda,2007,32000,106403,Diesel
4318,Honda Amaze S,Honda,2013,71000,68702,Petrol
4319,Volvo S60 D4,Volvo,2003,288000,156189,Petrol
4320,Mini Cooper S,Mini,2005,285000,178035,Diesel
4321,Land Rover Freelander,Land,2016,1730000,48425,Petrol
4322,Volkswagen Jetta Comfortline,Volkswagen,2012,49000,110489,Petrol
4323,Jeep Compass Limited,Jeep,2006,33000,160106,Petrol
4324,Jeep Compass Limited,Jeep,2016,103000,80361,Petrol
4325,Renault Triber RXZ,Renault,2021,98000,109481,Diesel
4326,Mercedes C-Class C220d,Mercedes,2013,1158000,65425,Petrol
4327,Tata Nano Lx,Tata,2021,79000,147626,Petrol
4328,Mini Cooper S,Mini,2015,974000,78904,Diesel
4329,Mini Cooper D,Mini,2011,846000,38281,Diesel
4330,Land Rover Discovery,Land,2012,1154000,68207,Petrol
4331,Mini Cooper S,Mini,2005,336000,105102,Diesel
4332,Hyundai i10 Sportz,Hyundai,2016,76000,95437,Diesel
4333,Tata Tiago Revotron,Tata,2009,27000,179382,Diesel
4334,Tata Tigor XZ,Tata,2023,100000,154755,Petrol
4335,Toyota Glanza G,Toyota,2017,78000,146359,Petrol
4336,Jeep Compass Longitude,Jeep,2009,70000,64659,Petrol
4337,Chevrolet Spark LT,Chevrolet,2022,66000,178151,Petrol
4338,BMW 5 Series,BMW,2005,509000,46948,Petrol
4339,Volkswagen Polo Highline,Volkswagen,2022,111000,149536,Diesel
4340,Toyota Innova 2.5,Toyota,2009,50000,60432,Diesel
4341,Datsun GO T,Datsun,2006,25000,65252,Petrol
4342,Mercedes GLA 200d,Mercedes,2004,389000,95949,Diesel
4343,Hyundai Tucson 2WD,Hyundai,2010,31000,166312,Petrol
4344,Mini Cooper D,Mini,2012,578000,103193,Diesel
4345,Toyota Corolla Altis,Toyota,2013,89000,23064,Petrol
4346,Hyundai Venue SX,Hyundai,2018,127000,19857,Petrol
4347,Nissan Micra XV,Nissan,2013,58000,58614,Diesel
4348,Mahindra TUV300 T8,Mahindra,2005,28000,87441,Petrol
4349,Nissan Sunny XL,Nissan,2005,25000,102947,Diesel
4350,Jeep Compass Longitude,Jeep,2010,47000,107468,Petrol
4351,Ford Fiesta Classic,Ford,2015,86000,35260,Petrol
4352,Jaguar XF Portfolio,Jaguar,2015,1383000,62345,Diesel
4353,Maruti Suzuki Vitara,Maruti,2015,78000,19277,Diesel
4354,Chevrolet Tavera Neo,Chevrolet,2018,62000,94078,Diesel
4355,Mahindra Bolero SLE,Mahindra,2008,35000,179888,Diesel
4356,Jeep Compass Longitude,Jeep,2020,205000,10046,Petrol
4357,BMW X1 sDrive20d,BMW,2005,640000,13221,Petrol
4358,Jeep Compass Longitude,Jeep,2019,107000,155786,Petrol
4359,Datsun GO Plus,Datsun,2005,25000,101254,Petrol
4360,Jeep Compass Limited,Jeep,2019,139000,92457,Petrol
4361,BMW X1 sDrive20d,BMW,2003,359000,91986,Petrol
4362,Datsun GO Plus,Datsun,2019,81000,42124,Diesel
4363,Maruti Suzuki Vitara,Maruti,2006,25000,128098,Petrol
4364,Fiat Punto Active,Fiat,2023,91000,175412,Diesel
4365,Audi A6 2.0,Audi,2013,696000,110193,Diesel
4366,Land Rover Freelander,Land,2019,2384000,58281,Petrol
4367,Jeep Compass Limited,Jeep,2005,32000,168276,Diesel
4368,Fiat Punto Active,Fiat,2015,39000,121066,Petrol
4369,Mitsubishi Pajero Sport,Mitsubishi,2015,74000,99431,Diesel
4370,Fiat Linea Active,Fiat,2017,79000,26570,Petrol
4371,Hyundai Verna 1.6,Hyundai,2023,127000,159383,Diesel
4372,Skoda Fabia Classic,Skoda,2004,25000,132163,Petrol
4373,Tata Bolt XT,Tata,2006,31000,4361,Petrol
4374,Nissan Sunny XL,Nissan,2012,53000,56179,Petrol
4375,Mercedes C-Class C220d,Mercedes,2002,258000,177573,Petrol
4376,Fiat Linea Active,Fiat,2005,25000,155263,Petrol
4377,Skoda Octavia Elegance,Skoda,2017,63000,176600,Petrol
4378,Hyundai Verna 1.6,Hyundai,2011,36000,154726,Petrol
4379,Hyundai Tucson 2WD,Hyundai,2020,86000,144426,Petrol
4380,Mini Cooper D,Mini,2009,415000,136527,Diesel
4381,Datsun GO T,Datsun,2002,25000,53104,Diesel
4382,Jaguar XE Prestige,Jaguar,2002,520000,7940,Petrol
4383,Volvo XC60 D5,Volvo,2021,2065000,59351,Petrol
4384,Volkswagen Polo Highline,Volkswagen,2016,65000,149034,Diesel
4385,Datsun GO T,Datsun,2018,51000,162418,Diesel
4386,Jeep Compass Limited,Jeep,2007,57000,38182,Diesel
4387,Mini Cooper D,Mini,2003,405000,1195,Petrol
4388,Renault Triber RXZ,Renault,2003,25000,97691,Diesel
4389,Ford Figo,Ford,2013,77000,20760,Diesel
4390,Volkswagen Polo Highline,Volkswagen,2018,83000,164997,Petrol
4391,Maruti Suzuki Celerio,Maruti,2004,25000,108317,CNG
4392,Ford Freestyle Titanium,Ford,2007,35000,57118,Petrol
4393,Volkswagen Jetta Comfortline,Volkswagen,2022,116000,161111,Petrol
4394,Tata Nexon XZ,Tata,2004,25000,85659,Petrol
4395,Fiat Linea Active,Fiat,2011,31000,79511,Petrol
4396,Volkswagen Vento Highline,Volkswagen,2010,36000,140790,Diesel
4397,Audi A6 2.0,Audi,2016,1661000,20235,Diesel
4398,Mahindra Scorpio SLE,Mahindra,2019,145000,8374,Petrol
4399,Mini Cooper S,Mini,2010,785000,31956,Petrol
4400,Datsun GO T,Datsun,2002,25000,69225,Diesel
4401,Jeep Compass Longitude,Jeep,2005,34000,152185,Petrol
4402,Datsun GO Plus,Datsun,2023,82000,157189,Petrol
4403,BMW X1 sDrive20d,BMW,2019,1290000,175495,Petrol
4404,Renault Triber RXZ,Renault,2004,25000,73737,Petrol
4405,Ford EcoSport Titanium,Ford,2019,74000,166165,Petrol
4406,Chevrolet Beat LT,Chevrolet,2009,36000,41144,Diesel
4407,Mitsubishi Pajero Sport,Mitsubishi,2011,51000,81841,Diesel
4408,Maruti Suzuki Ciaz,Maruti,2010,52000,12621,CNG
4409,Jeep Compass Limited,Jeep,2018,137000,55852,Petrol
4410,Nissan Sunny XL,Nissan,2010,34000,82597,Diesel
4411,Audi Q3 35,Audi,2023,2125000,123935,Diesel
4412,Volkswagen Polo Highline,Volkswagen,2009,47000,56407,Diesel
4413,Mitsubishi Lancer 1.8,Mitsubishi,2002,25000,158505,Petrol
4414,Renault Lodgy 110PS,Renault,2021,97000,75841,Petrol
4415,Skoda Fabia Classic,Skoda,2002,25000,101106,Petrol
4416,Audi Q3 35,Audi,2009,824000,17235,Petrol
4417,Datsun GO T,Datsun,2004,25000,179785,Petrol
4418,Volvo XC60 D5,Volvo,2022,1993000,87207,Diesel
4419,Volkswagen Jetta Comfortline,Volkswagen,2011,42000,136691,Diesel
4420,Fiat Linea Active,Fiat,2022,84000,166862,Diesel
4421,Hyundai Venue SX,Hyundai,2016,104000,1129,Petrol
4422,Renault Lodgy 110PS,Renault,2012,38000,150602,Diesel
4423,Hyundai Venue SX,Hyundai,2018,126000,27169,Petrol
4424,Mahindra Bolero SLE,Mahindra,2011,62000,77098,Diesel
4425,Chevrolet Tavera Neo,Chevrolet,2016,51000,73321,Petrol
4426,Jeep Compass Limited,Jeep,2023,205000,148118,Diesel
4427,Nissan Micra XV,Nissan,2009,27000,148879,Petrol
4428,Tata Tigor XZ,Tata,2009,31000,94522,Petrol
4429,Hyundai Creta 1.6,Hyundai,2021,91000,153628,Petrol
4430,Nissan Micra XV,Nissan,2014,75000,29373,Diesel
4431,Ford Figo Aspire,Ford,2008,31000,148978,Diesel
4432,Honda Jazz V,Honda,2018,86000,129942,Petrol
4433,Fiat Linea Active,Fiat,2018,70000,98696,Diesel
4434,Volvo S60 D4,Volvo,2017,1088000,172814,Diesel
4435,Volkswagen Polo Highline,Volkswagen,2009,46000,71791,Petrol
4436,Mercedes GLA 200d,Mercedes,2014,872000,115526,Petrol
4437,Fiat Punto Active,Fiat,2017,71000,60129,Diesel
4438,Land Rover Freelander,Land,2014,1452000,35816,Diesel
4439,Mitsubishi Pajero Sport,Mitsubishi,2013,71000,69036,Diesel
4440,Mitsubishi Lancer 1.8,Mitsubishi,2002,34000,26740,Diesel
4441,Chevrolet Sail UVA,Chevrolet,2017,85000,1385,Petrol
4442,Jaguar XE Prestige,Jaguar,2017,2133000,26067,Diesel
4443,Honda Jazz V,Honda,2012,67000,33167,Petrol
4444,Toyota Fortuner 3.0,Toyota,2003,41000,1958,Petrol
4445,Ford Fiesta Classic,Ford,2003,29000,21900,Diesel
4446,Mitsubishi Lancer 1.8,Mitsubishi,2008,38000,147385,Diesel
4447,Volvo S60 D4,Volvo,2006,527000,23095,Petrol
4448,Fiat Punto Active,Fiat,2022,126000,50750,Diesel
4449,Mitsubishi Pajero Sport,Mitsubishi,2023,144000,147079,Diesel
4450,Tata Indica V2,Tata,2003,25000,69226,Diesel
4451,Audi A6 2.0,Audi,2022,2073000,108284,Diesel
4452,Mahindra Scorpio S10,Mahindra,2006,45000,18927,Petrol
4453,Maruti Suzuki Ertiga,Maruti,2008,45000,21493,CNG
4454,Datsun GO T,Datsun,2022,74000,165170,Petrol
4455,BMW 5 Series,BMW,2005,391000,164671,Diesel
4456,Tata Tiago Revotron,Tata,2022,84000,159873,Petrol
4457,Volkswagen Polo Highline,Volkswagen,2009,55000,38724,Petrol
4458,Land Rover Freelander,Land,2023,3314000,47203,Diesel
4459,Honda Brio S,Honda,2014,49000,119169,Petrol
4460,Renault Lodgy 110PS,Renault,2020,113000,68267,Diesel
4461,Toyota Corolla Altis,Toyota,2007,36000,161292,Diesel
4462,Jaguar XF Portfolio,Jaguar,2009,672000,165196,Diesel
4463,BMW X1 sDrive20d,BMW,2005,553000,30547,Petrol
4464,Renault Duster 110,Renault,2015,64000,67603,Petrol
4465,Chevrolet Tavera Neo,Chevrolet,2017,77000,22427,Diesel
4466,Jaguar XE Prestige,Jaguar,2022,2355000,101983,Petrol
4467,Volkswagen Jetta Comfortline,Volkswagen,2009,30000,122773,Petrol
4468,Datsun redi-GO T,Datsun,2002,25000,56818,Petrol
4469,Mahindra Jeep CL550,Mahindra,2007,29000,163281,Diesel
4470,Mitsubishi Lancer 1.8,Mitsubishi,2016,115000,59705,Diesel
4471,Tata Bolt XT,Tata,2013,41000,128252,Diesel
4472,Mini Cooper S,Mini,2010,522000,118442,Diesel
4473,Mercedes GLA 200d,Mercedes,2008,500000,102732,Diesel
4474,BMW 3 Series,BMW,2013,941000,103108,Diesel
4475,Toyota Corolla Altis,Toyota,2019,116000,76557,Petrol
4476,Maruti Suzuki Alto,Maruti,2003,25000,94863,CNG
4477,Jeep Compass Longitude,Jeep,2020,233000,43649,Diesel
4478,Jeep Compass Limited,Jeep,2009,62000,45000,Petrol
4479,Land Rover Freelander,Land,2004,571000,45127,Diesel
4480,Nissan Sunny XL,Nissan,2019,73000,91571,Petrol
4481,Maruti Suzuki Swift,Maruti,2021,89000,117852,Petrol
4482,Mercedes E-Class E220d,Mercedes,2023,3827000,18280,Diesel
4483,Volvo XC60 D5,Volvo,2008,441000,165049,Diesel
4484,Chevrolet Sail UVA,Chevrolet,2012,42000,24053,Petrol
4485,Mahindra Jeep CL550,Mahindra,2018,125000,30200,Petrol
4486,Volkswagen Vento Highline,Volkswagen,2006,25000,112631,Petrol
4487,Tata Nexon XZ,Tata,2002,25000,118535,Petrol
4488,Honda Brio S,Honda,2022,100000,138760,Petrol
4489,Jaguar XF Portfolio,Jaguar,2023,3391000,37415,Diesel
4490,Tata Bolt XT,Tata,2005,25000,114064,Petrol
4491,Volvo S60 D4,Volvo,2015,818000,104012,Petrol
4492,BMW X1 sDrive20d,BMW,2014,939000,146416,Diesel
4493,Renault Kwid RXT,Renault,2002,25000,66747,Diesel
4494,Maruti Suzuki Ertiga,Maruti,2005,25000,114367,CNG
4495,Maruti Suzuki Eeco,Maruti,2019,104000,75438,Diesel
4496,Maruti Suzuki Swift,Maruti,2012,38000,172037,Petrol
4497,Mitsubishi Lancer 1.8,Mitsubishi,2007,31000,135294,Petrol
4498,Ford EcoSport Ambiente,Ford,2002,25000,83422,Petrol
4499,BMW X1 sDrive20d,BMW,2020,1616000,109073,Petrol
4500,Ford EcoSport Ambiente,Ford,2007,28000,86978,Diesel
4501,Toyota Etios VXD,Toyota,2023,138000,144980,Petrol
4502,Tata Nexon XZ,Tata,2022,84000,116768,Diesel
4503,Hyundai Creta 1.6,Hyundai,2017,74000,106161,Petrol
4504,Jaguar XE Prestige,Jaguar,2021,2231000,95555,Petrol
4505,Chevrolet Spark LT,Chevrolet,2012,40000,83813,Diesel
4506,Land Rover Freelander,Land,2014,1570000,10684,Petrol
4507,Fiat Punto Active,Fiat,2009,48000,5309,Diesel
4508,Fiat Punto Active,Fiat,2020,71000,123540,Petrol
4509,Skoda Fabia Classic,Skoda,2007,27000,159785,Petrol
4510,Land Rover Discovery,Land,2023,2342000,95642,Petrol
4511,Nissan Terrano XL,Nissan,2015,49000,116217,Diesel
4512,Mahindra Scorpio SLE,Mahindra,2023,225000,49479,Diesel
4513,Renault Duster 110,Renault,2011,39000,86963,Diesel
4514,Mitsubishi Lancer 1.8,Mitsubishi,2018,99000,149637,Diesel
4515,Ford EcoSport Ambiente,Ford,2023,153000,44110,Petrol
4516,Datsun GO Plus,Datsun,2018,44000,156105,Diesel
4517,Tata Tiago Revotron,Tata,2016,44000,113509,Petrol
4518,Mitsubishi Pajero Sport,Mitsubishi,2002,25000,130082,Diesel
4519,Ford Fiesta Classic,Ford,2009,32000,150110,Diesel
4520,Volvo S60 D4,Volvo,2016,1655000,27659,Diesel
4521,Renault Kwid RXT,Renault,2018,69000,177508,Diesel
4522,Jaguar XF Portfolio,Jaguar,2006,503000,134675,Diesel
4523,Fiat Linea Active,Fiat,2018,55000,171007,Petrol
4524,Renault Lodgy 110PS,Renault,2014,61000,63725,Petrol
4525,Maruti Suzuki Eeco,Maruti,2002,25000,123376,Petrol
4526,Mitsubishi Lancer 1.8,Mitsubishi,2010,54000,82054,Diesel
4527,Volkswagen Ameo Highline,Volkswagen,2010,58000,29019,Petrol
4528,Toyota Yaris VX,Toyota,2015,115000,35604,Diesel
4529,Skoda Octavia Elegance,Skoda,2009,47000,78145,Diesel
4530,Ford Fiesta Classic,Ford,2014,84000,8224,Diesel
4531,Jeep Compass Longitude,Jeep,2021,169000,135294,Diesel
4532,Mitsubishi Pajero Sport,Mitsubishi,2016,72000,158951,Diesel
4533,Audi Q7,Audi,2009,509000,176242,Diesel
4534,Fiat Punto Active,Fiat,2014,44000,125129,Diesel
4535,Skoda Octavia Elegance,Skoda,2003,25000,128237,Petrol
4536,Jaguar XE Prestige,Jaguar,2023,2624000,122251,Diesel
4537,Jeep Compass Longitude,Jeep,2014,69000,153157,Petrol
4538,Land Rover Discovery,Land,2011,1484000,3679,Petrol
4539,Mitsubishi Lancer 1.8,Mitsubishi,2006,30000,145413,Diesel
4540,Toyota Etios VXD,Toyota,2004,37000,36339,Diesel
4541,Renault Triber RXZ,Renault,2023,113000,86873,Petrol
4542,Volkswagen Polo Highline,Volkswagen,2008,44000,36709,Petrol
4543,Mahindra Bolero SLE,Mahindra,2015,71000,160630,Diesel
4544,Land Rover Discovery,Land,2012,1018000,96606,Diesel
4545,Hyundai Elite i20,Hyundai,2003,28000,10835,Diesel
4546,Tata Nexon XZ,Tata,2011,42000,69691,Diesel
4547,Datsun GO T,Datsun,2007,30000,28352,Petrol
4548,Mini Cooper S,Mini,2017,997000,177571,Petrol
4549,Audi A8,Audi,2005,575000,40423,Petrol
4550,Fiat Punto Active,Fiat,2022,77000,165859,Petrol
4551,BMW X1 sDrive20d,BMW,2013,1146000,65198,Petrol
4552,Chevrolet Sail UVA,Chevrolet,2020,66000,87385,Petrol
4553,Land Rover Discovery,Land,2015,2087000,1834,Diesel
4554,Volvo XC60 D5,Volvo,2008,600000,60940,Petrol
4555,Tata Bolt XT,Tata,2021,145000,16278,Diesel
4556,Maruti Suzuki Alto,Maruti,2007,32000,64114,CNG
4557,Honda WR-V i-VTEC,Honda,2020,186000,4653,Petrol
4558,Hyundai Tucson 2WD,Hyundai,2016,70000,98279,Diesel
4559,Audi Q7,Audi,2003,267000,113258,Diesel
4560,Chevrolet Beat LT,Chevrolet,2007,29000,10237,Petrol
4561,Volkswagen Ameo Highline,Volkswagen,2021,188000,8793,Diesel
4562,Toyota Innova 2.5,Toyota,2014,92000,47894,Petrol
4563,Renault Kwid RXT,Renault,2020,80000,166612,Petrol
4564,Datsun GO Plus,Datsun,2021,84000,38558,Petrol
4565,Maruti Suzuki Vitara,Maruti,2004,30000,41942,Petrol
4566,Hyundai Xcent S,Hyundai,2006,36000,38194,Petrol
4567,Volkswagen Vento Highline,Volkswagen,2016,110000,14292,Diesel
4568,Mercedes GLA 200d,Mercedes,2019,1596000,140464,Diesel
4569,Honda City 1.5,Honda,2014,71000,50828,Petrol
4570,Land Rover Freelander,Land,2004,684000,43985,Diesel
4571,Skoda Rapid Elegance,Skoda,2015,63000,109960,Diesel
4572,Volkswagen Jetta Comfortline,Volkswagen,2015,119000,3544,Diesel
4573,Mini Cooper D,Mini,2010,498000,115433,Petrol
4574,Chevrolet Spark LT,Chevrolet,2013,31000,120956,Petrol
4575,Land Rover Discovery,Land,2015,1390000,83482,Diesel
4576,Hyundai i10 Sportz,Hyundai,2004,34000,37397,Diesel
4577,Skoda Fabia Classic,Skoda,2014,57000,137057,Petrol
4578,Honda WR-V i-VTEC,Honda,2023,208000,18764,Diesel
4579,Maruti Suzuki Celerio,Maruti,2008,27000,129256,Petrol
4580,Hyundai Verna 1.6,Hyundai,2014,55000,104384,Petrol
4581,Mini Cooper D,Mini,2014,1001000,80214,Diesel
4582,Nissan Terrano XL,Nissan,2004,28000,37939,Diesel
4583,Ford Figo,Ford,2010,51000,35105,Diesel
4584,Jaguar XF Portfolio,Jaguar,2004,357000,104671,Petrol
4585,Volvo XC60 D5,Volvo,2019,2034000,5269,Diesel
4586,Mercedes C-Class C220d,Mercedes,2018,1353000,179709,Diesel
4587,Nissan Micra XV,Nissan,2003,25000,125808,Diesel
4588,Hyundai Venue SX,Hyundai,2011,61000,15360,Diesel
4589,Fiat Linea Active,Fiat,2016,47000,156626,Diesel
4590,Skoda Rapid Elegance,Skoda,2004,25000,175655,Petrol
4591,Hyundai Tucson 2WD,Hyundai,2002,25000,13532,Diesel
4592,Fiat Linea Active,Fiat,2002,25000,46397,Petrol
4593,Jaguar XF Portfolio,Jaguar,2020,1773000,124239,Petrol
4594,Renault Kwid RXT,Renault,2003,28000,21571,Petrol
4595,Mercedes E-Class E220d,Mercedes,2021,1702000,158184,Diesel
4596,Land Rover Discovery,Land,2022,2954000,60410,Diesel
4597,Audi Q3 35,Audi,2010,801000,43877,Diesel
4598,Jaguar XF Portfolio,Jaguar,2023,2012000,170086,Petrol
4599,Skoda Fabia Classic,Skoda,2013,69000,55461,Diesel
4600,Jaguar XF Portfolio,Jaguar,2004,542000,49292,Petrol
4601,Volvo S60 D4,Volvo,2016,1044000,111183,Diesel
4602,Jaguar XF Portfolio,Jaguar,2014,1020000,139973,Petrol
4603,Maruti Suzuki Alto,Maruti,2012,46000,90147,CNG
4604,Audi Q3 35,Audi,2021,1679000,172407,Petrol
4605,Volvo XC60 D5,Volvo,2018,1064000,133567,Petrol
4606,Hyundai Xcent S,Hyundai,2003,25000,55527,Diesel
4607,Hyundai Verna 1.6,Hyundai,2016,78000,67075,Diesel
4608,Mitsubishi Lancer 1.8,Mitsubishi,2008,50000,47982,Diesel
4609,Honda WR-V i-VTEC,Honda,2020,166000,28747,Petrol
4610,Hyundai Xcent S,Hyundai,2013,76000,18665,Diesel
4611,Jeep Compass Limited,Jeep,2021,182000,58393,Petrol
4612,Mitsubishi Lancer 1.8,Mitsubishi,2005,25000,131192,Petrol
4613,Land Rover Freelander,Land,2022,3006000,72189,Petrol
4614,Honda Amaze S,Honda,2023,123000,109831,Diesel
4615,Mercedes GLA 200d,Mercedes,2006,855000,2368,Diesel
4616,Toyota Glanza G,Toyota,2018,94000,127048,Petrol
4617,Mahindra Bolero SLE,Mahindra,2017,80000,179167,Diesel
4618,Audi Q3 35,Audi,2014,1417000,1389,Diesel
4619,Audi A4 35,Audi,2017,1177000,143661,Diesel
4620,Toyota Innova 2.5,Toyota,2010,42000,112764,Petrol
4621,Fiat Punto Active,Fiat,2010,31000,90313,Petrol
4622,BMW 5 Series,BMW,2015,1000000,162543,Diesel
4623,Audi A8,Audi,2012,850000,76959,Diesel
4624,Audi Q3 35,Audi,2004,399000,61861,Diesel
4625,Honda Brio S,Honda,2020,156000,55944,Diesel
4626,Land Rover Discovery,Land,2021,2031000,114123,Petrol
4627,Honda Jazz V,Honda,2018,104000,75163,Diesel
4628,Jaguar XF Portfolio,Jaguar,2015,1880000,31250,Petrol
4629,Datsun GO T,Datsun,2006,25000,63012,Petrol
4630,Maruti Suzuki Eeco,Maruti,2015,62000,87993,Diesel
4631,Renault Duster 110,Renault,2014,79000,9307,Petrol
4632,Skoda Fabia Classic,Skoda,2009,62000,13956,Petrol
4633,Toyota Yaris VX,Toyota,2017,150000,17770,Diesel
4634,Skoda Rapid Elegance,Skoda,2013,54000,109773,Petrol
4635,Fiat Punto Active,Fiat,2019,66000,128097,Petrol
4636,Chevrolet Sail UVA,Chevrolet,2013,33000,163306,Diesel
4637,Mini Cooper S,Mini,2012,985000,36671,Petrol
4638,Jeep Compass Limited,Jeep,2015,91000,153192,Petrol
4639,Volvo XC60 D5,Volvo,2014,747000,154589,Diesel
4640,Toyota Yaris VX,Toyota,2019,144000,75219,Diesel
4641,Hyundai Eon Era,Hyundai,2004,25000,175696,Petrol
4642,Volvo XC60 D5,Volvo,2004,476000,44031,Petrol
4643,Tata Nexon XZ,Tata,2014,47000,137189,Diesel
4644,Audi A8,Audi,2019,1371000,102126,Petrol
4645,Jaguar XF Portfolio,Jaguar,2007,502000,123621,Petrol
4646,Maruti Suzuki Omni,Maruti,2009,44000,39301,Petrol
4647,Audi Q7,Audi,2009,771000,70521,Diesel
4648,Maruti Suzuki Ertiga,Maruti,2007,25000,174645,Petrol
4649,Mini Cooper D,Mini,2022,1621000,96643,Diesel
4650,Toyota Etios VXD,Toyota,2022,216000,33933,Diesel
4651,Hyundai Santro Xing,Hyundai,2010,38000,86762,Petrol
4652,Mitsubishi Lancer 1.8,Mitsubishi,2008,61000,16063,Petrol
4653,Mini Cooper S,Mini,2007,405000,144476,Diesel
4654,Maruti Suzuki Wagon,Maruti,2007,33000,66834,Petrol
4655,Chevrolet Sail UVA,Chevrolet,2012,38000,76214,Diesel
4656,Land Rover Freelander,Land,2020,1920000,118030,Diesel
4657,Ford Figo Aspire,Ford,2017,62000,146354,Petrol
4658,Mini Cooper D,Mini,2014,682000,169162,Diesel
4659,Chevrolet Tavera Neo,Chevrolet,2021,141000,2763,Diesel
4660,Jaguar XF Portfolio,Jaguar,2023,2505000,113145,Diesel
4661,Land Rover Freelander,Land,2021,3095000,18595,Petrol
4662,Nissan Terrano XL,Nissan,2016,46000,114841,Petrol
4663,Toyota Etios VXD,Toyota,2023,167000,161308,Diesel
4664,Mitsubishi Lancer 1.8,Mitsubishi,2007,29000,110658,Diesel
4665,Mini Cooper D,Mini,2008,612000,15607,Petrol
4666,Renault Kwid RXT,Renault,2020,79000,134226,Petrol
4667,Jeep Compass Limited,Jeep,2004,32000,98645,Petrol
4668,BMW X1 sDrive20d,BMW,2021,3234000,14083,Diesel
4669,Mahindra Jeep CL550,Mahindra,2019,105000,176695,Diesel
4670,Tata Nano Lx,Tata,2016,60000,73553,Petrol
4671,Honda Brio S,Honda,2022,110000,118025,Diesel
4672,Mahindra Thar CRDe,Mahindra,2014,62000,95996,Petrol
4673,Audi Q7,Audi,2023,2765000,77646,Diesel
4674,Chevrolet Sail UVA,Chevrolet,2013,56000,6763,Diesel
4675,Land Rover Discovery,Land,2006,465000,147725,Petrol
4676,Nissan Sunny XL,Nissan,2004,25000,146678,Petrol
4677,Land Rover Discovery,Land,2006,453000,173850,Diesel
4678,Audi Q7,Audi,2022,1835000,131335,Petrol
4679,Mini Cooper D,Mini,2005,453000,17690,Petrol
4680,Nissan Sunny XL,Nissan,2011,39000,77655,Diesel
4681,Hyundai Elite i20,Hyundai,2017,71000,165427,Diesel
4682,Audi A6 2.0,Audi,2002,249000,134551,Petrol
4683,Nissan Terrano XL,Nissan,2009,43000,45268,Petrol
4684,Skoda Rapid Elegance,Skoda,2002,29000,45417,Petrol
4685,Skoda Octavia Elegance,Skoda,2002,25000,151062,Diesel
4686,Mahindra Jeep CL550,Mahindra,2013,52000,173124,Diesel
4687,Mitsubishi Pajero Sport,Mitsubishi,2002,26000,74106,Diesel
4688,Fiat Punto Active,Fiat,2005,25000,53563,Diesel
4689,Renault Triber RXZ,Renault,2018,66000,96277,Diesel
4690,Jaguar XF Portfolio,Jaguar,2007,529000,121126,Diesel
4691,Mercedes C-Class C220d,Mercedes,2011,1118000,33765,Petrol
4692,Toyota Glanza G,Toyota,2004,38000,53529,Petrol
4693,Skoda Octavia Elegance,Skoda,2011,37000,147027,Petrol
4694,Volvo S60 D4,Volvo,2019,1259000,142977,Petrol
4695,Skoda Rapid Elegance,Skoda,2007,44000,49450,Petrol
4696,Mitsubishi Pajero Sport,Mitsubishi,2018,136000,40491,Petrol
4697,Datsun GO Plus,Datsun,2008,35000,24767,Diesel
4698,BMW X1 sDrive20d,BMW,2014,948000,128303,Petrol
4699,Land Rover Freelander,Land,2017,2391000,22402,Petrol
4700,Fiat Punto Active,Fiat,2021,116000,30286,Diesel
4701,Maruti Suzuki Swift,Maruti,2009,36000,54087,Petrol
4702,Renault Triber RXZ,Renault,2010,30000,155402,Diesel
4703,Mahindra Bolero SLE,Mahindra,2018,83000,124552,Diesel
4704,Mercedes E-Class E220d,Mercedes,2013,1356000,40338,Diesel
4705,Tata Tigor XZ,Tata,2017,48000,168524,Petrol
4706,Jaguar XE Prestige,Jaguar,2012,885000,115310,Petrol
4707,Mitsubishi Lancer 1.8,Mitsubishi,2008,58000,15940,Diesel
4708,Maruti Suzuki Celerio,Maruti,2021,90000,159361,Diesel
4709,Datsun redi-GO T,Datsun,2023,82000,158591,Petrol
4710,Renault Kwid RXT,Renault,2016,88000,15636,Petrol
4711,Chevrolet Beat LT,Chevrolet,2002,25000,152142,Diesel
4712,Mini Cooper S,Mini,2019,1061000,110424,Petrol
4713,Tata Indica V2,Tata,2014,47000,88611,Diesel
4714,Fiat Punto Active,Fiat,2021,68000,170779,Petrol
4715,Maruti Suzuki Ciaz,Maruti,2017,89000,48990,Petrol
4716,Fiat Punto Active,Fiat,2023,108000,98098,Diesel
4717,Ford Figo,Ford,2021,167000,30070,Diesel
4718,Skoda Octavia Elegance,Skoda,2007,40000,61758,Diesel
4719,Tata Bolt XT,Tata,2017,88000,51336,Diesel
4720,Tata Nano Lx,Tata,2009,25000,139531,Petrol
4721,BMW 5 Series,BMW,2016,1183000,95544,Diesel
4722,Volkswagen Jetta Comfortline,Volkswagen,2017,91000,69764,Petrol
4723,Mahindra Scorpio S10,Mahindra,2003,25000,105042,Diesel
4724,Toyota Glanza G,Toyota,2016,69000,126135,Diesel
4725,Jeep Compass Limited,Jeep,2002,25000,134546,Petrol
4726,Volkswagen Polo Highline,Volkswagen,2013,49000,115289,Petrol
4727,Land Rover Freelander,Land,2014,1656000,18041,Petrol
4728,Ford EcoSport Ambiente,Ford,2014,92000,8238,Petrol
4729,Jeep Compass Longitude,Jeep,2014,134000,5902,Diesel
4730,Volkswagen Jetta Comfortline,Volkswagen,2013,68000,67786,Petrol
4731,Renault Lodgy 110PS,Renault,2018,83000,67074,Petrol
4732,Volkswagen Polo Highline,Volkswagen,2008,42000,76139,Diesel
4733,Chevrolet Sail UVA,Chevrolet,2023,78000,107650,Diesel
4734,Maruti Suzuki Swift,Maruti,2004,25000,157641,CNG
4735,Mercedes C-Class C220d,Mercedes,2009,623000,137112,Diesel
4736,Volkswagen Vento Highline,Volkswagen,2005,25000,170921,Diesel
4737,Datsun GO Plus,Datsun,2009,25000,140367,Diesel
4738,Mitsubishi Lancer 1.8,Mitsubishi,2023,128000,165507,Diesel
4739,Tata Tiago Revotron,Tata,2002,25000,158581,Petrol
4740,Nissan Micra XV,Nissan,2019,102000,29853,Petrol
4741,Volkswagen Polo Highline,Volkswagen,2009,46000,72214,Diesel
4742,Mercedes E-Class E220d,Mercedes,2003,543000,4188,Diesel
4743,Mitsubishi Lancer 1.8,Mitsubishi,2023,158000,151200,Diesel
4744,Toyota Glanza G,Toyota,2013,80000,66968,Diesel
4745,Mitsubishi Lancer 1.8,Mitsubishi,2011,77000,36325,Petrol
4746,Mercedes GLA 200d,Mercedes,2013,802000,114164,Petrol
4747,Maruti Suzuki Alto,Maruti,2005,25000,108865,Petrol
4748,Volkswagen Ameo Highline,Volkswagen,2016,71000,152132,Diesel
4749,Toyota Etios VXD,Toyota,2012,55000,176826,Petrol
4750,Fiat Punto Active,Fiat,2007,25000,110872,Diesel
4751,Mercedes GLA 200d,Mercedes,2004,308000,179279,Petrol
4752,Audi Q7,Audi,2005,593000,32985,Diesel
4753,Datsun GO T,Datsun,2009,40000,10835,Diesel
4754,Mitsubishi Lancer 1.8,Mitsubishi,2019,127000,73983,Petrol
4755,Toyota Yaris VX,Toyota,2022,195000,64383,Diesel
4756,Fiat Punto Active,Fiat,2022,109000,56006,Diesel
4757,Mercedes GLA 200d,Mercedes,2013,901000,106368,Diesel
4758,Jaguar XE Prestige,Jaguar,2003,609000,36412,Diesel
4759,Mini Cooper D,Mini,2017,1448000,25228,Petrol
4760,Mahindra TUV300 T8,Mahindra,2003,25000,177082,Petrol
4761,Maruti Suzuki Vitara,Maruti,2020,142000,31772,Petrol
4762,Skoda Rapid Elegance,Skoda,2010,54000,66836,Diesel
4763,Ford Endeavour 4x4,Ford,2018,101000,63307,Petrol
4764,Skoda Fabia Classic,Skoda,2011,45000,128412,Petrol
4765,Jaguar XF Portfolio,Jaguar,2007,795000,63322,Diesel
4766,Skoda Octavia Elegance,Skoda,2023,116000,130012,Diesel
4767,Fiat Punto Active,Fiat,2022,121000,38643,Diesel
4768,Ford Figo,Ford,2004,25000,170441,Petrol
4769,Toyota Fortuner 3.0,Toyota,2017,84000,149981,Petrol
4770,BMW X1 sDrive20d,BMW,2002,426000,39002,Diesel
4771,Tata Bolt XT,Tata,2008,25000,149808,Diesel
4772,Maruti Suzuki Baleno,Maruti,2023,115000,123933,Petrol
4773,Maruti Suzuki Vitara,Maruti,2003,25000,64578,CNG
4774,Mini Cooper D,Mini,2015,701000,152154,Petrol
4775,Land Rover Freelander,Land,2020,1669000,135064,Petrol
4776,Honda Brio S,Honda,2015,62000,128998,Diesel
4777,Jaguar XE Prestige,Jaguar,2021,1814000,107538,Diesel
4778,Skoda Octavia Elegance,Skoda,2010,43000,89311,Diesel
4779,Mercedes E-Class E220d,Mercedes,2013,764000,177566,Diesel
4780,Toyota Glanza G,Toyota,2005,28000,117212,Diesel
4781,Maruti Suzuki Alto,Maruti,2008,36000,80665,Diesel
4782,Hyundai Elite i20,Hyundai,2015,84000,47168,Diesel
4783,Hyundai Eon Era,Hyundai,2006,25000,102058,Diesel
4784,Nissan Sunny XL,Nissan,2009,37000,63413,Petrol
4785,Hyundai Venue SX,Hyundai,2010,57000,10381,Diesel
4786,Jeep Compass Limited,Jeep,2006,33000,169784,Petrol
4787,Mercedes E-Class E220d,Mercedes,2005,660000,32905,Diesel
4788,Mini Cooper S,Mini,2003,272000,93989,Petrol
4789,BMW X1 sDrive20d,BMW,2008,696000,50988,Petrol
4790,Volkswagen Vento Highline,Volkswagen,2006,28000,139767,Diesel
4791,Jeep Compass Longitude,Jeep,2016,140000,36751,Petrol
4792,Chevrolet Spark LT,Chevrolet,2005,28000,9365,Petrol
4793,Land Rover Freelander,Land,2002,310000,142501,Diesel
4794,Hyundai Eon Era,Hyundai,2016,102000,3020,Diesel
4795,Tata Tigor XZ,Tata,2005,25000,165842,Petrol
4796,Mini Cooper S,Mini,2006,424000,94484,Diesel
4797,Maruti Suzuki Wagon,Maruti,2016,68000,57541,CNG
4798,Land Rover Discovery,Land,2023,2330000,177710,Petrol
4799,Jaguar XF Portfolio,Jaguar,2019,2754000,4441,Diesel
4800,Nissan Sunny XL,Nissan,2011,48000,37869,Petrol
4801,Fiat Punto Active,Fiat,2016,45000,162819,Petrol
4802,Tata Tigor XZ,Tata,2006,25000,165051,Diesel
4803,Volvo XC60 D5,Volvo,2018,1214000,138857,Diesel
4804,Honda Civic 1.8,Honda,2019,113000,56037,Petrol
4805,Volvo XC60 D5,Volvo,2023,1879000,176294,Petrol
4806,Nissan Micra XV,Nissan,2009,41000,43348,Petrol
4807,Mitsubishi Lancer 1.8,Mitsubishi,2013,63000,95207,Petrol
4808,Honda Jazz V,Honda,2002,25000,103941,Diesel
4809,Mini Cooper D,Mini,2022,1441000,176023,Petrol
4810,Skoda Rapid Elegance,Skoda,2015,64000,123578,Petrol
4811,Mitsubishi Lancer 1.8,Mitsubishi,2009,63000,37409,Diesel
4812,Maruti Suzuki Baleno,Maruti,2018,75000,87904,Petrol
4813,Datsun GO T,Datsun,2006,25000,27143,Diesel
4814,Renault Lodgy 110PS,Renault,2011,45000,54074,Diesel
4815,Volvo XC60 D5,Volvo,2021,1754000,75867,Petrol
4816,Chevrolet Sail UVA,Chevrolet,2015,48000,95073,Diesel
4817,Tata Indica V2,Tata,2017,89000,15358,Diesel
4818,Mahindra Jeep CL550,Mahindra,2023,217000,38496,Petrol
4819,Tata Nexon XZ,Tata,2023,108000,98677,Petrol
4820,Nissan Terrano XL,Nissan,2014,42000,172279,Diesel
4821,Toyota Etios VXD,Toyota,2008,44000,74832,Diesel
4822,Mahindra KUV100 K8,Mahindra,2023,158000,102712,Diesel
4823,Hyundai Tucson 2WD,Hyundai,2002,25000,79362,Diesel
4824,Maruti Suzuki Omni,Maruti,2016,76000,54592,Petrol
4825,Audi Q7,Audi,2020,1482000,164713,Petrol
4826,Volvo XC60 D5,Volvo,2022,2099000,73341,Petrol
4827,Hyundai Tucson 2WD,Hyundai,2023,199000,6184,Petrol
4828,Skoda Octavia Elegance,Skoda,2023,136000,173601,Diesel
4829,Maruti Suzuki Wagon,Maruti,2013,44000,128771,Petrol
4830,Mitsubishi Lancer 1.8,Mitsubishi,2010,42000,129535,Petrol
4831,Fiat Linea Active,Fiat,2019,98000,15031,Diesel
4832,Maruti Suzuki Eeco,Maruti,2012,38000,102071,CNG
4833,Fiat Punto Active,Fiat,2016,50000,142266,Diesel
4834,Mitsubishi Pajero Sport,Mitsubishi,2016,99000,71780,Petrol
4835,Volvo XC60 D5,Volvo,2018,1361000,83700,Petrol
4836,Chevrolet Beat LT,Chevrolet,2006,25000,62947,Petrol
4837,Mitsubishi Lancer 1.8,Mitsubishi,2010,41000,103196,Petrol
4838,Renault Triber RXZ,Renault,2010,32000,138614,Diesel
4839,Ford Figo,Ford,2005,25000,179938,Diesel
4840,Jeep Compass Limited,Jeep,2004,49000,1439,Petrol
4841,BMW X1 sDrive20d,BMW,2011,644000,100176,Diesel
4842,Hyundai Eon Era,Hyundai,2017,70000,105576,Diesel
4843,Mitsubishi Pajero Sport,Mitsubishi,2023,216000,21574,Diesel
4844,Chevrolet Beat LT,Chevrolet,2009,25000,150715,Diesel
4845,Fiat Linea Active,Fiat,2018,82000,18484,Petrol
4846,Ford EcoSport Ambiente,Ford,2018,65000,157957,Petrol
4847,Fiat Linea Active,Fiat,2023,83000,105244,Petrol
4848,Chevrolet Sail UVA,Chevrolet,2002,25000,6892,Petrol
4849,Mercedes C-Class C220d,Mercedes,2018,2595000,3130,Petrol
4850,Mahindra Scorpio S10,Mahindra,2011,46000,92851,Diesel
4851,Nissan Terrano XL,Nissan,2003,25000,100964,Petrol
4852,Mitsubishi Pajero Sport,Mitsubishi,2008,33000,105264,Diesel
4853,Ford Endeavour 4x4,Ford,2005,25000,176219,Petrol
4854,Fiat Linea Active,Fiat,2004,25000,131608,Diesel
4855,Mercedes C-Class C220d,Mercedes,2019,2750000,3106,Diesel
4856,Tata Tigor XZ,Tata,2007,25000,146507,Diesel
4857,Land Rover Freelander,Land,2021,1800000,110872,Petrol
4858,Tata Nano Lx,Tata,2004,25000,51142,Diesel
4859,Honda City 1.5,Honda,2020,129000,69617,Petrol
4860,Tata Nexon XZ,Tata,2023,165000,19247,Diesel
4861,Nissan Sunny XL,Nissan,2006,25000,117793,Diesel
4862,Ford EcoSport Titanium,Ford,2007,27000,108762,Petrol
4863,Hyundai i10 Sportz,Hyundai,2020,93000,97250,Petrol
4864,Mahindra Scorpio S10,Mahindra,2005,38000,31001,Petrol
4865,Mahindra Scorpio SLE,Mahindra,2005,25000,175009,Petrol
4866,Mini Cooper S,Mini,2023,1503000,161208,Petrol
4867,Nissan Terrano XL,Nissan,2018,56000,129945,Petrol
4868,Renault Duster 110,Renault,2011,35000,173835,Diesel
4869,Land Rover Freelander,Land,2002,350000,152845,Diesel
4870,Datsun GO Plus,Datsun,2003,25000,75651,Diesel
4871,Mahindra Scorpio S10,Mahindra,2003,26000,57025,Diesel
4872,Volkswagen Polo Highline,Volkswagen,2019,152000,3594,Diesel
4873,BMW 3 Series,BMW,2019,2622000,19859,Diesel
4874,Fiat Punto Active,Fiat,2010,26000,111472,Diesel
4875,Nissan Micra XV,Nissan,2014,87000,3129,Diesel
4876,Hyundai i10 Sportz,Hyundai,2006,25000,119829,Diesel
4877,Fiat Punto Active,Fiat,2023,94000,162167,Diesel
4878,Volkswagen Vento Highline,Volkswagen,2021,128000,71974,Petrol
4879,Jaguar XE Prestige,Jaguar,2011,754000,162707,Diesel
4880,Mini Cooper D,Mini,2015,1280000,47060,Diesel
4881,Mini Cooper D,Mini,2016,941000,106592,Diesel
4882,Nissan Micra XV,Nissan,2003,29000,25194,Diesel
4883,Mercedes C-Class C220d,Mercedes,2018,1235000,165254,Diesel
4884,Jaguar XF Portfolio,Jaguar,2018,1548000,84030,Petrol
4885,Jaguar XF Portfolio,Jaguar,2006,528000,159680,Diesel
4886,Datsun redi-GO T,Datsun,2006,25000,141695,Diesel
4887,Skoda Octavia Elegance,Skoda,2018,139000,33516,Diesel
4888,Fiat Linea Active,Fiat,2017,45000,170615,Petrol
4889,Toyota Fortuner 3.0,Toyota,2017,76000,179358,Diesel
4890,Nissan Sunny XL,Nissan,2006,30000,54175,Petrol
4891,Honda Jazz V,Honda,2007,38000,53335,Diesel
4892,Datsun GO T,Datsun,2002,25000,136676,Diesel
4893,Volvo XC60 D5,Volvo,2021,1583000,102461,Petrol
4894,Hyundai Verna 1.6,Hyundai,2006,47000,2263,Diesel
4895,Chevrolet Spark LT,Chevrolet,2004,25000,49492,Petrol
4896,BMW 3 Series,BMW,2012,667000,160694,Petrol
4897,Honda Amaze S,Honda,2005,45000,1837,Petrol
4898,Mitsubishi Lancer 1.8,Mitsubishi,2010,60000,59402,Petrol
4899,Land Rover Freelander,Land,2010,1273000,8218,Diesel
4900,Tata Tigor XZ,Tata,2022,92000,122148,Diesel
4901,Land Rover Discovery,Land,2003,601000,39051,Petrol
4902,Jeep Compass Longitude,Jeep,2009,77000,24408,Petrol
4903,Jaguar XE Prestige,Jaguar,2018,2512000,28686,Petrol
4904,Mitsubishi Lancer 1.8,Mitsubishi,2006,38000,81556,Petrol
4905,Audi Q7,Audi,2021,1634000,114190,Petrol
4906,Mercedes E-Class E220d,Mercedes,2011,757000,91018,Petrol
4907,Skoda Octavia Elegance,Skoda,2018,72000,139871,Petrol
4908,Mercedes GLA 200d,Mercedes,2006,507000,82561,Diesel
4909,Mini Cooper D,Mini,2008,422000,85804,Petrol
4910,Jeep Compass Longitude,Jeep,2019,199000,6717,Diesel
4911,Chevrolet Sail UVA,Chevrolet,2009,25000,145332,Petrol
4912,Maruti Suzuki Wagon,Maruti,2016,56000,104095,CNG
4913,Land Rover Freelander,Land,2019,2524000,33786,Diesel
4914,Jeep Compass Limited,Jeep,2004,26000,174458,Petrol
4915,Tata Indica V2,Tata,2023,141000,56499,Diesel
4916,Ford EcoSport Ambiente,Ford,2006,25000,103943,Petrol
4917,Mercedes E-Class E220d,Mercedes,2004,449000,67451,Diesel
4918,Ford EcoSport Titanium,Ford,2014,93000,21496,Diesel
4919,Mitsubishi Lancer 1.8,Mitsubishi,2011,51000,92512,Diesel
4920,Tata Indica V2,Tata,2021,74000,160618,Diesel
4921,Nissan Micra XV,Nissan,2009,41000,63811,Diesel
4922,Hyundai Eon Era,Hyundai,2022,121000,79410,Petrol
4923,Mercedes E-Class E220d,Mercedes,2019,1751000,93408,Diesel
4924,Jeep Compass Longitude,Jeep,2017,93000,134248,Diesel
4925,Honda City 1.5,Honda,2013,49000,150226,Petrol
4926,Audi A8,Audi,2009,504000,135096,Petrol
4927,Hyundai Eon Era,Hyundai,2008,40000,30908,Petrol
4928,Volvo XC60 D5,Volvo,2010,583000,146048,Petrol
4929,Skoda Rapid Elegance,Skoda,2008,34000,179868,Petrol
4930,Jeep Compass Longitude,Jeep,2014,75000,145740,Diesel
4931,Mercedes E-Class E220d,Mercedes,2002,267000,120435,Petrol
4932,Nissan Sunny XL,Nissan,2002,25000,1078,Diesel
4933,Toyota Glanza G,Toyota,2006,49000,31595,Petrol
4934,Honda City 1.5,Honda,2020,152000,55812,Diesel
4935,Mercedes GLA 200d,Mercedes,2010,597000,115538,Petrol
4936,Tata Bolt XT,Tata,2008,36000,51889,Petrol
4937,Nissan Terrano XL,Nissan,2020,78000,113054,Petrol
4938,Datsun redi-GO T,Datsun,2023,87000,104195,Petrol
4939,Renault Duster 110,Renault,2007,34000,53153,Diesel
4940,Chevrolet Sail UVA,Chevrolet,2020,56000,147535,Petrol
4941,Skoda Rapid Elegance,Skoda,2013,88000,25810,Petrol
4942,Maruti Suzuki Ertiga,Maruti,2009,28000,122700,Petrol
4943,Skoda Octavia Elegance,Skoda,2009,40000,98735,Diesel
4944,Mahindra KUV100 K8,Mahindra,2012,54000,151982,Diesel
4945,Fiat Linea Active,Fiat,2020,79000,67735,Petrol
4946,Mitsubishi Pajero Sport,Mitsubishi,2005,35000,54776,Diesel
4947,Chevrolet Tavera Neo,Chevrolet,2007,25000,128252,Diesel
4948,Mercedes E-Class E220d,Mercedes,2013,780000,148986,Petrol
4949,Mahindra XUV500 W8,Mahindra,2011,69000,23509,Diesel
4950,Mitsubishi Lancer 1.8,Mitsubishi,2009,41000,145694,Petrol
4951,Skoda Fabia Classic,Skoda,2015,54000,128914,Petrol
4952,Ford EcoSport Titanium,Ford,2004,25000,58805,Petrol
4953,Maruti Suzuki Wagon,Maruti,2011,49000,48184,Petrol
4954,Volvo S60 D4,Volvo,2004,357000,68663,Petrol
4955,Jeep Compass Limited,Jeep,2005,39000,100887,Diesel
4956,Maruti Suzuki Wagon,Maruti,2022,93000,172767,Petrol
4957,Renault Duster 110,Renault,2014,45000,119163,Diesel
4958,Audi A6 2.0,Audi,2003,274000,153200,Diesel
4959,Tata Nexon XZ,Tata,2007,25000,113437,Diesel
4960,Nissan Terrano XL,Nissan,2014,50000,148896,Diesel
4961,Nissan Terrano XL,Nissan,2017,93000,27247,Diesel
4962,Volvo S60 D4,Volvo,2007,369000,128260,Diesel
4963,Chevrolet Sail UVA,Chevrolet,2023,88000,162256,Petrol
4964,Mercedes C-Class C220d,Mercedes,2022,2562000,48042,Diesel
4965,BMW X1 sDrive20d,BMW,2012,816000,106609,Diesel
4966,Jeep Compass Limited,Jeep,2023,171000,158684,Diesel
4967,Datsun redi-GO T,Datsun,2020,79000,76998,Petrol
4968,BMW 5 Series,BMW,2010,535000,130171,Petrol
4969,Mercedes E-Class E220d,Mercedes,2017,1350000,172552,Diesel
4970,Nissan Terrano XL,Nissan,2014,59000,69263,Diesel
4971,Datsun redi-GO T,Datsun,2021,96000,68069,Diesel
4972,Nissan Sunny XL,Nissan,2022,141000,62651,Diesel
4973,Chevrolet Beat LT,Chevrolet,2022,108000,34102,Diesel
4974,Audi A8,Audi,2007,424000,157521,Petrol
4975,Audi Q3 35,Audi,2010,592000,145318,Petrol
4976,Maruti Suzuki Celerio,Maruti,2009,26000,139585,Petrol
4977,Datsun GO Plus,Datsun,2008,25000,48997,Petrol
4978,Datsun GO T,Datsun,2007,25000,67619,Petrol
4979,Honda WR-V i-VTEC,Honda,2013,53000,135504,Petrol
4980,Mitsubishi Lancer 1.8,Mitsubishi,2008,55000,53076,Diesel
4981,Mini Cooper D,Mini,2010,564000,103409,Diesel
4982,Honda WR-V i-VTEC,Honda,2008,30000,149620,Diesel
4983,Honda City 1.5,Honda,2020,107000,74464,Petrol
4984,Toyota Yaris VX,Toyota,2017,81000,114450,Petrol
4985,Jaguar XF Portfolio,Jaguar,2005,517000,102792,Diesel
4986,Audi A8,Audi,2020,1390000,166259,Diesel
4987,Renault Duster 110,Renault,2015,77000,22957,Diesel
4988,Nissan Terrano XL,Nissan,2022,89000,179998,Petrol
4989,Audi A4 35,Audi,2014,816000,138474,Diesel
4990,Hyundai Venue SX,Hyundai,2004,25000,166956,Petrol
4991,Renault Lodgy 110PS,Renault,2005,25000,57357,Petrol
4992,Volkswagen Ameo Highline,Volkswagen,2021,121000,169080,Diesel
4993,Tata Nano Lx,Tata,2017,51000,107900,Diesel
4994,Jeep Compass Longitude,Jeep,2017,106000,151823,Petrol
4995,Datsun GO Plus,Datsun,2013,50000,31322,Petrol
4996,Mercedes C-Class C220d,Mercedes,2016,1138000,138436,Petrol
4997,Skoda Rapid Elegance,Skoda,2018,109000,70591,Petrol
4998,Jeep Compass Limited,Jeep,2016,148000,55954,Diesel
4999,Skoda Octavia Elegance,Skoda,2023,258000,1997,Diesel
5000,Mercedes C-Class C220d,Mercedes,2018,2043000,15240,Petrol
5001,Fiat Punto Active,Fiat,2023,93000,102325,Diesel
5002,BMW 5 Series,BMW,2018,1721000,85459,Diesel
5003,Hyundai Xcent S,Hyundai,2019,91000,172850,Diesel
5004,Maruti Suzuki Baleno,Maruti,2007,25000,164101,Petrol
5005,BMW 3 Series,BMW,2012,1155000,40605,Diesel
5006,Ford Fiesta Classic,Ford,2013,72000,41768,Petrol
5007,Honda Civic 1.8,Honda,2021,106000,172694,Diesel
5008,Volvo S60 D4,Volvo,2009,553000,94004,Diesel
5009,Renault Duster 110,Renault,2016,55000,156663,Petrol
5010,Honda Brio S,Honda,2021,106000,93759,Petrol
5011,Chevrolet Beat LT,Chevrolet,2002,25000,76700,Petrol
5012,Fiat Punto Active,Fiat,2003,25000,100896,Petrol
5013,Jeep Compass Longitude,Jeep,2003,29000,148634,Petrol
5014,Nissan Sunny XL,Nissan,2018,78000,75567,Diesel
5015,Audi A8,Audi,2021,1599000,117296,Petrol
5016,Honda Jazz V,Honda,2012,44000,167370,Diesel
5017,Nissan Micra XV,Nissan,2019,100000,41207,Diesel
5018,Jeep Compass Longitude,Jeep,2015,109000,72055,Petrol
5019,Ford Endeavour 4x4,Ford,2012,59000,48509,Diesel
5020,BMW X1 sDrive20d,BMW,2018,1188000,173477,Petrol
5021,Hyundai Eon Era,Hyundai,2003,25000,134659,Petrol
5022,Volvo XC60 D5,Volvo,2011,783000,68729,Diesel
5023,Chevrolet Beat LT,Chevrolet,2011,28000,134448,Diesel
5024,Land Rover Discovery,Land,2002,335000,133903,Petrol
5025,Land Rover Discovery,Land,2003,451000,62313,Diesel
5026,BMW X1 sDrive20d,BMW,2013,960000,90977,Diesel
5027,Tata Tiago Revotron,Tata,2012,36000,133348,Petrol
5028,Land Rover Freelander,Land,2023,3699000,40088,Diesel
5029,Audi A8,Audi,2022,1709000,130294,Diesel
5030,Toyota Corolla Altis,Toyota,2011,69000,30894,Petrol
5031,Skoda Octavia Elegance,Skoda,2020,136000,65195,Diesel
5032,Maruti Suzuki Vitara,Maruti,2003,25000,74817,Diesel
5033,Skoda Octavia Elegance,Skoda,2011,42000,149309,Diesel
5034,Ford Figo Aspire,Ford,2015,86000,34852,Petrol
5035,BMW X1 sDrive20d,BMW,2017,1720000,30879,Petrol
5036,Chevrolet Beat LT,Chevrolet,2007,25000,118170,Diesel
5037,Maruti Suzuki Ertiga,Maruti,2011,60000,32586,Petrol
5038,Mercedes C-Class C220d,Mercedes,2023,2103000,126630,Diesel
5039,Skoda Rapid Elegance,Skoda,2005,25000,164625,Petrol
5040,Mini Cooper S,Mini,2003,336000,88962,Diesel
5041,Renault Triber RXZ,Renault,2013,51000,93330,Diesel
5042,BMW 3 Series,BMW,2005,340000,111239,Petrol
5043,Jaguar XF Portfolio,Jaguar,2015,1103000,108827,Petrol
5044,Nissan Micra XV,Nissan,2011,29000,152282,Petrol
5045,Land Rover Freelander,Land,2011,1077000,52770,Petrol
5046,Chevrolet Tavera Neo,Chevrolet,2019,61000,84263,Petrol
5047,Audi Q7,Audi,2009,748000,58575,Diesel
5048,Volvo S60 D4,Volvo,2004,280000,175272,Diesel
5049,Jeep Compass Limited,Jeep,2022,178000,178152,Petrol
5050,Nissan Terrano XL,Nissan,2008,25000,156656,Petrol
5051,Tata Nano Lx,Tata,2003,25000,42505,Diesel
5052,Land Rover Freelander,Land,2023,2459000,177798,Petrol
5053,Jaguar XE Prestige,Jaguar,2019,1629000,147035,Diesel
5054,Mahindra XUV500 W8,Mahindra,2018,119000,77997,Diesel
5055,Ford Freestyle Titanium,Ford,2015,54000,118800,Diesel
5056,Volkswagen Vento Highline,Volkswagen,2002,25000,142621,Petrol
5057,Toyota Corolla Altis,Toyota,2007,33000,106204,Diesel
5058,BMW 5 Series,BMW,2010,1065000,7960,Diesel
5059,Jaguar XE Prestige,Jaguar,2017,1313000,157195,Diesel
5060,Mini Cooper D,Mini,2018,1719000,24459,Diesel
5061,Volkswagen Vento Highline,Volkswagen,2011,47000,101856,Diesel
5062,Volkswagen Jetta Comfortline,Volkswagen,2021,143000,57044,Diesel
5063,Chevrolet Tavera Neo,Chevrolet,2014,40000,81614,Petrol
5064,Honda Brio S,Honda,2014,58000,153018,Petrol
5065,Datsun redi-GO T,Datsun,2020,63000,101969,Diesel
5066,Jeep Compass Longitude,Jeep,2005,35000,173452,Petrol
5067,Honda Amaze S,Honda,2023,118000,170474,Petrol
5068,Honda Amaze S,Honda,2003,26000,59490,Diesel
5069,Fiat Linea Active,Fiat,2003,25000,101498,Petrol
5070,Skoda Octavia Elegance,Skoda,2018,98000,85763,Diesel
5071,Volkswagen Ameo Highline,Volkswagen,2012,49000,153223,Diesel
5072,Chevrolet Tavera Neo,Chevrolet,2023,97000,104798,Diesel
5073,Datsun GO Plus,Datsun,2023,149000,658,Petrol
5074,Honda WR-V i-VTEC,Honda,2022,113000,125661,Diesel
5075,Volvo XC60 D5,Volvo,2008,414000,108688,Petrol
5076,BMW 3 Series,BMW,2010,566000,113973,Diesel
5077,Volkswagen Vento Highline,Volkswagen,2003,31000,16209,Diesel
5078,Jeep Compass Limited,Jeep,2016,134000,65651,Diesel
5079,Honda City 1.5,Honda,2009,41000,85505,Petrol
5080,Jeep Compass Limited,Jeep,2023,188000,172432,Petrol
5081,Mini Cooper S,Mini,2009,690000,58767,Diesel
5082,Hyundai Xcent S,Hyundai,2004,25000,164178,Diesel
5083,Toyota Yaris VX,Toyota,2020,125000,131356,Diesel
5084,Tata Nano Lx,Tata,2017,57000,176160,Petrol
5085,Tata Bolt XT,Tata,2005,29000,509,Diesel
5086,Jeep Compass Longitude,Jeep,2017,167000,11429,Petrol
5087,Mahindra Bolero SLE,Mahindra,2013,55000,120457,Petrol
5088,Mitsubishi Lancer 1.8,Mitsubishi,2013,51000,162140,Petrol
5089,Maruti Suzuki Omni,Maruti,2007,25000,92203,CNG
5090,Skoda Fabia Classic,Skoda,2012,39000,132168,Petrol
5091,Maruti Suzuki Eeco,Maruti,2017,58000,125702,Diesel
5092,Mahindra Jeep CL550,Mahindra,2021,158000,40245,Diesel
5093,Audi Q3 35,Audi,2012,915000,52834,Diesel
5094,Renault Kwid RXT,Renault,2003,25000,74396,Petrol
5095,Skoda Fabia Classic,Skoda,2004,32000,47185,Diesel
5096,Hyundai Elite i20,Hyundai,2009,41000,52855,Diesel
5097,Nissan Sunny XL,Nissan,2018,124000,5911,Diesel
5098,Chevrolet Sail UVA,Chevrolet,2012,46000,39366,Diesel
5099,Hyundai Eon Era,Hyundai,2014,54000,165003,Diesel
5100,Chevrolet Beat LT,Chevrolet,2002,25000,2119,Diesel
5101,Audi A4 35,Audi,2004,488000,46717,Petrol
5102,Datsun redi-GO T,Datsun,2021,99000,53212,Petrol
5103,Tata Bolt XT,Tata,2009,36000,60746,Petrol
5104,Jeep Compass Limited,Jeep,2020,174000,83900,Petrol
5105,Mercedes C-Class C220d,Mercedes,2016,1040000,152584,Diesel
5106,Land Rover Freelander,Land,2003,528000,38872,Diesel
5107,BMW X1 sDrive20d,BMW,2018,1620000,87742,Diesel
5108,Honda Brio S,Honda,2003,25000,79945,Petrol
5109,Mahindra Thar CRDe,Mahindra,2011,38000,142804,Petrol
5110,Hyundai Tucson 2WD,Hyundai,2009,45000,50002,Diesel
5111,Renault Kwid RXT,Renault,2015,59000,53336,Petrol
5112,Nissan Terrano XL,Nissan,2011,51000,50826,Diesel
5113,Mitsubishi Lancer 1.8,Mitsubishi,2005,26000,106430,Diesel
5114,Hyundai Elite i20,Hyundai,2005,25000,121321,Petrol
5115,Audi A4 35,Audi,2005,560000,48317,Diesel
5116,Toyota Glanza G,Toyota,2023,220000,58813,Petrol
5117,Mitsubishi Lancer 1.8,Mitsubishi,2004,25000,117823,Diesel
5118,Datsun GO Plus,Datsun,2016,41000,98397,Petrol
5119,Renault Kwid RXT,Renault,2002,25000,18237,Petrol
5120,Mitsubishi Pajero Sport,Mitsubishi,2014,55000,159110,Petrol
5121,Volvo XC60 D5,Volvo,2011,1021000,11414,Diesel
5122,Mini Cooper D,Mini,2013,1034000,39222,Diesel
5123,Nissan Sunny XL,Nissan,2002,25000,174149,Diesel
5124,Fiat Linea Active,Fiat,2015,63000,38688,Petrol
5125,Toyota Fortuner 3.0,Toyota,2002,35000,33830,Diesel
5126,Ford EcoSport Titanium,Ford,2021,148000,57845,Diesel
5127,Mahindra Bolero SLE,Mahindra,2020,161000,1014,Petrol
5128,Hyundai Eon Era,Hyundai,2006,25000,131065,Diesel
5129,Nissan Terrano XL,Nissan,2023,104000,137432,Diesel
5130,Mercedes C-Class C220d,Mercedes,2004,426000,72852,Diesel
5131,Honda City 1.5,Honda,2005,25000,147731,Diesel
5132,Volvo XC60 D5,Volvo,2011,646000,113874,Petrol
5133,Mini Cooper D,Mini,2021,1664000,95000,Diesel
5134,Ford Endeavour 4x4,Ford,2007,37000,39237,Petrol
5135,Ford Figo,Ford,2013,50000,105290,Petrol
5136,Mitsubishi Lancer 1.8,Mitsubishi,2011,43000,139205,Petrol
5137,Nissan Micra XV,Nissan,2015,54000,122514,Diesel
5138,BMW X1 sDrive20d,BMW,2017,1739000,49681,Diesel
5139,Ford Figo Aspire,Ford,2017,98000,68818,Diesel
5140,Audi Q7,Audi,2009,608000,98093,Diesel
5141,Fiat Punto Active,Fiat,2013,41000,101452,Diesel
5142,Honda City 1.5,Honda,2004,25000,160436,Petrol
5143,Volkswagen Jetta Comfortline,Volkswagen,2022,104000,151600,Petrol
5144,Ford Endeavour 4x4,Ford,2004,25000,149154,Diesel
5145,Tata Tiago Revotron,Tata,2009,25000,177897,Petrol
5146,Fiat Linea Active,Fiat,2019,81000,56919,Petrol
5147,Honda Civic 1.8,Honda,2017,74000,98118,Petrol
5148,Toyota Fortuner 3.0,Toyota,2007,56000,14062,Petrol
5149,Fiat Linea Active,Fiat,2010,25000,125943,Petrol
5150,Datsun GO Plus,Datsun,2023,71000,154564,Petrol
5151,Audi A6 2.0,Audi,2020,1956000,43406,Petrol
5152,Renault Triber RXZ,Renault,2023,114000,115280,Diesel
5153,Hyundai Verna 1.6,Hyundai,2012,44000,126546,Diesel
5154,Mitsubishi Pajero Sport,Mitsubishi,2016,79000,78915,Petrol
5155,Skoda Fabia Classic,Skoda,2011,39000,168065,Diesel
5156,Land Rover Freelander,Land,2004,469000,86719,Diesel
5157,Honda WR-V i-VTEC,Honda,2007,50000,13250,Diesel
5158,Tata Nexon XZ,Tata,2020,85000,97921,Diesel
5159,Toyota Glanza G,Toyota,2010,62000,51763,Petrol
5160,Datsun redi-GO T,Datsun,2002,25000,136638,Diesel
5161,Volkswagen Vento Highline,Volkswagen,2020,93000,168715,Diesel
5162,Land Rover Freelander,Land,2002,437000,78701,Petrol
5163,Mitsubishi Lancer 1.8,Mitsubishi,2010,39000,163214,Petrol
5164,Honda City 1.5,Honda,2002,28000,28098,Petrol
5165,Volvo XC60 D5,Volvo,2021,1390000,163271,Petrol
5166,Mini Cooper S,Mini,2013,617000,117618,Diesel
5167,Jeep Compass Longitude,Jeep,2005,58000,23470,Diesel
5168,Tata Tiago Revotron,Tata,2016,51000,96944,Diesel
5169,BMW 5 Series,BMW,2023,2906000,42402,Diesel
5170,Chevrolet Sail UVA,Chevrolet,2011,25000,109211,Petrol
5171,Ford Freestyle Titanium,Ford,2009,39000,89670,Diesel
5172,Mahindra TUV300 T8,Mahindra,2009,34000,174794,Diesel
5173,Hyundai Tucson 2WD,Hyundai,2012,58000,68044,Diesel
5174,Hyundai i10 Sportz,Hyundai,2003,25000,65592,Petrol
5175,Nissan Micra XV,Nissan,2014,60000,49877,Diesel
5176,Mahindra Scorpio S10,Mahindra,2002,27000,44784,Diesel
5177,Chevrolet Tavera Neo,Chevrolet,2004,25000,100493,Petrol
5178,Volkswagen Polo Highline,Volkswagen,2018,88000,88121,Diesel
5179,Tata Nexon XZ,Tata,2014,42000,94381,Petrol
5180,Volvo S60 D4,Volvo,2012,679000,113108,Diesel
5181,Volvo S60 D4,Volvo,2023,2117000,97934,Diesel
5182,Land Rover Discovery,Land,2007,590000,79796,Petrol
5183,Ford Fiesta Classic,Ford,2023,176000,27007,Diesel
5184,Mahindra XUV500 W8,Mahindra,2018,97000,94948,Petrol
5185,Mitsubishi Pajero Sport,Mitsubishi,2020,188000,31818,Diesel
5186,Honda City 1.5,Honda,2005,31000,42643,Petrol
5187,Hyundai Elite i20,Hyundai,2003,25000,162440,Diesel
5188,Jeep Compass Limited,Jeep,2014,89000,95517,Diesel
5189,Honda WR-V i-VTEC,Honda,2007,26000,157349,Petrol
5190,Jaguar XF Portfolio,Jaguar,2021,3036000,26781,Diesel
5191,Mini Cooper S,Mini,2012,879000,50271,Petrol
5192,Maruti Suzuki Swift,Maruti,2005,28000,50087,Petrol
5193,Tata Indica V2,Tata,2013,42000,105650,Petrol
5194,Toyota Glanza G,Toyota,2010,69000,3342,Petrol
5195,Volkswagen Jetta Comfortline,Volkswagen,2007,34000,103139,Diesel
5196,Toyota Innova 2.5,Toyota,2006,39000,82186,Petrol
5197,Volkswagen Vento Highline,Volkswagen,2009,35000,140844,Diesel
5198,Audi A8,Audi,2014,1595000,7869,Diesel
5199,Tata Tigor XZ,Tata,2022,93000,173407,Diesel
5200,BMW X1 sDrive20d,BMW,2014,795000,123246,Diesel
5201,Mercedes E-Class E220d,Mercedes,2006,690000,19770,Petrol
5202,Skoda Octavia Elegance,Skoda,2003,36000,5464,Petrol
5203,Nissan Micra XV,Nissan,2002,25000,176579,Diesel
5204,Audi A6 2.0,Audi,2013,935000,72585,Petrol
5205,Mahindra KUV100 K8,Mahindra,2023,137000,139521,Petrol
5206,Mercedes E-Class E220d,Mercedes,2009,609000,152387,Diesel
5207,Jaguar XE Prestige,Jaguar,2019,2535000,44470,Petrol
5208,Jaguar XE Prestige,Jaguar,2016,1227000,144090,Diesel
5209,Hyundai Creta 1.6,Hyundai,2007,25000,170680,Petrol
5210,Mini Cooper S,Mini,2004,289000,136693,Diesel
5211,Mahindra KUV100 K8,Mahindra,2023,122000,151775,Petrol
5212,Tata Tiago Revotron,Tata,2009,34000,82009,Diesel
5213,Mercedes GLA 200d,Mercedes,2002,291000,130023,Diesel
5214,Fiat Linea Active,Fiat,2020,82000,74169,Diesel
5215,Datsun GO Plus,Datsun,2015,39000,108785,Petrol
5216,Maruti Suzuki Celerio,Maruti,2020,93000,94053,Petrol
5217,Fiat Linea Active,Fiat,2013,40000,72950,Petrol
5218,Chevrolet Sail UVA,Chevrolet,2005,25000,51518,Petrol
5219,Volvo S60 D4,Volvo,2013,899000,77208,Petrol
5220,Land Rover Discovery,Land,2005,714000,26183,Petrol
5221,Chevrolet Beat LT,Chevrolet,2023,110000,60496,Diesel
5222,Volvo S60 D4,Volvo,2012,1056000,8079,Diesel
5223,Honda Amaze S,Honda,2009,43000,68471,Petrol
5224,Jeep Compass Limited,Jeep,2003,36000,52193,Petrol
5225,Ford Figo,Ford,2018,110000,21118,Diesel
5226,Jeep Compass Longitude,Jeep,2013,93000,80632,Diesel
5227,Chevrolet Spark LT,Chevrolet,2005,25000,18608,Petrol
5228,Mitsubishi Lancer 1.8,Mitsubishi,2009,33000,130659,Petrol
5229,Tata Nano Lx,Tata,2005,30000,4333,Diesel
5230,Renault Duster 110,Renault,2018,117000,5005,Petrol
5231,Nissan Terrano XL,Nissan,2004,25000,177705,Petrol
5232,Jeep Compass Longitude,Jeep,2011,88000,19971,Diesel
5233,Hyundai Elite i20,Hyundai,2018,87000,68726,Diesel
5234,Mercedes GLA 200d,Mercedes,2016,989000,168273,Petrol
5235,Mitsubishi Lancer 1.8,Mitsubishi,2002,30000,55051,Petrol
5236,Mini Cooper D,Mini,2023,1585000,130012,Diesel
5237,Skoda Fabia Classic,Skoda,2005,40000,11473,Diesel
5238,Maruti Suzuki Wagon,Maruti,2014,73000,609,Petrol
5239,Tata Indica V2,Tata,2009,30000,88240,Diesel
5240,Mitsubishi Lancer 1.8,Mitsubishi,2006,53000,12505,Diesel
5241,Jaguar XE Prestige,Jaguar,2023,3192000,60923,Diesel
5242,Land Rover Discovery,Land,2006,470000,172311,Petrol
5243,Mahindra TUV300 T8,Mahindra,2019,93000,119101,Diesel
5244,Nissan Micra XV,Nissan,2008,25000,131198,Diesel
5245,Tata Bolt XT,Tata,2019,110000,22126,Petrol
5246,Toyota Innova 2.5,Toyota,2010,41000,132922,Diesel
5247,Ford Endeavour 4x4,Ford,2010,44000,83746,Diesel
5248,Jeep Compass Longitude,Jeep,2022,151000,119701,Petrol
5249,Jaguar XE Prestige,Jaguar,2017,1433000,151812,Diesel
5250,Hyundai Eon Era,Hyundai,2022,99000,166215,Petrol
5251,Chevrolet Sail UVA,Chevrolet,2021,104000,50616,Petrol
5252,Chevrolet Spark LT,Chevrolet,2023,77000,102676,Petrol
5253,Skoda Octavia Elegance,Skoda,2008,41000,61844,Petrol
5254,Chevrolet Sail UVA,Chevrolet,2002,25000,107730,Petrol
5255,Audi A4 35,Audi,2006,761000,14398,Diesel
5256,Nissan Micra XV,Nissan,2016,50000,146618,Diesel
5257,Nissan Sunny XL,Nissan,2023,111000,170200,Diesel
5258,Jaguar XF Portfolio,Jaguar,2010,835000,74133,Petrol
5259,Jeep Compass Limited,Jeep,2016,94000,122779,Petrol
5260,Honda City 1.5,Honda,2003,37000,10244,Diesel
5261,Maruti Suzuki Wagon,Maruti,2002,25000,162249,Diesel
5262,Ford Freestyle Titanium,Ford,2007,30000,77444,Diesel
5263,Jaguar XF Portfolio,Jaguar,2019,2617000,4195,Diesel
5264,Land Rover Discovery,Land,2019,1684000,112172,Diesel
5265,Volkswagen Ameo Highline,Volkswagen,2006,27000,113714,Petrol
5266,Mercedes C-Class C220d,Mercedes,2010,634000,147674,Diesel
5267,Maruti Suzuki Swift,Maruti,2018,69000,121521,CNG
5268,Toyota Corolla Altis,Toyota,2016,140000,12422,Diesel
5269,Maruti Suzuki Vitara,Maruti,2009,50000,35385,Diesel
5270,Jeep Compass Limited,Jeep,2023,247000,67305,Petrol
5271,Hyundai Creta 1.6,Hyundai,2009,32000,134691,Petrol
5272,Jeep Compass Longitude,Jeep,2005,29000,178380,Petrol
5273,Skoda Fabia Classic,Skoda,2006,36000,64970,Petrol
5274,Land Rover Discovery,Land,2013,1370000,25501,Petrol
5275,Mahindra TUV300 T8,Mahindra,2003,35000,5755,Diesel
5276,Audi Q3 35,Audi,2008,804000,40616,Diesel
5277,Mercedes E-Class E220d,Mercedes,2002,330000,86765,Petrol
5278,Mini Cooper S,Mini,2008,672000,32467,Petrol
5279,Maruti Suzuki Vitara,Maruti,2005,27000,65071,CNG
5280,Hyundai Verna 1.6,Hyundai,2006,37000,46377,Petrol
5281,Toyota Yaris VX,Toyota,2015,72000,114850,Petrol
5282,Tata Bolt XT,Tata,2010,26000,175677,Petrol
5283,Ford Freestyle Titanium,Ford,2015,93000,28586,Diesel
5284,Land Rover Discovery,Land,2010,1195000,37237,Diesel
5285,Volkswagen Ameo Highline,Volkswagen,2012,70000,55059,Diesel
5286,Chevrolet Spark LT,Chevrolet,2014,37000,139027,Petrol
5287,Hyundai Xcent S,Hyundai,2005,31000,70803,Diesel
5288,Tata Nano Lx,Tata,2008,28000,91152,Diesel
5289,Jeep Compass Longitude,Jeep,2008,49000,175648,Diesel
5290,Jeep Compass Longitude,Jeep,2012,110000,7444,Diesel
5291,Land Rover Freelander,Land,2020,1991000,179963,Diesel
5292,Skoda Fabia Classic,Skoda,2013,79000,47504,Diesel
5293,Mercedes E-Class E220d,Mercedes,2010,826000,74882,Diesel
5294,Mitsubishi Pajero Sport,Mitsubishi,2003,26000,80347,Diesel
5295,BMW 3 Series,BMW,2014,826000,149076,Petrol
5296,Honda Brio S,Honda,2023,141000,120024,Diesel
5297,Mercedes E-Class E220d,Mercedes,2020,2487000,59834,Diesel
5298,Volkswagen Polo Highline,Volkswagen,2016,97000,41298,Diesel
5299,Tata Bolt XT,Tata,2015,81000,11509,Petrol
5300,Volvo S60 D4,Volvo,2006,378000,165836,Diesel
5301,Honda WR-V i-VTEC,Honda,2006,30000,94620,Petrol
5302,Ford Fiesta Classic,Ford,2014,75000,14982,Petrol
5303,Renault Triber RXZ,Renault,2009,31000,176781,Diesel
5304,Audi Q7,Audi,2020,1692000,93813,Petrol
5305,Mahindra TUV300 T8,Mahindra,2020,127000,69462,Petrol
5306,Skoda Octavia Elegance,Skoda,2013,55000,163462,Diesel
5307,Ford Figo,Ford,2016,84000,50705,Petrol
5308,Jaguar XE Prestige,Jaguar,2016,1713000,28010,Petrol
5309,Jaguar XF Portfolio,Jaguar,2002,480000,42410,Petrol
5310,Jaguar XE Prestige,Jaguar,2017,1367000,101671,Petrol
5311,Volkswagen Polo Highline,Volkswagen,2023,153000,72654,Petrol
5312,Chevrolet Sail UVA,Chevrolet,2005,25000,21273,Petrol
5313,Mahindra Scorpio SLE,Mahindra,2002,25000,91906,Diesel
5314,Honda Civic 1.8,Honda,2021,155000,42550,Petrol
5315,Jaguar XF Portfolio,Jaguar,2020,2067000,93556,Petrol
5316,Land Rover Freelander,Land,2016,1286000,110200,Diesel
5317,Tata Bolt XT,Tata,2008,27000,83552,Diesel
5318,Mini Cooper D,Mini,2008,650000,35015,Diesel
5319,BMW X1 sDrive20d,BMW,2020,2352000,49148,Petrol
5320,Hyundai Santro Xing,Hyundai,2006,25000,99545,Petrol
5321,Mahindra Bolero SLE,Mahindra,2008,30000,164734,Petrol
5322,Jeep Compass Limited,Jeep,2020,154000,174814,Diesel
5323,Chevrolet Spark LT,Chevrolet,2017,90000,18000,Diesel
5324,Ford EcoSport Titanium,Ford,2013,65000,47683,Petrol
5325,Mahindra TUV300 T8,Mahindra,2009,66000,8048,Petrol
5326,Hyundai Venue SX,Hyundai,2021,131000,55043,Petrol
5327,Renault Duster 110,Renault,2006,25000,160610,Diesel
5328,Volkswagen Polo Highline,Volkswagen,2011,38000,135679,Diesel
5329,Toyota Yaris VX,Toyota,2016,80000,175694,Diesel
5330,Volvo S60 D4,Volvo,2017,1388000,39616,Petrol
5331,Mercedes C-Class C220d,Mercedes,2007,735000,31881,Diesel
5332,Mini Cooper D,Mini,2020,1146000,108503,Petrol
5333,Chevrolet Tavera Neo,Chevrolet,2013,51000,30243,Diesel
5334,Maruti Suzuki Baleno,Maruti,2007,37000,51640,Petrol
5335,Fiat Punto Active,Fiat,2015,87000,893,Diesel
5336,Maruti Suzuki Swift,Maruti,2010,55000,32019,Petrol
5337,Jeep Compass Limited,Jeep,2017,105000,170395,Diesel
5338,Chevrolet Beat LT,Chevrolet,2011,29000,87985,Petrol
5339,Audi A6 2.0,Audi,2009,586000,102552,Diesel
5340,Honda WR-V i-VTEC,Honda,2007,32000,131618,Diesel
5341,Ford EcoSport Ambiente,Ford,2006,44000,10418,Diesel
5342,Mini Cooper D,Mini,2023,2031000,85022,Petrol
5343,Datsun GO T,Datsun,2005,25000,127762,Diesel
5344,Skoda Octavia Elegance,Skoda,2008,29000,150569,Diesel
5345,Land Rover Discovery,Land,2016,1586000,67316,Petrol
5346,Fiat Linea Active,Fiat,2020,70000,133988,Diesel
5347,Volvo S60 D4,Volvo,2004,559000,14413,Diesel
5348,Audi A6 2.0,Audi,2015,1127000,76042,Petrol
5349,Mini Cooper D,Mini,2019,1088000,160309,Diesel
5350,Mahindra Scorpio S10,Mahindra,2010,44000,150830,Diesel
5351,Volkswagen Ameo Highline,Volkswagen,2023,138000,175735,Petrol
5352,Renault Lodgy 110PS,Renault,2019,127000,3924,Diesel
5353,Mercedes GLA 200d,Mercedes,2020,2264000,52766,Diesel
5354,Audi Q3 35,Audi,2014,904000,152118,Petrol
5355,Mitsubishi Pajero Sport,Mitsubishi,2003,29000,57922,Petrol
5356,Chevrolet Tavera Neo,Chevrolet,2005,25000,37057,Diesel
5357,Toyota Innova 2.5,Toyota,2006,34000,65417,Petrol
5358,Audi Q7,Audi,2020,1590000,91568,Petrol
5359,Skoda Fabia Classic,Skoda,2012,44000,101906,Diesel
5360,Maruti Suzuki Celerio,Maruti,2017,59000,141052,Petrol
5361,Land Rover Freelander,Land,2002,436000,53101,Diesel
5362,Renault Lodgy 110PS,Renault,2012,32000,171604,Petrol
5363,BMW X1 sDrive20d,BMW,2019,2031000,70083,Diesel
5364,Maruti Suzuki Omni,Maruti,2017,91000,11505,CNG
5365,Datsun GO T,Datsun,2010,33000,62913,Petrol
5366,Hyundai Creta 1.6,Hyundai,2020,166000,20899,Diesel
5367,Skoda Fabia Classic,Skoda,2014,51000,146853,Diesel
5368,Datsun GO T,Datsun,2018,45000,120275,Diesel
5369,Nissan Sunny XL,Nissan,2017,75000,79018,Petrol
5370,Nissan Terrano XL,Nissan,2015,47000,112581,Petrol
5371,Fiat Linea Active,Fiat,2011,46000,17681,Diesel
5372,Renault Duster 110,Renault,2010,46000,28628,Diesel
5373,Volkswagen Vento Highline,Volkswagen,2004,25000,166035,Petrol
5374,Mitsubishi Pajero Sport,Mitsubishi,2005,27000,82424,Petrol
5375,Ford Figo,Ford,2006,25000,173591,Petrol
5376,Jeep Compass Limited,Jeep,2013,80000,110176,Diesel
5377,Nissan Terrano XL,Nissan,2010,51000,29057,Diesel
5378,Maruti Suzuki Wagon,Maruti,2012,39000,109594,Petrol
5379,Datsun GO Plus,Datsun,2011,29000,97246,Diesel
5380,Jaguar XF Portfolio,Jaguar,2014,1180000,97733,Diesel
5381,Volkswagen Jetta Comfortline,Volkswagen,2014,88000,12386,Diesel
5382,Chevrolet Spark LT,Chevrolet,2020,62000,114339,Diesel
5383,Toyota Innova 2.5,Toyota,2017,87000,95456,Petrol
5384,Jeep Compass Limited,Jeep,2018,201000,35321,Diesel
5385,Skoda Octavia Elegance,Skoda,2010,50000,37257,Petrol
5386,Land Rover Discovery,Land,2003,373000,108668,Petrol
5387,Jaguar XE Prestige,Jaguar,2022,2299000,138036,Diesel
5388,Hyundai i10 Sportz,Hyundai,2017,102000,36719,Diesel
5389,Tata Bolt XT,Tata,2003,25000,64522,Petrol
5390,Renault Duster 110,Renault,2008,45000,23420,Petrol
5391,Renault Kwid RXT,Renault,2002,25000,20804,Petrol
5392,Jeep Compass Limited,Jeep,2023,315000,5723,Diesel
5393,Chevrolet Sail UVA,Chevrolet,2018,52000,130687,Diesel
5394,Nissan Micra XV,Nissan,2020,78000,103042,Petrol
5395,BMW X1 sDrive20d,BMW,2016,1420000,66409,Diesel
5396,Tata Tiago Revotron,Tata,2004,25000,118868,Petrol
5397,Mahindra XUV500 W8,Mahindra,2012,62000,91613,Diesel
5398,BMW 3 Series,BMW,2023,3126000,53402,Diesel
5399,BMW X1 sDrive20d,BMW,2010,1068000,18002,Diesel
5400,Chevrolet Tavera Neo,Chevrolet,2003,25000,32256,Petrol
5401,BMW 3 Series,BMW,2010,635000,111398,Diesel
5402,Toyota Glanza G,Toyota,2008,36000,103210,Diesel
5403,Nissan Micra XV,Nissan,2017,55000,154726,Diesel
5404,Volvo S60 D4,Volvo,2004,564000,1128,Petrol
5405,Mercedes C-Class C220d,Mercedes,2021,3338000,15337,Diesel
5406,Honda City 1.5,Honda,2008,29000,141664,Diesel
5407,Ford Freestyle Titanium,Ford,2013,45000,167070,Petrol
5408,Nissan Terrano XL,Nissan,2014,72000,45063,Diesel
5409,BMW X1 sDrive20d,BMW,2007,605000,39553,Petrol
5410,BMW 3 Series,BMW,2022,2754000,61919,Petrol
5411,Jeep Compass Longitude,Jeep,2011,80000,49543,Petrol
5412,Jaguar XE Prestige,Jaguar,2010,1056000,3899,Petrol
5413,Chevrolet Sail UVA,Chevrolet,2004,25000,176408,Diesel
5414,Skoda Octavia Elegance,Skoda,2011,55000,49809,Diesel
5415,Maruti Suzuki Omni,Maruti,2021,138000,55768,Petrol
5416,Mitsubishi Lancer 1.8,Mitsubishi,2002,29000,36725,Diesel
5417,Tata Indica V2,Tata,2002,25000,162559,Petrol
5418,Fiat Punto Active,Fiat,2009,26000,177749,Diesel
5419,Honda WR-V i-VTEC,Honda,2017,71000,165145,Petrol
5420,Volkswagen Jetta Comfortline,Volkswagen,2014,87000,17105,Diesel
5421,Renault Triber RXZ,Renault,2012,41000,81360,Petrol
5422,Toyota Fortuner 3.0,Toyota,2015,65000,112295,Petrol
5423,Mitsubishi Pajero Sport,Mitsubishi,2020,158000,33533,Diesel
5424,Honda City 1.5,Honda,2013,77000,15532,Petrol
5425,Renault Kwid RXT,Renault,2020,125000,13348,Diesel
5426,Fiat Linea Active,Fiat,2018,91000,47531,Diesel
5427,Tata Tigor XZ,Tata,2020,122000,18416,Petrol
5428,Hyundai Eon Era,Hyundai,2016,85000,29439,Petrol
5429,Volvo S60 D4,Volvo,2020,1591000,95161,Diesel
5430,Skoda Fabia Classic,Skoda,2004,40000,23580,Diesel
5431,Toyota Innova 2.5,Toyota,2014,66000,171396,Diesel
5432,Land Rover Discovery,Land,2010,988000,49799,Diesel
5433,Volkswagen Ameo Highline,Volkswagen,2010,55000,55219,Petrol
5434,BMW X1 sDrive20d,BMW,2004,405000,66391,Petrol
5435,Land Rover Freelander,Land,2022,3946000,14878,Diesel
5436,Audi A8,Audi,2018,1549000,62746,Diesel
5437,Mini Cooper D,Mini,2019,1277000,83883,Diesel
5438,Tata Nano Lx,Tata,2019,63000,97652,Petrol
5439,Hyundai Santro Xing,Hyundai,2023,118000,110985,Petrol
5440,Jeep Compass Limited,Jeep,2022,183000,124839,Diesel
5441,Nissan Terrano XL,Nissan,2015,72000,31713,Diesel
5442,Audi A4 35,Audi,2009,720000,75936,Diesel
5443,Renault Kwid RXT,Renault,2011,38000,99332,Diesel
5444,Jaguar XF Portfolio,Jaguar,2018,1719000,74823,Petrol
5445,Tata Tiago Revotron,Tata,2005,25000,122138,Diesel
5446,Mahindra Thar CRDe,Mahindra,2005,26000,131092,Diesel
5447,Mini Cooper S,Mini,2009,417000,117462,Diesel
5448,Datsun GO Plus,Datsun,2010,25000,135323,Diesel
5449,Mitsubishi Pajero Sport,Mitsubishi,2007,45000,33623,Diesel
5450,Nissan Sunny XL,Nissan,2020,86000,166272,Diesel
5451,Mini Cooper S,Mini,2009,445000,127154,Diesel
5452,Skoda Fabia Classic,Skoda,2015,65000,80548,Petrol
5453,Mercedes C-Class C220d,Mercedes,2019,2538000,20410,Petrol
5454,Mitsubishi Pajero Sport,Mitsubishi,2005,44000,4331,Petrol
5455,Skoda Octavia Elegance,Skoda,2008,28000,158988,Petrol
5456,Hyundai Grand i10,Hyundai,2023,120000,174962,Diesel
5457,Fiat Linea Active,Fiat,2002,25000,120913,Diesel
5458,Chevrolet Spark LT,Chevrolet,2021,122000,14369,Diesel
5459,Audi Q7,Audi,2006,478000,81549,Diesel
5460,Datsun GO Plus,Datsun,2011,25000,147427,Petrol
5461,Maruti Suzuki Eeco,Maruti,2020,78000,166242,Diesel
5462,Toyota Yaris VX,Toyota,2013,101000,4399,Diesel
5463,Mini Cooper D,Mini,2007,403000,149748,Diesel
5464,Mitsubishi Pajero Sport,Mitsubishi,2008,54000,37521,Diesel
5465,Mercedes C-Class C220d,Mercedes,2022,2698000,79836,Diesel
5466,Volvo S60 D4,Volvo,2017,1826000,14479,Diesel
5467,Jaguar XE Prestige,Jaguar,2010,756000,167356,Diesel
5468,BMW 5 Series,BMW,2005,596000,12151,Diesel
5469,Volvo XC60 D5,Volvo,2004,335000,143452,Petrol
5470,Datsun GO T,Datsun,2018,52000,143990,Diesel
5471,Land Rover Discovery,Land,2021,3388000,44509,Diesel
5472,Volkswagen Polo Highline,Volkswagen,2009,32000,178405,Diesel
5473,Volvo XC60 D5,Volvo,2015,1456000,22822,Petrol
5474,Fiat Punto Active,Fiat,2022,110000,61791,Petrol
5475,Ford Figo Aspire,Ford,2020,129000,50068,Diesel
5476,Honda Brio S,Honda,2008,33000,129588,Diesel
5477,Mini Cooper S,Mini,2004,248000,176640,Petrol
5478,Mahindra KUV100 K8,Mahindra,2008,56000,25213,Petrol
5479,Maruti Suzuki Eeco,Maruti,2006,28000,63135,Petrol
5480,Tata Nano Lx,Tata,2014,42000,167127,Petrol
5481,Maruti Suzuki Ciaz,Maruti,2019,99000,46613,Petrol
5482,Renault Duster 110,Renault,2019,72000,156024,Diesel
5483,Ford Figo,Ford,2021,118000,91243,Petrol
5484,Ford Fiesta Classic,Ford,2016,60000,127490,Diesel
5485,Land Rover Freelander,Land,2002,606000,1595,Petrol
5486,Mahindra TUV300 T8,Mahindra,2014,74000,89950,Diesel
5487,Skoda Rapid Elegance,Skoda,2018,125000,62610,Diesel
5488,Jeep Compass Limited,Jeep,2005,34000,97805,Petrol
5489,Skoda Rapid Elegance,Skoda,2021,164000,30317,Petrol
5490,Land Rover Discovery,Land,2002,485000,35063,Diesel
5491,Hyundai Creta 1.6,Hyundai,2003,31000,12312,Petrol
5492,Jeep Compass Longitude,Jeep,2019,186000,53080,Diesel
5493,Ford Figo,Ford,2008,40000,44069,Petrol
5494,Maruti Suzuki Celerio,Maruti,2021,117000,56380,Petrol
5495,Renault Kwid RXT,Renault,2023,121000,91929,Petrol
5496,Nissan Micra XV,Nissan,2022,142000,11354,Petrol
5497,BMW 5 Series,BMW,2020,1669000,90886,Diesel
5498,Tata Nano Lx,Tata,2014,36000,129627,Petrol
5499,Datsun redi-GO T,Datsun,2018,81000,29149,Petrol
5500,Audi Q7,Audi,2015,1280000,35672,Petrol
5501,Tata Bolt XT,Tata,2014,52000,67363,Petrol
5502,Maruti Suzuki Swift,Maruti,2007,39000,10794,Diesel
5503,Tata Indica V2,Tata,2021,87000,136914,Diesel
5504,Chevrolet Beat LT,Chevrolet,2016,47000,84602,Diesel
5505,Chevrolet Spark LT,Chevrolet,2019,82000,76439,Diesel
5506,Renault Lodgy 110PS,Renault,2018,87000,65767,Diesel
5507,Maruti Suzuki Alto,Maruti,2022,139000,59664,Petrol
5508,Jaguar XF Portfolio,Jaguar,2003,382000,89161,Petrol
5509,Maruti Suzuki Swift,Maruti,2017,82000,42939,CNG
5510,Audi A6 2.0,Audi,2006,387000,143885,Petrol
5511,Land Rover Freelander,Land,2006,806000,2952,Diesel
5512,Mahindra XUV500 W8,Mahindra,2010,78000,7358,Diesel
5513,Fiat Punto Active,Fiat,2004,25000,162092,Petrol
5514,Hyundai i10 Sportz,Hyundai,2012,70000,16933,Petrol
5515,Volkswagen Jetta Comfortline,Volkswagen,2004,32000,23356,Diesel
5516,Fiat Linea Active,Fiat,2016,52000,148667,Diesel
5517,Tata Tigor XZ,Tata,2023,169000,23578,Petrol
5518,Volkswagen Polo Highline,Volkswagen,2016,62000,173179,Petrol
5519,Jaguar XE Prestige,Jaguar,2009,613000,142289,Petrol
5520,Ford Freestyle Titanium,Ford,2010,41000,87988,Diesel
5521,Audi A8,Audi,2015,1431000,18771,Diesel
5522,Maruti Suzuki Swift,Maruti,2017,113000,10326,Petrol
5523,Skoda Rapid Elegance,Skoda,2004,25000,126760,Diesel
5524,Honda Brio S,Honda,2008,29000,145621,Petrol
5525,Renault Triber RXZ,Renault,2016,51000,132430,Petrol
5526,Chevrolet Spark LT,Chevrolet,2006,30000,15650,Diesel
5527,Toyota Glanza G,Toyota,2010,47000,137498,Diesel
5528,Jeep Compass Limited,Jeep,2007,40000,120313,Petrol
5529,Tata Nano Lx,Tata,2022,115000,89084,Diesel
5530,Toyota Yaris VX,Toyota,2010,76000,7967,Petrol
5531,BMW 3 Series,BMW,2021,1833000,138645,Diesel
5532,Skoda Rapid Elegance,Skoda,2006,25000,177657,Diesel
5533,Chevrolet Tavera Neo,Chevrolet,2023,99000,91012,Petrol
5534,Fiat Linea Active,Fiat,2023,85000,119106,Diesel
5535,Mercedes C-Class C220d,Mercedes,2012,1106000,59278,Petrol
5536,Datsun GO Plus,Datsun,2007,28000,14916,Petrol
5537,Volkswagen Polo Highline,Volkswagen,2005,27000,68730,Petrol
5538,Tata Tiago Revotron,Tata,2012,48000,46513,Diesel
5539,Jeep Compass Limited,Jeep,2007,53000,57024,Petrol
5540,Volkswagen Ameo Highline,Volkswagen,2013,58000,95276,Petrol
5541,Skoda Fabia Classic,Skoda,2010,42000,76250,Petrol
5542,Chevrolet Sail UVA,Chevrolet,2020,94000,69562,Diesel
5543,Mini Cooper D,Mini,2007,578000,21347,Diesel
5544,Skoda Rapid Elegance,Skoda,2009,37000,132657,Petrol
5545,Volvo S60 D4,Volvo,2005,382000,107020,Diesel
5546,Toyota Corolla Altis,Toyota,2023,150000,101653,Diesel
5547,Jeep Compass Limited,Jeep,2007,57000,66471,Diesel
5548,Mini Cooper D,Mini,2013,610000,169221,Petrol
5549,Hyundai Venue SX,Hyundai,2012,65000,31355,Diesel
5550,Mahindra XUV500 W8,Mahindra,2010,36000,125957,Petrol
5551,Renault Duster 110,Renault,2012,33000,122137,Petrol
5552,Mahindra Jeep CL550,Mahindra,2018,133000,24162,Diesel
5553,Renault Lodgy 110PS,Renault,2019,80000,167859,Diesel
5554,Hyundai Grand i10,Hyundai,2010,31000,165749,Diesel
5555,Mitsubishi Lancer 1.8,Mitsubishi,2005,50000,7042,Diesel
5556,BMW 3 Series,BMW,2016,1372000,81236,Petrol
5557,Mahindra Bolero SLE,Mahindra,2016,121000,21995,Diesel
5558,Toyota Corolla Altis,Toyota,2002,28000,36483,Petrol
5559,Volkswagen Polo Highline,Volkswagen,2007,28000,126085,Petrol
5560,Fiat Linea Active,Fiat,2018,69000,59563,Petrol
5561,Fiat Linea Active,Fiat,2004,25000,69377,Diesel
5562,Audi Q7,Audi,2014,929000,99905,Diesel
5563,Hyundai Santro Xing,Hyundai,2022,164000,17781,Diesel
5564,Honda Jazz V,Honda,2014,94000,3728,Diesel
5565,Renault Lodgy 110PS,Renault,2004,25000,92889,Diesel
5566,Chevrolet Sail UVA,Chevrolet,2016,55000,84947,Diesel
5567,Chevrolet Tavera Neo,Chevrolet,2017,50000,150775,Diesel
5568,Fiat Punto Active,Fiat,2014,35000,116381,Diesel
5569,Mini Cooper S,Mini,2003,281000,96823,Petrol
5570,Fiat Punto Active,Fiat,2012,63000,1264,Diesel
5571,Hyundai Eon Era,Hyundai,2012,43000,113778,Petrol
5572,Volvo XC60 D5,Volvo,2008,545000,93744,Diesel
5573,Datsun GO T,Datsun,2017,55000,85730,Petrol
5574,Mahindra Bolero SLE,Mahindra,2006,31000,102184,Diesel
5575,Mini Cooper D,Mini,2005,324000,138091,Petrol
5576,Volkswagen Ameo Highline,Volkswagen,2020,119000,77011,Petrol
5577,Volvo S60 D4,Volvo,2012,657000,106341,Diesel
5578,Volkswagen Vento Highline,Volkswagen,2017,66000,118892,Diesel
5579,BMW X1 sDrive20d,BMW,2013,1067000,84705,Diesel
5580,Volkswagen Ameo Highline,Volkswagen,2006,28000,86675,Petrol
5581,Fiat Linea Active,Fiat,2015,37000,120152,Petrol
5582,Chevrolet Spark LT,Chevrolet,2007,25000,126006,Petrol
5583,BMW 5 Series,BMW,2007,652000,54894,Diesel
5584,Mitsubishi Pajero Sport,Mitsubishi,2006,49000,15886,Petrol
5585,Hyundai Venue SX,Hyundai,2002,30000,15527,Diesel
5586,Land Rover Freelander,Land,2006,590000,74252,Petrol
5587,Mercedes E-Class E220d,Mercedes,2009,521000,142537,Diesel
5588,Jaguar XF Portfolio,Jaguar,2014,1251000,65021,Diesel
5589,Mahindra Bolero SLE,Mahindra,2006,25000,113971,Petrol
5590,Jeep Compass Limited,Jeep,2006,70000,5977,Diesel
5591,BMW 3 Series,BMW,2004,349000,138304,Diesel
5592,Honda Civic 1.8,Honda,2007,32000,170678,Diesel
5593,Tata Tigor XZ,Tata,2008,25000,133161,Petrol
5594,Volvo S60 D4,Volvo,2017,1586000,22389,Diesel
5595,Jaguar XE Prestige,Jaguar,2003,341000,132378,Diesel
5596,Mini Cooper D,Mini,2009,413000,110105,Diesel
5597,Maruti Suzuki Eeco,Maruti,2021,118000,52323,Petrol
5598,Fiat Punto Active,Fiat,2007,25000,179446,Petrol
5599,BMW 5 Series,BMW,2015,1045000,130823,Diesel
5600,BMW 5 Series,BMW,2016,1140000,99052,Diesel
5601,Volvo S60 D4,Volvo,2008,603000,65686,Petrol
5602,Land Rover Discovery,Land,2008,585000,94007,Petrol
5603,Datsun GO Plus,Datsun,2008,25000,150622,Diesel
5604,Hyundai Xcent S,Hyundai,2021,152000,35566,Petrol
5605,Mahindra XUV500 W8,Mahindra,2013,57000,178021,Petrol
5606,Mini Cooper D,Mini,2012,942000,7568,Diesel
5607,Maruti Suzuki Ertiga,Maruti,2006,25000,110878,Petrol
5608,Ford EcoSport Ambiente,Ford,2022,162000,32421,Diesel
5609,BMW 3 Series,BMW,2005,393000,110217,Diesel
5610,Volkswagen Vento Highline,Volkswagen,2016,64000,151854,Diesel
5611,Skoda Fabia Classic,Skoda,2015,67000,148679,Diesel
5612,Nissan Micra XV,Nissan,2023,164000,8902,Petrol
5613,Nissan Terrano XL,Nissan,2021,123000,54165,Diesel
5614,Nissan Terrano XL,Nissan,2007,25000,140874,Diesel
5615,Volvo S60 D4,Volvo,2020,1539000,175709,Diesel
5616,Mahindra KUV100 K8,Mahindra,2023,158000,87607,Petrol
5617,Land Rover Discovery,Land,2012,1041000,103275,Diesel
5618,Chevrolet Spark LT,Chevrolet,2009,25000,153238,Petrol
5619,Nissan Micra XV,Nissan,2011,51000,41049,Diesel
5620,Volkswagen Jetta Comfortline,Volkswagen,2002,32000,18221,Diesel
5621,Nissan Micra XV,Nissan,2005,25000,179630,Diesel
5622,Volvo S60 D4,Volvo,2015,900000,128574,Petrol
5623,Hyundai Elite i20,Hyundai,2018,133000,7403,Petrol
5624,Mahindra TUV300 T8,Mahindra,2017,131000,8607,Petrol
5625,BMW 3 Series,BMW,2023,2609000,65161,Petrol
5626,Skoda Fabia Classic,Skoda,2017,76000,154084,Petrol
5627,Datsun redi-GO T,Datsun,2013,33000,126304,Diesel
5628,Skoda Octavia Elegance,Skoda,2007,30000,131915,Petrol
5629,Datsun redi-GO T,Datsun,2023,87000,131728,Diesel
5630,Jaguar XE Prestige,Jaguar,2015,1093000,102666,Petrol
5631,Ford Fiesta Classic,Ford,2012,49000,95731,Diesel
5632,BMW 5 Series,BMW,2019,1592000,152737,Diesel
5633,Mitsubishi Lancer 1.8,Mitsubishi,2012,74000,31404,Diesel
5634,Renault Kwid RXT,Renault,2020,104000,87714,Diesel
5635,Volkswagen Ameo Highline,Volkswagen,2004,25000,133992,Petrol
5636,Mahindra Scorpio S10,Mahindra,2004,35000,38195,Petrol
5637,Audi Q3 35,Audi,2019,1487000,101768,Diesel
5638,Mitsubishi Lancer 1.8,Mitsubishi,2008,64000,22454,Diesel
5639,Toyota Fortuner 3.0,Toyota,2022,248000,13456,Diesel
5640,Toyota Etios VXD,Toyota,2013,55000,147791,Petrol
5641,Maruti Suzuki Swift,Maruti,2006,25000,126630,Diesel
5642,Maruti Suzuki Swift,Maruti,2017,72000,102454,Petrol
5643,Mahindra KUV100 K8,Mahindra,2009,36000,122440,Petrol
5644,Nissan Terrano XL,Nissan,2013,50000,59402,Diesel
5645,Toyota Etios VXD,Toyota,2002,25000,108425,Petrol
5646,Mini Cooper D,Mini,2017,942000,119316,Diesel
5647,Toyota Glanza G,Toyota,2018,97000,81204,Petrol
5648,Honda Jazz V,Honda,2018,116000,45743,Diesel
5649,Datsun GO T,Datsun,2012,45000,33477,Petrol
5650,Renault Duster 110,Renault,2023,105000,112629,Diesel
5651,Honda Brio S,Honda,2004,25000,147472,Diesel
5652,Jaguar XE Prestige,Jaguar,2005,676000,24711,Petrol
5653,Mercedes GLA 200d,Mercedes,2002,418000,54913,Diesel
5654,Datsun GO Plus,Datsun,2021,75000,79717,Diesel
5655,Renault Kwid RXT,Renault,2015,57000,85655,Diesel
5656,Jaguar XF Portfolio,Jaguar,2021,3344000,13010,Petrol
5657,Maruti Suzuki Baleno,Maruti,2017,66000,94793,Petrol
5658,Jaguar XE Prestige,Jaguar,2023,3394000,52756,Petrol
5659,Honda Brio S,Honda,2016,80000,86613,Diesel
5660,Mini Cooper D,Mini,2003,320000,65511,Petrol
5661,Fiat Punto Active,Fiat,2016,80000,17679,Petrol
5662,Chevrolet Spark LT,Chevrolet,2011,29000,163307,Diesel
5663,Jeep Compass Limited,Jeep,2007,39000,157227,Petrol
5664,Maruti Suzuki Omni,Maruti,2004,25000,86084,Petrol
5665,Mercedes E-Class E220d,Mercedes,2010,571000,150660,Petrol
5666,BMW 5 Series,BMW,2016,1010000,108609,Diesel
5667,Toyota Etios VXD,Toyota,2014,108000,28548,Diesel
5668,Mitsubishi Pajero Sport,Mitsubishi,2006,30000,147614,Diesel
5669,Skoda Fabia Classic,Skoda,2023,173000,67215,Diesel
5670,BMW 5 Series,BMW,2004,455000,62415,Diesel
5671,Hyundai Tucson 2WD,Hyundai,2004,25000,96438,Diesel
5672,Jeep Compass Longitude,Jeep,2006,58000,54701,Diesel
5673,Tata Nexon XZ,Tata,2002,25000,30776,Diesel
5674,Maruti Suzuki Ertiga,Maruti,2014,80000,27907,Diesel
5675,Land Rover Discovery,Land,2019,2675000,11002,Diesel
5676,Maruti Suzuki Baleno,Maruti,2022,151000,56372,Petrol
5677,Mitsubishi Lancer 1.8,Mitsubishi,2014,69000,125073,Diesel
5678,Maruti Suzuki Baleno,Maruti,2022,92000,116439,Petrol
5679,Renault Lodgy 110PS,Renault,2013,37000,110338,Diesel
5680,Mitsubishi Pajero Sport,Mitsubishi,2013,59000,106433,Diesel
5681,Tata Bolt XT,Tata,2015,41000,128319,Diesel
5682,Audi A6 2.0,Audi,2021,2064000,64060,Petrol
5683,Maruti Suzuki Ciaz,Maruti,2012,53000,71022,CNG
5684,Mercedes GLA 200d,Mercedes,2009,587000,173398,Petrol
5685,Jeep Compass Limited,Jeep,2019,206000,32740,Petrol
5686,Ford Figo,Ford,2020,143000,46262,Diesel
5687,Chevrolet Sail UVA,Chevrolet,2017,48000,133371,Petrol
5688,Jeep Compass Longitude,Jeep,2011,108000,3803,Petrol
5689,Chevrolet Tavera Neo,Chevrolet,2002,25000,10817,Petrol
5690,Hyundai Santro Xing,Hyundai,2016,82000,55054,Diesel
5691,Land Rover Freelander,Land,2022,2606000,81110,Diesel
5692,Mitsubishi Pajero Sport,Mitsubishi,2020,105000,166883,Petrol
5693,Tata Indica V2,Tata,2020,82000,139332,Diesel
5694,Mahindra XUV500 W8,Mahindra,2006,50000,28728,Diesel
5695,Honda Brio S,Honda,2019,93000,167190,Diesel
5696,Nissan Terrano XL,Nissan,2004,30000,27248,Petrol
5697,Skoda Fabia Classic,Skoda,2023,118000,151465,Diesel
5698,Mitsubishi Lancer 1.8,Mitsubishi,2021,120000,163902,Petrol
5699,Honda Amaze S,Honda,2019,94000,142245,Diesel
5700,Datsun redi-GO T,Datsun,2003,25000,165973,Diesel
5701,Jeep Compass Limited,Jeep,2004,39000,53056,Diesel
5702,Volvo XC60 D5,Volvo,2019,1726000,57212,Diesel
5703,Mini Cooper S,Mini,2002,224000,138524,Petrol
5704,Toyota Yaris VX,Toyota,2020,112000,174297,Petrol
5705,Audi A4 35,Audi,2007,447000,100980,Diesel
5706,Maruti Suzuki Vitara,Maruti,2005,25000,91391,Diesel
5707,Ford Figo,Ford,2009,52000,27740,Petrol
5708,Hyundai Verna 1.6,Hyundai,2016,66000,117822,Diesel
5709,Mitsubishi Pajero Sport,Mitsubishi,2023,146000,146555,Petrol
5710,Hyundai Elite i20,Hyundai,2018,79000,116468,Diesel
5711,BMW 3 Series,BMW,2014,897000,114894,Diesel
5712,Mini Cooper S,Mini,2010,519000,156625,Diesel
5713,Chevrolet Sail UVA,Chevrolet,2016,78000,16915,Petrol
5714,BMW 5 Series,BMW,2010,685000,95386,Petrol
5715,Renault Lodgy 110PS,Renault,2013,60000,46682,Diesel
5716,Skoda Octavia Elegance,Skoda,2018,87000,139519,Petrol
5717,BMW X1 sDrive20d,BMW,2021,1723000,150425,Petrol
5718,Nissan Micra XV,Nissan,2005,33000,29517,Diesel
5719,Renault Kwid RXT,Renault,2019,76000,90361,Petrol
5720,BMW 5 Series,BMW,2003,282000,170233,Diesel
5721,Fiat Punto Active,Fiat,2021,73000,142862,Petrol
5722,Mahindra XUV500 W8,Mahindra,2010,42000,113848,Diesel
5723,Mercedes E-Class E220d,Mercedes,2018,1216000,112383,Petrol
5724,Nissan Sunny XL,Nissan,2008,35000,63288,Petrol
5725,Renault Triber RXZ,Renault,2021,89000,94357,Petrol
5726,Hyundai Verna 1.6,Hyundai,2004,25000,83145,Diesel
5727,Mini Cooper S,Mini,2014,1085000,50530,Petrol
5728,Toyota Corolla Altis,Toyota,2023,210000,38201,Diesel
5729,Jeep Compass Limited,Jeep,2007,41000,134120,Diesel
5730,Jaguar XF Portfolio,Jaguar,2022,2806000,73266,Diesel
5731,Land Rover Freelander,Land,2015,1120000,138147,Petrol
5732,Ford Freestyle Titanium,Ford,2021,150000,40736,Petrol
5733,Datsun GO T,Datsun,2013,45000,63185,Diesel
5734,Jeep Compass Limited,Jeep,2010,60000,89681,Diesel
5735,Volvo S60 D4,Volvo,2012,575000,141335,Petrol
5736,Hyundai Eon Era,Hyundai,2013,41000,105570,Petrol
5737,Toyota Glanza G,Toyota,2006,28000,113108,Diesel
5738,Volvo S60 D4,Volvo,2011,590000,117219,Diesel
5739,Jeep Compass Limited,Jeep,2022,229000,36611,Petrol
5740,Nissan Micra XV,Nissan,2018,69000,109630,Petrol
5741,Fiat Linea Active,Fiat,2014,45000,76691,Petrol
5742,Jaguar XE Prestige,Jaguar,2008,1056000,5417,Petrol
5743,Toyota Glanza G,Toyota,2021,122000,170773,Diesel
5744,Jaguar XE Prestige,Jaguar,2014,1333000,54976,Petrol
5745,Fiat Linea Active,Fiat,2014,65000,11078,Petrol
5746,Honda Civic 1.8,Honda,2002,25000,61865,Petrol
5747,Volvo S60 D4,Volvo,2018,1427000,74544,Diesel
5748,Mahindra KUV100 K8,Mahindra,2009,49000,66717,Petrol
5749,Jaguar XE Prestige,Jaguar,2009,1035000,25008,Petrol
5750,Datsun redi-GO T,Datsun,2009,25000,98494,Diesel
5751,Honda Civic 1.8,Honda,2010,41000,95214,Diesel
5752,Maruti Suzuki Alto,Maruti,2022,116000,86945,CNG
5753,Datsun GO T,Datsun,2007,25000,150816,Diesel
5754,Mini Cooper S,Mini,2018,1168000,81941,Diesel
5755,BMW X1 sDrive20d,BMW,2003,278000,173068,Petrol
5756,Maruti Suzuki Wagon,Maruti,2015,52000,155063,Petrol
5757,Volvo XC60 D5,Volvo,2008,481000,134085,Petrol
5758,Honda Jazz V,Honda,2010,60000,19129,Petrol
5759,Fiat Linea Active,Fiat,2012,34000,123475,Petrol
5760,Mahindra KUV100 K8,Mahindra,2013,101000,14774,Diesel
5761,Tata Bolt XT,Tata,2020,101000,51229,Diesel
5762,Maruti Suzuki Vitara,Maruti,2004,31000,17839,Petrol
5763,Nissan Terrano XL,Nissan,2002,25000,111681,Diesel
5764,Chevrolet Spark LT,Chevrolet,2009,25000,172343,Petrol
5765,Mahindra Bolero SLE,Mahindra,2016,69000,150809,Diesel
5766,Mahindra Scorpio S10,Mahindra,2020,91000,144909,Petrol
5767,Mitsubishi Pajero Sport,Mitsubishi,2007,55000,1616,Petrol
5768,Fiat Punto Active,Fiat,2013,30000,171430,Petrol
5769,Jaguar XF Portfolio,Jaguar,2006,833000,29109,Diesel
5770,Ford Freestyle Titanium,Ford,2007,25000,109428,Diesel
5771,Chevrolet Beat LT,Chevrolet,2017,60000,59861,Petrol
5772,Mahindra XUV500 W8,Mahindra,2021,128000,77523,Diesel
5773,Land Rover Freelander,Land,2013,1573000,12113,Petrol
5774,Honda Amaze S,Honda,2019,118000,60485,Diesel
5775,Jaguar XE Prestige,Jaguar,2017,1296000,168490,Diesel
5776,Renault Duster 110,Renault,2018,73000,107811,Diesel
5777,BMW X1 sDrive20d,BMW,2009,836000,33665,Petrol
5778,Chevrolet Beat LT,Chevrolet,2010,26000,176017,Diesel
5779,Maruti Suzuki Celerio,Maruti,2005,25000,146138,Petrol
5780,Toyota Innova 2.5,Toyota,2003,25000,161132,Petrol
5781,Mercedes GLA 200d,Mercedes,2009,579000,148997,Petrol
5782,Mercedes E-Class E220d,Mercedes,2002,529000,7849,Petrol
5783,Jeep Compass Limited,Jeep,2018,127000,103942,Diesel
5784,Tata Nexon XZ,Tata,2011,40000,73011,Diesel
5785,Audi A6 2.0,Audi,2009,597000,103321,Diesel
5786,Mercedes E-Class E220d,Mercedes,2005,591000,38892,Petrol
5787,Tata Nexon XZ,Tata,2018,59000,155869,Petrol
5788,Honda Civic 1.8,Honda,2023,116000,153619,Diesel
5789,Renault Triber RXZ,Renault,2005,25000,105522,Petrol
5790,Land Rover Discovery,Land,2017,1273000,115746,Diesel
5791,BMW X1 sDrive20d,BMW,2011,596000,146617,Petrol
5792,BMW 3 Series,BMW,2014,840000,123276,Petrol
5793,Mini Cooper S,Mini,2009,506000,88784,Petrol
5794,Toyota Glanza G,Toyota,2018,109000,60402,Petrol
5795,Nissan Micra XV,Nissan,2021,98000,96226,Petrol
5796,Datsun GO T,Datsun,2018,46000,171401,Diesel
5797,Fiat Linea Active,Fiat,2009,27000,76195,Petrol
5798,Volvo XC60 D5,Volvo,2011,577000,119453,Diesel
5799,Jaguar XF Portfolio,Jaguar,2016,2269000,9783,Diesel
5800,Hyundai Tucson 2WD,Hyundai,2015,54000,120377,Petrol
5801,Datsun redi-GO T,Datsun,2020,56000,125739,Diesel
5802,Hyundai Eon Era,Hyundai,2023,145000,65850,Petrol
5803,Datsun GO Plus,Datsun,2020,93000,25415,Petrol
5804,Skoda Fabia Classic,Skoda,2023,129000,130362,Diesel
5805,Tata Indica V2,Tata,2017,88000,42448,Petrol
5806,Jeep Compass Limited,Jeep,2023,183000,119093,Petrol
5807,Mitsubishi Pajero Sport,Mitsubishi,2014,69000,84058,Diesel
5808,Skoda Fabia Classic,Skoda,2005,43000,8501,Diesel
5809,Fiat Linea Active,Fiat,2016,71000,29034,Petrol
5810,Land Rover Freelander,Land,2019,2937000,17578,Petrol
5811,Ford Figo,Ford,2017,74000,147480,Diesel
5812,Mitsubishi Pajero Sport,Mitsubishi,2021,123000,106093,Petrol
5813,Land Rover Discovery,Land,2023,2681000,146968,Diesel
5814,Land Rover Freelander,Land,2003,452000,73002,Petrol
5815,Ford Figo Aspire,Ford,2021,132000,67065,Diesel
5816,Ford EcoSport Ambiente,Ford,2011,59000,694,Petrol
5817,Hyundai Venue SX,Hyundai,2013,42000,107657,Petrol
5818,Ford EcoSport Titanium,Ford,2015,64000,81980,Petrol
5819,Mercedes C-Class C220d,Mercedes,2020,1489000,107873,Petrol
5820,Jaguar XF Portfolio,Jaguar,2011,1281000,40435,Diesel
5821,Volkswagen Jetta Comfortline,Volkswagen,2020,103000,157178,Petrol
5822,Mini Cooper D,Mini,2008,441000,107853,Diesel
5823,Volkswagen Jetta Comfortline,Volkswagen,2013,55000,133460,Diesel
5824,Jaguar XE Prestige,Jaguar,2023,2474000,127060,Petrol
5825,Chevrolet Spark LT,Chevrolet,2020,103000,37553,Diesel
5826,BMW X1 sDrive20d,BMW,2017,1141000,120578,Petrol
5827,Datsun GO T,Datsun,2022,110000,28101,Diesel
5828,Maruti Suzuki Wagon,Maruti,2003,25000,41467,Diesel
5829,Hyundai Creta 1.6,Hyundai,2005,29000,52785,Petrol
5830,Ford Figo,Ford,2016,55000,151004,Diesel
5831,Chevrolet Beat LT,Chevrolet,2015,54000,77597,Petrol
5832,Mitsubishi Pajero Sport,Mitsubishi,2011,63000,55323,Petrol
5833,Audi A8,Audi,2006,532000,44127,Diesel
5834,Skoda Fabia Classic,Skoda,2004,25000,103978,Petrol
5835,Skoda Rapid Elegance,Skoda,2010,35000,126582,Petrol
5836,Skoda Rapid Elegance,Skoda,2016,72000,134415,Petrol
5837,Tata Nexon XZ,Tata,2021,152000,5721,Diesel
5838,Land Rover Discovery,Land,2003,346000,173933,Petrol
5839,Volkswagen Polo Highline,Volkswagen,2021,94000,123639,Petrol
5840,Jaguar XE Prestige,Jaguar,2015,1189000,100731,Diesel
5841,Skoda Octavia Elegance,Skoda,2002,25000,85119,Petrol
5842,Toyota Yaris VX,Toyota,2022,245000,29963,Diesel
5843,Chevrolet Spark LT,Chevrolet,2007,25000,131323,Diesel
5844,Jaguar XE Prestige,Jaguar,2013,822000,145333,Petrol
5845,Hyundai Verna 1.6,Hyundai,2016,73000,58912,Petrol
5846,Audi Q7,Audi,2022,1719000,146924,Diesel
5847,Nissan Micra XV,Nissan,2015,72000,28991,Diesel
5848,Nissan Terrano XL,Nissan,2013,38000,130575,Petrol
5849,Volvo XC60 D5,Volvo,2003,289000,147458,Diesel
5850,Volkswagen Ameo Highline,Volkswagen,2004,32000,33315,Petrol
5851,Mitsubishi Lancer 1.8,Mitsubishi,2022,198000,45538,Diesel
5852,Datsun GO T,Datsun,2012,25000,113054,Petrol
5853,Chevrolet Sail UVA,Chevrolet,2004,25000,96098,Petrol
5854,Mitsubishi Lancer 1.8,Mitsubishi,2013,89000,19906,Petrol
5855,Mitsubishi Lancer 1.8,Mitsubishi,2008,56000,17641,Petrol
5856,Volkswagen Ameo Highline,Volkswagen,2018,81000,169540,Petrol
5857,Mercedes E-Class E220d,Mercedes,2007,812000,29459,Petrol
5858,Mahindra KUV100 K8,Mahindra,2010,36000,179208,Diesel
5859,Land Rover Discovery,Land,2012,1199000,65180,Petrol
5860,Volkswagen Polo Highline,Volkswagen,2007,26000,152892,Diesel
5861,Volkswagen Polo Highline,Volkswagen,2019,85000,157672,Diesel
5862,Skoda Octavia Elegance,Skoda,2023,134000,169938,Petrol
5863,Maruti Suzuki Celerio,Maruti,2018,64000,142140,Petrol
5864,Jeep Compass Longitude,Jeep,2019,177000,31750,Diesel
5865,Land Rover Freelander,Land,2012,1524000,8837,Petrol
5866,Chevrolet Tavera Neo,Chevrolet,2009,29000,89563,Diesel
5867,Hyundai Elite i20,Hyundai,2005,25000,61943,Petrol
5868,Mitsubishi Lancer 1.8,Mitsubishi,2015,128000,5877,Petrol
5869,Skoda Rapid Elegance,Skoda,2016,63000,110731,Diesel
5870,Land Rover Discovery,Land,2020,1721000,137380,Petrol
5871,Audi Q3 35,Audi,2021,1678000,133596,Diesel
5872,Chevrolet Beat LT,Chevrolet,2007,25000,102019,Petrol
5873,Renault Kwid RXT,Renault,2004,25000,68183,Diesel
5874,Nissan Sunny XL,Nissan,2005,25000,110087,Diesel
5875,Jeep Compass Longitude,Jeep,2008,88000,6050,Diesel
5876,Hyundai Creta 1.6,Hyundai,2009,30000,131515,Diesel
5877,Volkswagen Ameo Highline,Volkswagen,2003,25000,138607,Diesel
5878,Honda Jazz V,Honda,2019,85000,128340,Diesel
5879,BMW 3 Series,BMW,2008,544000,175605,Diesel
5880,Nissan Sunny XL,Nissan,2010,34000,84142,Diesel
5881,Land Rover Discovery,Land,2018,2004000,52549,Petrol
5882,Jeep Compass Longitude,Jeep,2013,101000,71218,Diesel
5883,Volvo XC60 D5,Volvo,2013,706000,99948,Petrol
5884,Volvo XC60 D5,Volvo,2006,398000,120288,Diesel
5885,BMW X1 sDrive20d,BMW,2009,872000,21833,Petrol
5886,Volkswagen Polo Highline,Volkswagen,2019,143000,54065,Diesel
5887,Audi A8,Audi,2004,309000,177818,Petrol
5888,Nissan Micra XV,Nissan,2006,25000,101438,Diesel
5889,Nissan Terrano XL,Nissan,2008,35000,72864,Petrol
5890,Skoda Octavia Elegance,Skoda,2009,30000,162966,Petrol
5891,Renault Duster 110,Renault,2018,73000,113132,Diesel
5892,Mini Cooper S,Mini,2015,900000,110732,Diesel
5893,Mercedes GLA 200d,Mercedes,2022,3089000,35684,Petrol
5894,Jaguar XE Prestige,Jaguar,2011,1321000,502,Petrol
5895,Audi Q7,Audi,2007,477000,103458,Petrol
5896,Audi A8,Audi,2017,1167000,162858,Diesel
5897,Skoda Fabia Classic,Skoda,2006,31000,85166,Petrol
5898,Honda Amaze S,Honda,2010,66000,33693,Diesel
5899,Audi A6 2.0,Audi,2016,993000,119686,Diesel
5900,Hyundai Elite i20,Hyundai,2005,25000,172687,Diesel
5901,Skoda Octavia Elegance,Skoda,2011,38000,113339,Petrol
5902,Jeep Compass Longitude,Jeep,2020,149000,103970,Diesel
5903,Skoda Fabia Classic,Skoda,2002,25000,174990,Diesel
5904,Mini Cooper S,Mini,2013,655000,174002,Diesel
5905,Datsun GO Plus,Datsun,2009,25000,179005,Petrol
5906,Mini Cooper S,Mini,2006,406000,83260,Diesel
5907,Land Rover Discovery,Land,2020,2483000,76072,Diesel
5908,Audi Q7,Audi,2023,3123000,17990,Diesel
5909,Mahindra XUV500 W8,Mahindra,2020,125000,85445,Petrol
5910,Chevrolet Spark LT,Chevrolet,2004,25000,30185,Diesel
5911,Mini Cooper D,Mini,2022,2609000,13642,Petrol
5912,Mercedes E-Class E220d,Mercedes,2020,1543000,110861,Petrol
5913,Mitsubishi Lancer 1.8,Mitsubishi,2013,74000,76661,Diesel
5914,Land Rover Discovery,Land,2019,1726000,164475,Petrol
5915,Maruti Suzuki Alto,Maruti,2019,65000,169131,Petrol
5916,Volkswagen Vento Highline,Volkswagen,2018,87000,107002,Diesel
5917,Chevrolet Beat LT,Chevrolet,2012,31000,128142,Diesel
5918,Mitsubishi Pajero Sport,Mitsubishi,2020,104000,104312,Diesel
5919,Jaguar XE Prestige,Jaguar,2023,1983000,134121,Petrol
5920,Nissan Terrano XL,Nissan,2017,80000,48175,Diesel
5921,Jaguar XF Portfolio,Jaguar,2020,1831000,103405,Diesel
5922,Volvo XC60 D5,Volvo,2018,1793000,52102,Petrol
5923,Audi A4 35,Audi,2020,1509000,121931,Petrol
5924,Mini Cooper S,Mini,2010,650000,54015,Petrol
5925,Audi Q3 35,Audi,2023,1985000,117408,Diesel
5926,Honda WR-V i-VTEC,Honda,2012,45000,139569,Diesel
5927,Mahindra Jeep CL550,Mahindra,2011,42000,169721,Petrol
5928,BMW 3 Series,BMW,2023,1973000,151205,Petrol
5929,Datsun redi-GO T,Datsun,2015,40000,158499,Diesel
5930,Honda Brio S,Honda,2004,25000,120545,Petrol
5931,Renault Triber RXZ,Renault,2014,46000,111038,Petrol
5932,Tata Nano Lx,Tata,2013,61000,51801,Diesel
5933,Mitsubishi Lancer 1.8,Mitsubishi,2006,33000,95102,Diesel
5934,Datsun redi-GO T,Datsun,2008,25000,84032,Petrol
5935,Mahindra Jeep CL550,Mahindra,2023,139000,130967,Diesel
5936,Volvo XC60 D5,Volvo,2016,1171000,101289,Diesel
5937,Jaguar XE Prestige,Jaguar,2007,471000,178322,Diesel
5938,Mini Cooper S,Mini,2023,1536000,106237,Petrol
5939,Toyota Fortuner 3.0,Toyota,2012,54000,103506,Diesel
5940,Hyundai Tucson 2WD,Hyundai,2012,69000,16781,Diesel
5941,Tata Indica V2,Tata,2003,25000,171003,Diesel
5942,Ford Freestyle Titanium,Ford,2003,25000,94131,Petrol
5943,Jeep Compass Limited,Jeep,2022,310000,14641,Diesel
5944,Mahindra XUV500 W8,Mahindra,2022,154000,95506,Diesel
5945,Mercedes GLA 200d,Mercedes,2022,1933000,175952,Petrol
5946,Toyota Fortuner 3.0,Toyota,2022,211000,42878,Diesel
5947,Audi A8,Audi,2017,1854000,16140,Diesel
5948,Mitsubishi Pajero Sport,Mitsubishi,2017,135000,23475,Petrol
5949,Datsun GO Plus,Datsun,2021,101000,25291,Diesel
5950,Mercedes C-Class C220d,Mercedes,2003,320000,172291,Petrol
5951,Land Rover Freelander,Land,2008,942000,33835,Diesel
5952,Volkswagen Jetta Comfortline,Volkswagen,2002,25000,41152,Petrol
5953,Fiat Linea Active,Fiat,2004,25000,94394,Diesel
5954,Volvo S60 D4,Volvo,2018,1544000,69807,Petrol
5955,Mahindra Thar CRDe,Mahindra,2015,106000,22375,Diesel
5956,Nissan Sunny XL,Nissan,2019,63000,157395,Petrol
5957,Nissan Micra XV,Nissan,2019,90000,84815,Diesel
5958,BMW 3 Series,BMW,2002,291000,174923,Petrol
5959,Land Rover Freelander,Land,2021,2609000,58504,Petrol
5960,Audi Q7,Audi,2021,1520000,130609,Petrol
5961,Nissan Terrano XL,Nissan,2022,99000,107563,Diesel
5962,Jeep Compass Limited,Jeep,2017,130000,69851,Diesel
5963,Ford Endeavour 4x4,Ford,2013,44000,179483,Petrol
5964,Fiat Linea Active,Fiat,2012,37000,105775,Diesel
5965,Maruti Suzuki Omni,Maruti,2023,129000,88814,Petrol
5966,Maruti Suzuki Swift,Maruti,2002,25000,147428,CNG
5967,Volkswagen Ameo Highline,Volkswagen,2017,73000,114196,Petrol
5968,Fiat Linea Active,Fiat,2014,61000,50919,Diesel
5969,Chevrolet Spark LT,Chevrolet,2009,34000,61433,Diesel
5970,Mitsubishi Lancer 1.8,Mitsubishi,2009,57000,52170,Diesel
5971,Honda Brio S,Honda,2015,90000,44734,Petrol
5972,Maruti Suzuki Swift,Maruti,2008,25000,127219,Diesel
5973,Mercedes C-Class C220d,Mercedes,2011,781000,82209,Petrol
5974,Volvo XC60 D5,Volvo,2002,283000,83852,Petrol
5975,BMW 3 Series,BMW,2021,1584000,125457,Diesel
5976,Nissan Terrano XL,Nissan,2017,63000,118299,Petrol
5977,Maruti Suzuki Ciaz,Maruti,2019,91000,83221,Petrol
5978,Skoda Rapid Elegance,Skoda,2009,37000,102039,Diesel
5979,Mini Cooper D,Mini,2018,1064000,118169,Diesel
5980,Jaguar XF Portfolio,Jaguar,2022,2202000,95050,Diesel
5981,Mini Cooper D,Mini,2010,588000,69291,Diesel
5982,Mitsubishi Lancer 1.8,Mitsubishi,2007,35000,88953,Diesel
5983,Volkswagen Vento Highline,Volkswagen,2016,58000,167927,Petrol
5984,Volkswagen Jetta Comfortline,Volkswagen,2016,83000,96881,Diesel
5985,Volvo S60 D4,Volvo,2019,1245000,147630,Diesel
5986,Hyundai Verna 1.6,Hyundai,2020,152000,3323,Diesel
5987,Audi A6 2.0,Audi,2014,970000,84532,Diesel
5988,Mitsubishi Pajero Sport,Mitsubishi,2020,144000,58850,Diesel
5989,BMW 3 Series,BMW,2023,2211000,123136,Petrol
5990,Renault Kwid RXT,Renault,2003,25000,106640,Diesel
5991,Tata Tigor XZ,Tata,2013,37000,160671,Diesel
5992,Mitsubishi Pajero Sport,Mitsubishi,2020,110000,103896,Petrol
5993,Ford Endeavour 4x4,Ford,2014,93000,124,Diesel
5994,Chevrolet Tavera Neo,Chevrolet,2018,54000,170923,Petrol
5995,Tata Nexon XZ,Tata,2015,61000,64993,Petrol
5996,Renault Kwid RXT,Renault,2015,47000,100978,Diesel
5997,Mitsubishi Lancer 1.8,Mitsubishi,2018,120000,85533,Diesel
5998,Hyundai Creta 1.6,Hyundai,2010,37000,95467,Petrol
5999,Datsun GO T,Datsun,2021,97000,7230,Petrol
6000,Renault Kwid RXT,Renault,2006,25000,106205,Diesel
6001,Nissan Sunny XL,Nissan,2014,56000,62385,Petrol
6002,Mahindra Thar CRDe,Mahindra,2015,58000,131139,Diesel
6003,Tata Bolt XT,Tata,2019,61000,116046,Petrol
6004,Fiat Punto Active,Fiat,2020,72000,145083,Diesel
6005,Jaguar XF Portfolio,Jaguar,2002,343000,129820,Diesel
6006,Land Rover Freelander,Land,2013,1330000,51426,Diesel
6007,Honda WR-V i-VTEC,Honda,2018,102000,56965,Diesel
6008,Land Rover Freelander,Land,2013,1643000,21614,Petrol
6009,BMW 5 Series,BMW,2007,749000,17093,Petrol
6010,Fiat Punto Active,Fiat,2019,65000,118039,Petrol
6011,Jeep Compass Limited,Jeep,2009,42000,118011,Petrol
6012,Mitsubishi Pajero Sport,Mitsubishi,2011,73000,22243,Petrol
6013,Maruti Suzuki Ertiga,Maruti,2008,28000,148567,Petrol
6014,Jeep Compass Longitude,Jeep,2003,30000,107053,Diesel
6015,BMW X1 sDrive20d,BMW,2005,354000,111087,Diesel
6016,BMW 5 Series,BMW,2023,2251000,108565,Petrol
6017,Nissan Sunny XL,Nissan,2020,96000,93351,Diesel
6018,Chevrolet Sail UVA,Chevrolet,2005,31000,887,Diesel
6019,Hyundai Elite i20,Hyundai,2012,35000,139873,Petrol
6020,Chevrolet Sail UVA,Chevrolet,2018,47000,117423,Petrol
6021,Skoda Fabia Classic,Skoda,2002,25000,75140,Petrol
6022,Skoda Octavia Elegance,Skoda,2009,54000,30755,Diesel
6023,Ford Figo Aspire,Ford,2023,173000,30136,Petrol
6024,Datsun redi-GO T,Datsun,2004,25000,60644,Diesel
6025,Jaguar XF Portfolio,Jaguar,2003,646000,11134,Petrol
6026,Fiat Linea Active,Fiat,2003,25000,168061,Petrol
6027,Datsun GO Plus,Datsun,2021,69000,178822,Petrol
6028,Volvo XC60 D5,Volvo,2021,2092000,63537,Diesel
6029,Land Rover Freelander,Land,2023,3177000,59151,Diesel
6030,Skoda Rapid Elegance,Skoda,2006,38000,43286,Diesel
6031,Ford Figo Aspire,Ford,2003,25000,137457,Petrol
6032,Skoda Octavia Elegance,Skoda,2023,182000,48328,Diesel
6033,Volvo XC60 D5,Volvo,2014,1104000,65055,Petrol
6034,Volkswagen Ameo Highline,Volkswagen,2008,29000,155210,Petrol
6035,Fiat Linea Active,Fiat,2017,54000,165766,Petrol
6036,Maruti Suzuki Eeco,Maruti,2020,93000,98791,Petrol
6037,Mitsubishi Lancer 1.8,Mitsubishi,2008,63000,19371,Diesel
6038,Mini Cooper D,Mini,2014,724000,158104,Petrol
6039,Nissan Micra XV,Nissan,2005,25000,99982,Diesel
6040,Datsun GO T,Datsun,2013,27000,115231,Petrol
6041,Renault Lodgy 110PS,Renault,2005,30000,33452,Diesel
6042,Datsun GO T,Datsun,2007,25000,153192,Diesel
6043,Mini Cooper D,Mini,2017,1103000,73525,Diesel
6044,Mitsubishi Lancer 1.8,Mitsubishi,2005,26000,122323,Petrol
6045,Chevrolet Tavera Neo,Chevrolet,2005,25000,111328,Petrol
6046,Mahindra Bolero SLE,Mahindra,2010,44000,117487,Diesel
6047,Volkswagen Ameo Highline,Volkswagen,2005,25000,97087,Petrol
6048,Nissan Terrano XL,Nissan,2023,102000,131231,Petrol
6049,Volvo XC60 D5,Volvo,2013,967000,67458,Petrol
6050,Ford Freestyle Titanium,Ford,2009,28000,121448,Petrol
6051,BMW 3 Series,BMW,2002,294000,158157,Petrol
6052,Audi A6 2.0,Audi,2021,1859000,102906,Diesel
6053,Toyota Fortuner 3.0,Toyota,2023,154000,109386,Petrol
6054,Jaguar XE Prestige,Jaguar,2011,826000,114541,Diesel
6055,Maruti Suzuki Swift,Maruti,2015,76000,32599,Petrol
6056,Chevrolet Sail UVA,Chevrolet,2012,32000,101126,Petrol
6057,BMW X1 sDrive20d,BMW,2006,663000,23243,Petrol
6058,Land Rover Discovery,Land,2013,1560000,19077,Petrol
6059,Honda Brio S,Honda,2013,76000,37157,Diesel
6060,Fiat Punto Active,Fiat,2018,74000,71893,Petrol
6061,Mercedes C-Class C220d,Mercedes,2006,415000,102674,Petrol
6062,Jaguar XE Prestige,Jaguar,2023,2246000,162184,Petrol
6063,Renault Kwid RXT,Renault,2015,47000,123271,Petrol
6064,BMW 3 Series,BMW,2016,1060000,117319,Diesel
6065,Volvo XC60 D5,Volvo,2018,1146000,133452,Petrol
6066,Datsun GO Plus,Datsun,2016,43000,167915,Diesel
6067,Honda Civic 1.8,Honda,2011,56000,70482,Petrol
6068,Mercedes E-Class E220d,Mercedes,2022,2107000,129836,Petrol
6069,Datsun redi-GO T,Datsun,2018,68000,68423,Petrol
6070,Datsun GO Plus,Datsun,2015,38000,115217,Petrol
6071,Mahindra KUV100 K8,Mahindra,2005,36000,54204,Diesel
6072,Chevrolet Spark LT,Chevrolet,2011,46000,10908,Petrol
6073,Tata Nano Lx,Tata,2005,25000,171590,Diesel
6074,Ford Endeavour 4x4,Ford,2002,26000,27730,Diesel
6075,Maruti Suzuki Swift,Maruti,2009,29000,111085,Petrol
6076,Volvo S60 D4,Volvo,2018,1310000,138644,Diesel
6077,Nissan Sunny XL,Nissan,2023,144000,63268,Diesel
6078,Mercedes C-Class C220d,Mercedes,2010,1075000,22798,Diesel
6079,Jaguar XF Portfolio,Jaguar,2015,2161000,3327,Diesel
6080,Datsun redi-GO T,Datsun,2003,25000,76044,Diesel
6081,Mini Cooper S,Mini,2006,425000,81610,Diesel
6082,Honda Jazz V,Honda,2005,25000,167433,Petrol
6083,Mini Cooper S,Mini,2009,564000,88534,Petrol
6084,Hyundai Xcent S,Hyundai,2011,61000,8794,Petrol
6085,Volvo XC60 D5,Volvo,2022,2803000,4729,Diesel
6086,Jeep Compass Longitude,Jeep,2003,29000,148036,Diesel
6087,BMW X1 sDrive20d,BMW,2014,810000,109780,Diesel
6088,BMW X1 sDrive20d,BMW,2004,321000,102685,Petrol
6089,Renault Lodgy 110PS,Renault,2008,39000,14233,Diesel
6090,Tata Bolt XT,Tata,2002,25000,51220,Petrol
6091,Maruti Suzuki Alto,Maruti,2012,34000,174415,CNG
6092,Mercedes C-Class C220d,Mercedes,2022,2924000,46570,Diesel
6093,Chevrolet Tavera Neo,Chevrolet,2021,60000,137315,Petrol
6094,Renault Duster 110,Renault,2012,54000,45742,Petrol
6095,Toyota Etios VXD,Toyota,2020,121000,118985,Petrol
6096,Hyundai Grand i10,Hyundai,2011,37000,155461,Petrol
6097,Skoda Rapid Elegance,Skoda,2013,64000,76551,Petrol
6098,Datsun redi-GO T,Datsun,2013,30000,157426,Diesel
6099,Mercedes GLA 200d,Mercedes,2020,2585000,45634,Diesel
6100,BMW X1 sDrive20d,BMW,2018,1905000,63586,Diesel
6101,Mini Cooper D,Mini,2022,2986000,4574,Diesel
6102,Renault Lodgy 110PS,Renault,2013,74000,10242,Petrol
6103,Audi A4 35,Audi,2021,1654000,152420,Petrol
6104,Honda City 1.5,Honda,2022,202000,20495,Petrol
6105,Land Rover Freelander,Land,2011,1026000,50679,Petrol
6106,Nissan Terrano XL,Nissan,2015,47000,152323,Diesel
6107,Mahindra Bolero SLE,Mahindra,2014,113000,8224,Diesel
6108,Tata Tiago Revotron,Tata,2007,36000,1970,Diesel
6109,Datsun GO T,Datsun,2023,67000,148747,Petrol
6110,Volkswagen Vento Highline,Volkswagen,2014,53000,104592,Petrol
6111,Skoda Fabia Classic,Skoda,2019,118000,41037,Petrol
6112,Mahindra TUV300 T8,Mahindra,2005,25000,157927,Petrol
6113,Volkswagen Polo Highline,Volkswagen,2012,66000,28971,Diesel
6114,Land Rover Freelander,Land,2002,428000,87319,Diesel
6115,Renault Triber RXZ,Renault,2007,25000,109465,Petrol
6116,Mercedes E-Class E220d,Mercedes,2009,589000,94867,Petrol
6117,Maruti Suzuki Swift,Maruti,2007,25000,138317,CNG
6118,Datsun redi-GO T,Datsun,2012,25000,111099,Petrol
6119,Tata Tiago Revotron,Tata,2016,48000,115522,Diesel
6120,Mitsubishi Pajero Sport,Mitsubishi,2013,54000,123522,Petrol
6121,Honda Brio S,Honda,2017,78000,178952,Diesel
6122,Nissan Micra XV,Nissan,2014,72000,32087,Diesel
6123,Jeep Compass Longitude,Jeep,2014,68000,145285,Petrol
6124,Chevrolet Beat LT,Chevrolet,2004,25000,17582,Diesel
6125,Toyota Corolla Altis,Toyota,2018,126000,81824,Diesel
6126,Audi A6 2.0,Audi,2004,311000,176469,Petrol
6127,Mercedes GLA 200d,Mercedes,2010,1042000,24324,Petrol
6128,Chevrolet Sail UVA,Chevrolet,2012,29000,171713,Petrol
6129,Maruti Suzuki Baleno,Maruti,2010,58000,2050,Petrol
6130,Mercedes E-Class E220d,Mercedes,2004,336000,121081,Petrol
6131,Hyundai Grand i10,Hyundai,2005,25000,176287,Petrol
6132,Mahindra Scorpio SLE,Mahindra,2016,119000,42654,Diesel
6133,Mercedes GLA 200d,Mercedes,2014,996000,93857,Diesel
6134,Mitsubishi Pajero Sport,Mitsubishi,2023,137000,170483,Diesel
6135,Datsun GO Plus,Datsun,2003,25000,114837,Petrol
6136,BMW 5 Series,BMW,2008,597000,71202,Petrol
6137,Mahindra Scorpio SLE,Mahindra,2010,44000,124101,Diesel
6138,BMW 3 Series,BMW,2010,530000,138556,Petrol
6139,Hyundai i10 Sportz,Hyundai,2011,61000,33207,Petrol
6140,Jeep Compass Limited,Jeep,2014,129000,14469,Petrol
6141,Volvo XC60 D5,Volvo,2005,356000,164703,Diesel
6142,Land Rover Discovery,Land,2014,1086000,83619,Petrol
6143,Skoda Rapid Elegance,Skoda,2010,47000,85231,Petrol
6144,BMW 5 Series,BMW,2020,1789000,82537,Petrol
6145,Mini Cooper D,Mini,2005,482000,25299,Petrol
6146,Mini Cooper S,Mini,2009,470000,168359,Diesel
6147,Renault Duster 110,Renault,2023,191000,3214,Diesel
6148,Hyundai Venue SX,Hyundai,2019,80000,112359,Diesel
6149,Ford Endeavour 4x4,Ford,2018,92000,59717,Petrol
6150,Chevrolet Sail UVA,Chevrolet,2022,95000,74412,Diesel
6151,Renault Triber RXZ,Renault,2009,29000,97386,Diesel
6152,Mercedes C-Class C220d,Mercedes,2005,399000,174387,Diesel
6153,Nissan Micra XV,Nissan,2004,25000,174625,Diesel
6154,Volkswagen Polo Highline,Volkswagen,2020,123000,56268,Diesel
6155,Ford Endeavour 4x4,Ford,2012,42000,162990,Diesel
6156,Volkswagen Polo Highline,Volkswagen,2021,119000,94070,Petrol
6157,Jaguar XF Portfolio,Jaguar,2003,357000,157114,Diesel
6158,Jeep Compass Longitude,Jeep,2018,158000,70066,Diesel
6159,Jeep Compass Longitude,Jeep,2014,101000,53967,Petrol
6160,Mini Cooper S,Mini,2004,308000,156554,Diesel
6161,Land Rover Discovery,Land,2007,519000,128017,Petrol
6162,Mini Cooper S,Mini,2014,625000,131775,Petrol
6163,Jaguar XE Prestige,Jaguar,2016,1252000,152816,Diesel
6164,Honda Amaze S,Honda,2008,38000,63385,Petrol
6165,Mercedes C-Class C220d,Mercedes,2013,1470000,705,Petrol
6166,BMW 3 Series,BMW,2015,1522000,45939,Diesel
6167,Volkswagen Polo Highline,Volkswagen,2008,39000,73308,Petrol
6168,Tata Nano Lx,Tata,2008,27000,82819,Diesel
6169,Volkswagen Vento Highline,Volkswagen,2003,25000,115256,Petrol
6170,Nissan Terrano XL,Nissan,2018,64000,119465,Petrol
6171,Honda Jazz V,Honda,2003,25000,173773,Diesel
6172,Chevrolet Spark LT,Chevrolet,2022,136000,672,Diesel
6173,Jaguar XF Portfolio,Jaguar,2017,1247000,159429,Petrol
6174,Toyota Fortuner 3.0,Toyota,2008,36000,120773,Diesel
6175,Mini Cooper S,Mini,2015,694000,178624,Petrol
6176,Renault Triber RXZ,Renault,2005,28000,26832,Petrol
6177,Ford EcoSport Titanium,Ford,2017,74000,86128,Petrol
6178,Hyundai Elite i20,Hyundai,2010,40000,106269,Diesel
6179,Skoda Octavia Elegance,Skoda,2005,31000,44803,Petrol
6180,Toyota Etios VXD,Toyota,2007,63000,8850,Diesel
6181,Chevrolet Tavera Neo,Chevrolet,2003,25000,150969,Diesel
6182,Ford Figo,Ford,2017,122000,3229,Diesel
6183,Jeep Compass Longitude,Jeep,2017,90000,162097,Petrol
6184,Ford Figo Aspire,Ford,2019,110000,48807,Petrol
6185,Maruti Suzuki Ciaz,Maruti,2021,110000,54924,CNG
6186,Renault Duster 110,Renault,2016,51000,142563,Diesel
6187,Fiat Punto Active,Fiat,2019,107000,916,Petrol
6188,Mini Cooper D,Mini,2009,391000,142635,Petrol
6189,Audi A4 35,Audi,2023,2596000,65690,Diesel
6190,Nissan Sunny XL,Nissan,2011,65000,8271,Diesel
6191,Maruti Suzuki Alto,Maruti,2012,52000,61084,Diesel
6192,Jeep Compass Longitude,Jeep,2008,58000,69253,Petrol
6193,Maruti Suzuki Eeco,Maruti,2019,108000,47075,Petrol
6194,Honda Brio S,Honda,2019,115000,73587,Diesel
6195,Toyota Corolla Altis,Toyota,2018,88000,127587,Diesel
6196,Nissan Sunny XL,Nissan,2011,60000,26396,Diesel
6197,Renault Kwid RXT,Renault,2003,25000,117081,Petrol
6198,Mercedes C-Class C220d,Mercedes,2022,1844000,173770,Diesel
6199,Mahindra Scorpio SLE,Mahindra,2020,164000,18211,Petrol
6200,Ford Endeavour 4x4,Ford,2012,42000,88431,Petrol
6201,Tata Tigor XZ,Tata,2005,27000,49989,Diesel
6202,Mercedes GLA 200d,Mercedes,2004,368000,122393,Petrol
6203,Mitsubishi Pajero Sport,Mitsubishi,2002,25000,108671,Petrol
6204,Hyundai Santro Xing,Hyundai,2011,36000,97373,Petrol
6205,Ford Figo Aspire,Ford,2007,38000,70957,Diesel
6206,Skoda Rapid Elegance,Skoda,2019,110000,70883,Diesel
6207,Chevrolet Beat LT,Chevrolet,2015,46000,86207,Petrol
6208,Chevrolet Spark LT,Chevrolet,2014,32000,115746,Petrol
6209,Toyota Yaris VX,Toyota,2003,25000,162995,Diesel
6210,Volvo S60 D4,Volvo,2009,544000,82354,Diesel
6211,Ford Endeavour 4x4,Ford,2021,95000,108735,Diesel
6212,Land Rover Discovery,Land,2019,2650000,20925,Diesel
6213,Hyundai Verna 1.6,Hyundai,2010,65000,14657,Diesel
6214,Nissan Terrano XL,Nissan,2023,125000,85514,Diesel
6215,Maruti Suzuki Ciaz,Maruti,2007,43000,12814,Petrol
6216,Chevrolet Spark LT,Chevrolet,2003,25000,6401,Petrol
6217,Mini Cooper S,Mini,2011,1018000,8821,Diesel
6218,Datsun GO Plus,Datsun,2017,82000,5108,Petrol
6219,Volkswagen Jetta Comfortline,Volkswagen,2013,55000,81188,Diesel
6220,Hyundai Creta 1.6,Hyundai,2003,33000,5997,Diesel
6221,Nissan Sunny XL,Nissan,2021,88000,121200,Diesel
6222,Fiat Linea Active,Fiat,2013,52000,44768,Diesel
6223,Fiat Punto Active,Fiat,2011,29000,103991,Diesel
6224,Hyundai Grand i10,Hyundai,2008,29000,139126,Petrol
6225,Mahindra Scorpio SLE,Mahindra,2018,144000,29487,Diesel
6226,Datsun redi-GO T,Datsun,2007,25000,178689,Diesel
6227,Nissan Terrano XL,Nissan,2012,34000,157822,Petrol
6228,Maruti Suzuki Vitara,Maruti,2004,25000,130453,Diesel
6229,Volkswagen Jetta Comfortline,Volkswagen,2017,81000,173456,Diesel
6230,Ford Fiesta Classic,Ford,2003,25000,60052,Petrol
6231,Audi A8,Audi,2017,1773000,15280,Petrol
6232,Ford Figo Aspire,Ford,2018,93000,66679,Diesel
6233,Skoda Rapid Elegance,Skoda,2022,107000,132502,Petrol
6234,Jaguar XE Prestige,Jaguar,2007,542000,133397,Petrol
6235,Renault Lodgy 110PS,Renault,2022,167000,33391,Diesel
6236,Volkswagen Jetta Comfortline,Volkswagen,2021,175000,41287,Diesel
6237,Jaguar XF Portfolio,Jaguar,2014,1297000,89165,Diesel
6238,Mitsubishi Pajero Sport,Mitsubishi,2022,169000,75911,Diesel
6239,Mercedes C-Class C220d,Mercedes,2017,1284000,104249,Diesel
6240,Mitsubishi Lancer 1.8,Mitsubishi,2008,32000,118789,Petrol
6241,Honda Jazz V,Honda,2005,25000,147661,Petrol
6242,BMW 3 Series,BMW,2019,1361000,149954,Diesel
6243,Audi A8,Audi,2015,981000,105030,Petrol
6244,Ford Endeavour 4x4,Ford,2008,30000,95725,Petrol
6245,Chevrolet Spark LT,Chevrolet,2005,25000,117625,Diesel
6246,Maruti Suzuki Alto,Maruti,2013,39000,110321,CNG
6247,Mini Cooper D,Mini,2022,1581000,114413,Petrol
6248,Mini Cooper D,Mini,2017,1814000,12265,Diesel
6249,Mercedes E-Class E220d,Mercedes,2005,476000,71322,Petrol
6250,Audi A4 35,Audi,2006,447000,95832,Petrol
6251,Skoda Rapid Elegance,Skoda,2021,137000,74070,Petrol
6252,Land Rover Discovery,Land,2016,1407000,84974,Petrol
6253,Tata Nexon XZ,Tata,2010,37000,70122,Diesel
6254,Land Rover Discovery,Land,2014,979000,176552,Diesel
6255,Land Rover Discovery,Land,2007,873000,945,Diesel
6256,Chevrolet Spark LT,Chevrolet,2002,25000,179885,Diesel
6257,Mercedes C-Class C220d,Mercedes,2018,1285000,163947,Petrol
6258,Jaguar XF Portfolio,Jaguar,2003,388000,145674,Diesel
6259,Mini Cooper D,Mini,2014,1204000,6090,Petrol
6260,Volvo S60 D4,Volvo,2022,2475000,49225,Diesel
6261,Volkswagen Vento Highline,Volkswagen,2022,111000,157403,Diesel
6262,Hyundai Venue SX,Hyundai,2021,97000,104460,Petrol
6263,Mercedes E-Class E220d,Mercedes,2023,1987000,137857,Diesel
6264,BMW 5 Series,BMW,2020,2463000,17042,Petrol
6265,BMW X1 sDrive20d,BMW,2012,1405000,5790,Diesel
6266,Toyota Corolla Altis,Toyota,2003,38000,26080,Diesel
6267,Volvo XC60 D5,Volvo,2018,2066000,16347,Diesel
6268,Hyundai Venue SX,Hyundai,2023,196000,12179,Petrol
6269,Skoda Octavia Elegance,Skoda,2020,156000,4918,Petrol
6270,Skoda Fabia Classic,Skoda,2007,29000,113397,Petrol
6271,Skoda Fabia Classic,Skoda,2019,163000,1091,Petrol
6272,Mini Cooper D,Mini,2021,1220000,160839,Petrol
6273,Mitsubishi Lancer 1.8,Mitsubishi,2015,80000,69002,Petrol
6274,Fiat Punto Active,Fiat,2019,57000,121249,Petrol
6275,Mitsubishi Lancer 1.8,Mitsubishi,2005,37000,21624,Petrol
6276,Renault Duster 110,Renault,2013,46000,158104,Diesel
6277,Mini Cooper D,Mini,2006,519000,56944,Diesel
6278,Tata Tigor XZ,Tata,2017,69000,93750,Diesel
6279,Skoda Rapid Elegance,Skoda,2009,33000,124367,Diesel
6280,Mini Cooper D,Mini,2003,358000,63968,Petrol
6281,Audi A8,Audi,2006,426000,179349,Petrol
6282,Mahindra KUV100 K8,Mahindra,2007,38000,93882,Diesel
6283,Tata Nano Lx,Tata,2015,42000,116364,Petrol
6284,Mini Cooper D,Mini,2023,1696000,134062,Petrol
6285,Fiat Linea Active,Fiat,2017,53000,154550,Petrol
6286,Jeep Compass Limited,Jeep,2021,262000,20877,Petrol
6287,Audi A6 2.0,Audi,2018,1167000,127919,Diesel
6288,Datsun GO Plus,Datsun,2004,25000,13733,Diesel
6289,Toyota Glanza G,Toyota,2014,62000,162741,Diesel
6290,Skoda Fabia Classic,Skoda,2012,40000,127522,Petrol
6291,Honda City 1.5,Honda,2011,68000,5392,Diesel
6292,Audi A4 35,Audi,2020,2458000,18204,Petrol
6293,Renault Kwid RXT,Renault,2016,87000,14840,Petrol
6294,Ford EcoSport Ambiente,Ford,2021,106000,103819,Petrol
6295,Mahindra XUV500 W8,Mahindra,2013,79000,54894,Diesel
6296,Ford Fiesta Classic,Ford,2012,41000,134096,Diesel
6297,Renault Duster 110,Renault,2009,28000,125181,Petrol
6298,Land Rover Freelander,Land,2023,2499000,120993,Diesel
6299,Ford Fiesta Classic,Ford,2016,80000,55965,Diesel
6300,Mercedes GLA 200d,Mercedes,2023,3885000,11710,Petrol
6301,Ford Fiesta Classic,Ford,2011,36000,148389,Petrol
6302,Mahindra XUV500 W8,Mahindra,2018,89000,100047,Diesel
6303,BMW 5 Series,BMW,2003,511000,44945,Diesel
6304,Volkswagen Vento Highline,Volkswagen,2012,48000,142309,Petrol
6305,Mahindra Scorpio SLE,Mahindra,2019,185000,8210,Diesel
6306,Mahindra Thar CRDe,Mahindra,2009,54000,18463,Petrol
6307,Volvo XC60 D5,Volvo,2003,429000,39710,Diesel
6308,Land Rover Discovery,Land,2017,1369000,127170,Diesel
6309,Volkswagen Vento Highline,Volkswagen,2007,39000,81263,Diesel
6310,Datsun GO Plus,Datsun,2010,25000,173881,Diesel
6311,Mercedes E-Class E220d,Mercedes,2010,982000,27859,Petrol
6312,Ford EcoSport Ambiente,Ford,2019,75000,146396,Petrol
6313,Fiat Punto Active,Fiat,2004,25000,148872,Diesel
6314,Nissan Sunny XL,Nissan,2003,25000,146024,Petrol
6315,Datsun redi-GO T,Datsun,2003,25000,68952,Diesel
6316,Skoda Rapid Elegance,Skoda,2006,28000,163712,Diesel
6317,Mercedes GLA 200d,Mercedes,2002,300000,139045,Petrol
6318,Mahindra Thar CRDe,Mahindra,2005,36000,59693,Diesel
6319,Toyota Fortuner 3.0,Toyota,2018,112000,66177,Diesel
6320,Mahindra KUV100 K8,Mahindra,2020,90000,174500,Petrol
6321,BMW X1 sDrive20d,BMW,2004,426000,69483,Petrol
6322,Honda Brio S,Honda,2009,34000,156329,Diesel
6323,Jaguar XE Prestige,Jaguar,2012,1161000,66048,Petrol
6324,Chevrolet Beat LT,Chevrolet,2002,25000,129681,Diesel
6325,Audi Q3 35,Audi,2005,305000,140841,Petrol
6326,Mercedes GLA 200d,Mercedes,2010,1050000,47028,Diesel
6327,BMW 3 Series,BMW,2018,1430000,163974,Diesel
6328,Hyundai i10 Sportz,Hyundai,2015,55000,128053,Petrol
6329,Toyota Etios VXD,Toyota,2019,145000,61063,Diesel
6330,Tata Indica V2,Tata,2022,77000,155255,Petrol
6331,Toyota Yaris VX,Toyota,2013,59000,163195,Diesel
6332,Audi Q3 35,Audi,2003,264000,137431,Petrol
6333,Nissan Terrano XL,Nissan,2020,108000,70251,Diesel
6334,Datsun GO Plus,Datsun,2019,46000,141526,Petrol
6335,Toyota Corolla Altis,Toyota,2014,98000,33930,Petrol
6336,Maruti Suzuki Alto,Maruti,2019,123000,10140,Petrol
6337,Hyundai Grand i10,Hyundai,2014,51000,170213,Petrol
6338,Datsun GO Plus,Datsun,2009,25000,120077,Petrol
6339,Chevrolet Sail UVA,Chevrolet,2021,104000,27784,Diesel
6340,Datsun GO T,Datsun,2015,41000,108457,Petrol
6341,Nissan Terrano XL,Nissan,2014,71000,50657,Diesel
6342,Nissan Micra XV,Nissan,2014,42000,134693,Diesel
6343,Hyundai Tucson 2WD,Hyundai,2006,38000,46706,Diesel
6344,Fiat Punto Active,Fiat,2014,35000,161172,Diesel
6345,Audi A6 2.0,Audi,2022,1986000,146598,Diesel
6346,Fiat Punto Active,Fiat,2022,107000,75468,Petrol
6347,Mini Cooper S,Mini,2015,869000,102207,Diesel
6348,Renault Kwid RXT,Renault,2002,26000,1624,Diesel
6349,Chevrolet Tavera Neo,Chevrolet,2002,25000,140001,Diesel
6350,Mitsubishi Pajero Sport,Mitsubishi,2017,82000,97870,Petrol
6351,Volvo S60 D4,Volvo,2022,1784000,82644,Petrol
6352,Honda WR-V i-VTEC,Honda,2022,105000,138975,Petrol
6353,Volkswagen Ameo Highline,Volkswagen,2005,35000,49402,Petrol
6354,Chevrolet Beat LT,Chevrolet,2005,25000,163463,Diesel
6355,Mercedes C-Class C220d,Mercedes,2019,1435000,133254,Petrol
6356,Skoda Fabia Classic,Skoda,2014,81000,42020,Petrol
6357,Audi A6 2.0,Audi,2013,829000,82605,Petrol
6358,Honda Civic 1.8,Honda,2013,93000,19227,Diesel
6359,Ford Figo,Ford,2012,63000,41256,Diesel
6360,Audi Q7,Audi,2018,1095000,124351,Diesel
6361,Mahindra Bolero SLE,Mahindra,2005,44000,33438,Diesel
6362,Maruti Suzuki Vitara,Maruti,2010,35000,165761,Petrol
6363,Nissan Micra XV,Nissan,2012,33000,112250,Petrol
6364,Mercedes E-Class E220d,Mercedes,2021,2816000,38215,Diesel
6365,Mitsubishi Lancer 1.8,Mitsubishi,2016,112000,59377,Diesel
6366,Mitsubishi Pajero Sport,Mitsubishi,2023,166000,96996,Petrol
6367,Datsun GO T,Datsun,2013,29000,108306,Petrol
6368,Mahindra Scorpio S10,Mahindra,2011,70000,32369,Diesel
6369,Skoda Octavia Elegance,Skoda,2004,34000,35988,Diesel
6370,Mitsubishi Pajero Sport,Mitsubishi,2015,80000,102171,Diesel
6371,Tata Nexon XZ,Tata,2013,33000,177830,Petrol
6372,Chevrolet Sail UVA,Chevrolet,2013,31000,110387,Petrol
6373,Mitsubishi Lancer 1.8,Mitsubishi,2005,35000,77051,Diesel
6374,Ford Endeavour 4x4,Ford,2016,67000,161939,Diesel
6375,Renault Duster 110,Renault,2006,27000,52129,Petrol
6376,Tata Nano Lx,Tata,2009,25000,135928,Petrol
6377,Maruti Suzuki Swift,Maruti,2012,66000,7202,Petrol
6378,Maruti Suzuki Wagon,Maruti,2009,31000,143301,CNG
6379,Skoda Rapid Elegance,Skoda,2003,25000,131078,Petrol
6380,Audi Q3 35,Audi,2017,1251000,132807,Diesel
6381,Jeep Compass Longitude,Jeep,2013,95000,53881,Diesel
6382,Volvo S60 D4,Volvo,2011,544000,121771,Diesel
6383,Nissan Micra XV,Nissan,2018,60000,103954,Petrol
6384,Jaguar XF Portfolio,Jaguar,2008,606000,105944,Diesel
6385,Toyota Glanza G,Toyota,2022,143000,170538,Petrol
6386,Mitsubishi Lancer 1.8,Mitsubishi,2002,38000,3710,Diesel
6387,Jeep Compass Longitude,Jeep,2007,37000,127592,Petrol
6388,Nissan Micra XV,Nissan,2019,70000,176256,Diesel
6389,Maruti Suzuki Ertiga,Maruti,2019,122000,19781,CNG
6390,Skoda Fabia Classic,Skoda,2023,147000,160308,Diesel
6391,Tata Indica V2,Tata,2003,25000,146274,Petrol
6392,Maruti Suzuki Ciaz,Maruti,2019,84000,90735,Diesel
6393,Audi Q7,Audi,2020,2841000,11772,Diesel
6394,Tata Tiago Revotron,Tata,2015,62000,83545,Diesel
6395,Mini Cooper S,Mini,2014,1069000,15797,Petrol
6396,Jeep Compass Longitude,Jeep,2015,83000,110855,Diesel
6397,Mercedes GLA 200d,Mercedes,2019,2525000,2358,Petrol
6398,Mini Cooper D,Mini,2009,394000,115132,Petrol
6399,Jeep Compass Limited,Jeep,2002,29000,75422,Petrol
6400,Mercedes GLA 200d,Mercedes,2022,3170000,25903,Petrol
6401,Land Rover Freelander,Land,2011,1225000,43901,Petrol
6402,Datsun GO T,Datsun,2010,26000,126053,Diesel
6403,Tata Indica V2,Tata,2017,53000,142868,Petrol
6404,Hyundai Verna 1.6,Hyundai,2022,105000,161753,Diesel
6405,Jeep Compass Limited,Jeep,2002,27000,115582,Diesel
6406,Maruti Suzuki Swift,Maruti,2012,35000,116024,CNG
6407,Honda City 1.5,Honda,2021,109000,161176,Diesel
6408,BMW 5 Series,BMW,2022,3279000,32924,Diesel
6409,Skoda Fabia Classic,Skoda,2010,44000,87682,Diesel
6410,Toyota Glanza G,Toyota,2021,197000,14473,Diesel
6411,Chevrolet Sail UVA,Chevrolet,2005,25000,59780,Petrol
6412,Renault Lodgy 110PS,Renault,2023,112000,141014,Petrol
6413,Tata Bolt XT,Tata,2023,90000,158912,Diesel
6414,Volkswagen Jetta Comfortline,Volkswagen,2022,111000,131432,Diesel
6415,BMW 3 Series,BMW,2003,427000,59516,Diesel
6416,Mini Cooper S,Mini,2019,1356000,81929,Petrol
6417,Land Rover Discovery,Land,2020,2562000,42287,Diesel
6418,Nissan Micra XV,Nissan,2022,86000,104640,Petrol
6419,BMW 5 Series,BMW,2011,700000,102430,Petrol
6420,Skoda Octavia Elegance,Skoda,2003,25000,148622,Petrol
6421,BMW 5 Series,BMW,2013,773000,174689,Diesel
6422,Renault Duster 110,Renault,2003,28000,25288,Diesel
6423,Datsun GO T,Datsun,2022,78000,128790,Diesel
6424,Toyota Innova 2.5,Toyota,2022,172000,82620,Petrol
6425,Jaguar XF Portfolio,Jaguar,2023,3245000,51874,Petrol
6426,Toyota Innova 2.5,Toyota,2015,81000,104128,Diesel
6427,Mitsubishi Pajero Sport,Mitsubishi,2003,25000,117392,Petrol
6428,Datsun GO T,Datsun,2005,25000,129779,Petrol
6429,Maruti Suzuki Eeco,Maruti,2006,27000,93842,Petrol
6430,Toyota Etios VXD,Toyota,2016,74000,110338,Diesel
6431,Mini Cooper D,Mini,2023,1600000,108600,Diesel
6432,Jaguar XF Portfolio,Jaguar,2003,391000,83954,Petrol
6433,Jaguar XF Portfolio,Jaguar,2004,579000,21515,Diesel
6434,Land Rover Discovery,Land,2008,575000,144130,Diesel
6435,Fiat Linea Active,Fiat,2012,28000,147891,Petrol
6436,Jaguar XF Portfolio,Jaguar,2012,1277000,43000,Petrol
6437,Ford Figo Aspire,Ford,2010,50000,60653,Petrol
6438,Honda Civic 1.8,Honda,2017,71000,120157,Diesel
6439,Renault Kwid RXT,Renault,2006,25000,155588,Diesel
6440,BMW 5 Series,BMW,2022,2193000,74121,Petrol
6441,Mercedes E-Class E220d,Mercedes,2006,608000,68736,Diesel
6442,Mercedes C-Class C220d,Mercedes,2018,1738000,55435,Diesel
6443,BMW 5 Series,BMW,2022,1597000,172880,Petrol
6444,Audi Q7,Audi,2011,791000,76532,Petrol
6445,Mitsubishi Pajero Sport,Mitsubishi,2004,25000,99523,Diesel
6446,Honda WR-V i-VTEC,Honda,2013,57000,132724,Diesel
6447,Hyundai Elite i20,Hyundai,2011,32000,135292,Petrol
6448,Mercedes GLA 200d,Mercedes,2020,1510000,148965,Petrol
6449,Jeep Compass Limited,Jeep,2009,71000,69436,Diesel
6450,Ford Fiesta Classic,Ford,2006,31000,58546,Diesel
6451,Hyundai Venue SX,Hyundai,2002,25000,134871,Petrol
6452,Mahindra XUV500 W8,Mahindra,2020,122000,86287,Petrol
6453,Audi Q7,Audi,2022,2424000,70743,Diesel
6454,Tata Tigor XZ,Tata,2005,25000,41006,Petrol
6455,Mahindra Scorpio S10,Mahindra,2014,63000,80989,Petrol
6456,Jeep Compass Longitude,Jeep,2012,92000,67216,Diesel
6457,Jeep Compass Longitude,Jeep,2016,85000,166731,Diesel
6458,Maruti Suzuki Vitara,Maruti,2002,25000,163079,Diesel
6459,Mini Cooper D,Mini,2006,327000,100980,Petrol
6460,Mercedes GLA 200d,Mercedes,2018,2465000,13882,Diesel
6461,Jeep Compass Longitude,Jeep,2016,95000,158504,Diesel
6462,Land Rover Freelander,Land,2021,2201000,154481,Diesel
6463,Mitsubishi Pajero Sport,Mitsubishi,2018,106000,78885,Diesel
6464,Jaguar XE Prestige,Jaguar,2018,1852000,95080,Diesel
6465,BMW 5 Series,BMW,2005,426000,82853,Diesel
6466,Audi Q7,Audi,2017,1901000,26015,Diesel
6467,Tata Nano Lx,Tata,2004,25000,169864,Diesel
6468,Mahindra XUV500 W8,Mahindra,2022,150000,78417,Diesel
6469,Mahindra KUV100 K8,Mahindra,2005,25000,121942,Diesel
6470,Ford Freestyle Titanium,Ford,2002,25000,5447,Petrol
6471,Skoda Octavia Elegance,Skoda,2021,119000,147700,Diesel
6472,Jaguar XF Portfolio,Jaguar,2003,589000,1410,Diesel
6473,Chevrolet Spark LT,Chevrolet,2018,55000,170977,Petrol
6474,Tata Indica V2,Tata,2021,162000,833,Diesel
6475,Datsun GO Plus,Datsun,2008,30000,44822,Diesel
6476,Jaguar XE Prestige,Jaguar,2017,1818000,75331,Diesel
6477,Jeep Compass Limited,Jeep,2012,81000,51069,Petrol
6478,Toyota Yaris VX,Toyota,2010,58000,54208,Diesel
6479,Audi Q3 35,Audi,2016,1032000,158065,Petrol
6480,Mini Cooper D,Mini,2010,537000,171578,Diesel
6481,Mitsubishi Lancer 1.8,Mitsubishi,2023,209000,70922,Diesel
6482,Mini Cooper D,Mini,2007,392000,166035,Diesel
6483,Maruti Suzuki Ciaz,Maruti,2006,25000,129379,CNG
6484,Audi A4 35,Audi,2012,734000,176760,Petrol
6485,Mahindra Scorpio SLE,Mahindra,2002,29000,50298,Diesel
6486,Honda City 1.5,Honda,2017,77000,93194,Petrol
6487,Nissan Sunny XL,Nissan,2015,89000,20330,Diesel
6488,Jaguar XF Portfolio,Jaguar,2002,478000,24281,Diesel
6489,Volkswagen Polo Highline,Volkswagen,2004,37000,364,Petrol
6490,Audi A8,Audi,2011,628000,121063,Diesel
6491,Datsun redi-GO T,Datsun,2016,57000,50583,Petrol
6492,Skoda Fabia Classic,Skoda,2003,25000,88589,Petrol
6493,Maruti Suzuki Omni,Maruti,2006,26000,63356,Petrol
6494,BMW X1 sDrive20d,BMW,2007,769000,30844,Diesel
6495,BMW 3 Series,BMW,2014,1085000,87764,Petrol
6496,Renault Duster 110,Renault,2012,49000,53535,Diesel
6497,Mercedes GLA 200d,Mercedes,2018,2093000,18529,Diesel
6498,Mitsubishi Lancer 1.8,Mitsubishi,2005,29000,92274,Petrol
6499,Hyundai i10 Sportz,Hyundai,2014,82000,32017,Diesel
6500,Audi A4 35,Audi,2012,633000,151142,Petrol
6501,Jaguar XF Portfolio,Jaguar,2016,1273000,159688,Diesel
6502,Mitsubishi Lancer 1.8,Mitsubishi,2015,66000,116272,Petrol
6503,Jaguar XE Prestige,Jaguar,2019,1667000,120997,Diesel
6504,Honda Amaze S,Honda,2021,92000,134126,Petrol
6505,Mercedes GLA 200d,Mercedes,2018,1644000,81619,Diesel
6506,Jeep Compass Longitude,Jeep,2010,73000,56931,Diesel
6507,Jeep Compass Limited,Jeep,2019,119000,113032,Petrol
6508,Jeep Compass Longitude,Jeep,2009,85000,3300,Petrol
6509,Chevrolet Sail UVA,Chevrolet,2017,51000,87380,Diesel
6510,Tata Nano Lx,Tata,2014,42000,118674,Petrol
6511,Chevrolet Tavera Neo,Chevrolet,2016,40000,136908,Petrol
6512,Fiat Punto Active,Fiat,2011,34000,106455,Diesel
6513,Ford Fiesta Classic,Ford,2009,29000,117902,Petrol
6514,Mitsubishi Lancer 1.8,Mitsubishi,2023,143000,167839,Petrol
6515,Jaguar XE Prestige,Jaguar,2013,952000,149537,Diesel
6516,Fiat Punto Active,Fiat,2009,36000,31075,Petrol
6517,Mahindra XUV500 W8,Mahindra,2014,52000,152199,Diesel
6518,Volvo S60 D4,Volvo,2011,578000,113400,Diesel
6519,Nissan Terrano XL,Nissan,2019,110000,17115,Diesel
6520,Volvo XC60 D5,Volvo,2006,406000,129733,Petrol
6521,Mahindra Scorpio S10,Mahindra,2015,55000,140322,Petrol
6522,BMW X1 sDrive20d,BMW,2003,340000,168001,Diesel
6523,Skoda Rapid Elegance,Skoda,2004,25000,112533,Diesel
6524,Ford Figo Aspire,Ford,2016,63000,179625,Petrol
6525,Maruti Suzuki Ertiga,Maruti,2017,100000,13247,Petrol
6526,Nissan Terrano XL,Nissan,2006,25000,73534,Petrol
6527,Mercedes GLA 200d,Mercedes,2023,2281000,154609,Diesel
6528,Maruti Suzuki Alto,Maruti,2009,44000,15493,Petrol
6529,Jeep Compass Limited,Jeep,2004,31000,117363,Diesel
6530,Toyota Etios VXD,Toyota,2023,191000,81394,Diesel
6531,Volkswagen Polo Highline,Volkswagen,2021,154000,71004,Diesel
6532,Toyota Corolla Altis,Toyota,2004,25000,157146,Petrol
6533,Datsun GO T,Datsun,2008,27000,68875,Petrol
6534,Mercedes GLA 200d,Mercedes,2017,2155000,14482,Diesel
6535,Toyota Fortuner 3.0,Toyota,2018,137000,45268,Petrol
6536,Nissan Sunny XL,Nissan,2008,33000,73043,Diesel
6537,Renault Duster 110,Renault,2005,32000,31744,Diesel
6538,Datsun GO Plus,Datsun,2010,41000,26223,Diesel
6539,Volvo XC60 D5,Volvo,2013,1035000,65221,Petrol
6540,Nissan Micra XV,Nissan,2018,87000,56646,Diesel
6541,Toyota Corolla Altis,Toyota,2006,27000,178732,Petrol
6542,Land Rover Freelander,Land,2005,689000,53712,Diesel
6543,Mitsubishi Lancer 1.8,Mitsubishi,2012,49000,114702,Petrol
6544,Renault Triber RXZ,Renault,2002,27000,3328,Diesel
6545,Chevrolet Sail UVA,Chevrolet,2018,99000,11712,Diesel
6546,Skoda Fabia Classic,Skoda,2017,71000,178027,Petrol
6547,Nissan Terrano XL,Nissan,2016,83000,47207,Petrol
6548,Maruti Suzuki Ertiga,Maruti,2007,27000,165260,Diesel
6549,Tata Nexon XZ,Tata,2002,25000,137352,Petrol
6550,Jaguar XE Prestige,Jaguar,2015,1806000,37745,Petrol
6551,BMW 5 Series,BMW,2013,1236000,5365,Petrol
6552,Honda Brio S,Honda,2016,124000,6510,Petrol
6553,Skoda Rapid Elegance,Skoda,2017,95000,88565,Diesel
6554,Land Rover Discovery,Land,2008,533000,127909,Petrol
6555,Mitsubishi Lancer 1.8,Mitsubishi,2002,25000,137729,Petrol
6556,Chevrolet Spark LT,Chevrolet,2018,80000,48416,Petrol
6557,Mini Cooper S,Mini,2023,1826000,160464,Diesel
6558,Land Rover Discovery,Land,2008,640000,169224,Diesel
6559,Skoda Rapid Elegance,Skoda,2005,40000,41658,Diesel
6560,Toyota Etios VXD,Toyota,2002,25000,142090,Petrol
6561,Volkswagen Ameo Highline,Volkswagen,2006,25000,154263,Diesel
6562,Audi A4 35,Audi,2019,1213000,177775,Diesel
6563,Mitsubishi Pajero Sport,Mitsubishi,2021,115000,157078,Diesel
6564,Datsun GO Plus,Datsun,2018,69000,52445,Petrol
6565,Honda Civic 1.8,Honda,2018,82000,99115,Petrol
6566,Jeep Compass Limited,Jeep,2017,151000,27837,Petrol
6567,Mini Cooper S,Mini,2013,755000,98824,Diesel
6568,BMW 3 Series,BMW,2012,734000,164346,Petrol
6569,Skoda Fabia Classic,Skoda,2006,34000,56266,Diesel
6570,Volvo S60 D4,Volvo,2023,2011000,143867,Diesel
6571,Mahindra Jeep CL550,Mahindra,2016,119000,26173,Diesel
6572,Tata Tigor XZ,Tata,2014,76000,6828,Petrol
6573,Maruti Suzuki Alto,Maruti,2022,113000,87575,Diesel
6574,Tata Nexon XZ,Tata,2006,28000,29703,Petrol
6575,Land Rover Discovery,Land,2017,1480000,109329,Petrol
6576,Renault Duster 110,Renault,2020,135000,20002,Petrol
6577,Skoda Octavia Elegance,Skoda,2009,62000,12330,Diesel
6578,Datsun GO Plus,Datsun,2010,33000,46388,Petrol
6579,Hyundai Grand i10,Hyundai,2018,73000,123969,Diesel
6580,Land Rover Freelander,Land,2005,755000,32354,Petrol
6581,Land Rover Discovery,Land,2011,759000,101719,Petrol
6582,Tata Indica V2,Tata,2006,34000,19017,Diesel
6583,Maruti Suzuki Wagon,Maruti,2007,32000,64193,Petrol
6584,Fiat Punto Active,Fiat,2004,25000,139839,Diesel
6585,BMW 3 Series,BMW,2002,350000,68706,Petrol
6586,Audi A6 2.0,Audi,2014,1176000,23543,Petrol
6587,Ford EcoSport Titanium,Ford,2002,28000,18304,Diesel
6588,Chevrolet Beat LT,Chevrolet,2009,25000,104159,Petrol
6589,Maruti Suzuki Swift,Maruti,2008,28000,173771,CNG
6590,Mitsubishi Pajero Sport,Mitsubishi,2021,125000,81819,Petrol
6591,Volkswagen Jetta Comfortline,Volkswagen,2021,122000,101684,Petrol
6592,Datsun GO T,Datsun,2016,42000,129948,Petrol
6593,Mini Cooper D,Mini,2013,1072000,12831,Petrol
6594,Tata Tigor XZ,Tata,2023,101000,92068,Petrol
6595,Maruti Suzuki Swift,Maruti,2014,59000,49250,CNG
6596,Hyundai Creta 1.6,Hyundai,2020,128000,71430,Diesel
6597,Hyundai Verna 1.6,Hyundai,2023,179000,19660,Diesel
6598,Honda City 1.5,Honda,2020,98000,103858,Diesel
6599,Mitsubishi Pajero Sport,Mitsubishi,2011,81000,131,Diesel
6600,Tata Tiago Revotron,Tata,2020,73000,165713,Diesel
6601,Mitsubishi Pajero Sport,Mitsubishi,2009,41000,100734,Petrol
6602,Nissan Sunny XL,Nissan,2010,43000,52689,Petrol
6603,Jeep Compass Longitude,Jeep,2002,41000,7352,Diesel
6604,Datsun redi-GO T,Datsun,2013,53000,11581,Petrol
6605,Renault Duster 110,Renault,2010,29000,102684,Diesel
6606,Maruti Suzuki Baleno,Maruti,2020,122000,67123,Diesel
6607,Land Rover Discovery,Land,2014,1137000,75485,Petrol
6608,Mini Cooper S,Mini,2006,405000,56096,Petrol
6609,Volvo S60 D4,Volvo,2017,1166000,91603,Petrol
6610,Mitsubishi Pajero Sport,Mitsubishi,2014,64000,121073,Diesel
6611,Volkswagen Jetta Comfortline,Volkswagen,2005,25000,102716,Petrol
6612,Jeep Compass Limited,Jeep,2008,43000,158460,Diesel
6613,Mini Cooper D,Mini,2007,705000,2762,Petrol
6614,Fiat Linea Active,Fiat,2004,25000,7931,Petrol
6615,Renault Triber RXZ,Renault,2017,59000,98822,Diesel
6616,Honda Brio S,Honda,2017,132000,30245,Diesel
6617,Mahindra Bolero SLE,Mahindra,2013,52000,152266,Diesel
6618,Hyundai Santro Xing,Hyundai,2006,25000,164760,Petrol
6619,Nissan Sunny XL,Nissan,2017,85000,51427,Diesel
6620,Honda WR-V i-VTEC,Honda,2006,25000,155683,Diesel
6621,Hyundai Tucson 2WD,Hyundai,2002,25000,148340,Petrol
6622,Jeep Compass Longitude,Jeep,2010,53000,112980,Diesel
6623,Tata Nexon XZ,Tata,2002,25000,115362,Diesel
6624,BMW 3 Series,BMW,2007,630000,45571,Diesel
6625,Tata Tigor XZ,Tata,2023,147000,21140,Petrol
6626,BMW 3 Series,BMW,2007,481000,143227,Petrol
6627,Mahindra TUV300 T8,Mahindra,2013,60000,69804,Petrol
6628,Audi Q7,Audi,2003,350000,92111,Diesel
6629,Audi A6 2.0,Audi,2021,2375000,53620,Petrol
6630,Datsun GO Plus,Datsun,2022,118000,27185,Petrol
6631,Fiat Punto Active,Fiat,2020,69000,111061,Diesel
6632,Hyundai i10 Sportz,Hyundai,2011,43000,101409,Diesel
6633,Mercedes E-Class E220d,Mercedes,2010,620000,121613,Diesel
6634,Hyundai Xcent S,Hyundai,2010,40000,92634,Petrol
6635,Skoda Fabia Classic,Skoda,2020,91000,152235,Petrol
6636,Mitsubishi Pajero Sport,Mitsubishi,2018,76000,113327,Petrol
6637,Mini Cooper D,Mini,2005,400000,65867,Petrol
6638,Chevrolet Sail UVA,Chevrolet,2006,27000,3037,Petrol
6639,Fiat Linea Active,Fiat,2012,31000,148059,Petrol
6640,Mitsubishi Pajero Sport,Mitsubishi,2013,84000,48773,Petrol
6641,Hyundai Verna 1.6,Hyundai,2008,51000,4061,Diesel
6642,Jaguar XE Prestige,Jaguar,2003,439000,59605,Diesel
6643,Mini Cooper D,Mini,2016,922000,105442,Petrol
6644,Mitsubishi Pajero Sport,Mitsubishi,2002,25000,86183,Petrol
6645,Mitsubishi Lancer 1.8,Mitsubishi,2003,25000,157878,Diesel
6646,Skoda Rapid Elegance,Skoda,2010,70000,6522,Diesel
6647,Ford EcoSport Ambiente,Ford,2009,34000,133750,Diesel
6648,Fiat Linea Active,Fiat,2009,41000,30625,Diesel
6649,Mercedes E-Class E220d,Mercedes,2021,2260000,82534,Diesel
6650,Toyota Yaris VX,Toyota,2015,99000,59496,Petrol
6651,Volkswagen Vento Highline,Volkswagen,2017,129000,11343,Petrol
6652,Mahindra Jeep CL550,Mahindra,2012,54000,107335,Diesel
6653,Audi A8,Audi,2018,1082000,170985,Petrol
6654,Jeep Compass Limited,Jeep,2014,77000,143573,Petrol
6655,Jaguar XF Portfolio,Jaguar,2007,756000,62422,Diesel
6656,Jaguar XE Prestige,Jaguar,2016,1400000,65474,Petrol
6657,Jeep Compass Limited,Jeep,2008,50000,75398,Petrol
6658,Mercedes GLA 200d,Mercedes,2005,372000,114772,Petrol
6659,Skoda Rapid Elegance,Skoda,2014,79000,44815,Petrol
6660,Fiat Linea Active,Fiat,2009,26000,90227,Diesel
6661,Chevrolet Sail UVA,Chevrolet,2015,54000,80137,Diesel
6662,Mahindra Scorpio SLE,Mahindra,2014,54000,134279,Petrol
6663,Datsun GO T,Datsun,2017,38000,167108,Petrol
6664,Jeep Compass Limited,Jeep,2009,42000,143969,Petrol
6665,Jaguar XF Portfolio,Jaguar,2017,1250000,133033,Petrol
6666,Maruti Suzuki Alto,Maruti,2018,132000,12483,Diesel
6667,Volvo S60 D4,Volvo,2023,2816000,34141,Diesel
6668,Land Rover Freelander,Land,2019,1580000,138212,Petrol
6669,Volkswagen Jetta Comfortline,Volkswagen,2003,25000,142996,Diesel
6670,Tata Indica V2,Tata,2010,29000,147942,Petrol
6671,Tata Nexon XZ,Tata,2006,29000,39868,Petrol
6672,Skoda Rapid Elegance,Skoda,2002,25000,170476,Petrol
6673,Jeep Compass Longitude,Jeep,2010,53000,148915,Petrol
6674,Mercedes E-Class E220d,Mercedes,2010,641000,152308,Petrol
6675,Land Rover Discovery,Land,2019,2864000,25202,Petrol
6676,Mercedes GLA 200d,Mercedes,2006,710000,42400,Diesel
6677,Ford Endeavour 4x4,Ford,2004,25000,95462,Diesel
6678,Toyota Corolla Altis,Toyota,2018,80000,140328,Petrol
6679,Tata Nexon XZ,Tata,2017,85000,16735,Diesel
6680,Jeep Compass Limited,Jeep,2004,30000,124241,Diesel
6681,Mercedes E-Class E220d,Mercedes,2021,2962000,3867,Diesel
6682,Jaguar XF Portfolio,Jaguar,2018,1238000,133482,Petrol
6683,Renault Duster 110,Renault,2015,43000,126131,Petrol
6684,Renault Lodgy 110PS,Renault,2021,85000,166221,Petrol
6685,Mini Cooper S,Mini,2003,273000,145893,Petrol
6686,Audi Q7,Audi,2005,479000,71899,Diesel
6687,Chevrolet Spark LT,Chevrolet,2015,36000,154780,Petrol
6688,Toyota Innova 2.5,Toyota,2016,126000,43981,Diesel
6689,Jaguar XE Prestige,Jaguar,2012,747000,113297,Petrol
6690,Land Rover Discovery,Land,2017,1191000,144945,Petrol
6691,Datsun redi-GO T,Datsun,2003,25000,22291,Diesel
6692,Honda Civic 1.8,Honda,2002,25000,67031,Diesel
6693,Toyota Innova 2.5,Toyota,2019,135000,52934,Diesel
6694,Skoda Octavia Elegance,Skoda,2012,43000,105663,Petrol
6695,Mini Cooper D,Mini,2004,290000,125836,Petrol
6696,Audi A8,Audi,2015,1841000,6741,Diesel
6697,Mini Cooper D,Mini,2022,2440000,17471,Petrol
6698,Mitsubishi Pajero Sport,Mitsubishi,2015,73000,94402,Diesel
6699,Mitsubishi Lancer 1.8,Mitsubishi,2022,180000,57589,Diesel
6700,Jaguar XE Prestige,Jaguar,2017,1590000,97494,Diesel
6701,Jeep Compass Limited,Jeep,2013,100000,58146,Diesel
6702,Mercedes GLA 200d,Mercedes,2013,843000,147649,Petrol
6703,Chevrolet Spark LT,Chevrolet,2015,63000,19422,Petrol
6704,Mitsubishi Pajero Sport,Mitsubishi,2008,31000,162489,Diesel
6705,Volkswagen Ameo Highline,Volkswagen,2002,29000,47919,Diesel
6706,Mini Cooper S,Mini,2006,585000,31699,Diesel
6707,Chevrolet Beat LT,Chevrolet,2014,62000,28523,Petrol
6708,BMW 3 Series,BMW,2007,405000,154529,Diesel
6709,Jeep Compass Longitude,Jeep,2011,79000,56164,Diesel
6710,BMW X1 sDrive20d,BMW,2019,2456000,2618,Diesel
6711,Mercedes GLA 200d,Mercedes,2018,1919000,54358,Petrol
6712,Volvo XC60 D5,Volvo,2003,461000,43738,Diesel
6713,Toyota Corolla Altis,Toyota,2003,38000,17390,Diesel
6714,Chevrolet Tavera Neo,Chevrolet,2011,26000,136789,Diesel
6715,Mahindra Jeep CL550,Mahindra,2023,144000,174768,Diesel
6716,Chevrolet Tavera Neo,Chevrolet,2003,25000,88543,Diesel
6717,BMW 5 Series,BMW,2005,392000,107060,Petrol
6718,Mahindra TUV300 T8,Mahindra,2014,66000,106497,Diesel
6719,Skoda Octavia Elegance,Skoda,2013,59000,98824,Diesel
6720,Mahindra Bolero SLE,Mahindra,2008,48000,60430,Petrol
6721,Volvo XC60 D5,Volvo,2012,726000,120206,Diesel
6722,Datsun GO T,Datsun,2014,30000,146007,Petrol
6723,BMW 3 Series,BMW,2013,1216000,51049,Petrol
6724,Mini Cooper D,Mini,2021,1440000,154455,Diesel
6725,Hyundai Xcent S,Hyundai,2023,201000,30329,Diesel
6726,Hyundai Creta 1.6,Hyundai,2005,25000,75892,Petrol
6727,Skoda Octavia Elegance,Skoda,2016,81000,68283,Diesel
6728,Datsun GO T,Datsun,2020,83000,63311,Diesel
6729,Toyota Yaris VX,Toyota,2021,173000,54701,Petrol
6730,Skoda Fabia Classic,Skoda,2004,34000,42914,Petrol
6731,Land Rover Discovery,Land,2012,914000,115319,Petrol
6732,Chevrolet Tavera Neo,Chevrolet,2014,33000,146118,Diesel
6733,Datsun GO Plus,Datsun,2008,25000,109963,Diesel
6734,Tata Nexon XZ,Tata,2004,25000,169799,Diesel
6735,Skoda Fabia Classic,Skoda,2009,37000,104678,Diesel
6736,Mercedes GLA 200d,Mercedes,2013,854000,152146,Petrol
6737,Honda Jazz V,Honda,2021,110000,100509,Diesel
6738,BMW 5 Series,BMW,2012,896000,86197,Diesel
6739,Toyota Glanza G,Toyota,2021,150000,72931,Diesel
6740,Jeep Compass Longitude,Jeep,2014,77000,154242,Diesel
6741,Ford Figo,Ford,2023,127000,101983,Diesel
6742,Mercedes GLA 200d,Mercedes,2015,1497000,60903,Petrol
6743,Fiat Punto Active,Fiat,2012,33000,153214,Petrol
6744,Skoda Octavia Elegance,Skoda,2003,25000,73880,Diesel
6745,Audi A4 35,Audi,2016,1520000,36199,Diesel
6746,Honda WR-V i-VTEC,Honda,2019,79000,108094,Petrol
6747,Audi A6 2.0,Audi,2019,1495000,124684,Diesel
6748,Audi Q7,Audi,2007,391000,146599,Petrol
6749,Volvo S60 D4,Volvo,2023,3400000,4976,Diesel
6750,Maruti Suzuki Omni,Maruti,2017,62000,94007,Petrol
6751,Jaguar XE Prestige,Jaguar,2021,2082000,164706,Petrol
6752,Audi Q7,Audi,2017,1501000,79917,Diesel
6753,Mercedes E-Class E220d,Mercedes,2004,335000,136093,Diesel
6754,Audi Q7,Audi,2015,1725000,18450,Diesel
6755,Fiat Linea Active,Fiat,2008,25000,140121,Petrol
6756,Honda Brio S,Honda,2015,101000,34133,Diesel
6757,BMW 5 Series,BMW,2002,280000,160018,Diesel
6758,Volkswagen Jetta Comfortline,Volkswagen,2016,112000,8046,Diesel
6759,Renault Triber RXZ,Renault,2020,75000,170451,Diesel
6760,Mini Cooper D,Mini,2014,1136000,44765,Petrol
6761,Mahindra Scorpio S10,Mahindra,2018,94000,161513,Diesel
6762,Toyota Glanza G,Toyota,2002,38000,6278,Petrol
6763,Datsun redi-GO T,Datsun,2002,25000,75816,Diesel
6764,BMW X1 sDrive20d,BMW,2003,537000,10152,Petrol
6765,Tata Indica V2,Tata,2012,48000,34973,Diesel
6766,Ford EcoSport Ambiente,Ford,2022,108000,119682,Diesel
6767,Honda WR-V i-VTEC,Honda,2015,69000,135699,Diesel
6768,Toyota Fortuner 3.0,Toyota,2016,80000,149684,Petrol
6769,Chevrolet Tavera Neo,Chevrolet,2021,73000,81551,Petrol
6770,Volkswagen Ameo Highline,Volkswagen,2016,65000,103316,Diesel
6771,Land Rover Freelander,Land,2020,2093000,95520,Petrol
6772,Maruti Suzuki Baleno,Maruti,2004,25000,140251,Diesel
6773,Mercedes C-Class C220d,Mercedes,2023,3104000,47442,Diesel
6774,Volkswagen Jetta Comfortline,Volkswagen,2013,57000,94997,Diesel
6775,Jaguar XE Prestige,Jaguar,2009,668000,142088,Diesel
6776,Jaguar XE Prestige,Jaguar,2015,1531000,68338,Diesel
6777,Volvo S60 D4,Volvo,2018,1230000,157809,Petrol
6778,Chevrolet Spark LT,Chevrolet,2012,33000,168035,Diesel
6779,Land Rover Discovery,Land,2006,531000,139809,Diesel
6780,Mercedes GLA 200d,Mercedes,2018,2286000,22292,Petrol
6781,Skoda Octavia Elegance,Skoda,2016,72000,87418,Petrol
6782,Hyundai Venue SX,Hyundai,2023,146000,71720,Petrol
6783,Maruti Suzuki Celerio,Maruti,2019,106000,36421,Diesel
6784,Chevrolet Sail UVA,Chevrolet,2015,40000,92196,Petrol
6785,Maruti Suzuki Eeco,Maruti,2022,86000,169099,CNG
6786,Nissan Terrano XL,Nissan,2016,70000,57384,Diesel
6787,Maruti Suzuki Baleno,Maruti,2005,25000,82831,Diesel
6788,Volvo XC60 D5,Volvo,2010,870000,33579,Petrol
6789,Maruti Suzuki Alto,Maruti,2020,109000,43329,Petrol
6790,Hyundai Venue SX,Hyundai,2019,68000,130257,Petrol
6791,Jaguar XE Prestige,Jaguar,2020,2810000,7170,Petrol
6792,Mini Cooper S,Mini,2007,391000,163351,Petrol
6793,Chevrolet Sail UVA,Chevrolet,2013,41000,90852,Diesel
6794,Skoda Octavia Elegance,Skoda,2017,89000,97477,Diesel
6795,Audi Q7,Audi,2009,714000,60245,Petrol
6796,Tata Indica V2,Tata,2002,25000,151711,Diesel
6797,Jeep Compass Limited,Jeep,2016,96000,143478,Diesel
6798,Jeep Compass Longitude,Jeep,2023,183000,148438,Diesel
6799,Jeep Compass Longitude,Jeep,2021,128000,116937,Petrol
6800,Fiat Linea Active,Fiat,2013,35000,165555,Diesel
6801,Land Rover Freelander,Land,2016,1743000,76733,Diesel
6802,Chevrolet Tavera Neo,Chevrolet,2022,81000,122719,Petrol
6803,Audi A4 35,Audi,2019,1315000,167574,Diesel
6804,Chevrolet Beat LT,Chevrolet,2020,64000,144847,Petrol
6805,Chevrolet Spark LT,Chevrolet,2003,25000,66182,Diesel
6806,Hyundai Venue SX,Hyundai,2011,53000,54667,Petrol
6807,Fiat Linea Active,Fiat,2017,51000,129843,Petrol
6808,Skoda Octavia Elegance,Skoda,2010,50000,70594,Petrol
6809,Ford Endeavour 4x4,Ford,2017,97000,21256,Petrol
6810,Tata Nexon XZ,Tata,2017,83000,47234,Petrol
6811,Mini Cooper D,Mini,2006,364000,113754,Petrol
6812,Datsun redi-GO T,Datsun,2023,80000,110278,Diesel
6813,Mercedes GLA 200d,Mercedes,2020,2118000,57738,Diesel
6814,Nissan Micra XV,Nissan,2002,25000,142629,Petrol
6815,Tata Indica V2,Tata,2022,163000,1454,Petrol
6816,Jeep Compass Longitude,Jeep,2007,61000,23844,Diesel
6817,Hyundai Santro Xing,Hyundai,2017,86000,77486,Petrol
6818,Skoda Fabia Classic,Skoda,2019,77000,174017,Petrol
6819,Tata Nano Lx,Tata,2011,39000,100235,Diesel
6820,Hyundai i10 Sportz,Hyundai,2003,25000,103241,Petrol
6821,Renault Lodgy 110PS,Renault,2016,46000,138607,Petrol
6822,Jaguar XF Portfolio,Jaguar,2017,1348000,162800,Petrol
6823,Audi A4 35,Audi,2013,823000,102521,Diesel
6824,BMW X1 sDrive20d,BMW,2012,729000,141487,Diesel
6825,Mitsubishi Pajero Sport,Mitsubishi,2009,55000,59061,Diesel
6826,Mitsubishi Pajero Sport,Mitsubishi,2017,83000,138840,Diesel
6827,Chevrolet Spark LT,Chevrolet,2008,33000,11367,Petrol
6828,Tata Tiago Revotron,Tata,2008,44000,6602,Diesel
6829,Maruti Suzuki Vitara,Maruti,2003,27000,662,Petrol
6830,Audi Q3 35,Audi,2012,894000,68753,Diesel
6831,Volvo XC60 D5,Volvo,2011,935000,23525,Diesel
6832,Mahindra Scorpio SLE,Mahindra,2017,107000,37079,Petrol
6833,Nissan Terrano XL,Nissan,2007,41000,23622,Diesel
6834,Datsun GO T,Datsun,2023,102000,65163,Petrol
6835,Volkswagen Polo Highline,Volkswagen,2019,98000,135241,Diesel
6836,Toyota Corolla Altis,Toyota,2018,160000,5525,Diesel
6837,Hyundai i10 Sportz,Hyundai,2012,46000,178729,Diesel
6838,Jeep Compass Longitude,Jeep,2023,202000,119080,Diesel
6839,Nissan Micra XV,Nissan,2004,25000,87610,Petrol
6840,Datsun GO Plus,Datsun,2015,35000,137982,Diesel
6841,Skoda Fabia Classic,Skoda,2011,39000,124004,Petrol
6842,Skoda Rapid Elegance,Skoda,2019,83000,149331,Diesel
6843,Toyota Corolla Altis,Toyota,2007,40000,83332,Diesel
6844,Mitsubishi Lancer 1.8,Mitsubishi,2017,103000,58060,Diesel
6845,Datsun GO T,Datsun,2009,31000,42327,Petrol
6846,Maruti Suzuki Swift,Maruti,2010,34000,177401,Petrol
6847,Mini Cooper S,Mini,2023,1564000,115415,Petrol
6848,Ford Endeavour 4x4,Ford,2021,93000,99709,Petrol
6849,Skoda Rapid Elegance,Skoda,2017,120000,39669,Diesel
6850,Land Rover Freelander,Land,2013,1001000,167513,Diesel
6851,Renault Kwid RXT,Renault,2018,77000,76439,Petrol
6852,Jaguar XE Prestige,Jaguar,2015,1484000,48644,Petrol
6853,BMW 5 Series,BMW,2003,266000,173544,Petrol
6854,Fiat Punto Active,Fiat,2013,53000,22080,Petrol
6855,Mitsubishi Pajero Sport,Mitsubishi,2015,90000,65551,Diesel
6856,Jeep Compass Limited,Jeep,2016,86000,161460,Petrol
6857,Land Rover Discovery,Land,2005,442000,111355,Diesel
6858,Fiat Linea Active,Fiat,2011,39000,63385,Petrol
6859,Skoda Fabia Classic,Skoda,2021,95000,167945,Petrol
6860,Skoda Octavia Elegance,Skoda,2017,128000,6438,Petrol
6861,BMW X1 sDrive20d,BMW,2007,444000,146940,Petrol
6862,Jeep Compass Longitude,Jeep,2014,121000,36762,Diesel
6863,Ford Freestyle Titanium,Ford,2007,27000,88604,Petrol
6864,Fiat Linea Active,Fiat,2014,37000,105593,Petrol
6865,Ford Endeavour 4x4,Ford,2016,90000,66241,Diesel
6866,Chevrolet Spark LT,Chevrolet,2006,25000,79621,Diesel
6867,Chevrolet Beat LT,Chevrolet,2015,34000,155477,Petrol
6868,Audi A4 35,Audi,2009,578000,97503,Petrol
6869,Audi Q3 35,Audi,2023,2231000,87269,Petrol
6870,Fiat Linea Active,Fiat,2018,64000,78249,Petrol
6871,Ford Figo,Ford,2016,58000,114318,Petrol
6872,Tata Tiago Revotron,Tata,2021,102000,75112,Petrol
6873,Honda Jazz V,Honda,2013,87000,33339,Diesel
6874,Fiat Punto Active,Fiat,2014,73000,4154,Petrol
6875,Skoda Fabia Classic,Skoda,2017,72000,111227,Diesel
6876,Volkswagen Polo Highline,Volkswagen,2005,25000,169112,Petrol
6877,Jaguar XF Portfolio,Jaguar,2009,620000,149043,Petrol
6878,Jeep Compass Longitude,Jeep,2012,62000,136356,Diesel
6879,Land Rover Freelander,Land,2023,3777000,26065,Petrol
6880,Audi A8,Audi,2005,454000,84429,Diesel
6881,Tata Bolt XT,Tata,2002,25000,154933,Petrol
6882,Fiat Punto Active,Fiat,2007,25000,148519,Petrol
6883,Ford Endeavour 4x4,Ford,2021,107000,102090,Diesel
6884,Honda Brio S,Honda,2020,131000,64352,Diesel
6885,BMW X1 sDrive20d,BMW,2012,820000,145615,Diesel
6886,Toyota Etios VXD,Toyota,2019,110000,100981,Diesel
6887,Ford Freestyle Titanium,Ford,2018,62000,144727,Petrol
6888,Maruti Suzuki Celerio,Maruti,2008,26000,119654,Petrol
6889,Jeep Compass Limited,Jeep,2022,215000,42109,Petrol
6890,Tata Indica V2,Tata,2016,91000,18586,Petrol
6891,BMW X1 sDrive20d,BMW,2007,716000,43695,Petrol
6892,Datsun GO Plus,Datsun,2014,47000,43965,Petrol
6893,Land Rover Freelander,Land,2020,1742000,147243,Petrol
6894,Jaguar XE Prestige,Jaguar,2016,1963000,35251,Petrol
6895,Skoda Fabia Classic,Skoda,2023,122000,146535,Diesel
6896,Renault Triber RXZ,Renault,2020,110000,44007,Diesel
6897,Mini Cooper D,Mini,2022,1593000,171806,Diesel
6898,Mahindra Jeep CL550,Mahindra,2021,158000,37008,Petrol
6899,Nissan Terrano XL,Nissan,2018,82000,91440,Diesel
6900,Jeep Compass Longitude,Jeep,2010,56000,104958,Petrol
6901,Ford Figo Aspire,Ford,2004,25000,173799,Petrol
6902,Fiat Linea Active,Fiat,2013,51000,54614,Petrol
6903,BMW 3 Series,BMW,2010,649000,153503,Petrol
6904,Volvo XC60 D5,Volvo,2004,320000,112453,Diesel
6905,Toyota Yaris VX,Toyota,2003,34000,49147,Diesel
6906,Volvo S60 D4,Volvo,2010,729000,86161,Diesel
6907,Mahindra Scorpio SLE,Mahindra,2017,79000,164289,Diesel
6908,Jeep Compass Limited,Jeep,2019,129000,126884,Diesel
6909,Hyundai Tucson 2WD,Hyundai,2007,26000,110433,Petrol
6910,Datsun redi-GO T,Datsun,2019,100000,5898,Diesel
6911,Hyundai Xcent S,Hyundai,2022,99000,173640,Petrol
6912,Mahindra TUV300 T8,Mahindra,2011,62000,55234,Petrol
6913,Chevrolet Spark LT,Chevrolet,2023,78000,161818,Petrol
6914,Land Rover Discovery,Land,2022,2265000,110637,Petrol
6915,BMW X1 sDrive20d,BMW,2002,477000,476,Petrol
6916,Ford Figo,Ford,2008,28000,99761,Petrol
6917,Volvo XC60 D5,Volvo,2017,902000,177934,Petrol
6918,Nissan Micra XV,Nissan,2020,151000,10529,Diesel
6919,Honda Jazz V,Honda,2010,38000,111503,Petrol
6920,Mercedes GLA 200d,Mercedes,2017,1885000,41868,Diesel
6921,Audi A8,Audi,2009,831000,14350,Petrol
6922,Fiat Punto Active,Fiat,2021,106000,24870,Petrol
6923,BMW 3 Series,BMW,2010,582000,168119,Diesel
6924,Mahindra Jeep CL550,Mahindra,2010,66000,35388,Diesel
6925,Maruti Suzuki Celerio,Maruti,2020,83000,125072,Diesel
6926,BMW X1 sDrive20d,BMW,2022,2685000,49182,Diesel
6927,Nissan Terrano XL,Nissan,2013,43000,91075,Petrol
6928,Chevrolet Tavera Neo,Chevrolet,2019,66000,94495,Petrol
6929,Datsun redi-GO T,Datsun,2018,49000,125130,Petrol
6930,Jeep Compass Limited,Jeep,2005,40000,58863,Petrol
6931,Nissan Sunny XL,Nissan,2014,43000,168153,Diesel
6932,Skoda Rapid Elegance,Skoda,2021,99000,133718,Diesel
6933,Mini Cooper D,Mini,2011,496000,119407,Petrol
6934,Land Rover Discovery,Land,2013,1743000,9334,Diesel
6935,Tata Nexon XZ,Tata,2003,25000,112140,Diesel
6936,Jeep Compass Longitude,Jeep,2020,131000,103358,Petrol
6937,Nissan Terrano XL,Nissan,2021,102000,91393,Diesel
6938,Mitsubishi Pajero Sport,Mitsubishi,2023,219000,50157,Petrol
6939,Skoda Fabia Classic,Skoda,2021,118000,175142,Diesel
6940,Mahindra Scorpio SLE,Mahindra,2018,163000,1622,Diesel
6941,Land Rover Discovery,Land,2011,1025000,50871,Diesel
6942,Volvo S60 D4,Volvo,2020,1461000,136353,Diesel
6943,Volkswagen Vento Highline,Volkswagen,2023,134000,109053,Diesel
6944,Tata Tigor XZ,Tata,2011,33000,125919,Diesel
6945,Mitsubishi Pajero Sport,Mitsubishi,2018,85000,109653,Petrol
6946,Land Rover Discovery,Land,2016,1537000,100527,Diesel
6947,Jaguar XE Prestige,Jaguar,2019,1749000,76885,Petrol
6948,Mini Cooper D,Mini,2007,687000,17753,Diesel
6949,Mini Cooper S,Mini,2012,759000,50881,Petrol
6950,Nissan Sunny XL,Nissan,2017,65000,78531,Petrol
6951,Fiat Linea Active,Fiat,2012,33000,162936,Diesel
6952,Audi A8,Audi,2020,1833000,84247,Diesel
6953,Mini Cooper S,Mini,2015,713000,135327,Petrol
6954,Renault Lodgy 110PS,Renault,2008,38000,28724,Petrol
6955,Ford Figo,Ford,2009,42000,68692,Diesel
6956,Toyota Corolla Altis,Toyota,2018,146000,14726,Petrol
6957,Mercedes C-Class C220d,Mercedes,2005,443000,100556,Petrol
6958,Tata Tiago Revotron,Tata,2005,25000,74285,Petrol
6959,Honda WR-V i-VTEC,Honda,2003,26000,40433,Petrol
6960,Mini Cooper D,Mini,2014,947000,61026,Diesel
6961,Jaguar XF Portfolio,Jaguar,2002,534000,47668,Diesel
6962,Nissan Sunny XL,Nissan,2010,53000,19455,Diesel
6963,Fiat Linea Active,Fiat,2003,25000,44941,Diesel
6964,Mahindra Bolero SLE,Mahindra,2023,123000,167827,Petrol
6965,Ford Figo Aspire,Ford,2006,25000,170394,Petrol
6966,Nissan Micra XV,Nissan,2010,31000,172881,Diesel
6967,Hyundai Elite i20,Hyundai,2009,39000,87604,Diesel
6968,Toyota Corolla Altis,Toyota,2003,30000,83869,Diesel
6969,Nissan Terrano XL,Nissan,2018,62000,158517,Petrol
6970,Toyota Etios VXD,Toyota,2010,68000,13601,Diesel
6971,Fiat Punto Active,Fiat,2009,32000,87778,Diesel
6972,Jeep Compass Limited,Jeep,2020,133000,145541,Petrol
6973,Volkswagen Vento Highline,Volkswagen,2021,103000,147904,Diesel
6974,Mitsubishi Pajero Sport,Mitsubishi,2003,25000,90601,Diesel
6975,Tata Bolt XT,Tata,2002,25000,120908,Petrol
6976,Mitsubishi Lancer 1.8,Mitsubishi,2002,25000,79787,Diesel
6977,Maruti Suzuki Swift,Maruti,2016,64000,82579,Petrol
6978,Datsun redi-GO T,Datsun,2012,28000,135320,Petrol
6979,Datsun GO Plus,Datsun,2017,62000,34983,Petrol
6980,Hyundai Creta 1.6,Hyundai,2009,52000,4856,Petrol
6981,Mitsubishi Pajero Sport,Mitsubishi,2003,25000,112713,Diesel
6982,Renault Lodgy 110PS,Renault,2009,33000,89197,Petrol
6983,Mahindra Bolero SLE,Mahindra,2006,48000,13053,Diesel
6984,Honda Amaze S,Honda,2007,30000,145268,Diesel
6985,Ford EcoSport Ambiente,Ford,2002,28000,34598,Diesel
6986,Renault Kwid RXT,Renault,2003,25000,4052,Petrol
6987,Jeep Compass Longitude,Jeep,2019,113000,172929,Petrol
6988,Hyundai Tucson 2WD,Hyundai,2017,67000,148781,Petrol
6989,Renault Kwid RXT,Renault,2021,95000,84697,Diesel
6990,BMW 3 Series,BMW,2020,1967000,73677,Diesel
6991,Datsun redi-GO T,Datsun,2003,25000,140964,Diesel
6992,Audi A4 35,Audi,2021,2649000,14191,Diesel
6993,Datsun GO T,Datsun,2006,25000,127280,Petrol
6994,Chevrolet Tavera Neo,Chevrolet,2017,65000,43056,Diesel
6995,Tata Nexon XZ,Tata,2007,25000,154162,Petrol
6996,Jaguar XF Portfolio,Jaguar,2016,1176000,119344,Petrol
6997,Land Rover Discovery,Land,2008,510000,131814,Petrol
6998,Volvo S60 D4,Volvo,2007,645000,48877,Petrol
6999,Tata Bolt XT,Tata,2004,25000,51702,Diesel
7000,Chevrolet Beat LT,Chevrolet,2014,59000,37992,Diesel
7001,Land Rover Discovery,Land,2003,580000,25238,Diesel
7002,Chevrolet Spark LT,Chevrolet,2007,25000,154833,Petrol
7003,Audi A4 35,Audi,2018,1202000,174515,Petrol
7004,Land Rover Discovery,Land,2003,526000,73380,Diesel
7005,Volvo S60 D4,Volvo,2008,435000,168585,Diesel
7006,Tata Tiago Revotron,Tata,2019,93000,61517,Petrol
7007,Mini Cooper D,Mini,2021,2151000,20989,Petrol
7008,Mitsubishi Lancer 1.8,Mitsubishi,2012,50000,147265,Diesel
7009,Jeep Compass Longitude,Jeep,2013,64000,125142,Petrol
7010,Jaguar XE Prestige,Jaguar,2002,519000,1588,Diesel
7011,Mahindra KUV100 K8,Mahindra,2021,145000,79660,Petrol
7012,Audi Q3 35,Audi,2016,945000,165278,Diesel
7013,Volkswagen Vento Highline,Volkswagen,2013,56000,169529,Diesel
7014,Mini Cooper D,Mini,2020,1884000,35850,Petrol
7015,Jaguar XE Prestige,Jaguar,2007,614000,87378,Petrol
7016,Mini Cooper D,Mini,2022,2533000,27180,Petrol
7017,Nissan Sunny XL,Nissan,2015,81000,46745,Diesel
7018,Jaguar XF Portfolio,Jaguar,2016,1262000,110431,Petrol
7019,Volkswagen Polo Highline,Volkswagen,2012,44000,149108,Diesel
7020,Tata Nexon XZ,Tata,2010,47000,44802,Diesel
7021,Tata Tigor XZ,Tata,2006,34000,6250,Diesel
7022,Renault Kwid RXT,Renault,2015,45000,166278,Petrol
7023,Hyundai Eon Era,Hyundai,2017,103000,18763,Diesel
7024,Volkswagen Vento Highline,Volkswagen,2005,38000,11374,Petrol
7025,BMW X1 sDrive20d,BMW,2009,544000,170636,Petrol
7026,Nissan Micra XV,Nissan,2004,27000,48946,Petrol
7027,Datsun redi-GO T,Datsun,2020,59000,116548,Diesel
7028,BMW 5 Series,BMW,2022,1799000,164220,Diesel
7029,BMW X1 sDrive20d,BMW,2009,1083000,9802,Diesel
7030,Audi Q7,Audi,2004,580000,10531,Petrol
7031,Skoda Rapid Elegance,Skoda,2018,144000,2529,Diesel
7032,Honda City 1.5,Honda,2005,25000,133601,Diesel
7033,Maruti Suzuki Alto,Maruti,2010,45000,67255,Petrol
7034,Hyundai Venue SX,Hyundai,2007,38000,50521,Petrol
7035,Mitsubishi Pajero Sport,Mitsubishi,2002,25000,74346,Petrol
7036,Skoda Fabia Classic,Skoda,2010,55000,22539,Petrol
7037,Jaguar XF Portfolio,Jaguar,2023,2843000,54349,Petrol
7038,Maruti Suzuki Baleno,Maruti,2004,25000,95633,CNG
7039,BMW 3 Series,BMW,2015,1013000,116720,Diesel
7040,Volkswagen Vento Highline,Volkswagen,2013,84000,18967,Diesel
7041,Ford EcoSport Ambiente,Ford,2006,25000,120116,Diesel
7042,Chevrolet Spark LT,Chevrolet,2019,54000,101885,Petrol
7043,Ford EcoSport Titanium,Ford,2015,89000,45756,Diesel
7044,Nissan Terrano XL,Nissan,2008,28000,69108,Petrol
7045,BMW 5 Series,BMW,2002,318000,165723,Diesel
7046,Toyota Corolla Altis,Toyota,2013,85000,56579,Petrol
7047,Tata Nexon XZ,Tata,2004,25000,49092,Petrol
7048,Hyundai Xcent S,Hyundai,2022,143000,80363,Diesel
7049,Skoda Fabia Classic,Skoda,2019,95000,135775,Diesel
7050,Volvo XC60 D5,Volvo,2023,1723000,155546,Petrol
7051,Renault Lodgy 110PS,Renault,2003,27000,26087,Petrol
7052,Mini Cooper S,Mini,2004,299000,154969,Petrol
7053,Volkswagen Polo Highline,Volkswagen,2002,25000,156097,Petrol
7054,Volvo XC60 D5,Volvo,2005,343000,154039,Petrol
7055,Mini Cooper S,Mini,2018,1154000,136621,Diesel
7056,Mahindra Thar CRDe,Mahindra,2020,120000,67443,Petrol
7057,Mini Cooper S,Mini,2011,568000,86811,Petrol
7058,Mini Cooper S,Mini,2017,1349000,63761,Diesel
7059,BMW 5 Series,BMW,2019,2052000,16497,Petrol
7060,Toyota Glanza G,Toyota,2022,196000,35665,Diesel
7061,Maruti Suzuki Omni,Maruti,2015,49000,129260,CNG
7062,Land Rover Freelander,Land,2010,1216000,14205,Petrol
7063,Land Rover Freelander,Land,2008,965000,25550,Diesel
7064,Fiat Punto Active,Fiat,2023,120000,65360,Diesel
7065,Datsun GO Plus,Datsun,2007,29000,4334,Petrol
7066,Honda Civic 1.8,Honda,2012,69000,30806,Petrol
7067,Datsun GO T,Datsun,2023,87000,147491,Diesel
7068,Ford EcoSport Titanium,Ford,2002,25000,145505,Diesel
7069,Maruti Suzuki Omni,Maruti,2020,113000,47424,CNG
7070,BMW 3 Series,BMW,2018,1381000,109524,Petrol
7071,Mitsubishi Lancer 1.8,Mitsubishi,2003,25000,102631,Diesel
7072,Mercedes E-Class E220d,Mercedes,2002,310000,89325,Diesel
7073,Mini Cooper S,Mini,2012,1003000,12857,Petrol
7074,Mini Cooper S,Mini,2013,1051000,12671,Petrol
7075,Nissan Sunny XL,Nissan,2011,40000,81791,Petrol
7076,Mahindra Scorpio S10,Mahindra,2010,51000,55460,Diesel
7077,Maruti Suzuki Omni,Maruti,2007,25000,156397,Petrol
7078,Ford Freestyle Titanium,Ford,2022,108000,132418,Petrol
7079,Volvo S60 D4,Volvo,2015,913000,129419,Diesel
7080,Mahindra TUV300 T8,Mahindra,2016,94000,73259,Petrol
7081,Land Rover Freelander,Land,2010,1012000,49455,Diesel
7082,Ford EcoSport Ambiente,Ford,2016,73000,93007,Petrol
7083,Hyundai Xcent S,Hyundai,2009,28000,146624,Diesel
7084,Mitsubishi Pajero Sport,Mitsubishi,2008,34000,111380,Diesel
7085,Nissan Sunny XL,Nissan,2017,68000,96365,Petrol
7086,Mahindra Thar CRDe,Mahindra,2009,49000,67919,Petrol
7087,Skoda Fabia Classic,Skoda,2021,149000,35916,Diesel
7088,Hyundai Venue SX,Hyundai,2019,124000,11834,Petrol
7089,Honda Amaze S,Honda,2010,56000,25485,Diesel
7090,Maruti Suzuki Ciaz,Maruti,2016,65000,91194,CNG
7091,Nissan Micra XV,Nissan,2014,46000,104586,Petrol
7092,Datsun redi-GO T,Datsun,2011,30000,69793,Petrol
7093,Skoda Octavia Elegance,Skoda,2023,130000,104611,Petrol
7094,Honda Brio S,Honda,2007,26000,122321,Diesel
7095,Toyota Glanza G,Toyota,2022,165000,79339,Diesel
7096,Honda City 1.5,Honda,2018,80000,154175,Diesel
7097,Datsun redi-GO T,Datsun,2021,67000,151129,Petrol
7098,Audi Q3 35,Audi,2013,1080000,49957,Petrol
7099,Fiat Linea Active,Fiat,2019,57000,115677,Diesel
7100,Skoda Rapid Elegance,Skoda,2009,53000,58975,Diesel
7101,Mini Cooper S,Mini,2021,2361000,16336,Diesel
7102,Audi Q7,Audi,2011,680000,116174,Diesel
7103,Toyota Corolla Altis,Toyota,2020,172000,43600,Diesel
7104,Toyota Etios VXD,Toyota,2011,47000,104825,Petrol
7105,Toyota Innova 2.5,Toyota,2015,75000,129058,Diesel
7106,Volvo XC60 D5,Volvo,2003,437000,23332,Petrol
7107,Chevrolet Tavera Neo,Chevrolet,2018,53000,177748,Petrol
7108,Nissan Sunny XL,Nissan,2013,41000,144899,Petrol
7109,Chevrolet Sail UVA,Chevrolet,2022,142000,10980,Diesel
7110,Maruti Suzuki Omni,Maruti,2009,26000,150639,CNG
7111,Ford EcoSport Ambiente,Ford,2011,43000,159263,Diesel
7112,Land Rover Discovery,Land,2012,1204000,59116,Petrol
7113,Volvo S60 D4,Volvo,2021,2855000,11227,Diesel
7114,Jeep Compass Limited,Jeep,2002,38000,19945,Diesel
7115,Mini Cooper S,Mini,2009,526000,72753,Diesel
7116,Honda Civic 1.8,Honda,2022,151000,66021,Diesel
7117,Tata Nano Lx,Tata,2017,51000,146918,Petrol
7118,Land Rover Discovery,Land,2006,537000,91865,Petrol
7119,Renault Kwid RXT,Renault,2003,25000,52528,Diesel
7120,Land Rover Freelander,Land,2016,1255000,133364,Diesel
7121,Chevrolet Beat LT,Chevrolet,2003,25000,84208,Petrol
7122,Mini Cooper D,Mini,2003,240000,171099,Petrol
7123,Tata Nexon XZ,Tata,2004,25000,70649,Petrol
7124,Mahindra Thar CRDe,Mahindra,2004,25000,114014,Petrol
7125,BMW 5 Series,BMW,2004,347000,168203,Diesel
7126,Land Rover Freelander,Land,2010,674000,171170,Petrol
7127,Mahindra TUV300 T8,Mahindra,2018,122000,42557,Petrol
7128,Mercedes E-Class E220d,Mercedes,2008,807000,15874,Diesel
7129,Datsun GO T,Datsun,2004,25000,129232,Diesel
7130,Skoda Fabia Classic,Skoda,2003,31000,16196,Petrol
7131,Tata Tigor XZ,Tata,2012,38000,157520,Diesel
7132,Renault Triber RXZ,Renault,2017,91000,31926,Diesel
7133,Audi Q3 35,Audi,2023,3441000,1806,Petrol
7134,BMW 5 Series,BMW,2022,1749000,113225,Diesel
7135,Jaguar XF Portfolio,Jaguar,2017,1397000,94981,Diesel
7136,Volkswagen Ameo Highline,Volkswagen,2023,155000,67853,Petrol
7137,Mini Cooper S,Mini,2021,1451000,117787,Diesel
7138,Datsun GO Plus,Datsun,2011,25000,164826,Petrol
7139,Mitsubishi Lancer 1.8,Mitsubishi,2016,123000,8914,Diesel
7140,Datsun redi-GO T,Datsun,2018,60000,52761,Petrol
7141,Mini Cooper D,Mini,2014,750000,159137,Petrol
7142,Renault Triber RXZ,Renault,2006,25000,136275,Diesel
7143,Land Rover Freelander,Land,2010,674000,170870,Diesel
7144,Mitsubishi Lancer 1.8,Mitsubishi,2009,37000,144047,Diesel
7145,Toyota Corolla Altis,Toyota,2003,38000,40951,Diesel
7146,Maruti Suzuki Wagon,Maruti,2015,51000,135251,CNG
7147,Volvo S60 D4,Volvo,2019,1204000,118426,Diesel
7148,Volkswagen Vento Highline,Volkswagen,2017,110000,43499,Diesel
7149,Ford EcoSport Ambiente,Ford,2016,57000,144245,Diesel
7150,Fiat Punto Active,Fiat,2012,35000,106697,Petrol
7151,Mahindra TUV300 T8,Mahindra,2008,40000,99212,Diesel
7152,Jeep Compass Limited,Jeep,2008,67000,16629,Diesel
7153,Tata Indica V2,Tata,2020,116000,30867,Diesel
7154,Land Rover Freelander,Land,2015,1830000,44563,Diesel
7155,Volvo XC60 D5,Volvo,2017,1207000,103197,Petrol
7156,Honda Amaze S,Honda,2011,37000,121850,Petrol
7157,Mini Cooper D,Mini,2016,1382000,11218,Diesel
7158,Mahindra Bolero SLE,Mahindra,2018,79000,174580,Petrol
7159,Chevrolet Tavera Neo,Chevrolet,2019,57000,97251,Petrol
7160,Honda Civic 1.8,Honda,2018,143000,14560,Petrol
7161,Mahindra XUV500 W8,Mahindra,2016,93000,62798,Diesel
7162,Skoda Rapid Elegance,Skoda,2005,44000,17266,Diesel
7163,Toyota Etios VXD,Toyota,2004,26000,146211,Petrol
7164,Audi A4 35,Audi,2021,3215000,604,Diesel
7165,Mercedes GLA 200d,Mercedes,2015,1051000,175072,Petrol
7166,Ford Freestyle Titanium,Ford,2014,59000,78149,Diesel
7167,Datsun redi-GO T,Datsun,2007,25000,91530,Diesel
7168,Nissan Micra XV,Nissan,2009,35000,45931,Petrol
7169,Skoda Octavia Elegance,Skoda,2014,60000,118367,Diesel
7170,Skoda Octavia Elegance,Skoda,2020,107000,175349,Diesel
7171,Audi A8,Audi,2003,413000,61041,Petrol
7172,Nissan Sunny XL,Nissan,2019,66000,172576,Petrol
7173,Hyundai Grand i10,Hyundai,2010,46000,56828,Diesel
7174,Tata Nexon XZ,Tata,2017,52000,161601,Petrol
7175,BMW X1 sDrive20d,BMW,2011,706000,175489,Diesel
7176,Jeep Compass Longitude,Jeep,2002,28000,173559,Diesel
7177,Honda WR-V i-VTEC,Honda,2016,97000,50663,Petrol
7178,Land Rover Freelander,Land,2010,1023000,36958,Diesel
7179,Honda City 1.5,Honda,2004,25000,161110,Petrol
7180,Tata Tigor XZ,Tata,2022,98000,89543,Petrol
7181,Fiat Punto Active,Fiat,2003,25000,151055,Petrol
7182,Ford EcoSport Titanium,Ford,2006,40000,4955,Petrol
7183,Volvo S60 D4,Volvo,2020,1229000,156288,Petrol
7184,Jaguar XF Portfolio,Jaguar,2021,2249000,91686,Diesel
7185,BMW X1 sDrive20d,BMW,2003,317000,164744,Diesel
7186,Hyundai Creta 1.6,Hyundai,2002,31000,1707,Diesel
7187,BMW X1 sDrive20d,BMW,2002,414000,20873,Petrol
7188,Volkswagen Vento Highline,Volkswagen,2009,38000,109227,Petrol
7189,Tata Nano Lx,Tata,2005,30000,28338,Petrol
7190,Mitsubishi Lancer 1.8,Mitsubishi,2021,116000,165606,Petrol
7191,Mercedes GLA 200d,Mercedes,2005,431000,156420,Diesel
7192,Volvo S60 D4,Volvo,2021,2450000,17522,Petrol
7193,Mini Cooper D,Mini,2012,508000,149255,Petrol
7194,Mitsubishi Pajero Sport,Mitsubishi,2004,25000,110343,Petrol
7195,Jaguar XE Prestige,Jaguar,2015,1884000,4830,Diesel
7196,Nissan Terrano XL,Nissan,2008,28000,171862,Diesel
7197,Honda City 1.5,Honda,2002,25000,153032,Diesel
7198,Tata Tiago Revotron,Tata,2008,25000,165436,Petrol
7199,Nissan Sunny XL,Nissan,2007,30000,80909,Petrol
7200,Volvo XC60 D5,Volvo,2003,356000,69497,Diesel
7201,Chevrolet Sail UVA,Chevrolet,2013,55000,25598,Diesel
7202,Land Rover Discovery,Land,2003,468000,87395,Diesel
7203,Skoda Fabia Classic,Skoda,2004,25000,167923,Petrol
7204,Mini Cooper S,Mini,2009,453000,134604,Petrol
7205,Datsun redi-GO T,Datsun,2016,66000,7061,Diesel
7206,Chevrolet Tavera Neo,Chevrolet,2018,97000,11330,Diesel
7207,Volkswagen Vento Highline,Volkswagen,2020,189000,3772,Petrol
7208,Jaguar XE Prestige,Jaguar,2012,835000,141613,Diesel
7209,Volvo S60 D4,Volvo,2008,408000,125472,Petrol
7210,Mahindra Scorpio S10,Mahindra,2003,25000,96627,Petrol
7211,Mini Cooper D,Mini,2018,1208000,93102,Petrol
7212,Mitsubishi Lancer 1.8,Mitsubishi,2022,185000,30926,Diesel
7213,Mahindra Scorpio SLE,Mahindra,2009,40000,101363,Diesel
7214,Hyundai Creta 1.6,Hyundai,2018,88000,93898,Diesel
7215,Honda Brio S,Honda,2008,32000,174541,Diesel
7216,Mitsubishi Lancer 1.8,Mitsubishi,2023,158000,85390,Petrol
7217,Land Rover Discovery,Land,2006,585000,84822,Diesel
7218,Ford Figo,Ford,2023,106000,147944,Diesel
7219,Hyundai Tucson 2WD,Hyundai,2008,25000,173466,Petrol
7220,Volkswagen Polo Highline,Volkswagen,2017,64000,113167,Petrol
7221,Skoda Octavia Elegance,Skoda,2009,56000,41400,Diesel
7222,Datsun GO Plus,Datsun,2012,47000,35626,Diesel
7223,Datsun redi-GO T,Datsun,2020,78000,78368,Petrol
7224,Hyundai Santro Xing,Hyundai,2004,33000,16950,Petrol
7225,Land Rover Freelander,Land,2005,467000,110139,Diesel
7226,Nissan Terrano XL,Nissan,2014,49000,170634,Diesel
7227,Fiat Punto Active,Fiat,2014,36000,132467,Diesel
7228,Skoda Rapid Elegance,Skoda,2007,44000,46031,Petrol
7229,Volvo S60 D4,Volvo,2012,883000,52453,Petrol
7230,Maruti Suzuki Ciaz,Maruti,2010,46000,42517,Petrol
7231,Honda Jazz V,Honda,2016,58000,129031,Petrol
7232,Mercedes C-Class C220d,Mercedes,2016,1509000,75253,Petrol
7233,Nissan Terrano XL,Nissan,2004,25000,91804,Diesel
7234,Mahindra Thar CRDe,Mahindra,2012,58000,88220,Diesel
7235,Land Rover Discovery,Land,2007,512000,163338,Diesel
7236,Honda Amaze S,Honda,2005,25000,126955,Petrol
7237,Volkswagen Jetta Comfortline,Volkswagen,2022,116000,175735,Petrol
7238,Toyota Innova 2.5,Toyota,2006,30000,161900,Petrol
7239,Toyota Fortuner 3.0,Toyota,2012,87000,27983,Petrol
7240,Skoda Octavia Elegance,Skoda,2012,50000,128718,Petrol
7241,Skoda Rapid Elegance,Skoda,2014,82000,36062,Diesel
7242,Honda Jazz V,Honda,2004,26000,57668,Petrol
7243,Mahindra Bolero SLE,Mahindra,2015,74000,79363,Diesel
7244,Audi A8,Audi,2018,1312000,177804,Petrol
7245,Jaguar XE Prestige,Jaguar,2006,421000,125515,Diesel
7246,BMW 3 Series,BMW,2011,655000,147782,Diesel
7247,Mercedes GLA 200d,Mercedes,2020,1717000,135928,Diesel
7248,Jaguar XF Portfolio,Jaguar,2022,2265000,80242,Petrol
7249,Audi A8,Audi,2011,633000,162138,Diesel
7250,Land Rover Discovery,Land,2008,839000,57186,Diesel
7251,Audi A4 35,Audi,2005,364000,161569,Diesel
7252,Nissan Terrano XL,Nissan,2007,31000,33690,Petrol
7253,Mercedes C-Class C220d,Mercedes,2011,1146000,37426,Petrol
7254,Mitsubishi Pajero Sport,Mitsubishi,2009,34000,170217,Petrol
7255,Skoda Fabia Classic,Skoda,2008,56000,29383,Diesel
7256,BMW 5 Series,BMW,2021,1644000,174287,Diesel
7257,BMW X1 sDrive20d,BMW,2017,1868000,10498,Diesel
7258,Jeep Compass Limited,Jeep,2004,45000,28920,Petrol
7259,Audi A6 2.0,Audi,2009,555000,152903,Petrol
7260,Chevrolet Sail UVA,Chevrolet,2018,49000,105128,Petrol
7261,Tata Nexon XZ,Tata,2007,29000,79355,Diesel
7262,Skoda Octavia Elegance,Skoda,2014,53000,152342,Petrol
7263,Mini Cooper D,Mini,2022,2731000,17264,Petrol
7264,Mercedes GLA 200d,Mercedes,2010,605000,165809,Diesel
7265,Mercedes E-Class E220d,Mercedes,2018,1250000,158010,Diesel
7266,Renault Lodgy 110PS,Renault,2021,121000,53810,Diesel
7267,Skoda Rapid Elegance,Skoda,2019,87000,104234,Diesel
7268,Mahindra KUV100 K8,Mahindra,2004,25000,138009,Diesel
7269,Mini Cooper S,Mini,2011,521000,116859,Diesel
7270,Jeep Compass Limited,Jeep,2013,124000,32979,Diesel
7271,Renault Duster 110,Renault,2022,87000,135493,Petrol
7272,Skoda Fabia Classic,Skoda,2008,39000,87950,Diesel
7273,Audi Q7,Audi,2003,312000,124929,Diesel
7274,Mini Cooper D,Mini,2012,910000,55274,Petrol
7275,Tata Indica V2,Tata,2010,44000,27449,Petrol
7276,Mitsubishi Pajero Sport,Mitsubishi,2005,26000,167430,Petrol
7277,Datsun redi-GO T,Datsun,2006,25000,67820,Petrol
7278,Mini Cooper S,Mini,2012,969000,27521,Diesel
7279,Nissan Sunny XL,Nissan,2012,54000,40997,Diesel
7280,Volkswagen Vento Highline,Volkswagen,2016,80000,80789,Petrol
7281,Skoda Octavia Elegance,Skoda,2014,90000,11100,Diesel
7282,Land Rover Freelander,Land,2023,3982000,28111,Diesel
7283,Volvo XC60 D5,Volvo,2016,1238000,60884,Diesel
7284,Mitsubishi Pajero Sport,Mitsubishi,2007,50000,30827,Diesel
7285,Volvo S60 D4,Volvo,2007,753000,15621,Diesel
7286,Nissan Micra XV,Nissan,2014,49000,149083,Diesel
7287,Chevrolet Sail UVA,Chevrolet,2010,25000,175590,Diesel
7288,Mitsubishi Lancer 1.8,Mitsubishi,2004,40000,27227,Petrol
7289,Jaguar XE Prestige,Jaguar,2003,358000,141072,Diesel
7290,Skoda Fabia Classic,Skoda,2015,101000,37791,Petrol
7291,Nissan Micra XV,Nissan,2016,64000,82687,Petrol
7292,Toyota Glanza G,Toyota,2015,126000,7299,Diesel
7293,Mahindra Bolero SLE,Mahindra,2023,214000,55621,Diesel
7294,Mercedes C-Class C220d,Mercedes,2011,1003000,56982,Petrol
7295,Audi A8,Audi,2007,637000,43607,Petrol
7296,Volvo XC60 D5,Volvo,2018,1187000,148581,Petrol
7297,Skoda Fabia Classic,Skoda,2019,82000,104303,Petrol
7298,Land Rover Discovery,Land,2023,2728000,138981,Diesel
7299,Jeep Compass Longitude,Jeep,2005,56000,27318,Petrol
7300,Nissan Micra XV,Nissan,2023,111000,152283,Petrol
7301,Nissan Micra XV,Nissan,2006,30000,55248,Diesel
7302,Skoda Octavia Elegance,Skoda,2002,25000,104310,Petrol
7303,Fiat Linea Active,Fiat,2019,75000,65726,Diesel
7304,Land Rover Freelander,Land,2015,1971000,27580,Diesel
7305,Mini Cooper D,Mini,2006,303000,122543,Petrol
7306,Mercedes C-Class C220d,Mercedes,2006,723000,31758,Diesel
7307,Datsun GO Plus,Datsun,2003,25000,81854,Diesel
7308,Honda Civic 1.8,Honda,2015,58000,173638,Diesel
7309,Hyundai Creta 1.6,Hyundai,2008,31000,128362,Diesel
7310,Jaguar XF Portfolio,Jaguar,2016,1893000,8719,Diesel
7311,Toyota Etios VXD,Toyota,2016,111000,49080,Diesel
7312,Chevrolet Tavera Neo,Chevrolet,2002,25000,77198,Diesel
7313,Mitsubishi Pajero Sport,Mitsubishi,2014,79000,84045,Diesel
7314,Toyota Yaris VX,Toyota,2014,65000,127297,Petrol
7315,Mercedes GLA 200d,Mercedes,2012,1132000,29998,Petrol
7316,Jaguar XF Portfolio,Jaguar,2007,487000,152594,Petrol
7317,Honda Amaze S,Honda,2006,28000,159202,Petrol
7318,Volkswagen Polo Highline,Volkswagen,2019,96000,116250,Diesel
7319,Datsun GO T,Datsun,2017,49000,106324,Diesel
7320,Mitsubishi Pajero Sport,Mitsubishi,2009,34000,173873,Diesel
7321,Tata Nexon XZ,Tata,2018,93000,57284,Diesel
7322,Mini Cooper S,Mini,2014,727000,108797,Diesel
7323,Fiat Punto Active,Fiat,2017,51000,154461,Diesel
7324,Tata Tigor XZ,Tata,2015,42000,172856,Petrol
7325,Volvo S60 D4,Volvo,2019,2366000,9446,Petrol
7326,Mahindra Bolero SLE,Mahindra,2006,26000,178938,Diesel
7327,Audi A6 2.0,Audi,2017,1095000,149191,Petrol
7328,Jaguar XF Portfolio,Jaguar,2018,1608000,163180,Diesel
7329,Toyota Fortuner 3.0,Toyota,2015,113000,33120,Petrol
7330,Datsun GO Plus,Datsun,2020,52000,133992,Petrol
7331,Jaguar XF Portfolio,Jaguar,2007,532000,135120,Petrol
7332,Nissan Terrano XL,Nissan,2018,117000,27577,Diesel
7333,Maruti Suzuki Ciaz,Maruti,2018,110000,8177,Petrol
7334,Renault Lodgy 110PS,Renault,2007,25000,114811,Petrol
7335,Chevrolet Spark LT,Chevrolet,2007,25000,126952,Diesel
7336,Mercedes C-Class C220d,Mercedes,2006,385000,127075,Petrol
7337,Chevrolet Sail UVA,Chevrolet,2009,31000,38374,Diesel
7338,Volvo S60 D4,Volvo,2007,394000,148656,Diesel
7339,Land Rover Discovery,Land,2012,1295000,18055,Diesel
7340,Skoda Octavia Elegance,Skoda,2012,66000,27950,Petrol
7341,Maruti Suzuki Omni,Maruti,2012,43000,121810,Diesel
7342,Datsun redi-GO T,Datsun,2011,27000,125641,Petrol
7343,Mahindra XUV500 W8,Mahindra,2006,27000,172683,Diesel
7344,Mitsubishi Pajero Sport,Mitsubishi,2020,200000,22976,Diesel
7345,Nissan Micra XV,Nissan,2015,71000,57067,Diesel
7346,Jeep Compass Limited,Jeep,2004,37000,99247,Diesel
7347,Mini Cooper D,Mini,2013,698000,162642,Petrol
7348,BMW X1 sDrive20d,BMW,2016,1130000,106523,Petrol
7349,Datsun redi-GO T,Datsun,2011,27000,150072,Diesel
7350,Renault Lodgy 110PS,Renault,2023,176000,1287,Diesel
7351,Honda Jazz V,Honda,2021,162000,27254,Diesel
7352,Mercedes E-Class E220d,Mercedes,2017,1470000,71292,Diesel
7353,Toyota Yaris VX,Toyota,2011,78000,34490,Petrol
7354,Mercedes C-Class C220d,Mercedes,2018,2334000,24386,Petrol
7355,Tata Indica V2,Tata,2016,51000,85732,Petrol
7356,Nissan Terrano XL,Nissan,2009,25000,146774,Diesel
7357,Renault Kwid RXT,Renault,2017,88000,26608,Petrol
7358,Chevrolet Beat LT,Chevrolet,2008,27000,83416,Diesel
7359,Land Rover Discovery,Land,2009,1235000,17254,Diesel
7360,Mini Cooper S,Mini,2014,1016000,60454,Petrol
7361,Mini Cooper S,Mini,2013,783000,68380,Petrol
7362,Jeep Compass Longitude,Jeep,2012,77000,79449,Petrol
7363,Mitsubishi Pajero Sport,Mitsubishi,2023,206000,38665,Petrol
7364,Mitsubishi Lancer 1.8,Mitsubishi,2012,45000,144556,Petrol
7365,Skoda Rapid Elegance,Skoda,2016,110000,31163,Diesel
7366,Ford Freestyle Titanium,Ford,2020,83000,174113,Petrol
7367,Skoda Octavia Elegance,Skoda,2021,165000,51342,Petrol
7368,BMW 5 Series,BMW,2005,574000,52609,Petrol
7369,Ford Freestyle Titanium,Ford,2009,34000,108699,Diesel
7370,Mahindra KUV100 K8,Mahindra,2005,25000,112650,Diesel
7371,Audi A4 35,Audi,2017,1044000,175262,Petrol
7372,Mercedes GLA 200d,Mercedes,2010,596000,126946,Petrol
7373,Nissan Micra XV,Nissan,2004,25000,45733,Petrol
7374,Volvo XC60 D5,Volvo,2002,269000,173913,Diesel
7375,Volvo XC60 D5,Volvo,2016,1364000,37012,Petrol
7376,Toyota Glanza G,Toyota,2008,61000,17187,Petrol
7377,Fiat Linea Active,Fiat,2012,34000,146428,Diesel
7378,Volkswagen Polo Highline,Volkswagen,2005,25000,159361,Petrol
7379,Ford Figo Aspire,Ford,2012,45000,85612,Petrol
7380,BMW 3 Series,BMW,2011,821000,61434,Diesel
7381,Audi A6 2.0,Audi,2014,805000,125081,Diesel
7382,Mitsubishi Pajero Sport,Mitsubishi,2020,123000,77241,Petrol
7383,Jaguar XE Prestige,Jaguar,2021,2079000,92540,Diesel
7384,Hyundai Eon Era,Hyundai,2018,81000,86630,Diesel
7385,Toyota Etios VXD,Toyota,2005,38000,55182,Petrol
7386,Mercedes GLA 200d,Mercedes,2008,683000,81018,Petrol
7387,Jaguar XF Portfolio,Jaguar,2021,2031000,151868,Petrol
7388,Audi A8,Audi,2009,532000,134382,Diesel
7389,Jaguar XE Prestige,Jaguar,2006,525000,87683,Diesel
7390,Tata Nexon XZ,Tata,2014,56000,46403,Diesel
7391,Ford Freestyle Titanium,Ford,2015,65000,97332,Petrol
7392,Chevrolet Sail UVA,Chevrolet,2008,25000,158826,Diesel
7393,BMW X1 sDrive20d,BMW,2020,1569000,136774,Diesel
7394,Volvo XC60 D5,Volvo,2019,1359000,108366,Petrol
7395,Mitsubishi Lancer 1.8,Mitsubishi,2006,28000,136548,Diesel
7396,Ford Figo Aspire,Ford,2020,140000,53675,Diesel
7397,Mitsubishi Pajero Sport,Mitsubishi,2010,59000,41751,Petrol
7398,Hyundai Tucson 2WD,Hyundai,2014,46000,121370,Diesel
7399,Fiat Linea Active,Fiat,2017,63000,68703,Petrol
7400,Nissan Micra XV,Nissan,2023,118000,127209,Diesel
7401,Tata Tiago Revotron,Tata,2010,28000,121179,Diesel
7402,Renault Duster 110,Renault,2016,55000,172826,Diesel
7403,Chevrolet Beat LT,Chevrolet,2023,83000,169120,Petrol
7404,Mini Cooper D,Mini,2005,276000,163011,Diesel
7405,Renault Triber RXZ,Renault,2015,85000,26981,Diesel
7406,Land Rover Freelander,Land,2017,2326000,13173,Petrol
7407,Mitsubishi Lancer 1.8,Mitsubishi,2003,34000,16883,Petrol
7408,Jaguar XF Portfolio,Jaguar,2007,523000,161816,Petrol
7409,Volvo XC60 D5,Volvo,2013,704000,125952,Diesel
7410,Skoda Rapid Elegance,Skoda,2006,25000,100285,Petrol
7411,Renault Triber RXZ,Renault,2015,56000,89923,Petrol
7412,Land Rover Discovery,Land,2019,2340000,52484,Petrol
7413,Tata Indica V2,Tata,2005,25000,110787,Petrol
7414,Volkswagen Ameo Highline,Volkswagen,2020,159000,10853,Petrol
7415,Renault Triber RXZ,Renault,2005,25000,127324,Diesel
7416,Tata Nano Lx,Tata,2011,33000,170862,Petrol
7417,Hyundai Venue SX,Hyundai,2005,25000,143505,Petrol
7418,Fiat Punto Active,Fiat,2004,25000,100476,Petrol
7419,Mitsubishi Pajero Sport,Mitsubishi,2009,65000,17671,Diesel
7420,Jeep Compass Longitude,Jeep,2023,293000,22370,Petrol
7421,Hyundai Elite i20,Hyundai,2009,33000,142094,Petrol
7422,Jaguar XF Portfolio,Jaguar,2002,333000,177243,Petrol
7423,Nissan Sunny XL,Nissan,2021,107000,83059,Petrol
7424,Volkswagen Polo Highline,Volkswagen,2004,25000,158886,Petrol
7425,Audi A6 2.0,Audi,2018,1294000,102517,Petrol
7426,Datsun GO T,Datsun,2011,40000,4467,Petrol
7427,Volvo S60 D4,Volvo,2003,377000,59207,Petrol
7428,Mahindra Bolero SLE,Mahindra,2012,75000,2726,Petrol
7429,Mini Cooper S,Mini,2021,1500000,177016,Diesel
7430,Datsun GO Plus,Datsun,2009,25000,161283,Diesel
7431,Mahindra Jeep CL550,Mahindra,2014,55000,126146,Diesel
7432,Toyota Fortuner 3.0,Toyota,2014,82000,83975,Petrol
7433,Jaguar XE Prestige,Jaguar,2007,634000,78729,Diesel
7434,Land Rover Freelander,Land,2009,664000,146203,Diesel
7435,Toyota Innova 2.5,Toyota,2004,49000,523,Petrol
7436,Land Rover Discovery,Land,2023,3214000,81391,Diesel
7437,Skoda Rapid Elegance,Skoda,2021,158000,37115,Petrol
7438,Ford Freestyle Titanium,Ford,2019,86000,122321,Petrol
7439,Toyota Innova 2.5,Toyota,2022,132000,118605,Diesel
7440,Tata Nano Lx,Tata,2002,25000,72007,Petrol
7441,Mercedes C-Class C220d,Mercedes,2018,2439000,17812,Petrol
7442,Volvo XC60 D5,Volvo,2007,450000,156190,Diesel
7443,Nissan Micra XV,Nissan,2006,25000,113167,Petrol
7444,Toyota Etios VXD,Toyota,2013,93000,27225,Diesel
7445,Fiat Punto Active,Fiat,2005,25000,43152,Diesel
7446,Tata Nano Lx,Tata,2011,36000,95630,Diesel
7447,Nissan Sunny XL,Nissan,2013,37000,104370,Petrol
7448,Volvo XC60 D5,Volvo,2021,2996000,8718,Diesel
7449,Skoda Rapid Elegance,Skoda,2013,71000,54636,Diesel
7450,Audi Q7,Audi,2007,559000,91549,Diesel
7451,Nissan Terrano XL,Nissan,2015,60000,81819,Diesel
7452,Jaguar XF Portfolio,Jaguar,2023,2491000,130296,Diesel
7453,Fiat Linea Active,Fiat,2013,61000,13798,Diesel
7454,Mitsubishi Lancer 1.8,Mitsubishi,2010,43000,88471,Petrol
7455,Maruti Suzuki Celerio,Maruti,2021,141000,36105,Diesel
7456,Skoda Fabia Classic,Skoda,2015,90000,68870,Diesel
7457,Nissan Micra XV,Nissan,2019,130000,12449,Diesel
7458,Maruti Suzuki Omni,Maruti,2022,104000,102268,Petrol
7459,Toyota Glanza G,Toyota,2013,94000,8400,Diesel
7460,Audi Q3 35,Audi,2002,231000,165157,Petrol
7461,Toyota Corolla Altis,Toyota,2007,54000,28910,Petrol
7462,Fiat Punto Active,Fiat,2007,25000,152366,Diesel
7463,Honda WR-V i-VTEC,Honda,2014,84000,63927,Diesel
7464,Skoda Octavia Elegance,Skoda,2016,92000,69189,Diesel
7465,Ford Figo,Ford,2023,112000,156697,Diesel
7466,Fiat Punto Active,Fiat,2019,80000,82189,Petrol
7467,Renault Triber RXZ,Renault,2018,67000,173313,Diesel
7468,Volvo S60 D4,Volvo,2015,830000,154867,Diesel
7469,Mini Cooper D,Mini,2006,555000,35088,Diesel
7470,Honda City 1.5,Honda,2020,165000,11676,Petrol
7471,Skoda Octavia Elegance,Skoda,2016,79000,65486,Petrol
7472,Volvo XC60 D5,Volvo,2009,776000,55137,Diesel
7473,Volvo S60 D4,Volvo,2003,315000,82546,Petrol
7474,Chevrolet Tavera Neo,Chevrolet,2022,138000,26836,Diesel
7475,Hyundai Santro Xing,Hyundai,2013,45000,161844,Diesel
7476,Skoda Fabia Classic,Skoda,2002,25000,177284,Diesel
7477,Toyota Glanza G,Toyota,2022,135000,106809,Diesel
7478,Audi Q7,Audi,2016,1462000,45730,Diesel
7479,Skoda Fabia Classic,Skoda,2012,72000,31766,Petrol
7480,Jaguar XF Portfolio,Jaguar,2004,402000,175847,Diesel
7481,Nissan Micra XV,Nissan,2007,25000,142175,Diesel
7482,Datsun GO Plus,Datsun,2012,32000,94479,Diesel
7483,Audi A4 35,Audi,2015,972000,152936,Petrol
7484,Jaguar XE Prestige,Jaguar,2013,1015000,101985,Diesel
7485,Volvo XC60 D5,Volvo,2013,752000,153809,Diesel
7486,Mercedes C-Class C220d,Mercedes,2010,697000,157622,Diesel
7487,Mini Cooper D,Mini,2008,571000,53713,Diesel
7488,Land Rover Discovery,Land,2020,3085000,22388,Petrol
7489,Land Rover Discovery,Land,2002,534000,29721,Petrol
7490,Land Rover Freelander,Land,2005,633000,60518,Petrol
7491,Jaguar XE Prestige,Jaguar,2008,740000,53062,Petrol
7492,Mahindra TUV300 T8,Mahindra,2002,25000,175517,Diesel
7493,Honda WR-V i-VTEC,Honda,2018,77000,127281,Diesel
7494,Mercedes GLA 200d,Mercedes,2022,3037000,10830,Petrol
7495,Toyota Yaris VX,Toyota,2003,25000,133135,Petrol
7496,Skoda Octavia Elegance,Skoda,2011,44000,172802,Petrol
7497,Mercedes GLA 200d,Mercedes,2019,2655000,25814,Diesel
7498,Mercedes C-Class C220d,Mercedes,2003,413000,76360,Petrol
7499,Volvo S60 D4,Volvo,2002,249000,165774,Petrol
7500,Volkswagen Polo Highline,Volkswagen,2017,124000,11558,Petrol
7501,Renault Duster 110,Renault,2009,29000,129710,Diesel
7502,Hyundai Eon Era,Hyundai,2003,25000,89594,Diesel
7503,Mini Cooper S,Mini,2017,1204000,58618,Petrol
7504,Ford Figo,Ford,2015,56000,131390,Petrol
7505,Mini Cooper D,Mini,2006,352000,160846,Diesel
7506,Skoda Rapid Elegance,Skoda,2007,45000,21421,Petrol
7507,Mini Cooper S,Mini,2015,1151000,43125,Petrol
7508,Honda Jazz V,Honda,2002,25000,119915,Diesel
7509,Mini Cooper D,Mini,2023,2202000,55958,Diesel
7510,Ford Freestyle Titanium,Ford,2009,37000,87314,Petrol
7511,Renault Triber RXZ,Renault,2010,31000,158891,Diesel
7512,Mitsubishi Lancer 1.8,Mitsubishi,2002,25000,154738,Petrol
7513,Jeep Compass Limited,Jeep,2018,111000,153573,Diesel
7514,Mitsubishi Lancer 1.8,Mitsubishi,2021,110000,115227,Petrol
7515,Honda Brio S,Honda,2003,25000,75818,Diesel
7516,Honda Brio S,Honda,2005,25000,117479,Diesel
7517,Mitsubishi Pajero Sport,Mitsubishi,2010,42000,100835,Diesel
7518,Volkswagen Ameo Highline,Volkswagen,2015,66000,95285,Diesel
7519,Skoda Octavia Elegance,Skoda,2012,64000,42056,Diesel
7520,Jeep Compass Limited,Jeep,2011,71000,99428,Diesel
7521,Volvo S60 D4,Volvo,2002,372000,65636,Petrol
7522,Fiat Linea Active,Fiat,2006,33000,20138,Petrol
7523,BMW X1 sDrive20d,BMW,2021,1657000,161961,Diesel
7524,Volvo S60 D4,Volvo,2017,1176000,127211,Diesel
7525,Audi A4 35,Audi,2013,906000,65992,Petrol
7526,Chevrolet Beat LT,Chevrolet,2008,25000,138264,Petrol
7527,Skoda Rapid Elegance,Skoda,2006,41000,47398,Petrol
7528,Honda City 1.5,Honda,2016,83000,78093,Petrol
7529,Mercedes C-Class C220d,Mercedes,2023,3502000,13720,Diesel
7530,Volvo XC60 D5,Volvo,2016,1464000,55081,Petrol
7531,Maruti Suzuki Alto,Maruti,2012,42000,138890,Petrol
7532,Nissan Terrano XL,Nissan,2019,118000,47082,Diesel
7533,Mahindra Bolero SLE,Mahindra,2013,74000,26339,Petrol
7534,Jeep Compass Longitude,Jeep,2018,186000,32203,Petrol
7535,Volkswagen Vento Highline,Volkswagen,2019,154000,31584,Diesel
7536,Renault Triber RXZ,Renault,2006,25000,168534,Petrol
7537,Jaguar XF Portfolio,Jaguar,2012,1133000,49402,Diesel
7538,Hyundai Tucson 2WD,Hyundai,2023,150000,56647,Petrol
7539,Tata Tigor XZ,Tata,2003,26000,6501,Petrol
7540,Audi A6 2.0,Audi,2005,356000,98713,Petrol
7541,Renault Duster 110,Renault,2023,112000,135306,Diesel
7542,Volkswagen Jetta Comfortline,Volkswagen,2018,117000,62783,Petrol
7543,Honda City 1.5,Honda,2007,33000,95993,Diesel
7544,Mitsubishi Lancer 1.8,Mitsubishi,2021,174000,20576,Petrol
7545,Mitsubishi Pajero Sport,Mitsubishi,2017,117000,42786,Diesel
7546,Toyota Innova 2.5,Toyota,2016,78000,100737,Petrol
7547,Fiat Punto Active,Fiat,2004,25000,23699,Diesel
7548,Ford Figo Aspire,Ford,2014,60000,94020,Petrol
7549,Hyundai Santro Xing,Hyundai,2013,66000,72463,Diesel
7550,Audi A8,Audi,2014,1435000,15591,Petrol
7551,Hyundai Santro Xing,Hyundai,2008,33000,101270,Diesel
7552,Skoda Fabia Classic,Skoda,2020,95000,124562,Petrol
7553,Audi A4 35,Audi,2019,1777000,70743,Diesel
7554,Renault Duster 110,Renault,2007,36000,28190,Petrol
7555,Toyota Etios VXD,Toyota,2015,115000,50875,Diesel
7556,Ford EcoSport Titanium,Ford,2006,25000,156273,Petrol
7557,Hyundai i10 Sportz,Hyundai,2016,62000,176626,Diesel
7558,Jaguar XF Portfolio,Jaguar,2007,729000,40052,Petrol
7559,Datsun redi-GO T,Datsun,2023,98000,73125,Diesel
7560,BMW X1 sDrive20d,BMW,2004,419000,77929,Diesel
7561,Hyundai Eon Era,Hyundai,2014,55000,88790,Petrol
7562,Skoda Fabia Classic,Skoda,2008,34000,115697,Petrol
7563,BMW 5 Series,BMW,2014,1309000,33046,Petrol
7564,Datsun GO T,Datsun,2017,57000,79826,Diesel
7565,Nissan Sunny XL,Nissan,2007,38000,37538,Diesel
7566,Hyundai Verna 1.6,Hyundai,2021,109000,111976,Diesel
7567,Skoda Octavia Elegance,Skoda,2016,63000,139665,Petrol
7568,Mahindra KUV100 K8,Mahindra,2003,25000,169657,Diesel
7569,Jeep Compass Limited,Jeep,2009,77000,18212,Petrol
7570,Datsun redi-GO T,Datsun,2009,25000,148513,Diesel
7571,Mini Cooper D,Mini,2010,646000,48219,Diesel
7572,Jaguar XF Portfolio,Jaguar,2008,590000,167695,Diesel
7573,Land Rover Discovery,Land,2019,2727000,7112,Petrol
7574,Nissan Sunny XL,Nissan,2018,61000,169154,Petrol
7575,Mini Cooper D,Mini,2013,675000,160775,Diesel
7576,Land Rover Discovery,Land,2010,1192000,34961,Diesel
7577,Mini Cooper S,Mini,2011,781000,55935,Diesel
7578,Chevrolet Tavera Neo,Chevrolet,2018,77000,67160,Diesel
7579,Hyundai Venue SX,Hyundai,2018,81000,168101,Diesel
7580,Datsun redi-GO T,Datsun,2018,48000,176958,Diesel
7581,Volvo S60 D4,Volvo,2023,2806000,41714,Diesel
7582,Land Rover Freelander,Land,2016,1327000,88233,Petrol
7583,Maruti Suzuki Alto,Maruti,2006,25000,163334,Diesel
7584,Tata Tiago Revotron,Tata,2004,25000,146767,Diesel
7585,Tata Nano Lx,Tata,2003,25000,147612,Petrol
7586,Mini Cooper S,Mini,2004,386000,75731,Diesel
7587,Ford Endeavour 4x4,Ford,2017,91000,41443,Diesel
7588,BMW 5 Series,BMW,2012,683000,139189,Petrol
7589,Renault Kwid RXT,Renault,2018,58000,155136,Diesel
7590,Audi A4 35,Audi,2008,893000,8976,Petrol
7591,Volvo XC60 D5,Volvo,2005,339000,138781,Diesel
7592,Hyundai Xcent S,Hyundai,2016,58000,124904,Petrol
7593,Ford Figo Aspire,Ford,2020,133000,37636,Diesel
7594,Skoda Rapid Elegance,Skoda,2003,28000,22208,Petrol
7595,Volvo XC60 D5,Volvo,2017,1136000,76660,Petrol
7596,Hyundai Grand i10,Hyundai,2018,96000,56569,Petrol
7597,Chevrolet Spark LT,Chevrolet,2016,73000,10851,Petrol
7598,Ford EcoSport Titanium,Ford,2006,37000,36922,Petrol
7599,Datsun GO Plus,Datsun,2008,25000,161068,Petrol
7600,Hyundai Grand i10,Hyundai,2004,25000,143245,Petrol
7601,Volkswagen Polo Highline,Volkswagen,2002,25000,100246,Diesel
7602,Mercedes C-Class C220d,Mercedes,2003,545000,28905,Diesel
7603,BMW 3 Series,BMW,2007,464000,146544,Petrol
7604,Mitsubishi Lancer 1.8,Mitsubishi,2010,66000,35520,Diesel
7605,BMW 5 Series,BMW,2006,704000,28555,Petrol
7606,Honda Jazz V,Honda,2010,46000,79116,Diesel
7607,Toyota Yaris VX,Toyota,2010,69000,41173,Petrol
7608,Honda Jazz V,Honda,2010,35000,166958,Petrol
7609,Nissan Terrano XL,Nissan,2012,61000,617,Petrol
7610,Mini Cooper S,Mini,2015,1193000,56531,Petrol
7611,Ford Fiesta Classic,Ford,2016,58000,165082,Diesel
7612,Mahindra XUV500 W8,Mahindra,2021,101000,167236,Diesel
7613,Jeep Compass Limited,Jeep,2016,91000,111592,Diesel
7614,Toyota Etios VXD,Toyota,2018,90000,128339,Petrol
7615,Hyundai Santro Xing,Hyundai,2011,36000,160568,Diesel
7616,Datsun redi-GO T,Datsun,2014,31000,117832,Diesel
7617,Mini Cooper S,Mini,2021,1527000,113912,Diesel
7618,Mini Cooper S,Mini,2010,531000,129272,Petrol
7619,Volvo XC60 D5,Volvo,2010,707000,84176,Diesel
7620,Nissan Sunny XL,Nissan,2016,86000,31042,Petrol
7621,Audi A4 35,Audi,2013,1026000,51878,Diesel
7622,Mitsubishi Pajero Sport,Mitsubishi,2022,208000,45847,Diesel
7623,Toyota Fortuner 3.0,Toyota,2014,61000,111838,Diesel
7624,Mini Cooper D,Mini,2006,365000,131072,Diesel
7625,Skoda Rapid Elegance,Skoda,2011,51000,89952,Diesel
7626,Maruti Suzuki Omni,Maruti,2002,25000,40817,Petrol
7627,BMW 5 Series,BMW,2020,2160000,77140,Diesel
7628,Fiat Punto Active,Fiat,2008,32000,35869,Petrol
7629,Renault Kwid RXT,Renault,2013,44000,101706,Diesel
7630,Honda Civic 1.8,Honda,2021,119000,108992,Diesel
7631,Skoda Octavia Elegance,Skoda,2022,194000,39096,Petrol
7632,Land Rover Freelander,Land,2005,660000,53009,Petrol
7633,Datsun GO T,Datsun,2021,113000,20544,Diesel
7634,Maruti Suzuki Swift,Maruti,2011,62000,23469,Petrol
7635,Jeep Compass Longitude,Jeep,2022,162000,99832,Petrol
7636,Volvo XC60 D5,Volvo,2007,361000,143968,Petrol
7637,Datsun redi-GO T,Datsun,2003,25000,151319,Petrol
7638,Audi Q3 35,Audi,2002,329000,96863,Diesel
7639,Honda City 1.5,Honda,2013,86000,16970,Petrol
7640,Mahindra Jeep CL550,Mahindra,2002,25000,169042,Petrol
7641,Maruti Suzuki Alto,Maruti,2006,25000,120536,CNG
7642,Jaguar XF Portfolio,Jaguar,2012,813000,104165,Diesel
7643,Mini Cooper S,Mini,2019,1947000,2333,Petrol
7644,Toyota Fortuner 3.0,Toyota,2016,80000,109461,Petrol
7645,Skoda Fabia Classic,Skoda,2004,36000,16196,Diesel
7646,Jeep Compass Limited,Jeep,2004,36000,72535,Petrol
7647,Toyota Fortuner 3.0,Toyota,2011,64000,35234,Petrol
7648,Volkswagen Jetta Comfortline,Volkswagen,2005,29000,73837,Petrol
7649,Jeep Compass Longitude,Jeep,2015,91000,130443,Diesel
7650,Fiat Linea Active,Fiat,2011,51000,13498,Diesel
7651,Volkswagen Vento Highline,Volkswagen,2019,90000,153180,Diesel
7652,Jeep Compass Limited,Jeep,2007,39000,170936,Diesel
7653,Mitsubishi Pajero Sport,Mitsubishi,2007,39000,75528,Diesel
7654,Mini Cooper D,Mini,2006,456000,32112,Petrol
7655,Mitsubishi Lancer 1.8,Mitsubishi,2005,42000,28808,Diesel
7656,Volkswagen Ameo Highline,Volkswagen,2008,32000,148439,Petrol
7657,Volvo XC60 D5,Volvo,2014,1303000,33668,Diesel
7658,Tata Nano Lx,Tata,2020,91000,88810,Petrol
7659,Maruti Suzuki Alto,Maruti,2023,110000,164945,Petrol
7660,Tata Bolt XT,Tata,2012,36000,172791,Petrol
7661,Land Rover Freelander,Land,2016,1096000,127892,Petrol
7662,Toyota Corolla Altis,Toyota,2013,63000,139255,Diesel
7663,Ford Fiesta Classic,Ford,2005,35000,16486,Diesel
7664,Jaguar XE Prestige,Jaguar,2013,858000,146162,Petrol
7665,Mitsubishi Pajero Sport,Mitsubishi,2005,28000,88416,Petrol
7666,Skoda Fabia Classic,Skoda,2019,81000,129985,Diesel
7667,Renault Triber RXZ,Renault,2023,96000,159632,Petrol
7668,Jeep Compass Longitude,Jeep,2003,32000,91801,Diesel
7669,Toyota Corolla Altis,Toyota,2015,100000,41793,Diesel
7670,Volkswagen Vento Highline,Volkswagen,2023,176000,53079,Petrol
7671,Maruti Suzuki Eeco,Maruti,2021,97000,161681,Petrol
7672,Fiat Linea Active,Fiat,2019,79000,76976,Petrol
7673,Chevrolet Beat LT,Chevrolet,2012,44000,58356,Diesel
7674,Hyundai Tucson 2WD,Hyundai,2016,72000,92824,Petrol
7675,Mitsubishi Pajero Sport,Mitsubishi,2023,154000,168304,Petrol
7676,Datsun GO Plus,Datsun,2012,27000,148309,Diesel
7677,Mitsubishi Pajero Sport,Mitsubishi,2008,49000,26143,Petrol
7678,Mini Cooper D,Mini,2011,897000,7567,Petrol
7679,Ford Endeavour 4x4,Ford,2003,25000,103169,Petrol
7680,BMW 3 Series,BMW,2007,670000,60627,Diesel
7681,Toyota Etios VXD,Toyota,2021,117000,172898,Petrol
7682,Mahindra XUV500 W8,Mahindra,2003,25000,115499,Petrol
7683,Jeep Compass Limited,Jeep,2004,31000,169965,Diesel
7684,Volkswagen Ameo Highline,Volkswagen,2008,53000,7873,Petrol
7685,Chevrolet Tavera Neo,Chevrolet,2017,44000,123013,Diesel
7686,BMW X1 sDrive20d,BMW,2013,1134000,26387,Petrol
7687,Toyota Corolla Altis,Toyota,2009,51000,63597,Diesel
7688,Nissan Sunny XL,Nissan,2018,78000,99647,Diesel
7689,Hyundai Elite i20,Hyundai,2012,78000,6189,Diesel
7690,BMW 3 Series,BMW,2014,788000,150984,Diesel
7691,Land Rover Freelander,Land,2015,1795000,21563,Petrol
7692,Nissan Sunny XL,Nissan,2008,42000,35737,Diesel
7693,Volkswagen Polo Highline,Volkswagen,2022,139000,68174,Petrol
7694,Jaguar XF Portfolio,Jaguar,2008,577000,149208,Diesel
7695,Tata Tiago Revotron,Tata,2020,67000,101753,Petrol
7696,Fiat Punto Active,Fiat,2002,25000,134748,Diesel
7697,Jeep Compass Longitude,Jeep,2020,185000,56598,Petrol
7698,Jeep Compass Longitude,Jeep,2019,222000,27830,Diesel
7699,BMW 5 Series,BMW,2002,443000,25613,Petrol
7700,BMW X1 sDrive20d,BMW,2002,493000,26981,Petrol
7701,Audi Q3 35,Audi,2006,575000,33167,Diesel
7702,Mahindra Thar CRDe,Mahindra,2006,27000,179963,Petrol
7703,Ford Freestyle Titanium,Ford,2014,54000,114521,Diesel
7704,Mercedes C-Class C220d,Mercedes,2004,533000,54161,Petrol
7705,Audi Q3 35,Audi,2020,1802000,64581,Petrol
7706,Mercedes GLA 200d,Mercedes,2015,1447000,47906,Diesel
7707,Mercedes E-Class E220d,Mercedes,2023,2079000,97065,Petrol
7708,Honda Jazz V,Honda,2015,57000,111212,Diesel
7709,Ford Figo Aspire,Ford,2007,27000,122993,Petrol
7710,Land Rover Freelander,Land,2015,1785000,45229,Petrol
7711,Tata Tiago Revotron,Tata,2005,25000,61513,Diesel
7712,Datsun GO T,Datsun,2017,59000,81670,Diesel
7713,Audi Q3 35,Audi,2016,1254000,79142,Diesel
7714,Land Rover Discovery,Land,2019,2492000,37431,Petrol
7715,Mercedes C-Class C220d,Mercedes,2021,1554000,146304,Petrol
7716,Chevrolet Sail UVA,Chevrolet,2018,59000,142523,Diesel
7717,Hyundai Verna 1.6,Hyundai,2003,25000,57231,Petrol
7718,Jaguar XF Portfolio,Jaguar,2013,1512000,14226,Diesel
7719,Mitsubishi Lancer 1.8,Mitsubishi,2009,41000,143102,Diesel
7720,Mercedes C-Class C220d,Mercedes,2009,626000,80820,Petrol
7721,Mini Cooper S,Mini,2010,771000,22977,Petrol
7722,Honda Civic 1.8,Honda,2021,118000,116894,Diesel
7723,Toyota Yaris VX,Toyota,2003,25000,110461,Diesel
7724,Volvo S60 D4,Volvo,2008,549000,98628,Diesel
7725,Volkswagen Ameo Highline,Volkswagen,2005,39000,8874,Diesel
7726,Ford Fiesta Classic,Ford,2005,25000,136355,Petrol
7727,Maruti Suzuki Baleno,Maruti,2023,141000,72284,Petrol
7728,Jeep Compass Longitude,Jeep,2017,109000,179452,Petrol
7729,Jaguar XE Prestige,Jaguar,2003,502000,55455,Petrol
7730,Datsun redi-GO T,Datsun,2015,43000,94377,Petrol
7731,Volkswagen Jetta Comfortline,Volkswagen,2018,86000,133324,Diesel
7732,Audi Q7,Audi,2019,1313000,134315,Diesel
7733,Land Rover Discovery,Land,2021,2433000,93297,Diesel
7734,Ford EcoSport Ambiente,Ford,2021,178000,22802,Diesel
7735,Skoda Rapid Elegance,Skoda,2004,25000,169787,Petrol
7736,Toyota Etios VXD,Toyota,2022,124000,149802,Diesel
7737,Mini Cooper S,Mini,2006,334000,129382,Diesel
7738,Fiat Linea Active,Fiat,2006,29000,4750,Petrol
7739,Chevrolet Beat LT,Chevrolet,2022,112000,59950,Petrol
7740,Volkswagen Polo Highline,Volkswagen,2005,26000,71555,Petrol
7741,BMW 5 Series,BMW,2005,486000,58546,Petrol
7742,Skoda Octavia Elegance,Skoda,2013,46000,124981,Diesel
7743,Mini Cooper D,Mini,2004,534000,8036,Diesel
7744,Jaguar XE Prestige,Jaguar,2020,1616000,125366,Petrol
7745,Jeep Compass Limited,Jeep,2019,113000,116549,Diesel
7746,Mitsubishi Lancer 1.8,Mitsubishi,2015,62000,128790,Diesel
7747,Tata Tiago Revotron,Tata,2011,31000,165518,Diesel
7748,Volkswagen Vento Highline,Volkswagen,2005,29000,90395,Petrol
7749,Mini Cooper S,Mini,2023,1978000,79836,Diesel
7750,Toyota Innova 2.5,Toyota,2003,25000,136363,Diesel
7751,Hyundai Santro Xing,Hyundai,2007,36000,73413,Petrol
7752,Tata Nexon XZ,Tata,2010,43000,48157,Petrol
7753,Tata Indica V2,Tata,2008,27000,78465,Petrol
7754,Mini Cooper D,Mini,2005,340000,134468,Diesel
7755,Mahindra TUV300 T8,Mahindra,2017,80000,158839,Petrol
7756,Skoda Octavia Elegance,Skoda,2006,25000,168341,Petrol
7757,Mercedes C-Class C220d,Mercedes,2017,1384000,70240,Petrol
7758,Mahindra TUV300 T8,Mahindra,2012,91000,5286,Petrol
7759,BMW 3 Series,BMW,2004,434000,59059,Petrol
7760,Volkswagen Jetta Comfortline,Volkswagen,2004,25000,163236,Diesel
7761,Chevrolet Beat LT,Chevrolet,2021,69000,104012,Diesel
7762,Nissan Sunny XL,Nissan,2003,25000,111278,Diesel
7763,Land Rover Discovery,Land,2018,1580000,114362,Petrol
7764,Tata Nexon XZ,Tata,2018,68000,97626,Diesel
7765,Audi A4 35,Audi,2007,768000,17358,Petrol
7766,Volvo S60 D4,Volvo,2017,1034000,99631,Diesel
7767,Mercedes GLA 200d,Mercedes,2002,478000,478,Petrol
7768,BMW 3 Series,BMW,2010,696000,80338,Diesel
7769,Skoda Fabia Classic,Skoda,2002,32000,2886,Petrol
7770,Mini Cooper S,Mini,2015,1115000,75293,Diesel
7771,Mitsubishi Lancer 1.8,Mitsubishi,2021,200000,23084,Diesel
7772,Skoda Octavia Elegance,Skoda,2022,125000,134108,Diesel
7773,Tata Tigor XZ,Tata,2007,39000,2120,Petrol
7774,Datsun GO Plus,Datsun,2014,30000,131488,Diesel
7775,Mercedes E-Class E220d,Mercedes,2013,905000,128843,Diesel
7776,Mercedes GLA 200d,Mercedes,2014,937000,85112,Petrol
7777,BMW 5 Series,BMW,2008,802000,4835,Petrol
7778,Nissan Sunny XL,Nissan,2013,65000,5096,Diesel
7779,Datsun redi-GO T,Datsun,2009,25000,97998,Petrol
7780,Chevrolet Sail UVA,Chevrolet,2022,73000,168998,Diesel
7781,Mitsubishi Pajero Sport,Mitsubishi,2023,135000,111235,Diesel
7782,Volkswagen Jetta Comfortline,Volkswagen,2016,60000,112420,Petrol
7783,Jaguar XE Prestige,Jaguar,2017,1920000,18520,Petrol
7784,Jeep Compass Limited,Jeep,2010,90000,29776,Diesel
7785,Volvo XC60 D5,Volvo,2021,1549000,125493,Petrol
7786,Mini Cooper S,Mini,2021,1923000,53332,Petrol
7787,Jeep Compass Limited,Jeep,2015,83000,145305,Petrol
7788,Jeep Compass Longitude,Jeep,2013,76000,134507,Petrol
7789,BMW X1 sDrive20d,BMW,2005,385000,99424,Diesel
7790,Chevrolet Beat LT,Chevrolet,2017,46000,166556,Petrol
7791,Renault Triber RXZ,Renault,2006,31000,29986,Petrol
7792,Volvo XC60 D5,Volvo,2002,274000,174922,Petrol
7793,Toyota Glanza G,Toyota,2021,138000,92078,Petrol
7794,Honda WR-V i-VTEC,Honda,2023,121000,165559,Diesel
7795,Hyundai Venue SX,Hyundai,2014,54000,115539,Diesel
7796,Fiat Linea Active,Fiat,2016,47000,175917,Petrol
7797,Fiat Punto Active,Fiat,2021,137000,12003,Diesel
7798,BMW X1 sDrive20d,BMW,2020,1392000,149136,Petrol
7799,Land Rover Discovery,Land,2010,1150000,11346,Diesel
7800,Datsun GO T,Datsun,2003,25000,61804,Petrol
7801,Land Rover Discovery,Land,2017,1965000,49332,Diesel
7802,Volkswagen Polo Highline,Volkswagen,2021,115000,140745,Diesel
7803,Honda Civic 1.8,Honda,2011,71000,5719,Diesel
7804,Mercedes C-Class C220d,Mercedes,2010,692000,122549,Diesel
7805,Nissan Sunny XL,Nissan,2006,25000,104102,Diesel
7806,Fiat Linea Active,Fiat,2009,25000,133301,Diesel
7807,Maruti Suzuki Alto,Maruti,2020,77000,163131,CNG
7808,Land Rover Freelander,Land,2010,755000,169149,Diesel
7809,Mahindra Bolero SLE,Mahindra,2021,202000,7624,Diesel
7810,Renault Triber RXZ,Renault,2021,82000,127967,Diesel
7811,Chevrolet Spark LT,Chevrolet,2014,42000,77085,Diesel
7812,Mercedes GLA 200d,Mercedes,2020,1622000,158749,Diesel
7813,Honda Brio S,Honda,2015,80000,80702,Diesel
7814,Audi Q3 35,Audi,2003,323000,124947,Diesel
7815,Volvo XC60 D5,Volvo,2015,920000,147687,Petrol
7816,Chevrolet Beat LT,Chevrolet,2010,29000,94038,Petrol
7817,Volvo S60 D4,Volvo,2005,303000,114090,Petrol
7818,Hyundai Venue SX,Hyundai,2012,64000,1776,Petrol
7819,Volvo S60 D4,Volvo,2013,910000,96031,Diesel
7820,Mitsubishi Pajero Sport,Mitsubishi,2006,37000,67828,Diesel
7821,Chevrolet Spark LT,Chevrolet,2008,26000,47678,Petrol
7822,Fiat Linea Active,Fiat,2010,44000,22099,Petrol
7823,Mitsubishi Lancer 1.8,Mitsubishi,2022,212000,22485,Diesel
7824,Tata Indica V2,Tata,2009,25000,144707,Petrol
7825,Mitsubishi Pajero Sport,Mitsubishi,2017,155000,3576,Diesel
7826,BMW X1 sDrive20d,BMW,2013,1413000,17182,Petrol
7827,Tata Nexon XZ,Tata,2005,25000,170700,Petrol
7828,Mercedes E-Class E220d,Mercedes,2003,281000,131824,Petrol
7829,Maruti Suzuki Eeco,Maruti,2014,49000,151594,Petrol
7830,Volkswagen Ameo Highline,Volkswagen,2006,29000,143027,Diesel
7831,Mitsubishi Lancer 1.8,Mitsubishi,2006,25000,132564,Petrol
7832,Fiat Linea Active,Fiat,2003,25000,94633,Petrol
7833,Chevrolet Tavera Neo,Chevrolet,2003,25000,146804,Petrol
7834,Honda Brio S,Honda,2015,111000,14092,Diesel
7835,Jeep Compass Limited,Jeep,2012,83000,69160,Petrol
7836,Maruti Suzuki Ciaz,Maruti,2009,27000,142604,CNG
7837,Mahindra Scorpio S10,Mahindra,2017,82000,168256,Diesel
7838,Jeep Compass Limited,Jeep,2011,53000,138902,Diesel
7839,Mini Cooper D,Mini,2010,544000,164240,Diesel
7840,Ford Figo,Ford,2023,147000,58078,Diesel
7841,Nissan Sunny XL,Nissan,2015,75000,14595,Diesel
7842,Maruti Suzuki Alto,Maruti,2013,46000,168899,Diesel
7843,Mercedes GLA 200d,Mercedes,2020,2355000,55873,Diesel
7844,Mitsubishi Pajero Sport,Mitsubishi,2021,139000,80940,Diesel
7845,Mitsubishi Pajero Sport,Mitsubishi,2008,36000,85455,Petrol
7846,Mitsubishi Lancer 1.8,Mitsubishi,2002,25000,155417,Petrol
7847,Volkswagen Jetta Comfortline,Volkswagen,2004,25000,80966,Petrol
7848,Toyota Innova 2.5,Toyota,2005,40000,19569,Petrol
7849,Jaguar XE Prestige,Jaguar,2009,585000,127229,Diesel
7850,Fiat Punto Active,Fiat,2009,32000,65459,Petrol
7851,Renault Duster 110,Renault,2010,31000,97091,Petrol
7852,Maruti Suzuki Baleno,Maruti,2011,40000,101255,Petrol
7853,Toyota Glanza G,Toyota,2016,105000,69376,Petrol
7854,Datsun GO Plus,Datsun,2014,35000,108609,Petrol
7855,Fiat Punto Active,Fiat,2003,26000,13107,Diesel
7856,Nissan Terrano XL,Nissan,2008,25000,142831,Petrol
7857,Hyundai Grand i10,Hyundai,2012,54000,70763,Petrol
7858,Chevrolet Tavera Neo,Chevrolet,2019,100000,28027,Petrol
7859,Land Rover Discovery,Land,2021,3587000,28051,Diesel
7860,Ford EcoSport Ambiente,Ford,2023,125000,166457,Petrol
7861,BMW 3 Series,BMW,2021,1621000,172542,Diesel
7862,Hyundai Santro Xing,Hyundai,2015,68000,95374,Diesel
7863,Datsun redi-GO T,Datsun,2019,51000,145140,Diesel
7864,Jaguar XF Portfolio,Jaguar,2009,589000,166244,Diesel
7865,Mercedes E-Class E220d,Mercedes,2015,1189000,94623,Diesel
7866,Jaguar XE Prestige,Jaguar,2010,792000,73912,Petrol
7867,Ford Freestyle Titanium,Ford,2015,76000,47549,Petrol
7868,Jeep Compass Limited,Jeep,2021,146000,169504,Petrol
7869,Skoda Rapid Elegance,Skoda,2007,27000,143929,Petrol
7870,Fiat Punto Active,Fiat,2023,90000,98154,Petrol
7871,Mahindra XUV500 W8,Mahindra,2004,25000,177717,Diesel
7872,Ford Figo Aspire,Ford,2002,25000,43053,Diesel
7873,Skoda Rapid Elegance,Skoda,2016,64000,151524,Petrol
7874,Renault Duster 110,Renault,2017,64000,99783,Petrol
7875,BMW X1 sDrive20d,BMW,2007,691000,44706,Diesel
7876,Jeep Compass Limited,Jeep,2023,235000,51749,Petrol
7877,Chevrolet Tavera Neo,Chevrolet,2011,47000,4060,Diesel
7878,Audi A6 2.0,Audi,2021,1595000,125056,Petrol
7879,Mercedes E-Class E220d,Mercedes,2015,1189000,89634,Diesel
7880,Hyundai i10 Sportz,Hyundai,2005,25000,132950,Petrol
7881,Chevrolet Beat LT,Chevrolet,2004,25000,132755,Petrol
7882,Chevrolet Beat LT,Chevrolet,2020,58000,173777,Petrol
7883,BMW 3 Series,BMW,2023,2168000,118436,Petrol
7884,Datsun redi-GO T,Datsun,2021,99000,30850,Diesel
7885,Renault Lodgy 110PS,Renault,2013,52000,47080,Petrol
7886,Volvo S60 D4,Volvo,2010,513000,114232,Petrol
7887,Mahindra Thar CRDe,Mahindra,2017,108000,59842,Diesel
7888,Jeep Compass Limited,Jeep,2002,25000,162391,Petrol
7889,Mercedes GLA 200d,Mercedes,2004,615000,4189,Petrol
7890,Mercedes GLA 200d,Mercedes,2005,437000,172325,Diesel
7891,Mitsubishi Lancer 1.8,Mitsubishi,2005,33000,73441,Diesel
7892,Fiat Linea Active,Fiat,2008,26000,100674,Petrol
7893,Volvo XC60 D5,Volvo,2015,1426000,20517,Petrol
7894,Jeep Compass Longitude,Jeep,2014,79000,141888,Diesel
7895,Land Rover Freelander,Land,2008,613000,171054,Petrol
7896,Maruti Suzuki Eeco,Maruti,2002,25000,99101,Petrol
7897,Ford Fiesta Classic,Ford,2021,94000,161233,Petrol
7898,Mercedes C-Class C220d,Mercedes,2008,798000,13930,Petrol
7899,Datsun GO T,Datsun,2006,25000,119894,Petrol
7900,Renault Lodgy 110PS,Renault,2021,94000,85028,Petrol
7901,Mini Cooper D,Mini,2003,275000,87118,Petrol
7902,Tata Tiago Revotron,Tata,2006,32000,43171,Diesel
7903,Nissan Sunny XL,Nissan,2020,119000,54109,Petrol
7904,Nissan Micra XV,Nissan,2020,80000,122845,Petrol
7905,Ford Figo,Ford,2023,127000,172745,Diesel
7906,Skoda Fabia Classic,Skoda,2015,113000,15628,Diesel
7907,Volvo XC60 D5,Volvo,2007,457000,122534,Diesel
7908,Mahindra Bolero SLE,Mahindra,2022,187000,63632,Diesel
7909,Mahindra Scorpio SLE,Mahindra,2021,120000,161299,Diesel
7910,BMW 5 Series,BMW,2003,315000,168110,Petrol
7911,Toyota Fortuner 3.0,Toyota,2003,36000,11148,Diesel
7912,Mitsubishi Pajero Sport,Mitsubishi,2007,43000,49734,Diesel
7913,Volvo S60 D4,Volvo,2019,1429000,169517,Diesel
7914,Fiat Punto Active,Fiat,2006,25000,85569,Petrol
7915,Mercedes E-Class E220d,Mercedes,2007,495000,156465,Diesel
7916,Datsun redi-GO T,Datsun,2012,43000,26873,Petrol
7917,Jeep Compass Limited,Jeep,2015,116000,53013,Petrol
7918,Nissan Sunny XL,Nissan,2003,25000,55196,Petrol
7919,Honda Brio S,Honda,2004,29000,64427,Petrol
7920,Jeep Compass Limited,Jeep,2013,94000,55207,Diesel
7921,Jeep Compass Longitude,Jeep,2012,88000,75734,Diesel
7922,Mitsubishi Pajero Sport,Mitsubishi,2021,117000,111497,Petrol
7923,Honda Jazz V,Honda,2011,58000,56495,Petrol
7924,Chevrolet Spark LT,Chevrolet,2012,41000,45419,Petrol
7925,Jaguar XF Portfolio,Jaguar,2014,1084000,110194,Petrol
7926,Fiat Punto Active,Fiat,2010,29000,123364,Petrol
7927,Chevrolet Tavera Neo,Chevrolet,2005,28000,4604,Petrol
7928,Tata Indica V2,Tata,2007,32000,47157,Petrol
7929,Chevrolet Sail UVA,Chevrolet,2005,25000,46988,Petrol
7930,Jeep Compass Longitude,Jeep,2006,52000,50177,Petrol
7931,Ford EcoSport Ambiente,Ford,2006,39000,43163,Diesel
7932,BMW X1 sDrive20d,BMW,2006,632000,29929,Diesel
7933,Mercedes C-Class C220d,Mercedes,2012,693000,169445,Petrol
7934,Volvo XC60 D5,Volvo,2017,1073000,142591,Diesel
7935,Hyundai Grand i10,Hyundai,2023,199000,32778,Diesel
7936,Toyota Fortuner 3.0,Toyota,2019,114000,78353,Petrol
7937,Jaguar XF Portfolio,Jaguar,2008,722000,88624,Diesel
7938,Jaguar XE Prestige,Jaguar,2008,898000,50498,Diesel
7939,Tata Indica V2,Tata,2003,25000,89550,Diesel
7940,Toyota Etios VXD,Toyota,2019,160000,26365,Diesel
7941,Toyota Etios VXD,Toyota,2012,47000,112691,Diesel
7942,Renault Duster 110,Renault,2021,87000,160521,Diesel
7943,Volvo XC60 D5,Volvo,2002,261000,126375,Diesel
7944,Datsun GO Plus,Datsun,2020,59000,159143,Petrol
7945,Mitsubishi Pajero Sport,Mitsubishi,2022,133000,149038,Diesel
7946,Jaguar XF Portfolio,Jaguar,2010,656000,102015,Petrol
7947,Mahindra Jeep CL550,Mahindra,2003,29000,37329,Diesel
7948,Mercedes E-Class E220d,Mercedes,2018,1504000,104027,Petrol
7949,Tata Tiago Revotron,Tata,2008,36000,53236,Petrol
7950,Jeep Compass Limited,Jeep,2015,93000,113997,Diesel
7951,Nissan Terrano XL,Nissan,2010,37000,55813,Petrol
7952,Mahindra Jeep CL550,Mahindra,2023,157000,106295,Diesel
7953,Skoda Octavia Elegance,Skoda,2021,135000,66437,Diesel
7954,Datsun GO Plus,Datsun,2013,33000,179514,Diesel
7955,Chevrolet Sail UVA,Chevrolet,2016,44000,129932,Petrol
7956,Jaguar XE Prestige,Jaguar,2023,3501000,37822,Diesel
7957,Fiat Linea Active,Fiat,2019,70000,100512,Diesel
7958,Jeep Compass Limited,Jeep,2008,52000,67169,Petrol
7959,Volkswagen Ameo Highline,Volkswagen,2007,43000,26686,Petrol
7960,Fiat Linea Active,Fiat,2003,25000,111317,Petrol
7961,Volvo S60 D4,Volvo,2019,2004000,11767,Diesel
7962,Volvo S60 D4,Volvo,2012,1122000,32639,Diesel
7963,Nissan Micra XV,Nissan,2019,82000,91498,Petrol
7964,Jaguar XF Portfolio,Jaguar,2017,1412000,165053,Diesel
7965,Land Rover Discovery,Land,2009,605000,108795,Diesel
7966,BMW 5 Series,BMW,2016,1754000,35661,Diesel
7967,Land Rover Freelander,Land,2011,903000,89378,Petrol
7968,Maruti Suzuki Wagon,Maruti,2006,29000,66554,Petrol
7969,Skoda Octavia Elegance,Skoda,2022,142000,72568,Petrol
7970,Mitsubishi Lancer 1.8,Mitsubishi,2018,96000,170845,Diesel
7971,BMW X1 sDrive20d,BMW,2007,790000,5122,Petrol
7972,Toyota Etios VXD,Toyota,2011,48000,100808,Diesel
7973,Audi Q7,Audi,2002,286000,159324,Diesel
7974,Ford Freestyle Titanium,Ford,2023,122000,83502,Petrol
7975,Tata Nano Lx,Tata,2005,25000,115407,Petrol
7976,Tata Nano Lx,Tata,2017,49000,157008,Diesel
7977,Skoda Octavia Elegance,Skoda,2009,39000,122707,Diesel
7978,Toyota Corolla Altis,Toyota,2008,35000,122570,Petrol
7979,Ford EcoSport Ambiente,Ford,2009,36000,63047,Petrol
7980,Toyota Corolla Altis,Toyota,2014,61000,150933,Diesel
7981,Mahindra XUV500 W8,Mahindra,2009,60000,18436,Diesel
7982,Jeep Compass Longitude,Jeep,2021,177000,76299,Diesel
7983,Volvo S60 D4,Volvo,2008,481000,168404,Diesel
7984,Mahindra Thar CRDe,Mahindra,2014,55000,168027,Diesel
7985,Datsun redi-GO T,Datsun,2017,69000,23157,Petrol
7986,Land Rover Freelander,Land,2012,1385000,21981,Diesel
7987,Mini Cooper S,Mini,2008,671000,36591,Diesel
7988,Jeep Compass Limited,Jeep,2007,43000,156229,Diesel
7989,Land Rover Discovery,Land,2021,2365000,106616,Diesel
7990,Fiat Punto Active,Fiat,2022,108000,58087,Diesel
7991,Mercedes C-Class C220d,Mercedes,2023,2069000,101697,Diesel
7992,Mahindra Scorpio S10,Mahindra,2008,32000,168045,Diesel
7993,Skoda Rapid Elegance,Skoda,2016,57000,131968,Petrol
7994,Chevrolet Beat LT,Chevrolet,2005,25000,104926,Petrol
7995,Tata Tigor XZ,Tata,2010,26000,149816,Petrol
7996,Jaguar XF Portfolio,Jaguar,2006,482000,99824,Diesel
7997,Skoda Fabia Classic,Skoda,2016,91000,40152,Petrol
7998,Volkswagen Ameo Highline,Volkswagen,2011,60000,53236,Diesel
7999,Mercedes GLA 200d,Mercedes,2015,996000,125605,Diesel
8000,Mahindra XUV500 W8,Mahindra,2008,47000,57928,Diesel
8001,Fiat Punto Active,Fiat,2005,25000,118643,Petrol
8002,Jaguar XF Portfolio,Jaguar,2005,388000,158179,Diesel
8003,Skoda Octavia Elegance,Skoda,2005,25000,141675,Diesel
8004,Nissan Sunny XL,Nissan,2005,25000,109101,Petrol
8005,Mitsubishi Lancer 1.8,Mitsubishi,2006,32000,104519,Petrol
8006,Toyota Etios VXD,Toyota,2018,99000,120271,Diesel
8007,Mahindra Jeep CL550,Mahindra,2020,102000,99809,Diesel
8008,Volvo S60 D4,Volvo,2021,2292000,49904,Petrol
8009,Audi Q7,Audi,2021,3048000,12151,Diesel
8010,Mitsubishi Pajero Sport,Mitsubishi,2008,54000,14477,Petrol
8011,Mercedes GLA 200d,Mercedes,2004,514000,20639,Petrol
8012,Maruti Suzuki Eeco,Maruti,2006,32000,61535,Diesel
8013,Land Rover Freelander,Land,2023,4055000,36615,Petrol
8014,Honda Amaze S,Honda,2008,49000,12082,Petrol
8015,Honda Amaze S,Honda,2009,31000,151185,Diesel
8016,Renault Lodgy 110PS,Renault,2017,83000,63970,Diesel
8017,Fiat Linea Active,Fiat,2007,34000,34240,Diesel
8018,BMW 5 Series,BMW,2005,492000,79946,Diesel
8019,Datsun redi-GO T,Datsun,2016,45000,71076,Petrol
8020,Maruti Suzuki Ertiga,Maruti,2018,123000,17030,Diesel
8021,Fiat Linea Active,Fiat,2020,67000,161162,Petrol
8022,Maruti Suzuki Alto,Maruti,2010,43000,62389,Petrol
8023,Mahindra Scorpio SLE,Mahindra,2004,25000,166030,Diesel
8024,Tata Indica V2,Tata,2022,112000,88601,Petrol
8025,Volkswagen Ameo Highline,Volkswagen,2003,25000,74099,Diesel
8026,Audi A4 35,Audi,2020,1956000,43639,Petrol
8027,Mini Cooper D,Mini,2005,321000,107410,Petrol
8028,Jaguar XF Portfolio,Jaguar,2007,649000,71667,Petrol
8029,Chevrolet Beat LT,Chevrolet,2022,73000,170937,Diesel
8030,Ford Figo,Ford,2017,120000,3756,Diesel
8031,Mahindra Jeep CL550,Mahindra,2009,41000,124836,Diesel
8032,Chevrolet Sail UVA,Chevrolet,2005,25000,85638,Petrol
8033,Fiat Punto Active,Fiat,2018,67000,91830,Petrol
8034,Mercedes GLA 200d,Mercedes,2004,547000,31195,Diesel
8035,Land Rover Discovery,Land,2015,1241000,131285,Diesel
8036,Tata Nano Lx,Tata,2023,100000,162569,Petrol
8037,Hyundai Elite i20,Hyundai,2021,103000,170200,Petrol
8038,Jaguar XF Portfolio,Jaguar,2023,3618000,31760,Petrol
8039,Ford Freestyle Titanium,Ford,2003,29000,24676,Diesel
8040,Nissan Micra XV,Nissan,2012,37000,166259,Diesel
8041,Maruti Suzuki Swift,Maruti,2010,58000,12708,Petrol
8042,Chevrolet Tavera Neo,Chevrolet,2009,38000,21485,Diesel
8043,Hyundai Elite i20,Hyundai,2016,101000,25024,Diesel
8044,Jeep Compass Limited,Jeep,2016,106000,134470,Diesel
8045,Volvo S60 D4,Volvo,2019,1790000,60274,Diesel
8046,Hyundai Verna 1.6,Hyundai,2004,35000,3409,Diesel
8047,Mini Cooper S,Mini,2007,397000,135669,Petrol
8048,Land Rover Freelander,Land,2011,721000,134101,Petrol
8049,Mahindra Bolero SLE,Mahindra,2009,70000,5581,Diesel
8050,Mitsubishi Lancer 1.8,Mitsubishi,2019,91000,164407,Diesel
8051,BMW 3 Series,BMW,2011,679000,152049,Petrol
8052,Mitsubishi Lancer 1.8,Mitsubishi,2015,61000,137975,Petrol
8053,Hyundai Creta 1.6,Hyundai,2005,25000,162224,Diesel
8054,Mini Cooper S,Mini,2008,780000,7001,Diesel
8055,Mahindra TUV300 T8,Mahindra,2002,25000,101574,Petrol
8056,Datsun GO Plus,Datsun,2010,25000,108565,Diesel
8057,Honda Brio S,Honda,2002,25000,157206,Diesel
8058,Jeep Compass Longitude,Jeep,2018,189000,27781,Diesel
8059,Renault Triber RXZ,Renault,2010,37000,67233,Petrol
8060,Skoda Rapid Elegance,Skoda,2016,103000,44960,Petrol
8061,BMW 3 Series,BMW,2022,1675000,105938,Petrol
8062,Mahindra KUV100 K8,Mahindra,2002,25000,173381,Diesel
8063,Audi A4 35,Audi,2014,806000,111112,Diesel
8064,Ford Fiesta Classic,Ford,2019,94000,95262,Petrol
8065,Volkswagen Polo Highline,Volkswagen,2011,43000,126302,Petrol
8066,Land Rover Discovery,Land,2004,594000,41763,Diesel
8067,Datsun GO Plus,Datsun,2010,36000,26533,Diesel
8068,Audi A4 35,Audi,2012,746000,120263,Petrol
8069,Honda City 1.5,Honda,2017,127000,4805,Petrol
8070,Land Rover Discovery,Land,2022,2267000,138110,Petrol
8071,Mercedes GLA 200d,Mercedes,2020,2216000,48796,Diesel
8072,Land Rover Freelander,Land,2008,696000,91120,Diesel
8073,BMW 3 Series,BMW,2018,1312000,113114,Petrol
8074,Tata Tiago Revotron,Tata,2006,30000,42318,Diesel
8075,Ford Fiesta Classic,Ford,2002,25000,17020,Petrol
8076,Mitsubishi Pajero Sport,Mitsubishi,2002,25000,148237,Petrol
8077,Mercedes E-Class E220d,Mercedes,2013,915000,145365,Diesel
8078,Jaguar XE Prestige,Jaguar,2005,557000,79801,Petrol
8079,Maruti Suzuki Swift,Maruti,2013,36000,118092,CNG
8080,Volvo S60 D4,Volvo,2021,1634000,85272,Petrol
8081,Volvo S60 D4,Volvo,2010,553000,102574,Petrol
8082,Volvo S60 D4,Volvo,2018,1868000,50668,Diesel
8083,Fiat Punto Active,Fiat,2014,63000,34986,Diesel
8084,Mahindra KUV100 K8,Mahindra,2008,38000,102035,Diesel
8085,Mahindra TUV300 T8,Mahindra,2016,88000,83535,Diesel
8086,Jaguar XF Portfolio,Jaguar,2023,3590000,47264,Diesel
8087,Volkswagen Jetta Comfortline,Volkswagen,2019,89000,142756,Petrol
8088,Land Rover Freelander,Land,2010,878000,86053,Petrol
8089,Mercedes C-Class C220d,Mercedes,2013,1421000,10106,Diesel
8090,Chevrolet Tavera Neo,Chevrolet,2007,27000,69702,Diesel
8091,Fiat Linea Active,Fiat,2016,52000,135522,Diesel
8092,Mitsubishi Pajero Sport,Mitsubishi,2020,140000,52765,Diesel
8093,Land Rover Freelander,Land,2011,1022000,44203,Petrol
8094,Volvo XC60 D5,Volvo,2008,443000,144831,Petrol
8095,Mahindra Bolero SLE,Mahindra,2002,25000,76897,Diesel
8096,BMW X1 sDrive20d,BMW,2008,633000,93872,Diesel
8097,BMW X1 sDrive20d,BMW,2007,410000,126328,Petrol
8098,Mitsubishi Pajero Sport,Mitsubishi,2009,51000,80265,Diesel
8099,Mini Cooper D,Mini,2009,713000,46929,Petrol
8100,Hyundai Tucson 2WD,Hyundai,2012,53000,77672,Diesel
8101,Audi A6 2.0,Audi,2003,292000,123898,Petrol
8102,Mitsubishi Lancer 1.8,Mitsubishi,2005,39000,24393,Petrol
8103,Datsun GO Plus,Datsun,2007,25000,83596,Diesel
8104,Hyundai Tucson 2WD,Hyundai,2003,25000,37453,Petrol
8105,Mitsubishi Lancer 1.8,Mitsubishi,2013,102000,6209,Petrol
8106,Skoda Rapid Elegance,Skoda,2004,28000,90377,Diesel
8107,Datsun GO Plus,Datsun,2009,39000,10916,Diesel
8108,Mercedes E-Class E220d,Mercedes,2015,1313000,40668,Petrol
8109,Chevrolet Spark LT,Chevrolet,2019,75000,55704,Petrol
8110,Ford Fiesta Classic,Ford,2009,33000,168414,Diesel
8111,Maruti Suzuki Eeco,Maruti,2016,84000,48527,Petrol
8112,Volkswagen Vento Highline,Volkswagen,2006,40000,59718,Diesel
8113,Nissan Sunny XL,Nissan,2017,66000,124842,Diesel
8114,Fiat Linea Active,Fiat,2008,30000,48920,Diesel
8115,Jeep Compass Limited,Jeep,2006,39000,109825,Petrol
8116,Mercedes GLA 200d,Mercedes,2011,707000,114712,Diesel
8117,Audi Q7,Audi,2013,798000,103509,Diesel
8118,Mitsubishi Pajero Sport,Mitsubishi,2010,67000,36156,Diesel
8119,Fiat Punto Active,Fiat,2022,75000,161822,Diesel
8120,Toyota Yaris VX,Toyota,2018,86000,128690,Petrol
8121,Audi A8,Audi,2018,1188000,103202,Petrol
8122,Volkswagen Ameo Highline,Volkswagen,2019,89000,125521,Diesel
8123,BMW 3 Series,BMW,2020,1656000,116956,Petrol
8124,Tata Indica V2,Tata,2018,67000,140840,Diesel
8125,Toyota Fortuner 3.0,Toyota,2017,95000,149135,Diesel
8126,Jaguar XF Portfolio,Jaguar,2016,1290000,175111,Diesel
8127,Maruti Suzuki Celerio,Maruti,2023,195000,8071,Diesel
8128,Datsun GO T,Datsun,2006,25000,18364,Diesel
8129,Chevrolet Beat LT,Chevrolet,2019,65000,106187,Diesel
8130,Mahindra Scorpio S10,Mahindra,2004,30000,76927,Diesel
8131,Jeep Compass Longitude,Jeep,2022,172000,161516,Diesel
8132,BMW X1 sDrive20d,BMW,2018,1393000,112090,Diesel
8133,Volkswagen Jetta Comfortline,Volkswagen,2015,101000,14010,Petrol
8134,Nissan Terrano XL,Nissan,2009,28000,161078,Diesel
8135,Land Rover Discovery,Land,2013,1334000,43343,Petrol
8136,Honda Jazz V,Honda,2014,57000,98156,Diesel
8137,Volvo XC60 D5,Volvo,2017,1195000,147224,Diesel
8138,Tata Tiago Revotron,Tata,2005,25000,99554,Petrol
8139,Toyota Etios VXD,Toyota,2016,109000,32694,Petrol
8140,Hyundai Santro Xing,Hyundai,2006,40000,21664,Diesel
8141,Fiat Linea Active,Fiat,2016,51000,179870,Diesel
8142,Audi A8,Audi,2009,585000,76151,Petrol
8143,Volvo S60 D4,Volvo,2008,698000,33495,Petrol
8144,Renault Lodgy 110PS,Renault,2014,46000,152182,Diesel
8145,Mitsubishi Pajero Sport,Mitsubishi,2018,120000,71282,Diesel
8146,Mercedes C-Class C220d,Mercedes,2006,479000,151521,Diesel
8147,Chevrolet Tavera Neo,Chevrolet,2006,25000,124405,Petrol
8148,Hyundai Elite i20,Hyundai,2010,47000,78443,Diesel
8149,Nissan Terrano XL,Nissan,2019,70000,161182,Petrol
8150,Maruti Suzuki Ciaz,Maruti,2011,38000,122618,Petrol
8151,Honda WR-V i-VTEC,Honda,2011,44000,106394,Diesel
8152,Mitsubishi Lancer 1.8,Mitsubishi,2007,44000,70247,Diesel
8153,Renault Duster 110,Renault,2006,25000,139016,Diesel
8154,Hyundai Tucson 2WD,Hyundai,2007,27000,120301,Diesel
8155,Hyundai Tucson 2WD,Hyundai,2018,106000,24229,Petrol
8156,Mahindra Thar CRDe,Mahindra,2022,212000,25356,Diesel
8157,Mahindra XUV500 W8,Mahindra,2014,52000,133695,Diesel
8158,Ford Fiesta Classic,Ford,2014,47000,175530,Diesel
8159,Maruti Suzuki Alto,Maruti,2019,71000,118595,CNG
8160,Hyundai Santro Xing,Hyundai,2008,45000,46212,Petrol
8161,Mercedes C-Class C220d,Mercedes,2011,658000,121811,Diesel
8162,Volkswagen Ameo Highline,Volkswagen,2015,69000,71446,Petrol
8163,Tata Nano Lx,Tata,2008,35000,60904,Diesel
8164,Land Rover Discovery,Land,2017,1927000,61997,Petrol
8165,Fiat Punto Active,Fiat,2004,25000,162883,Diesel
8166,Chevrolet Tavera Neo,Chevrolet,2019,81000,39033,Petrol
8167,Honda Brio S,Honda,2023,201000,21053,Petrol
8168,Jeep Compass Longitude,Jeep,2021,192000,44245,Petrol
8169,Volkswagen Polo Highline,Volkswagen,2006,28000,86567,Diesel
8170,Hyundai Venue SX,Hyundai,2017,69000,162571,Petrol
8171,Land Rover Discovery,Land,2011,822000,123018,Diesel
8172,Mahindra Scorpio SLE,Mahindra,2009,64000,28981,Diesel
8173,BMW X1 sDrive20d,BMW,2017,1659000,55383,Petrol
8174,Toyota Fortuner 3.0,Toyota,2011,65000,83276,Diesel
8175,Volkswagen Jetta Comfortline,Volkswagen,2018,105000,75260,Diesel
8176,Maruti Suzuki Ciaz,Maruti,2002,25000,50530,Diesel
8177,Land Rover Discovery,Land,2006,539000,99193,Petrol
8178,Mercedes E-Class E220d,Mercedes,2003,497000,49203,Diesel
8179,Datsun redi-GO T,Datsun,2007,25000,29052,Petrol
8180,Audi A6 2.0,Audi,2018,1177000,143584,Petrol
8181,BMW X1 sDrive20d,BMW,2022,2075000,80726,Diesel
8182,Chevrolet Beat LT,Chevrolet,2023,83000,165435,Petrol
8183,Mini Cooper D,Mini,2009,417000,173662,Petrol
8184,Mitsubishi Lancer 1.8,Mitsubishi,2002,31000,45231,Petrol
8185,Jeep Compass Limited,Jeep,2002,37000,11674,Petrol
8186,Toyota Etios VXD,Toyota,2003,25000,94195,Petrol
8187,Fiat Punto Active,Fiat,2020,88000,94304,Diesel
8188,Mitsubishi Pajero Sport,Mitsubishi,2011,42000,111424,Diesel
8189,Maruti Suzuki Swift,Maruti,2011,32000,123350,Petrol
8190,Nissan Terrano XL,Nissan,2021,148000,26215,Petrol
8191,Hyundai i10 Sportz,Hyundai,2015,67000,85085,Petrol
8192,Mini Cooper D,Mini,2016,774000,112719,Petrol
8193,Tata Indica V2,Tata,2015,85000,5315,Petrol
8194,Honda Brio S,Honda,2011,46000,89299,Petrol
8195,Tata Nano Lx,Tata,2016,79000,16038,Diesel
8196,Mahindra KUV100 K8,Mahindra,2021,153000,67513,Petrol
8197,Skoda Rapid Elegance,Skoda,2019,92000,109068,Diesel
8198,Jaguar XF Portfolio,Jaguar,2015,1003000,161063,Petrol
8199,Skoda Fabia Classic,Skoda,2002,34000,1423,Petrol
8200,Audi Q3 35,Audi,2008,481000,117369,Diesel
8201,Mercedes C-Class C220d,Mercedes,2018,2121000,46838,Petrol
8202,Jaguar XE Prestige,Jaguar,2009,674000,126160,Diesel
8203,Mini Cooper S,Mini,2008,543000,61785,Diesel
8204,Volkswagen Polo Highline,Volkswagen,2017,72000,129549,Diesel
8205,BMW 5 Series,BMW,2004,510000,11188,Petrol
8206,Volvo S60 D4,Volvo,2005,318000,138950,Diesel
8207,Mercedes GLA 200d,Mercedes,2009,570000,163454,Petrol
8208,Skoda Octavia Elegance,Skoda,2023,119000,151592,Petrol
8209,Mitsubishi Lancer 1.8,Mitsubishi,2009,71000,22695,Diesel
8210,Nissan Terrano XL,Nissan,2018,108000,12641,Petrol
8211,Chevrolet Tavera Neo,Chevrolet,2012,43000,25924,Petrol
8212,Renault Kwid RXT,Renault,2008,25000,128866,Petrol
8213,Volkswagen Ameo Highline,Volkswagen,2014,50000,140607,Diesel
8214,Mini Cooper S,Mini,2009,478000,132889,Diesel
8215,Skoda Fabia Classic,Skoda,2019,108000,81024,Petrol
8216,Datsun GO Plus,Datsun,2010,25000,84819,Diesel
8217,Audi A6 2.0,Audi,2009,453000,127804,Petrol
8218,Tata Nexon XZ,Tata,2003,25000,90801,Diesel
8219,Mercedes C-Class C220d,Mercedes,2007,412000,124089,Petrol
8220,Honda WR-V i-VTEC,Honda,2007,29000,169781,Diesel
8221,Volvo S60 D4,Volvo,2015,1434000,5876,Diesel
8222,Datsun GO T,Datsun,2021,72000,94319,Diesel
8223,Mahindra Scorpio S10,Mahindra,2019,103000,151410,Diesel
8224,Mercedes E-Class E220d,Mercedes,2018,1266000,113024,Diesel
8225,Renault Duster 110,Renault,2020,74000,129349,Diesel
8226,Datsun GO T,Datsun,2005,25000,68742,Petrol
8227,Mitsubishi Pajero Sport,Mitsubishi,2018,82000,179942,Diesel
8228,Mini Cooper D,Mini,2019,1045000,113340,Petrol
8229,Volkswagen Jetta Comfortline,Volkswagen,2010,34000,175082,Petrol
8230,Mitsubishi Pajero Sport,Mitsubishi,2012,51000,90048,Petrol
8231,Nissan Terrano XL,Nissan,2003,25000,174128,Diesel
8232,Renault Triber RXZ,Renault,2011,34000,161870,Petrol
8233,Jeep Compass Limited,Jeep,2009,65000,76190,Petrol
8234,Toyota Fortuner 3.0,Toyota,2007,33000,118789,Diesel
8235,Hyundai Venue SX,Hyundai,2020,77000,179822,Petrol
8236,Mahindra Scorpio SLE,Mahindra,2014,53000,173678,Diesel
8237,Audi A4 35,Audi,2005,593000,1873,Petrol
8238,Mercedes C-Class C220d,Mercedes,2015,1652000,17414,Diesel
8239,Volkswagen Polo Highline,Volkswagen,2017,71000,164366,Petrol
8240,Maruti Suzuki Alto,Maruti,2003,31000,7510,Petrol
8241,Renault Duster 110,Renault,2023,105000,167396,Petrol
8242,Fiat Punto Active,Fiat,2010,42000,2204,Petrol
8243,Renault Kwid RXT,Renault,2005,25000,93220,Petrol
8244,Mercedes C-Class C220d,Mercedes,2010,797000,75751,Petrol
8245,Skoda Rapid Elegance,Skoda,2014,92000,19891,Diesel
8246,Ford EcoSport Ambiente,Ford,2022,95000,143056,Petrol
8247,Chevrolet Tavera Neo,Chevrolet,2011,29000,127865,Petrol
8248,Mitsubishi Pajero Sport,Mitsubishi,2011,49000,135194,Diesel
8249,Volvo S60 D4,Volvo,2023,1960000,159738,Petrol
8250,Renault Kwid RXT,Renault,2014,47000,91206,Diesel
8251,Mini Cooper D,Mini,2019,1816000,18576,Petrol
8252,Volvo S60 D4,Volvo,2014,813000,150587,Petrol
8253,Audi A4 35,Audi,2023,2080000,131791,Diesel
8254,Audi Q3 35,Audi,2019,1486000,111306,Diesel
8255,Jaguar XF Portfolio,Jaguar,2021,1927000,121729,Diesel
8256,Jaguar XE Prestige,Jaguar,2003,319000,121307,Diesel
8257,Jeep Compass Longitude,Jeep,2008,45000,171976,Petrol
8258,Renault Kwid RXT,Renault,2010,32000,122685,Diesel
8259,Toyota Fortuner 3.0,Toyota,2017,92000,147527,Diesel
8260,Audi A6 2.0,Audi,2022,1704000,142869,Diesel
8261,Nissan Micra XV,Nissan,2004,25000,120662,Petrol
8262,Maruti Suzuki Eeco,Maruti,2012,39000,134830,CNG
8263,Mini Cooper S,Mini,2007,366000,177358,Petrol
8264,Chevrolet Tavera Neo,Chevrolet,2014,31000,162235,Petrol
8265,Tata Nexon XZ,Tata,2023,177000,8457,Diesel
8266,Mahindra Jeep CL550,Mahindra,2015,107000,33496,Diesel
8267,Nissan Terrano XL,Nissan,2011,45000,59042,Diesel
8268,Mercedes E-Class E220d,Mercedes,2016,2057000,900,Diesel
8269,Ford EcoSport Titanium,Ford,2016,95000,41611,Diesel
8270,Mitsubishi Lancer 1.8,Mitsubishi,2009,48000,67234,Petrol
8271,Hyundai Tucson 2WD,Hyundai,2010,62000,27459,Diesel
8272,Land Rover Discovery,Land,2016,1657000,46892,Diesel
8273,Toyota Glanza G,Toyota,2023,130000,129201,Petrol
8274,Honda City 1.5,Honda,2013,53000,104468,Diesel
8275,Chevrolet Spark LT,Chevrolet,2003,25000,124966,Petrol
8276,Fiat Punto Active,Fiat,2006,25000,45313,Petrol
8277,Mitsubishi Lancer 1.8,Mitsubishi,2003,25000,82198,Petrol
8278,Ford Freestyle Titanium,Ford,2022,166000,23661,Diesel
8279,Mercedes GLA 200d,Mercedes,2010,1030000,23166,Diesel
8280,Nissan Sunny XL,Nissan,2012,65000,22615,Petrol
8281,Chevrolet Sail UVA,Chevrolet,2020,115000,19759,Diesel
8282,Tata Nexon XZ,Tata,2008,35000,61099,Diesel
8283,Chevrolet Beat LT,Chevrolet,2003,25000,117135,Diesel
8284,Chevrolet Beat LT,Chevrolet,2004,25000,148646,Petrol
8285,Volkswagen Jetta Comfortline,Volkswagen,2002,25000,103078,Diesel
8286,Mini Cooper D,Mini,2017,992000,133078,Petrol
8287,Mahindra Bolero SLE,Mahindra,2012,83000,39343,Diesel
8288,BMW 5 Series,BMW,2020,2475000,17094,Diesel
8289,Mitsubishi Pajero Sport,Mitsubishi,2023,201000,69695,Petrol
8290,Mahindra Bolero SLE,Mahindra,2003,25000,99352,Diesel
8291,Volkswagen Jetta Comfortline,Volkswagen,2013,73000,25875,Petrol
8292,Hyundai Santro Xing,Hyundai,2011,40000,162165,Petrol
8293,Volkswagen Vento Highline,Volkswagen,2018,113000,69641,Diesel
8294,Fiat Punto Active,Fiat,2020,97000,41579,Petrol
8295,Ford Figo Aspire,Ford,2008,39000,62787,Petrol
8296,Datsun GO T,Datsun,2012,25000,152807,Petrol
8297,Nissan Sunny XL,Nissan,2005,31000,29230,Petrol
8298,Ford Figo,Ford,2018,108000,55651,Petrol
8299,Renault Duster 110,Renault,2018,83000,55634,Petrol
8300,Mercedes GLA 200d,Mercedes,2004,354000,129483,Diesel
8301,Mitsubishi Lancer 1.8,Mitsubishi,2002,25000,128931,Petrol
8302,Honda Amaze S,Honda,2009,38000,85629,Petrol
8303,Tata Indica V2,Tata,2013,51000,64911,Diesel
8304,Fiat Linea Active,Fiat,2006,25000,81652,Diesel
8305,Volkswagen Polo Highline,Volkswagen,2020,119000,66602,Petrol
8306,Mercedes C-Class C220d,Mercedes,2015,982000,144439,Petrol
8307,Toyota Innova 2.5,Toyota,2019,94000,170631,Petrol
8308,Toyota Innova 2.5,Toyota,2014,85000,51110,Diesel
8309,Tata Bolt XT,Tata,2015,48000,168545,Diesel
8310,Jaguar XF Portfolio,Jaguar,2009,868000,37196,Petrol
8311,Honda Jazz V,Honda,2007,27000,113555,Petrol
8312,Tata Nexon XZ,Tata,2018,94000,20703,Petrol
8313,Chevrolet Spark LT,Chevrolet,2018,53000,127276,Diesel
8314,Volkswagen Ameo Highline,Volkswagen,2016,81000,74295,Petrol
8315,Volkswagen Ameo Highline,Volkswagen,2004,39000,1016,Diesel
8316,Hyundai i10 Sportz,Hyundai,2012,57000,47942,Diesel
8317,Mini Cooper S,Mini,2010,648000,78456,Diesel
8318,Fiat Linea Active,Fiat,2017,63000,83497,Diesel
8319,Ford Fiesta Classic,Ford,2012,37000,175423,Diesel
8320,Toyota Corolla Altis,Toyota,2002,37000,27240,Diesel
8321,Skoda Fabia Classic,Skoda,2023,147000,117696,Diesel
8322,Skoda Octavia Elegance,Skoda,2017,113000,43357,Diesel
8323,Honda WR-V i-VTEC,Honda,2005,29000,91455,Petrol
8324,Jaguar XE Prestige,Jaguar,2002,397000,84699,Diesel
8325,Fiat Punto Active,Fiat,2018,85000,46131,Petrol
8326,Maruti Suzuki Ciaz,Maruti,2018,61000,134951,Petrol
8327,Honda Jazz V,Honda,2007,25000,164232,Petrol
8328,Mitsubishi Lancer 1.8,Mitsubishi,2006,44000,51357,Diesel
8329,Mahindra XUV500 W8,Mahindra,2003,35000,41208,Diesel
8330,Mitsubishi Pajero Sport,Mitsubishi,2007,33000,82714,Petrol
8331,Toyota Etios VXD,Toyota,2017,88000,156779,Petrol
8332,Mitsubishi Pajero Sport,Mitsubishi,2012,56000,160625,Diesel
8333,Mini Cooper D,Mini,2017,813000,168353,Petrol
8334,Fiat Punto Active,Fiat,2017,75000,27835,Diesel
8335,Chevrolet Spark LT,Chevrolet,2011,29000,100036,Petrol
8336,Fiat Linea Active,Fiat,2020,101000,42475,Petrol
8337,Nissan Micra XV,Nissan,2007,40000,36876,Diesel
8338,Maruti Suzuki Ciaz,Maruti,2020,87000,163465,CNG
8339,Volkswagen Polo Highline,Volkswagen,2005,25000,115977,Petrol
8340,Hyundai Eon Era,Hyundai,2014,60000,77615,Diesel
8341,Nissan Terrano XL,Nissan,2023,106000,173909,Petrol
8342,Volvo XC60 D5,Volvo,2018,1365000,73312,Petrol
8343,Honda Civic 1.8,Honda,2023,135000,115859,Diesel
8344,Skoda Octavia Elegance,Skoda,2007,30000,148731,Diesel
8345,Volvo XC60 D5,Volvo,2017,1759000,21522,Diesel
8346,Mercedes C-Class C220d,Mercedes,2003,322000,122712,Petrol
8347,Mini Cooper S,Mini,2009,452000,96176,Petrol
8348,Nissan Terrano XL,Nissan,2006,31000,30090,Diesel
8349,Chevrolet Beat LT,Chevrolet,2013,39000,84126,Diesel
8350,Ford Fiesta Classic,Ford,2022,134000,71426,Petrol
8351,Ford EcoSport Titanium,Ford,2012,54000,79765,Petrol
8352,Ford Freestyle Titanium,Ford,2018,76000,131230,Diesel
8353,Ford Endeavour 4x4,Ford,2006,27000,101395,Diesel
8354,Mercedes C-Class C220d,Mercedes,2009,608000,103362,Diesel
8355,Maruti Suzuki Omni,Maruti,2004,25000,148688,Petrol
8356,Maruti Suzuki Ertiga,Maruti,2009,26000,145650,Petrol
8357,Renault Kwid RXT,Renault,2014,58000,91151,Diesel
8358,Chevrolet Beat LT,Chevrolet,2023,84000,134800,Petrol
8359,Mini Cooper D,Mini,2012,1046000,17154,Diesel
8360,Renault Lodgy 110PS,Renault,2020,83000,146389,Petrol
8361,Volkswagen Ameo Highline,Volkswagen,2021,122000,67357,Petrol
8362,Volvo XC60 D5,Volvo,2003,280000,137597,Petrol
8363,Maruti Suzuki Ertiga,Maruti,2020,97000,85525,CNG
8364,Fiat Punto Active,Fiat,2008,30000,50082,Petrol
8365,Toyota Fortuner 3.0,Toyota,2014,83000,75613,Petrol
8366,Renault Duster 110,Renault,2016,57000,91060,Petrol
8367,Mitsubishi Pajero Sport,Mitsubishi,2022,116000,112988,Diesel
8368,Datsun redi-GO T,Datsun,2005,25000,15143,Petrol
8369,Datsun redi-GO T,Datsun,2008,25000,130854,Diesel
8370,Nissan Terrano XL,Nissan,2019,89000,51401,Petrol
8371,BMW 5 Series,BMW,2012,879000,67231,Petrol
8372,Jeep Compass Longitude,Jeep,2006,32000,107663,Petrol
8373,Mini Cooper D,Mini,2022,1361000,176162,Petrol
8374,Audi A4 35,Audi,2022,2408000,57231,Petrol
8375,Ford Figo Aspire,Ford,2015,93000,33806,Petrol
8376,Chevrolet Beat LT,Chevrolet,2004,25000,169660,Petrol
8377,BMW 3 Series,BMW,2013,1247000,25100,Petrol
8378,Volkswagen Ameo Highline,Volkswagen,2006,35000,69111,Diesel
8379,Maruti Suzuki Alto,Maruti,2010,33000,172709,Petrol
8380,Audi A8,Audi,2012,620000,130373,Petrol
8381,Nissan Terrano XL,Nissan,2011,31000,115559,Diesel
8382,Volkswagen Polo Highline,Volkswagen,2004,25000,172919,Diesel
8383,Maruti Suzuki Celerio,Maruti,2011,34000,169149,Diesel
8384,Toyota Yaris VX,Toyota,2013,85000,38025,Petrol
8385,Volvo XC60 D5,Volvo,2008,433000,152685,Petrol
8386,Datsun redi-GO T,Datsun,2013,49000,39878,Diesel
8387,Renault Duster 110,Renault,2012,33000,126143,Diesel
8388,Nissan Terrano XL,Nissan,2004,26000,26961,Petrol
8389,Mercedes E-Class E220d,Mercedes,2019,1911000,61385,Diesel
8390,Volvo XC60 D5,Volvo,2018,1971000,12895,Petrol
8391,Audi A4 35,Audi,2015,848000,108923,Petrol
8392,Mini Cooper S,Mini,2013,860000,47341,Diesel
8393,Mini Cooper D,Mini,2007,370000,109324,Diesel
8394,Tata Nano Lx,Tata,2015,69000,25944,Petrol
8395,Honda WR-V i-VTEC,Honda,2002,27000,21656,Petrol
8396,Honda Brio S,Honda,2022,179000,15161,Petrol
8397,Jaguar XE Prestige,Jaguar,2003,460000,72297,Diesel
8398,Audi A4 35,Audi,2019,1345000,97669,Petrol
8399,Chevrolet Tavera Neo,Chevrolet,2011,25000,133030,Petrol
8400,Fiat Linea Active,Fiat,2012,48000,50779,Petrol
8401,Renault Kwid RXT,Renault,2014,49000,75515,Petrol
8402,Land Rover Discovery,Land,2010,860000,95479,Diesel
8403,Tata Tigor XZ,Tata,2021,102000,54950,Petrol
8404,Ford Figo Aspire,Ford,2019,77000,134710,Petrol
8405,Honda City 1.5,Honda,2012,52000,88237,Diesel
8406,Jaguar XE Prestige,Jaguar,2006,467000,96484,Petrol
8407,Tata Tigor XZ,Tata,2008,31000,76217,Petrol
8408,Mitsubishi Pajero Sport,Mitsubishi,2020,151000,79821,Diesel
8409,Mini Cooper D,Mini,2017,1066000,114650,Diesel
8410,Datsun GO T,Datsun,2013,43000,52956,Diesel
8411,Mercedes C-Class C220d,Mercedes,2006,690000,11425,Petrol
8412,Mercedes GLA 200d,Mercedes,2010,973000,32118,Diesel
8413,Volvo S60 D4,Volvo,2008,873000,1624,Petrol
8414,Toyota Etios VXD,Toyota,2009,38000,118091,Petrol
8415,Renault Kwid RXT,Renault,2023,168000,50592,Diesel
8416,Volvo XC60 D5,Volvo,2022,2222000,42003,Petrol
8417,Volvo S60 D4,Volvo,2016,1767000,2384,Petrol
8418,Mercedes E-Class E220d,Mercedes,2022,2232000,67382,Petrol
8419,Land Rover Freelander,Land,2004,351000,130821,Petrol
8420,Volvo S60 D4,Volvo,2002,254000,178627,Diesel
8421,Chevrolet Spark LT,Chevrolet,2022,137000,12373,Diesel
8422,BMW X1 sDrive20d,BMW,2014,869000,90906,Petrol
8423,Volvo XC60 D5,Volvo,2008,400000,123878,Petrol
8424,Jeep Compass Longitude,Jeep,2020,178000,47983,Petrol
8425,Toyota Corolla Altis,Toyota,2010,42000,138722,Petrol
8426,Volvo XC60 D5,Volvo,2013,789000,121381,Diesel
8427,Tata Bolt XT,Tata,2013,37000,156369,Petrol
8428,BMW 3 Series,BMW,2004,501000,43665,Diesel
8429,Audi Q3 35,Audi,2020,1579000,178469,Petrol
8430,Jeep Compass Limited,Jeep,2023,178000,122125,Petrol
8431,Tata Tigor XZ,Tata,2010,30000,178102,Diesel
8432,Volkswagen Jetta Comfortline,Volkswagen,2023,164000,79287,Diesel
8433,Datsun GO Plus,Datsun,2011,28000,79061,Diesel
8434,Ford Fiesta Classic,Ford,2013,45000,121595,Petrol
8435,Volkswagen Vento Highline,Volkswagen,2014,86000,14637,Diesel
8436,Mitsubishi Pajero Sport,Mitsubishi,2010,55000,61522,Petrol
8437,Jaguar XF Portfolio,Jaguar,2005,682000,34783,Petrol
8438,Volkswagen Ameo Highline,Volkswagen,2022,194000,38712,Diesel
8439,Tata Nexon XZ,Tata,2007,42000,2851,Diesel
8440,Jaguar XE Prestige,Jaguar,2003,364000,162683,Diesel
8441,Volvo S60 D4,Volvo,2010,538000,105045,Diesel
8442,Chevrolet Spark LT,Chevrolet,2020,104000,30443,Petrol
8443,Mitsubishi Pajero Sport,Mitsubishi,2019,143000,41571,Petrol
8444,Chevrolet Beat LT,Chevrolet,2016,61000,62026,Diesel
8445,Chevrolet Beat LT,Chevrolet,2013,58000,9748,Diesel
8446,Jaguar XE Prestige,Jaguar,2010,672000,108761,Petrol
8447,Datsun GO Plus,Datsun,2015,53000,42315,Petrol
8448,Datsun GO T,Datsun,2023,72000,121221,Petrol
8449,Ford EcoSport Ambiente,Ford,2010,43000,95153,Diesel
8450,Mahindra Bolero SLE,Mahindra,2020,100000,158051,Diesel
8451,Mahindra Bolero SLE,Mahindra,2010,39000,101006,Petrol
8452,Chevrolet Sail UVA,Chevrolet,2011,28000,87562,Petrol
8453,Honda City 1.5,Honda,2021,110000,136738,Diesel
8454,Honda City 1.5,Honda,2013,44000,159126,Petrol
8455,Volvo S60 D4,Volvo,2002,258000,148441,Petrol
8456,Land Rover Freelander,Land,2007,684000,81039,Petrol
8457,Mitsubishi Lancer 1.8,Mitsubishi,2003,25000,178276,Diesel
8458,Fiat Punto Active,Fiat,2019,100000,43257,Diesel
8459,Hyundai Santro Xing,Hyundai,2023,213000,1973,Diesel
8460,Skoda Octavia Elegance,Skoda,2023,126000,107449,Petrol
8461,Nissan Terrano XL,Nissan,2002,25000,30313,Petrol
8462,Tata Indica V2,Tata,2005,25000,42513,Diesel
8463,Tata Nexon XZ,Tata,2010,32000,102031,Diesel
8464,Mini Cooper S,Mini,2010,440000,135109,Petrol
8465,Volkswagen Ameo Highline,Volkswagen,2017,114000,47428,Petrol
8466,Chevrolet Spark LT,Chevrolet,2007,33000,26530,Diesel
8467,Mini Cooper D,Mini,2013,702000,83254,Petrol
8468,Volvo XC60 D5,Volvo,2013,1468000,3702,Diesel
8469,Datsun GO T,Datsun,2016,66000,41775,Petrol
8470,Mitsubishi Pajero Sport,Mitsubishi,2020,182000,39364,Diesel
8471,Jeep Compass Longitude,Jeep,2005,61000,8263,Diesel
8472,Toyota Glanza G,Toyota,2013,79000,74836,Diesel
8473,Toyota Yaris VX,Toyota,2008,39000,111576,Petrol
8474,Ford Figo Aspire,Ford,2009,28000,171177,Diesel
8475,Mercedes E-Class E220d,Mercedes,2006,801000,7772,Petrol
8476,Audi Q7,Audi,2021,2264000,59552,Diesel
8477,Mahindra Jeep CL550,Mahindra,2010,41000,133221,Diesel
8478,Volvo S60 D4,Volvo,2013,1005000,69630,Petrol
8479,Audi Q7,Audi,2011,582000,166032,Petrol
8480,Mercedes C-Class C220d,Mercedes,2010,1149000,1763,Diesel
8481,Nissan Micra XV,Nissan,2012,34000,105110,Petrol
8482,Mini Cooper S,Mini,2016,864000,165744,Petrol
8483,Jeep Compass Limited,Jeep,2023,345000,3715,Diesel
8484,Land Rover Freelander,Land,2009,1171000,3105,Diesel
8485,Ford EcoSport Ambiente,Ford,2005,27000,82529,Petrol
8486,Skoda Fabia Classic,Skoda,2016,80000,99728,Diesel
8487,Ford Figo Aspire,Ford,2012,54000,63541,Diesel
8488,Datsun redi-GO T,Datsun,2019,58000,90155,Diesel
8489,Datsun redi-GO T,Datsun,2009,25000,104189,Petrol
8490,Ford Figo Aspire,Ford,2018,92000,96845,Diesel
8491,Mahindra TUV300 T8,Mahindra,2005,25000,112894,Petrol
8492,Toyota Corolla Altis,Toyota,2015,64000,167373,Petrol
8493,Jaguar XE Prestige,Jaguar,2005,509000,70337,Petrol
8494,Mahindra Scorpio S10,Mahindra,2003,33000,21508,Petrol
8495,Volkswagen Polo Highline,Volkswagen,2012,42000,124637,Diesel
8496,Volkswagen Vento Highline,Volkswagen,2008,28000,131342,Petrol
8497,Volkswagen Ameo Highline,Volkswagen,2019,149000,40499,Diesel
8498,Maruti Suzuki Alto,Maruti,2002,25000,130661,Petrol
8499,Mini Cooper D,Mini,2016,1069000,70675,Petrol
8500,Chevrolet Sail UVA,Chevrolet,2007,25000,177532,Diesel
8501,Toyota Fortuner 3.0,Toyota,2021,217000,28430,Diesel
8502,Land Rover Freelander,Land,2020,1609000,120453,Petrol
8503,Renault Duster 110,Renault,2018,73000,169956,Diesel
8504,BMW X1 sDrive20d,BMW,2009,838000,54648,Diesel
8505,Renault Lodgy 110PS,Renault,2013,68000,12367,Petrol
8506,Land Rover Freelander,Land,2018,1936000,84556,Diesel
8507,Hyundai Elite i20,Hyundai,2019,88000,79571,Diesel
8508,Audi Q7,Audi,2008,485000,110173,Petrol
8509,Land Rover Discovery,Land,2021,2538000,77715,Petrol
8510,Skoda Rapid Elegance,Skoda,2021,177000,14578,Diesel
8511,Nissan Micra XV,Nissan,2017,55000,166032,Petrol
8512,BMW 3 Series,BMW,2019,2230000,33960,Petrol
8513,Jaguar XE Prestige,Jaguar,2002,318000,178864,Petrol
8514,BMW X1 sDrive20d,BMW,2017,1160000,144873,Petrol
8515,Mini Cooper D,Mini,2008,653000,1349,Petrol
8516,Chevrolet Spark LT,Chevrolet,2007,25000,39284,Petrol
8517,Skoda Rapid Elegance,Skoda,2006,36000,70334,Petrol
8518,Hyundai Xcent S,Hyundai,2008,26000,145903,Petrol
8519,Mini Cooper D,Mini,2019,1243000,175570,Petrol
8520,Jaguar XE Prestige,Jaguar,2006,692000,46356,Diesel
8521,Datsun GO T,Datsun,2021,59000,153114,Diesel
8522,Ford Freestyle Titanium,Ford,2018,68000,104963,Petrol
8523,Ford Figo,Ford,2022,165000,59548,Diesel
8524,Land Rover Freelander,Land,2004,563000,68247,Diesel
8525,Volkswagen Jetta Comfortline,Volkswagen,2006,36000,40557,Diesel
8526,Volkswagen Jetta Comfortline,Volkswagen,2010,54000,66749,Petrol
8527,Volvo XC60 D5,Volvo,2008,768000,8447,Petrol
8528,Nissan Terrano XL,Nissan,2003,25000,137636,Petrol
8529,Mini Cooper S,Mini,2002,234000,167625,Diesel
8530,Jaguar XF Portfolio,Jaguar,2017,1540000,95370,Diesel
8531,Mercedes C-Class C220d,Mercedes,2012,686000,122732,Petrol
8532,Renault Kwid RXT,Renault,2017,53000,154718,Petrol
8533,Mitsubishi Lancer 1.8,Mitsubishi,2023,243000,14784,Diesel
8534,Jaguar XF Portfolio,Jaguar,2014,1545000,27560,Petrol
8535,Jeep Compass Longitude,Jeep,2006,35000,177448,Petrol
8536,Honda Jazz V,Honda,2019,145000,9531,Diesel
8537,Honda WR-V i-VTEC,Honda,2012,48000,111954,Petrol
8538,Audi A6 2.0,Audi,2003,545000,20775,Diesel
8539,Maruti Suzuki Swift,Maruti,2005,25000,117070,Diesel
8540,Datsun redi-GO T,Datsun,2016,48000,77245,Diesel
8541,BMW 5 Series,BMW,2011,878000,77981,Diesel
8542,Jeep Compass Longitude,Jeep,2017,165000,32727,Diesel
8543,Land Rover Freelander,Land,2009,1243000,4857,Petrol
8544,Tata Nano Lx,Tata,2011,54000,31730,Diesel
8545,Chevrolet Sail UVA,Chevrolet,2023,149000,4884,Petrol
8546,Renault Duster 110,Renault,2008,26000,96877,Diesel
8547,Renault Lodgy 110PS,Renault,2009,47000,28760,Petrol
8548,Land Rover Freelander,Land,2010,732000,144496,Petrol
8549,Land Rover Discovery,Land,2020,1733000,148497,Diesel
8550,Mini Cooper S,Mini,2017,948000,137773,Petrol
8551,Jeep Compass Longitude,Jeep,2023,171000,150844,Diesel
8552,Mini Cooper S,Mini,2015,1066000,46897,Petrol
8553,Audi Q7,Audi,2015,1366000,51616,Petrol
8554,Datsun GO Plus,Datsun,2004,25000,149896,Diesel
8555,Audi A8,Audi,2021,1782000,141080,Diesel
8556,Volkswagen Ameo Highline,Volkswagen,2020,162000,16944,Petrol
8557,Ford EcoSport Ambiente,Ford,2010,33000,175448,Petrol
8558,Chevrolet Sail UVA,Chevrolet,2016,61000,60014,Petrol
8559,Hyundai Xcent S,Hyundai,2017,105000,35639,Diesel
8560,Renault Duster 110,Renault,2006,35000,42400,Diesel
8561,Toyota Fortuner 3.0,Toyota,2013,89000,41579,Petrol
8562,Toyota Fortuner 3.0,Toyota,2023,198000,38685,Petrol
8563,Volkswagen Vento Highline,Volkswagen,2011,70000,17870,Diesel
8564,Fiat Punto Active,Fiat,2015,46000,121213,Diesel
8565,Audi A6 2.0,Audi,2016,930000,115640,Diesel
8566,Land Rover Discovery,Land,2015,1891000,7064,Diesel
8567,Datsun GO Plus,Datsun,2012,27000,167457,Diesel
8568,Hyundai Tucson 2WD,Hyundai,2014,45000,141195,Petrol
8569,BMW X1 sDrive20d,BMW,2021,1555000,132211,Diesel
8570,Datsun GO T,Datsun,2021,104000,33084,Petrol
8571,Tata Nexon XZ,Tata,2002,25000,85463,Petrol
8572,Fiat Punto Active,Fiat,2004,25000,3468,Petrol
8573,Mercedes GLA 200d,Mercedes,2009,932000,30748,Petrol
8574,Mini Cooper D,Mini,2004,296000,153935,Diesel
8575,Toyota Etios VXD,Toyota,2012,90000,14924,Petrol
8576,Jaguar XE Prestige,Jaguar,2007,542000,124550,Diesel
8577,Volkswagen Ameo Highline,Volkswagen,2011,60000,74338,Diesel
8578,Mercedes GLA 200d,Mercedes,2021,2535000,45895,Diesel
8579,Jaguar XF Portfolio,Jaguar,2004,349000,119533,Diesel
8580,Datsun GO T,Datsun,2008,25000,123932,Diesel
8581,Toyota Etios VXD,Toyota,2016,88000,98623,Petrol
8582,Volvo S60 D4,Volvo,2002,262000,142865,Diesel
8583,Mitsubishi Pajero Sport,Mitsubishi,2021,192000,18446,Petrol
8584,Mahindra Scorpio S10,Mahindra,2014,89000,57053,Diesel
8585,Fiat Punto Active,Fiat,2013,32000,113956,Diesel
8586,Datsun GO T,Datsun,2007,25000,85200,Petrol
8587,BMW 3 Series,BMW,2018,1540000,75632,Diesel
8588,Fiat Punto Active,Fiat,2018,77000,66721,Petrol
8589,Toyota Corolla Altis,Toyota,2006,47000,15401,Petrol
8590,Mitsubishi Pajero Sport,Mitsubishi,2019,131000,41163,Petrol
8591,Volvo XC60 D5,Volvo,2023,2118000,109914,Diesel
8592,Jeep Compass Longitude,Jeep,2002,35000,50627,Petrol
8593,Volkswagen Polo Highline,Volkswagen,2021,113000,159850,Petrol
8594,Mahindra XUV500 W8,Mahindra,2017,77000,109117,Petrol
8595,Jeep Compass Longitude,Jeep,2011,59000,171281,Petrol
8596,Mercedes GLA 200d,Mercedes,2021,3152000,26227,Diesel
8597,Honda City 1.5,Honda,2018,103000,71354,Diesel
8598,Chevrolet Beat LT,Chevrolet,2020,78000,68879,Petrol
8599,Skoda Octavia Elegance,Skoda,2013,51000,166253,Petrol
8600,Ford EcoSport Titanium,Ford,2016,66000,95409,Petrol
8601,Volvo XC60 D5,Volvo,2007,645000,36588,Diesel
8602,Land Rover Discovery,Land,2003,536000,33853,Petrol
8603,Land Rover Freelander,Land,2023,3950000,41127,Petrol
8604,Volkswagen Ameo Highline,Volkswagen,2023,145000,149548,Diesel
8605,Renault Duster 110,Renault,2016,55000,151244,Diesel
8606,BMW 5 Series,BMW,2016,1616000,39031,Petrol
8607,Mercedes GLA 200d,Mercedes,2008,559000,147827,Petrol
8608,Mahindra KUV100 K8,Mahindra,2008,33000,142568,Diesel
8609,Mercedes GLA 200d,Mercedes,2011,1186000,3513,Petrol
8610,Honda Amaze S,Honda,2021,170000,29293,Diesel
8611,Chevrolet Sail UVA,Chevrolet,2019,77000,78940,Petrol
8612,Toyota Etios VXD,Toyota,2019,151000,58799,Diesel
8613,Honda Amaze S,Honda,2020,149000,61468,Diesel
8614,Mercedes E-Class E220d,Mercedes,2018,1256000,166493,Diesel
8615,Fiat Punto Active,Fiat,2013,35000,141365,Diesel
8616,Maruti Suzuki Eeco,Maruti,2010,47000,60094,Diesel
8617,Nissan Terrano XL,Nissan,2008,39000,21172,Diesel
8618,Mahindra Jeep CL550,Mahindra,2019,91000,176612,Diesel
8619,Mini Cooper S,Mini,2010,452000,117240,Diesel
8620,Chevrolet Beat LT,Chevrolet,2018,52000,140458,Diesel
8621,Chevrolet Spark LT,Chevrolet,2017,54000,154881,Diesel
8622,Mahindra KUV100 K8,Mahindra,2015,55000,135095,Petrol
8623,Mahindra Scorpio SLE,Mahindra,2020,100000,144065,Petrol
8624,Skoda Octavia Elegance,Skoda,2017,93000,50992,Petrol
8625,Jeep Compass Limited,Jeep,2011,68000,83474,Diesel
8626,Jaguar XF Portfolio,Jaguar,2002,331000,104125,Petrol
8627,Chevrolet Sail UVA,Chevrolet,2019,53000,133142,Petrol
8628,BMW 5 Series,BMW,2009,875000,43781,Diesel
8629,Mahindra Thar CRDe,Mahindra,2015,72000,95488,Diesel
8630,Mahindra Thar CRDe,Mahindra,2014,87000,42529,Diesel
8631,Mitsubishi Pajero Sport,Mitsubishi,2019,154000,14999,Diesel
8632,Mitsubishi Pajero Sport,Mitsubishi,2002,32000,11919,Diesel
8633,Ford Figo Aspire,Ford,2010,33000,107332,Petrol
8634,Mini Cooper D,Mini,2020,1643000,52783,Petrol
8635,Land Rover Freelander,Land,2018,1541000,136602,Petrol
8636,Mini Cooper S,Mini,2010,493000,152522,Petrol
8637,Skoda Octavia Elegance,Skoda,2012,44000,151609,Petrol
8638,Mini Cooper S,Mini,2002,247000,103335,Diesel
8639,Fiat Punto Active,Fiat,2002,25000,10389,Petrol
8640,BMW 5 Series,BMW,2015,1634000,23702,Diesel
8641,Jeep Compass Limited,Jeep,2010,62000,80955,Petrol
8642,Mercedes GLA 200d,Mercedes,2017,1119000,108624,Diesel
8643,Volvo XC60 D5,Volvo,2007,483000,93022,Petrol
8644,Mitsubishi Pajero Sport,Mitsubishi,2013,75000,52876,Diesel
8645,Mitsubishi Pajero Sport,Mitsubishi,2017,150000,19244,Diesel
8646,Ford Figo Aspire,Ford,2007,32000,75762,Petrol
8647,Tata Bolt XT,Tata,2002,25000,28779,Petrol
8648,Jaguar XE Prestige,Jaguar,2005,460000,115057,Diesel
8649,Skoda Rapid Elegance,Skoda,2002,25000,141455,Petrol
8650,Fiat Punto Active,Fiat,2005,25000,34710,Petrol
8651,Jaguar XE Prestige,Jaguar,2010,674000,157005,Diesel
8652,Mercedes E-Class E220d,Mercedes,2004,373000,167459,Petrol
8653,Renault Lodgy 110PS,Renault,2013,60000,27517,Diesel
8654,BMW X1 sDrive20d,BMW,2014,933000,138578,Petrol
8655,Land Rover Discovery,Land,2023,3352000,50608,Petrol
8656,Toyota Glanza G,Toyota,2011,45000,163780,Diesel
8657,Nissan Terrano XL,Nissan,2023,163000,4502,Petrol
8658,Jaguar XE Prestige,Jaguar,2010,632000,177505,Diesel
8659,Chevrolet Sail UVA,Chevrolet,2009,42000,2079,Petrol
8660,Volkswagen Jetta Comfortline,Volkswagen,2003,26000,88373,Diesel
8661,Jaguar XE Prestige,Jaguar,2010,859000,82163,Petrol
8662,Honda City 1.5,Honda,2022,150000,53795,Diesel
8663,Renault Lodgy 110PS,Renault,2002,25000,75606,Petrol
8664,Ford Freestyle Titanium,Ford,2002,28000,8984,Diesel
8665,Mercedes E-Class E220d,Mercedes,2006,760000,21297,Petrol
8666,Fiat Linea Active,Fiat,2012,37000,78633,Petrol
8667,Land Rover Discovery,Land,2018,1466000,100702,Petrol
8668,Datsun redi-GO T,Datsun,2008,25000,157532,Petrol
8669,Mini Cooper D,Mini,2020,2516000,8738,Diesel
8670,Volkswagen Jetta Comfortline,Volkswagen,2006,38000,63103,Diesel
8671,Tata Bolt XT,Tata,2022,81000,151037,Diesel
8672,Mini Cooper S,Mini,2003,318000,79835,Diesel
8673,Jeep Compass Longitude,Jeep,2002,25000,117189,Diesel
8674,Toyota Corolla Altis,Toyota,2012,71000,56009,Petrol
8675,Tata Bolt XT,Tata,2009,43000,40990,Diesel
8676,Honda Jazz V,Honda,2003,25000,111675,Petrol
8677,Renault Kwid RXT,Renault,2009,46000,844,Petrol
8678,Volkswagen Jetta Comfortline,Volkswagen,2017,75000,95381,Petrol
8679,Volvo XC60 D5,Volvo,2011,1057000,22405,Diesel
8680,Volkswagen Vento Highline,Volkswagen,2008,59000,9498,Diesel
8681,Hyundai Tucson 2WD,Hyundai,2020,108000,63384,Diesel
8682,BMW X1 sDrive20d,BMW,2002,536000,14476,Diesel
8683,Skoda Octavia Elegance,Skoda,2018,84000,102937,Diesel
8684,Honda Amaze S,Honda,2013,74000,48612,Diesel
8685,Audi Q3 35,Audi,2013,739000,114060,Diesel
8686,Toyota Fortuner 3.0,Toyota,2017,86000,89563,Petrol
8687,Nissan Micra XV,Nissan,2015,51000,115764,Diesel
8688,Toyota Etios VXD,Toyota,2004,25000,111345,Diesel
8689,Nissan Micra XV,Nissan,2008,27000,133584,Petrol
8690,Audi A4 35,Audi,2011,947000,47712,Petrol
8691,Jaguar XF Portfolio,Jaguar,2016,1258000,130841,Diesel
8692,Volkswagen Polo Highline,Volkswagen,2011,41000,154657,Petrol
8693,Tata Nexon XZ,Tata,2006,29000,60141,Petrol
8694,Nissan Micra XV,Nissan,2008,25000,122510,Petrol
8695,Audi A8,Audi,2008,785000,16456,Diesel
8696,Jeep Compass Longitude,Jeep,2016,90000,113111,Diesel
8697,Datsun GO Plus,Datsun,2020,105000,17881,Diesel
8698,Mitsubishi Lancer 1.8,Mitsubishi,2009,38000,166657,Petrol
8699,Jeep Compass Limited,Jeep,2018,194000,27072,Diesel
8700,Mini Cooper D,Mini,2022,2274000,33361,Petrol
8701,Ford Endeavour 4x4,Ford,2002,25000,120682,Diesel
8702,Ford Fiesta Classic,Ford,2013,57000,92650,Diesel
8703,Skoda Octavia Elegance,Skoda,2022,116000,142970,Petrol
8704,Volvo XC60 D5,Volvo,2005,580000,22747,Diesel
8705,Mahindra TUV300 T8,Mahindra,2004,25000,131905,Diesel
8706,Maruti Suzuki Swift,Maruti,2007,25000,108796,Petrol
8707,Datsun GO T,Datsun,2022,81000,68471,Petrol
8708,Volkswagen Vento Highline,Volkswagen,2012,78000,39991,Diesel
8709,Mahindra Bolero SLE,Mahindra,2016,119000,22005,Petrol
8710,Jaguar XE Prestige,Jaguar,2007,442000,130278,Petrol
8711,Mercedes C-Class C220d,Mercedes,2006,495000,89252,Diesel
8712,Ford Figo,Ford,2009,57000,9467,Petrol
8713,Mitsubishi Pajero Sport,Mitsubishi,2012,59000,107503,Diesel
8714,Mahindra TUV300 T8,Mahindra,2006,39000,20709,Petrol
8715,Datsun GO T,Datsun,2004,25000,18748,Diesel
8716,Maruti Suzuki Eeco,Maruti,2004,25000,148566,CNG
8717,Nissan Micra XV,Nissan,2023,140000,83844,Diesel
8718,Tata Indica V2,Tata,2019,116000,28045,Petrol
8719,Skoda Rapid Elegance,Skoda,2002,25000,151453,Diesel
8720,BMW 5 Series,BMW,2017,1988000,28822,Diesel
8721,Volkswagen Vento Highline,Volkswagen,2015,54000,143840,Petrol
8722,Chevrolet Spark LT,Chevrolet,2021,92000,73881,Petrol
8723,Maruti Suzuki Vitara,Maruti,2019,107000,65688,Diesel
8724,Chevrolet Sail UVA,Chevrolet,2003,25000,46443,Petrol
8725,Datsun GO Plus,Datsun,2002,25000,34081,Petrol
8726,BMW 5 Series,BMW,2006,464000,88114,Petrol
8727,Skoda Rapid Elegance,Skoda,2010,44000,92080,Petrol
8728,Datsun redi-GO T,Datsun,2017,48000,77991,Petrol
8729,Fiat Punto Active,Fiat,2002,25000,109121,Petrol
8730,Mercedes C-Class C220d,Mercedes,2002,276000,179116,Diesel
8731,Nissan Sunny XL,Nissan,2007,36000,60149,Diesel
8732,Land Rover Discovery,Land,2020,1967000,119705,Petrol
8733,BMW X1 sDrive20d,BMW,2021,1510000,133713,Petrol
8734,Renault Triber RXZ,Renault,2002,25000,48398,Petrol
8735,Mini Cooper D,Mini,2022,1367000,151911,Petrol
8736,Mercedes C-Class C220d,Mercedes,2009,532000,125092,Petrol
8737,Jaguar XF Portfolio,Jaguar,2012,1143000,36900,Petrol
8738,Jaguar XE Prestige,Jaguar,2003,555000,8894,Diesel
8739,Jaguar XF Portfolio,Jaguar,2006,731000,12482,Petrol
8740,Mercedes GLA 200d,Mercedes,2008,513000,145070,Diesel
8741,Tata Tiago Revotron,Tata,2003,25000,14342,Petrol
8742,BMW 3 Series,BMW,2019,1994000,52074,Diesel
8743,Mini Cooper S,Mini,2015,990000,88921,Diesel
8744,Volvo S60 D4,Volvo,2021,1582000,151357,Diesel
8745,Land Rover Freelander,Land,2009,624000,168730,Diesel
8746,Chevrolet Spark LT,Chevrolet,2007,25000,156461,Diesel
8747,Chevrolet Sail UVA,Chevrolet,2006,25000,142083,Petrol
8748,Jeep Compass Limited,Jeep,2005,35000,104318,Diesel
8749,Skoda Fabia Classic,Skoda,2018,124000,9193,Petrol
8750,Ford Figo Aspire,Ford,2018,113000,45250,Diesel
8751,Maruti Suzuki Celerio,Maruti,2023,126000,68035,Petrol
8752,Jaguar XF Portfolio,Jaguar,2003,371000,112461,Diesel
8753,Datsun redi-GO T,Datsun,2005,25000,47678,Diesel
8754,Mini Cooper D,Mini,2021,2429000,4703,Diesel
8755,Ford Figo,Ford,2018,110000,65182,Diesel
8756,Mitsubishi Pajero Sport,Mitsubishi,2009,47000,79261,Diesel
8757,Chevrolet Spark LT,Chevrolet,2006,25000,56109,Petrol
8758,Mercedes E-Class E220d,Mercedes,2003,380000,89790,Diesel
8759,Nissan Terrano XL,Nissan,2015,74000,22055,Petrol
8760,Jaguar XE Prestige,Jaguar,2009,712000,78358,Diesel
8761,Mitsubishi Lancer 1.8,Mitsubishi,2020,143000,53758,Petrol
8762,Volvo S60 D4,Volvo,2011,640000,168557,Petrol
8763,Chevrolet Spark LT,Chevrolet,2021,105000,12602,Petrol
8764,Land Rover Discovery,Land,2023,2429000,135020,Diesel
8765,Mahindra Scorpio SLE,Mahindra,2005,25000,105986,Petrol
8766,Jaguar XE Prestige,Jaguar,2014,1119000,158126,Diesel
8767,Jeep Compass Limited,Jeep,2023,288000,15009,Petrol
8768,Fiat Linea Active,Fiat,2010,51000,5593,Diesel
8769,Mahindra Bolero SLE,Mahindra,2021,104000,140139,Petrol
8770,Ford Figo Aspire,Ford,2011,51000,44317,Diesel
8771,Audi Q3 35,Audi,2002,309000,77862,Diesel
8772,Ford EcoSport Titanium,Ford,2009,38000,90713,Diesel
8773,Mahindra Scorpio SLE,Mahindra,2003,38000,7855,Diesel
8774,Toyota Corolla Altis,Toyota,2014,118000,9668,Petrol
8775,Fiat Linea Active,Fiat,2010,30000,175086,Diesel
8776,BMW 5 Series,BMW,2016,2036000,13937,Diesel
8777,Mitsubishi Lancer 1.8,Mitsubishi,2023,153000,117790,Petrol
8778,Jaguar XE Prestige,Jaguar,2014,1328000,71104,Petrol
8779,Renault Triber RXZ,Renault,2020,85000,131395,Diesel
8780,Mercedes E-Class E220d,Mercedes,2021,1731000,173856,Petrol
8781,Skoda Octavia Elegance,Skoda,2011,61000,19987,Petrol
8782,Mitsubishi Lancer 1.8,Mitsubishi,2003,25000,91894,Petrol
8783,Datsun GO T,Datsun,2016,58000,37638,Petrol
8784,Land Rover Freelander,Land,2014,1551000,23473,Petrol
8785,Jeep Compass Limited,Jeep,2003,30000,84070,Diesel
8786,Toyota Glanza G,Toyota,2018,128000,73549,Diesel
8787,Jeep Compass Limited,Jeep,2003,45000,13920,Diesel
8788,Datsun GO Plus,Datsun,2021,89000,73380,Petrol
8789,Mini Cooper D,Mini,2014,1184000,11671,Petrol
8790,Chevrolet Tavera Neo,Chevrolet,2016,41000,115303,Diesel
8791,Volvo XC60 D5,Volvo,2012,799000,56558,Petrol
8792,Mahindra XUV500 W8,Mahindra,2006,26000,99209,Petrol
8793,Land Rover Discovery,Land,2005,474000,165874,Diesel
8794,Skoda Fabia Classic,Skoda,2008,32000,103111,Petrol
8795,Jaguar XE Prestige,Jaguar,2016,1827000,20955,Diesel
8796,Fiat Punto Active,Fiat,2016,65000,74784,Diesel
8797,Hyundai Creta 1.6,Hyundai,2015,63000,88664,Diesel
8798,Datsun GO T,Datsun,2014,44000,55087,Diesel
8799,Jaguar XE Prestige,Jaguar,2008,586000,162370,Petrol
8800,Toyota Etios VXD,Toyota,2003,25000,74592,Petrol
8801,Volvo S60 D4,Volvo,2002,329000,79330,Diesel
8802,Tata Nexon XZ,Tata,2003,25000,24353,Petrol
8803,Audi Q7,Audi,2008,507000,129683,Diesel
8804,Maruti Suzuki Swift,Maruti,2007,25000,157478,Petrol
8805,Honda Civic 1.8,Honda,2006,42000,6406,Petrol
8806,Skoda Rapid Elegance,Skoda,2017,97000,70125,Petrol
8807,Hyundai Venue SX,Hyundai,2011,40000,157891,Petrol
8808,Renault Kwid RXT,Renault,2019,117000,35357,Petrol
8809,BMW X1 sDrive20d,BMW,2011,646000,163470,Petrol
8810,BMW X1 sDrive20d,BMW,2009,884000,23051,Petrol
8811,Land Rover Freelander,Land,2009,675000,147446,Petrol
8812,Audi A6 2.0,Audi,2014,1507000,18491,Diesel
8813,Mercedes GLA 200d,Mercedes,2015,1868000,20165,Diesel
8814,BMW 3 Series,BMW,2023,2398000,83871,Petrol
8815,Maruti Suzuki Ertiga,Maruti,2021,96000,158008,Diesel
8816,Mitsubishi Pajero Sport,Mitsubishi,2007,44000,61954,Petrol
8817,Jeep Compass Limited,Jeep,2023,181000,137102,Petrol
8818,Mahindra Jeep CL550,Mahindra,2023,141000,146780,Petrol
8819,Maruti Suzuki Vitara,Maruti,2007,34000,60307,Petrol
8820,Jaguar XF Portfolio,Jaguar,2011,779000,115394,Petrol
8821,Skoda Rapid Elegance,Skoda,2005,39000,1642,Petrol
8822,Volkswagen Vento Highline,Volkswagen,2012,59000,65152,Diesel
8823,Skoda Fabia Classic,Skoda,2017,75000,131478,Diesel
8824,Mercedes C-Class C220d,Mercedes,2006,588000,56498,Petrol
8825,Mahindra Jeep CL550,Mahindra,2021,190000,17336,Diesel
8826,Mahindra Jeep CL550,Mahindra,2011,47000,168195,Diesel
8827,Mitsubishi Pajero Sport,Mitsubishi,2009,40000,81434,Petrol
8828,Honda Jazz V,Honda,2006,28000,91377,Petrol
8829,Tata Indica V2,Tata,2003,25000,98808,Petrol
8830,Skoda Fabia Classic,Skoda,2019,96000,122926,Diesel
8831,Fiat Linea Active,Fiat,2004,25000,123053,Diesel
8832,Toyota Glanza G,Toyota,2015,102000,32956,Petrol
8833,Mercedes E-Class E220d,Mercedes,2019,1270000,164829,Petrol
8834,Skoda Fabia Classic,Skoda,2003,32000,7717,Petrol
8835,Toyota Etios VXD,Toyota,2003,25000,101524,Diesel
8836,Fiat Punto Active,Fiat,2012,57000,31260,Diesel
8837,Jeep Compass Longitude,Jeep,2003,38000,81363,Diesel
8838,Volkswagen Jetta Comfortline,Volkswagen,2020,190000,6406,Diesel
8839,Jeep Compass Limited,Jeep,2019,121000,142452,Diesel
8840,Renault Kwid RXT,Renault,2007,25000,136994,Diesel
8841,Jaguar XE Prestige,Jaguar,2012,867000,144803,Petrol
8842,Renault Kwid RXT,Renault,2012,33000,142368,Petrol
8843,Maruti Suzuki Ertiga,Maruti,2007,26000,122900,Diesel
8844,Nissan Sunny XL,Nissan,2003,25000,133285,Petrol
8845,Hyundai Creta 1.6,Hyundai,2005,25000,99856,Petrol
8846,Volkswagen Vento Highline,Volkswagen,2011,42000,153428,Petrol
8847,Jeep Compass Longitude,Jeep,2011,68000,90792,Diesel
8848,BMW X1 sDrive20d,BMW,2011,981000,61080,Petrol
8849,Maruti Suzuki Baleno,Maruti,2003,25000,174786,Diesel
8850,BMW 3 Series,BMW,2021,2918000,39945,Diesel
8851,Hyundai Tucson 2WD,Hyundai,2021,134000,72449,Petrol
8852,Volkswagen Vento Highline,Volkswagen,2016,87000,51435,Petrol
8853,Volvo S60 D4,Volvo,2018,1237000,99984,Diesel
8854,Tata Bolt XT,Tata,2011,30000,130105,Petrol
8855,Tata Nano Lx,Tata,2010,28000,103962,Diesel
8856,Nissan Terrano XL,Nissan,2005,25000,66949,Diesel
8857,Ford Fiesta Classic,Ford,2010,62000,10751,Diesel
8858,Renault Triber RXZ,Renault,2002,28000,1552,Diesel
8859,Jaguar XF Portfolio,Jaguar,2022,3689000,15804,Petrol
8860,Renault Duster 110,Renault,2016,80000,63432,Diesel
8861,BMW 3 Series,BMW,2007,727000,25090,Diesel
8862,Renault Lodgy 110PS,Renault,2012,51000,53064,Petrol
8863,Mini Cooper S,Mini,2003,410000,35417,Diesel
8864,Land Rover Discovery,Land,2019,2563000,22023,Petrol
8865,Toyota Etios VXD,Toyota,2019,91000,124080,Diesel
8866,Mitsubishi Lancer 1.8,Mitsubishi,2013,63000,169200,Diesel
8867,Volkswagen Vento Highline,Volkswagen,2009,40000,90909,Petrol
8868,Hyundai Elite i20,Hyundai,2015,59000,81572,Petrol
8869,Honda Civic 1.8,Honda,2018,95000,77944,Petrol
8870,Land Rover Discovery,Land,2011,822000,128866,Diesel
8871,Mercedes GLA 200d,Mercedes,2021,1807000,109171,Petrol
8872,Honda City 1.5,Honda,2013,59000,96752,Petrol
8873,Mini Cooper D,Mini,2002,342000,65900,Diesel
8874,Renault Duster 110,Renault,2011,49000,57540,Diesel
8875,Nissan Terrano XL,Nissan,2019,72000,134190,Petrol
8876,Skoda Rapid Elegance,Skoda,2009,52000,62764,Diesel
8877,Fiat Punto Active,Fiat,2023,162000,2045,Petrol
8878,Mini Cooper D,Mini,2002,228000,128963,Diesel
8879,Fiat Linea Active,Fiat,2007,38000,18936,Diesel
8880,Skoda Octavia Elegance,Skoda,2011,53000,61514,Petrol
8881,Volkswagen Jetta Comfortline,Volkswagen,2012,54000,93038,Petrol
8882,Renault Kwid RXT,Renault,2018,69000,166616,Petrol
8883,Audi A4 35,Audi,2020,1698000,85844,Petrol
8884,Honda WR-V i-VTEC,Honda,2005,28000,80728,Diesel
8885,Honda Civic 1.8,Honda,2011,39000,114078,Diesel
8886,Land Rover Discovery,Land,2007,987000,13881,Petrol
8887,Jeep Compass Longitude,Jeep,2006,52000,33343,Diesel
8888,Renault Kwid RXT,Renault,2017,66000,76777,Petrol
8889,Fiat Linea Active,Fiat,2021,109000,47431,Diesel
8890,Toyota Etios VXD,Toyota,2009,61000,31737,Petrol
8891,Mini Cooper D,Mini,2019,2191000,6356,Diesel
8892,Volkswagen Vento Highline,Volkswagen,2023,124000,135419,Petrol
8893,Volkswagen Polo Highline,Volkswagen,2020,103000,150363,Diesel
8894,Mahindra Scorpio SLE,Mahindra,2008,55000,37913,Diesel
8895,Mahindra Bolero SLE,Mahindra,2015,99000,24986,Diesel
8896,Tata Tigor XZ,Tata,2009,25000,123855,Petrol
8897,Chevrolet Sail UVA,Chevrolet,2014,55000,50165,Diesel
8898,Volkswagen Polo Highline,Volkswagen,2022,152000,92767,Diesel
8899,Fiat Punto Active,Fiat,2016,55000,66085,Petrol
8900,Tata Bolt XT,Tata,2015,43000,108648,Diesel
8901,Land Rover Freelander,Land,2022,2885000,67997,Petrol
8902,Toyota Fortuner 3.0,Toyota,2010,51000,83227,Diesel
8903,Mitsubishi Pajero Sport,Mitsubishi,2013,99000,4765,Diesel
8904,Renault Lodgy 110PS,Renault,2009,31000,109014,Diesel
8905,Renault Lodgy 110PS,Renault,2005,26000,47485,Petrol
8906,Mercedes C-Class C220d,Mercedes,2022,3404000,15302,Diesel
8907,Volkswagen Vento Highline,Volkswagen,2019,84000,103003,Petrol
8908,Toyota Fortuner 3.0,Toyota,2013,67000,83933,Diesel
8909,Skoda Octavia Elegance,Skoda,2008,34000,103859,Diesel
8910,Honda City 1.5,Honda,2014,91000,4321,Petrol
8911,Jeep Compass Limited,Jeep,2010,99000,1090,Petrol
8912,Tata Tiago Revotron,Tata,2021,87000,102637,Diesel
8913,Tata Tiago Revotron,Tata,2009,29000,162863,Diesel
8914,Ford Fiesta Classic,Ford,2012,53000,76398,Petrol
8915,BMW 5 Series,BMW,2004,364000,137878,Petrol
8916,Hyundai Grand i10,Hyundai,2008,28000,113118,Petrol
8917,Audi A6 2.0,Audi,2007,678000,37434,Petrol
8918,Mini Cooper D,Mini,2013,713000,154689,Diesel
8919,Mercedes E-Class E220d,Mercedes,2007,820000,6423,Diesel
8920,Audi A8,Audi,2020,1493000,119734,Petrol
8921,Datsun GO T,Datsun,2010,32000,64243,Diesel
8922,Datsun GO T,Datsun,2003,25000,10222,Diesel
8923,Toyota Etios VXD,Toyota,2008,35000,167753,Petrol
8924,Tata Tigor XZ,Tata,2022,94000,95779,Diesel
8925,Ford Endeavour 4x4,Ford,2016,62000,145359,Petrol
8926,Mini Cooper D,Mini,2016,1301000,57739,Diesel
8927,Hyundai Verna 1.6,Hyundai,2023,110000,167202,Diesel
8928,BMW X1 sDrive20d,BMW,2012,1311000,622,Petrol
8929,Jaguar XF Portfolio,Jaguar,2016,1188000,174629,Petrol
8930,Datsun GO Plus,Datsun,2005,25000,101802,Diesel
8931,Land Rover Freelander,Land,2019,1633000,116726,Petrol
8932,Datsun GO T,Datsun,2022,71000,112003,Diesel
8933,Volvo XC60 D5,Volvo,2014,1016000,60471,Diesel
8934,Fiat Linea Active,Fiat,2005,25000,51414,Petrol
8935,Ford EcoSport Titanium,Ford,2016,76000,83298,Petrol
8936,Maruti Suzuki Eeco,Maruti,2017,67000,156663,Petrol
8937,Mini Cooper D,Mini,2005,288000,135494,Petrol
8938,Fiat Punto Active,Fiat,2006,27000,44892,Petrol
8939,Datsun redi-GO T,Datsun,2004,25000,108426,Diesel
8940,Nissan Terrano XL,Nissan,2015,59000,104431,Diesel
8941,Nissan Sunny XL,Nissan,2003,25000,78404,Petrol
8942,Tata Bolt XT,Tata,2007,28000,51929,Diesel
8943,Ford Figo,Ford,2014,48000,157069,Petrol
8944,Mitsubishi Lancer 1.8,Mitsubishi,2016,69000,116597,Diesel
8945,Chevrolet Sail UVA,Chevrolet,2003,25000,178118,Diesel
8946,Chevrolet Sail UVA,Chevrolet,2016,68000,40562,Petrol
8947,Volkswagen Jetta Comfortline,Volkswagen,2012,71000,37239,Diesel
8948,Volkswagen Jetta Comfortline,Volkswagen,2005,25000,131439,Petrol
8949,Hyundai Venue SX,Hyundai,2009,43000,30115,Petrol
8950,Audi Q7,Audi,2017,1096000,123273,Diesel
8951,Hyundai Elite i20,Hyundai,2007,46000,3698,Petrol
8952,Land Rover Discovery,Land,2011,1188000,34372,Petrol
8953,Chevrolet Sail UVA,Chevrolet,2007,29000,37064,Petrol
8954,Volkswagen Ameo Highline,Volkswagen,2022,124000,105329,Petrol
8955,Maruti Suzuki Swift,Maruti,2013,56000,67687,Petrol
8956,Tata Bolt XT,Tata,2014,48000,87472,Diesel
8957,Chevrolet Beat LT,Chevrolet,2016,46000,102200,Diesel
8958,Renault Lodgy 110PS,Renault,2011,30000,157902,Diesel
8959,Toyota Fortuner 3.0,Toyota,2006,29000,134117,Diesel
8960,Honda City 1.5,Honda,2023,172000,50325,Petrol
8961,Maruti Suzuki Ertiga,Maruti,2005,26000,78585,Petrol
8962,Nissan Terrano XL,Nissan,2020,78000,163129,Diesel
8963,Mitsubishi Pajero Sport,Mitsubishi,2015,66000,156780,Petrol
8964,Mercedes C-Class C220d,Mercedes,2003,446000,67694,Diesel
8965,Jaguar XE Prestige,Jaguar,2009,594000,173004,Diesel
8966,Volvo S60 D4,Volvo,2014,812000,139698,Diesel
8967,Maruti Suzuki Baleno,Maruti,2021,148000,26445,Petrol
8968,Mercedes GLA 200d,Mercedes,2003,411000,88270,Petrol
8969,Mercedes E-Class E220d,Mercedes,2004,338000,133023,Diesel
8970,Toyota Glanza G,Toyota,2016,70000,168235,Petrol
8971,Audi A8,Audi,2008,688000,60923,Petrol
8972,Mahindra Bolero SLE,Mahindra,2023,207000,50877,Diesel
8973,Land Rover Discovery,Land,2023,2540000,169190,Diesel
8974,Maruti Suzuki Wagon,Maruti,2006,34000,53903,Petrol
8975,Land Rover Discovery,Land,2013,883000,143333,Diesel
8976,Tata Nano Lx,Tata,2010,29000,147375,Diesel
8977,Skoda Fabia Classic,Skoda,2004,37000,16773,Diesel
8978,Audi Q3 35,Audi,2017,1576000,57629,Petrol
8979,Mini Cooper D,Mini,2005,330000,87490,Diesel
8980,Mahindra Scorpio S10,Mahindra,2010,51000,59378,Diesel
8981,Mitsubishi Pajero Sport,Mitsubishi,2010,47000,124278,Diesel
8982,Hyundai Eon Era,Hyundai,2012,42000,166994,Petrol
8983,Chevrolet Tavera Neo,Chevrolet,2018,72000,71113,Petrol
8984,Tata Tiago Revotron,Tata,2003,25000,102600,Diesel
8985,Renault Kwid RXT,Renault,2014,68000,50937,Petrol
8986,Ford Freestyle Titanium,Ford,2012,62000,14468,Petrol
8987,Hyundai Tucson 2WD,Hyundai,2006,37000,38002,Petrol
8988,Audi A4 35,Audi,2010,623000,175113,Diesel
8989,Mini Cooper D,Mini,2002,230000,130184,Petrol
8990,BMW 3 Series,BMW,2018,1317000,120023,Petrol
8991,Honda Civic 1.8,Honda,2013,85000,30727,Diesel
8992,Fiat Linea Active,Fiat,2012,33000,142384,Diesel
8993,Ford Figo Aspire,Ford,2003,25000,169279,Petrol
8994,Land Rover Discovery,Land,2019,1799000,115744,Diesel
8995,Datsun GO Plus,Datsun,2005,25000,35043,Petrol
8996,Volvo XC60 D5,Volvo,2012,877000,41501,Petrol
8997,Volvo XC60 D5,Volvo,2008,832000,20831,Diesel
8998,Datsun redi-GO T,Datsun,2019,56000,179638,Diesel
8999,Tata Tiago Revotron,Tata,2004,26000,29838,Petrol
9000,Jaguar XE Prestige,Jaguar,2002,439000,70885,Petrol
9001,Jaguar XF Portfolio,Jaguar,2022,3132000,47527,Diesel
9002,Land Rover Discovery,Land,2011,924000,93281,Petrol
9003,Volkswagen Ameo Highline,Volkswagen,2021,101000,134911,Petrol
9004,Renault Lodgy 110PS,Renault,2018,68000,138536,Diesel
9005,Skoda Rapid Elegance,Skoda,2002,25000,103805,Petrol
9006,Hyundai Tucson 2WD,Hyundai,2022,107000,95989,Diesel
9007,Mercedes E-Class E220d,Mercedes,2017,1717000,50954,Petrol
9008,Mahindra Thar CRDe,Mahindra,2009,73000,5340,Diesel
9009,Tata Nexon XZ,Tata,2016,47000,117754,Petrol
9010,Mitsubishi Pajero Sport,Mitsubishi,2013,70000,61460,Diesel
9011,Land Rover Discovery,Land,2020,1887000,165800,Petrol
9012,Renault Kwid RXT,Renault,2006,26000,93813,Diesel
9013,Land Rover Freelander,Land,2011,1218000,20803,Diesel
9014,Honda City 1.5,Honda,2006,25000,176190,Petrol
9015,Chevrolet Sail UVA,Chevrolet,2022,105000,71287,Diesel
9016,Nissan Micra XV,Nissan,2006,25000,177642,Diesel
9017,Maruti Suzuki Eeco,Maruti,2004,25000,102040,Petrol
9018,Renault Lodgy 110PS,Renault,2017,56000,177923,Diesel
9019,Mini Cooper D,Mini,2005,341000,79668,Diesel
9020,Mercedes C-Class C220d,Mercedes,2003,363000,80750,Petrol
9021,Jaguar XF Portfolio,Jaguar,2002,459000,74491,Diesel
9022,Mahindra TUV300 T8,Mahindra,2019,122000,89866,Diesel
9023,Tata Tigor XZ,Tata,2011,41000,52524,Diesel
9024,Hyundai Grand i10,Hyundai,2007,25000,157409,Petrol
9025,Toyota Glanza G,Toyota,2015,70000,140646,Diesel
9026,Datsun redi-GO T,Datsun,2014,31000,160073,Petrol
9027,Honda City 1.5,Honda,2020,118000,74084,Petrol
9028,Tata Indica V2,Tata,2020,74000,151793,Petrol
9029,Hyundai Grand i10,Hyundai,2011,44000,99820,Petrol
9030,Hyundai Elite i20,Hyundai,2017,83000,59980,Petrol
9031,Fiat Punto Active,Fiat,2004,25000,80008,Diesel
9032,Maruti Suzuki Alto,Maruti,2018,90000,46172,Petrol
9033,Tata Bolt XT,Tata,2015,50000,149853,Diesel
9034,Land Rover Discovery,Land,2023,2595000,128714,Petrol
9035,Toyota Corolla Altis,Toyota,2020,169000,43270,Petrol
9036,Honda Jazz V,Honda,2002,25000,103235,Petrol
9037,Mini Cooper D,Mini,2014,1264000,5367,Diesel
9038,Honda WR-V i-VTEC,Honda,2010,45000,97333,Petrol
9039,BMW X1 sDrive20d,BMW,2013,750000,174760,Petrol
9040,BMW X1 sDrive20d,BMW,2020,2314000,24942,Petrol
9041,Jeep Compass Longitude,Jeep,2006,38000,88958,Petrol
9042,Toyota Innova 2.5,Toyota,2021,124000,116084,Diesel
9043,Skoda Fabia Classic,Skoda,2011,59000,38671,Diesel
9044,Jaguar XF Portfolio,Jaguar,2012,863000,98458,Petrol
9045,Hyundai Creta 1.6,Hyundai,2014,53000,77929,Petrol
9046,Audi A6 2.0,Audi,2011,701000,121482,Diesel
9047,Maruti Suzuki Celerio,Maruti,2008,45000,18914,Petrol
9048,Jeep Compass Longitude,Jeep,2016,118000,74522,Diesel
9049,Volvo S60 D4,Volvo,2017,1180000,123938,Diesel
9050,Toyota Corolla Altis,Toyota,2007,36000,126632,Diesel
9051,Fiat Linea Active,Fiat,2022,75000,108161,Petrol
9052,Honda WR-V i-VTEC,Honda,2005,39000,41902,Diesel
9053,Fiat Linea Active,Fiat,2016,49000,159815,Diesel
9054,Jeep Compass Longitude,Jeep,2020,158000,81792,Petrol
9055,Toyota Fortuner 3.0,Toyota,2013,62000,105400,Petrol
9056,Hyundai Xcent S,Hyundai,2015,48000,123884,Petrol
9057,Datsun GO Plus,Datsun,2010,25000,136581,Petrol
9058,Volkswagen Jetta Comfortline,Volkswagen,2004,26000,101596,Diesel
9059,Mini Cooper D,Mini,2012,858000,18335,Petrol
9060,Nissan Micra XV,Nissan,2018,116000,7003,Diesel
9061,Skoda Rapid Elegance,Skoda,2017,126000,2132,Petrol
9062,Honda City 1.5,Honda,2006,25000,174008,Petrol
9063,Maruti Suzuki Ertiga,Maruti,2013,52000,64093,Petrol
9064,Mitsubishi Lancer 1.8,Mitsubishi,2014,88000,36170,Petrol
9065,Nissan Terrano XL,Nissan,2004,25000,42746,Petrol
9066,Mitsubishi Lancer 1.8,Mitsubishi,2009,42000,144624,Diesel
9067,Honda Jazz V,Honda,2003,25000,89108,Petrol
9068,Fiat Punto Active,Fiat,2020,83000,82863,Petrol
9069,Mini Cooper S,Mini,2012,528000,138127,Petrol
9070,Mercedes C-Class C220d,Mercedes,2007,720000,29128,Petrol
9071,Datsun GO Plus,Datsun,2003,25000,42228,Petrol
9072,Volkswagen Jetta Comfortline,Volkswagen,2013,53000,114001,Petrol
9073,Ford Freestyle Titanium,Ford,2013,65000,67774,Petrol
9074,Mahindra Thar CRDe,Mahindra,2009,34000,146303,Diesel
9075,Mini Cooper D,Mini,2011,496000,154845,Petrol
9076,Renault Duster 110,Renault,2009,33000,77288,Petrol
9077,Fiat Linea Active,Fiat,2012,37000,103838,Diesel
9078,Ford Freestyle Titanium,Ford,2012,49000,91883,Diesel
9079,BMW 3 Series,BMW,2021,1951000,100472,Diesel
9080,Jeep Compass Limited,Jeep,2015,89000,109548,Petrol
9081,Mahindra TUV300 T8,Mahindra,2019,151000,41407,Petrol
9082,Ford Freestyle Titanium,Ford,2011,36000,164818,Diesel
9083,Fiat Punto Active,Fiat,2006,25000,119740,Diesel
9084,Mercedes C-Class C220d,Mercedes,2002,496000,29414,Diesel
9085,Skoda Rapid Elegance,Skoda,2013,74000,40076,Petrol
9086,Mini Cooper D,Mini,2012,559000,145822,Diesel
9087,Fiat Linea Active,Fiat,2011,41000,59433,Petrol
9088,Volkswagen Polo Highline,Volkswagen,2011,51000,98105,Diesel
9089,Nissan Terrano XL,Nissan,2016,72000,51743,Petrol
9090,Audi Q7,Audi,2021,1578000,122998,Petrol
9091,BMW 3 Series,BMW,2008,438000,170209,Petrol
9092,Renault Kwid RXT,Renault,2017,61000,105666,Petrol
9093,Land Rover Discovery,Land,2021,2159000,131002,Petrol
9094,Audi A8,Audi,2018,1200000,121689,Diesel
9095,Skoda Rapid Elegance,Skoda,2005,25000,139879,Petrol
9096,Renault Triber RXZ,Renault,2003,25000,152391,Diesel
9097,Mini Cooper D,Mini,2022,1544000,90333,Petrol
9098,BMW 3 Series,BMW,2011,804000,73326,Petrol
9099,Hyundai Tucson 2WD,Hyundai,2005,25000,100463,Petrol
9100,BMW 5 Series,BMW,2007,408000,119359,Petrol
9101,Toyota Fortuner 3.0,Toyota,2008,31000,129108,Petrol
9102,Jeep Compass Longitude,Jeep,2011,88000,50814,Diesel
9103,Honda City 1.5,Honda,2003,25000,112960,Diesel
9104,Toyota Fortuner 3.0,Toyota,2016,138000,31713,Diesel
9105,Mini Cooper D,Mini,2016,1376000,3997,Petrol
9106,Fiat Punto Active,Fiat,2023,96000,153985,Diesel
9107,Datsun redi-GO T,Datsun,2014,62000,7244,Diesel
9108,Maruti Suzuki Ertiga,Maruti,2022,91000,177789,CNG
9109,Chevrolet Spark LT,Chevrolet,2003,25000,8372,Diesel
9110,Mini Cooper D,Mini,2019,1200000,88070,Petrol
9111,Hyundai Santro Xing,Hyundai,2014,61000,90923,Diesel
9112,Ford EcoSport Ambiente,Ford,2010,46000,35627,Petrol
9113,Maruti Suzuki Baleno,Maruti,2011,56000,37828,Petrol
9114,Fiat Linea Active,Fiat,2007,30000,17840,Diesel
9115,BMW 5 Series,BMW,2018,1373000,123990,Petrol
9116,Jaguar XE Prestige,Jaguar,2017,1227000,160164,Diesel
9117,BMW 5 Series,BMW,2005,497000,38592,Petrol
9118,Chevrolet Spark LT,Chevrolet,2014,41000,95728,Petrol
9119,Ford Figo Aspire,Ford,2023,123000,108923,Diesel
9120,Renault Lodgy 110PS,Renault,2015,75000,43011,Petrol
9121,Hyundai Xcent S,Hyundai,2014,75000,16604,Petrol
9122,Maruti Suzuki Omni,Maruti,2013,78000,6520,CNG
9123,Volkswagen Jetta Comfortline,Volkswagen,2019,131000,51002,Diesel
9124,Volkswagen Jetta Comfortline,Volkswagen,2002,25000,176299,Petrol
9125,Maruti Suzuki Omni,Maruti,2016,64000,148582,Diesel
9126,Skoda Fabia Classic,Skoda,2023,127000,122546,Diesel
9127,Mahindra KUV100 K8,Mahindra,2007,46000,23052,Diesel
9128,Mitsubishi Pajero Sport,Mitsubishi,2021,114000,98011,Petrol
9129,Mitsubishi Lancer 1.8,Mitsubishi,2014,104000,21624,Petrol
9130,Ford Figo Aspire,Ford,2012,44000,131770,Petrol
9131,Datsun GO Plus,Datsun,2017,46000,178007,Petrol
9132,Mahindra Scorpio SLE,Mahindra,2021,152000,58918,Petrol
9133,Hyundai Tucson 2WD,Hyundai,2002,25000,71032,Diesel
9134,Jaguar XF Portfolio,Jaguar,2007,510000,157642,Petrol
9135,Volkswagen Vento Highline,Volkswagen,2003,34000,23046,Diesel
9136,Toyota Fortuner 3.0,Toyota,2009,66000,29212,Petrol
9137,Datsun redi-GO T,Datsun,2015,33000,128886,Petrol
9138,Jeep Compass Limited,Jeep,2012,122000,6302,Petrol
9139,Ford EcoSport Titanium,Ford,2005,25000,177499,Diesel
9140,Volvo S60 D4,Volvo,2007,628000,47628,Diesel
9141,Volkswagen Ameo Highline,Volkswagen,2010,67000,7276,Diesel
9142,Mahindra Thar CRDe,Mahindra,2020,109000,165132,Diesel
9143,Mitsubishi Lancer 1.8,Mitsubishi,2014,67000,177116,Diesel
9144,Fiat Punto Active,Fiat,2019,101000,44144,Diesel
9145,Mitsubishi Pajero Sport,Mitsubishi,2011,67000,57608,Petrol
9146,Land Rover Discovery,Land,2007,678000,73326,Diesel
9147,Nissan Micra XV,Nissan,2018,93000,45943,Petrol
9148,BMW 3 Series,BMW,2016,1031000,134663,Petrol
9149,Tata Tiago Revotron,Tata,2009,26000,135961,Diesel
9150,Volkswagen Vento Highline,Volkswagen,2003,25000,93941,Diesel
9151,Toyota Fortuner 3.0,Toyota,2022,134000,150901,Petrol
9152,Land Rover Discovery,Land,2020,1933000,161403,Petrol
9153,Mahindra TUV300 T8,Mahindra,2006,49000,22623,Petrol
9154,Toyota Yaris VX,Toyota,2015,119000,18798,Diesel
9155,Land Rover Discovery,Land,2007,475000,130528,Petrol
9156,Mahindra Jeep CL550,Mahindra,2007,28000,109629,Diesel
9157,Maruti Suzuki Alto,Maruti,2008,40000,49027,Petrol
9158,Mitsubishi Pajero Sport,Mitsubishi,2011,66000,59440,Petrol
9159,Volkswagen Polo Highline,Volkswagen,2012,62000,65088,Petrol
9160,Jeep Compass Longitude,Jeep,2009,91000,14178,Diesel
9161,Mitsubishi Lancer 1.8,Mitsubishi,2006,31000,148955,Diesel
9162,Audi A4 35,Audi,2008,767000,10806,Diesel
9163,Mercedes GLA 200d,Mercedes,2016,1065000,161743,Diesel
9164,Audi A4 35,Audi,2021,1507000,121347,Diesel
9165,Mitsubishi Pajero Sport,Mitsubishi,2008,38000,137324,Diesel
9166,Renault Duster 110,Renault,2016,51000,164489,Diesel
9167,Chevrolet Beat LT,Chevrolet,2020,69000,94115,Diesel
9168,Renault Kwid RXT,Renault,2010,36000,67080,Petrol
9169,Mini Cooper D,Mini,2012,981000,16763,Petrol
9170,Mini Cooper S,Mini,2016,1499000,25267,Petrol
9171,Volkswagen Ameo Highline,Volkswagen,2009,60000,21122,Diesel
9172,Volvo XC60 D5,Volvo,2011,639000,176843,Diesel
9173,Audi A6 2.0,Audi,2012,1025000,65869,Diesel
9174,Chevrolet Spark LT,Chevrolet,2018,54000,143493,Petrol
9175,Fiat Punto Active,Fiat,2013,47000,49874,Petrol
9176,Land Rover Freelander,Land,2002,346000,174067,Petrol
9177,Volvo XC60 D5,Volvo,2010,721000,74800,Diesel
9178,Mahindra KUV100 K8,Mahindra,2019,143000,23394,Petrol
9179,Datsun redi-GO T,Datsun,2021,99000,30213,Petrol
9180,Volkswagen Ameo Highline,Volkswagen,2005,25000,157198,Diesel
9181,Toyota Etios VXD,Toyota,2002,25000,99818,Diesel
9182,Volvo S60 D4,Volvo,2005,370000,125612,Diesel
9183,Skoda Fabia Classic,Skoda,2012,76000,42413,Diesel
9184,Audi A4 35,Audi,2021,2134000,57249,Petrol
9185,Mini Cooper D,Mini,2017,1411000,52207,Petrol
9186,Tata Tiago Revotron,Tata,2019,59000,171523,Petrol
9187,Tata Tiago Revotron,Tata,2023,108000,158033,Diesel
9188,Ford Figo,Ford,2008,42000,59456,Petrol
9189,Volvo XC60 D5,Volvo,2010,716000,51578,Petrol
9190,Mitsubishi Pajero Sport,Mitsubishi,2013,60000,93414,Petrol
9191,Jeep Compass Longitude,Jeep,2023,183000,130328,Diesel
9192,Hyundai Creta 1.6,Hyundai,2009,34000,147594,Diesel
9193,Fiat Linea Active,Fiat,2006,25000,122095,Petrol
9194,BMW 5 Series,BMW,2015,1210000,73987,Diesel
9195,Volvo S60 D4,Volvo,2018,1617000,68473,Petrol
9196,Mercedes E-Class E220d,Mercedes,2021,2005000,105335,Diesel
9197,Skoda Fabia Classic,Skoda,2015,60000,103137,Diesel
9198,Jeep Compass Longitude,Jeep,2014,66000,152634,Petrol
9199,Fiat Punto Active,Fiat,2004,25000,25801,Diesel
9200,Mitsubishi Pajero Sport,Mitsubishi,2002,30000,43202,Petrol
9201,BMW X1 sDrive20d,BMW,2022,2414000,89607,Diesel
9202,Tata Bolt XT,Tata,2015,43000,174956,Petrol
9203,Fiat Linea Active,Fiat,2004,25000,152556,Petrol
9204,BMW X1 sDrive20d,BMW,2010,1064000,15622,Diesel
9205,Hyundai Verna 1.6,Hyundai,2004,25000,134334,Diesel
9206,Mercedes C-Class C220d,Mercedes,2013,1516000,9489,Petrol
9207,Jeep Compass Limited,Jeep,2020,124000,120681,Diesel
9208,Toyota Glanza G,Toyota,2012,66000,93063,Diesel
9209,Renault Lodgy 110PS,Renault,2015,52000,174056,Petrol
9210,Renault Triber RXZ,Renault,2006,36000,24413,Diesel
9211,Ford EcoSport Titanium,Ford,2019,108000,45797,Petrol
9212,Mini Cooper S,Mini,2010,520000,120621,Diesel
9213,Datsun GO T,Datsun,2009,29000,56967,Petrol
9214,Land Rover Discovery,Land,2014,1110000,135169,Diesel
9215,Mini Cooper D,Mini,2010,585000,85258,Petrol
9216,Tata Nexon XZ,Tata,2008,34000,65189,Petrol
9217,Maruti Suzuki Wagon,Maruti,2016,91000,26077,CNG
9218,Honda Amaze S,Honda,2011,39000,171064,Petrol
9219,Maruti Suzuki Swift,Maruti,2004,26000,35766,Diesel
9220,Jeep Compass Longitude,Jeep,2019,114000,129872,Diesel
9221,BMW 5 Series,BMW,2022,2305000,62072,Diesel
9222,Volkswagen Vento Highline,Volkswagen,2022,111000,173013,Diesel
9223,Land Rover Discovery,Land,2004,504000,67007,Petrol
9224,Chevrolet Sail UVA,Chevrolet,2010,25000,112301,Petrol
9225,Land Rover Discovery,Land,2016,1181000,106148,Diesel
9226,Skoda Octavia Elegance,Skoda,2002,25000,150976,Petrol
9227,Volvo S60 D4,Volvo,2013,680000,145559,Petrol
9228,Fiat Linea Active,Fiat,2021,81000,78026,Petrol
9229,Volvo XC60 D5,Volvo,2012,646000,114062,Petrol
9230,Nissan Sunny XL,Nissan,2023,150000,71438,Diesel
9231,Mitsubishi Lancer 1.8,Mitsubishi,2016,83000,94617,Diesel
9232,Mahindra Scorpio S10,Mahindra,2009,41000,76575,Diesel
9233,Mahindra Thar CRDe,Mahindra,2002,25000,126643,Diesel
9234,Volkswagen Vento Highline,Volkswagen,2002,30000,25853,Petrol
9235,Toyota Innova 2.5,Toyota,2020,127000,78889,Petrol
9236,Jeep Compass Longitude,Jeep,2011,97000,22285,Diesel
9237,Mercedes C-Class C220d,Mercedes,2011,1192000,29036,Petrol
9238,Hyundai Venue SX,Hyundai,2009,35000,82775,Diesel
9239,Mahindra TUV300 T8,Mahindra,2016,90000,66699,Petrol
9240,Mitsubishi Lancer 1.8,Mitsubishi,2008,39000,179074,Diesel
9241,Fiat Linea Active,Fiat,2009,31000,83561,Diesel
9242,Chevrolet Beat LT,Chevrolet,2012,42000,70945,Petrol
9243,Hyundai Creta 1.6,Hyundai,2009,29000,143650,Diesel
9244,Maruti Suzuki Alto,Maruti,2018,86000,77214,CNG
9245,Volkswagen Polo Highline,Volkswagen,2011,49000,78809,Petrol
9246,Land Rover Freelander,Land,2020,1889000,177660,Diesel
9247,Mercedes E-Class E220d,Mercedes,2017,1064000,150563,Petrol
9248,Maruti Suzuki Alto,Maruti,2019,120000,361,CNG
9249,Skoda Rapid Elegance,Skoda,2010,44000,91118,Petrol
9250,Jaguar XE Prestige,Jaguar,2021,1975000,102066,Diesel
9251,Volkswagen Jetta Comfortline,Volkswagen,2015,60000,131791,Petrol
9252,Datsun GO Plus,Datsun,2009,25000,82109,Petrol
9253,Renault Triber RXZ,Renault,2011,56000,8006,Petrol
9254,Mini Cooper D,Mini,2023,3059000,13964,Petrol
9255,Mitsubishi Lancer 1.8,Mitsubishi,2002,25000,63090,Petrol
9256,Fiat Punto Active,Fiat,2011,54000,9407,Petrol
9257,Volkswagen Ameo Highline,Volkswagen,2011,42000,149675,Petrol
9258,Mini Cooper D,Mini,2014,1244000,6996,Diesel
9259,Mini Cooper S,Mini,2002,230000,162689,Diesel
9260,Tata Tiago Revotron,Tata,2021,125000,32680,Diesel
9261,Chevrolet Tavera Neo,Chevrolet,2016,58000,49953,Petrol
9262,Skoda Fabia Classic,Skoda,2015,80000,48903,Petrol
9263,Mini Cooper S,Mini,2004,433000,40870,Petrol
9264,Ford Fiesta Classic,Ford,2003,25000,56958,Diesel
9265,Fiat Punto Active,Fiat,2003,25000,117052,Diesel
9266,Jeep Compass Longitude,Jeep,2020,160000,105729,Diesel
9267,BMW 5 Series,BMW,2015,1080000,133620,Diesel
9268,Mahindra KUV100 K8,Mahindra,2012,83000,8614,Petrol
9269,Fiat Punto Active,Fiat,2023,124000,47267,Diesel
9270,Hyundai Grand i10,Hyundai,2010,57000,14377,Diesel
9271,Renault Triber RXZ,Renault,2014,45000,163066,Diesel
9272,Skoda Fabia Classic,Skoda,2020,124000,83084,Petrol
9273,Nissan Terrano XL,Nissan,2018,121000,3426,Petrol
9274,Tata Nano Lx,Tata,2009,39000,9352,Petrol
9275,Volvo S60 D4,Volvo,2014,724000,172170,Diesel
9276,Renault Triber RXZ,Renault,2012,40000,95572,Diesel
9277,Mini Cooper S,Mini,2016,972000,177426,Diesel
9278,Toyota Fortuner 3.0,Toyota,2015,105000,36420,Diesel
9279,Mercedes GLA 200d,Mercedes,2002,342000,67519,Petrol
9280,Hyundai Elite i20,Hyundai,2022,118000,103130,Diesel
9281,Chevrolet Tavera Neo,Chevrolet,2010,28000,138006,Diesel
9282,Nissan Micra XV,Nissan,2017,60000,88908,Petrol
9283,Mitsubishi Pajero Sport,Mitsubishi,2002,25000,95190,Petrol
9284,BMW 5 Series,BMW,2014,1178000,58818,Petrol
9285,Maruti Suzuki Alto,Maruti,2007,28000,65833,Petrol
9286,Honda WR-V i-VTEC,Honda,2016,69000,98535,Petrol
9287,Honda Jazz V,Honda,2023,146000,152716,Diesel
9288,Mercedes E-Class E220d,Mercedes,2011,977000,29245,Petrol
9289,Jeep Compass Limited,Jeep,2007,74000,24601,Diesel
9290,Mercedes E-Class E220d,Mercedes,2022,3227000,39043,Petrol
9291,Hyundai Creta 1.6,Hyundai,2017,59000,146120,Petrol
9292,BMW 3 Series,BMW,2022,2055000,109557,Diesel
9293,Jeep Compass Longitude,Jeep,2022,278000,40142,Diesel
9294,Land Rover Freelander,Land,2016,1145000,155928,Diesel
9295,Nissan Micra XV,Nissan,2020,82000,122155,Petrol
9296,Hyundai Tucson 2WD,Hyundai,2018,66000,125036,Petrol
9297,Toyota Yaris VX,Toyota,2010,70000,44647,Diesel
9298,Skoda Octavia Elegance,Skoda,2016,61000,164461,Petrol
9299,Datsun GO T,Datsun,2023,93000,77313,Diesel
9300,Nissan Micra XV,Nissan,2007,36000,19503,Petrol
9301,Nissan Terrano XL,Nissan,2019,107000,19043,Petrol
9302,Fiat Linea Active,Fiat,2014,62000,8775,Petrol
9303,Nissan Micra XV,Nissan,2004,25000,64692,Diesel
9304,Volkswagen Ameo Highline,Volkswagen,2013,45000,117956,Petrol
9305,Fiat Punto Active,Fiat,2003,25000,22809,Petrol
9306,Hyundai Venue SX,Hyundai,2008,44000,14950,Petrol
9307,Renault Lodgy 110PS,Renault,2013,43000,114979,Diesel
9308,Nissan Terrano XL,Nissan,2005,25000,115860,Petrol
9309,Mahindra KUV100 K8,Mahindra,2012,61000,68841,Petrol
9310,Jeep Compass Longitude,Jeep,2013,67000,147800,Petrol
9311,Nissan Sunny XL,Nissan,2022,97000,176476,Petrol
9312,Fiat Linea Active,Fiat,2010,42000,40515,Petrol
9313,Ford Figo Aspire,Ford,2004,27000,79794,Diesel
9314,Toyota Yaris VX,Toyota,2006,29000,159307,Diesel
9315,Mitsubishi Lancer 1.8,Mitsubishi,2012,81000,21423,Diesel
9316,Jeep Compass Limited,Jeep,2009,49000,135819,Petrol
9317,Toyota Innova 2.5,Toyota,2016,82000,161545,Diesel
9318,Mitsubishi Pajero Sport,Mitsubishi,2022,134000,161468,Diesel
9319,BMW 5 Series,BMW,2020,2249000,21008,Petrol
9320,Mercedes C-Class C220d,Mercedes,2023,2186000,137304,Diesel
9321,Audi Q3 35,Audi,2020,1399000,178668,Petrol
9322,BMW 5 Series,BMW,2015,971000,123863,Petrol
9323,BMW 5 Series,BMW,2017,1074000,143447,Diesel
9324,Toyota Innova 2.5,Toyota,2008,34000,146028,Diesel
9325,Audi Q7,Audi,2011,1131000,15921,Petrol
9326,Skoda Octavia Elegance,Skoda,2004,25000,174813,Diesel
9327,Mitsubishi Lancer 1.8,Mitsubishi,2004,33000,27804,Petrol
9328,Mercedes GLA 200d,Mercedes,2017,1780000,52451,Diesel
9329,Chevrolet Beat LT,Chevrolet,2010,27000,161269,Diesel
9330,Audi A4 35,Audi,2014,807000,149875,Diesel
9331,Ford Freestyle Titanium,Ford,2008,36000,75394,Petrol
9332,Volvo XC60 D5,Volvo,2020,1413000,162270,Diesel
9333,Mini Cooper D,Mini,2016,1347000,5842,Petrol
9334,Skoda Rapid Elegance,Skoda,2004,25000,164108,Petrol
9335,Mini Cooper S,Mini,2007,564000,58080,Diesel
9336,Jaguar XE Prestige,Jaguar,2003,536000,53316,Petrol
9337,Datsun GO T,Datsun,2010,46000,785,Diesel
9338,BMW 3 Series,BMW,2020,2176000,42166,Petrol
9339,Land Rover Discovery,Land,2008,550000,116015,Diesel
9340,Mitsubishi Lancer 1.8,Mitsubishi,2008,47000,47613,Diesel
9341,Hyundai i10 Sportz,Hyundai,2014,56000,121473,Diesel
9342,Audi Q3 35,Audi,2023,2873000,63473,Diesel
9343,Land Rover Freelander,Land,2018,1288000,135499,Petrol
9344,Honda Civic 1.8,Honda,2010,40000,135448,Petrol
9345,Hyundai Creta 1.6,Hyundai,2020,83000,110133,Diesel
9346,Audi Q7,Audi,2004,310000,153280,Petrol
9347,Tata Nexon XZ,Tata,2021,69000,137208,Petrol
9348,Audi A6 2.0,Audi,2002,438000,43773,Petrol
9349,Mitsubishi Lancer 1.8,Mitsubishi,2002,25000,147297,Diesel
9350,Chevrolet Spark LT,Chevrolet,2011,29000,179962,Petrol
9351,Mahindra Jeep CL550,Mahindra,2006,25000,162795,Petrol
9352,Maruti Suzuki Baleno,Maruti,2014,51000,123766,Diesel
9353,Mitsubishi Pajero Sport,Mitsubishi,2005,28000,134862,Petrol
9354,Volkswagen Vento Highline,Volkswagen,2002,25000,119880,Petrol
9355,Fiat Punto Active,Fiat,2003,25000,86746,Diesel
9356,Fiat Punto Active,Fiat,2017,55000,167071,Diesel
9357,Land Rover Discovery,Land,2018,1666000,96770,Petrol
9358,Jeep Compass Limited,Jeep,2015,81000,171931,Diesel
9359,Toyota Etios VXD,Toyota,2007,37000,140934,Diesel
9360,Chevrolet Beat LT,Chevrolet,2011,32000,106940,Diesel
9361,Land Rover Discovery,Land,2011,1191000,36457,Diesel
9362,Fiat Linea Active,Fiat,2003,25000,106856,Diesel
9363,Volkswagen Ameo Highline,Volkswagen,2002,28000,21965,Petrol
9364,Ford Figo,Ford,2022,144000,71006,Petrol
9365,Land Rover Discovery,Land,2003,344000,119716,Diesel
9366,Mitsubishi Lancer 1.8,Mitsubishi,2021,111000,170313,Petrol
9367,Datsun GO Plus,Datsun,2010,25000,123038,Petrol
9368,Datsun GO T,Datsun,2004,25000,81890,Petrol
9369,Honda Jazz V,Honda,2010,53000,56293,Petrol
9370,Skoda Fabia Classic,Skoda,2023,166000,90287,Diesel
9371,Skoda Fabia Classic,Skoda,2020,106000,103336,Petrol
9372,Volkswagen Jetta Comfortline,Volkswagen,2006,25000,129095,Petrol
9373,Mitsubishi Lancer 1.8,Mitsubishi,2003,25000,113900,Petrol
9374,Maruti Suzuki Baleno,Maruti,2016,78000,73933,Diesel
9375,Mitsubishi Pajero Sport,Mitsubishi,2023,134000,114484,Diesel
9376,Mini Cooper S,Mini,2009,490000,114593,Diesel
9377,Mitsubishi Pajero Sport,Mitsubishi,2017,134000,15122,Petrol
9378,Mitsubishi Lancer 1.8,Mitsubishi,2007,33000,121287,Petrol
9379,Volkswagen Vento Highline,Volkswagen,2011,40000,128410,Petrol
9380,Jaguar XE Prestige,Jaguar,2006,784000,33606,Diesel
9381,Ford Figo Aspire,Ford,2011,59000,13092,Petrol
9382,Land Rover Discovery,Land,2007,643000,69202,Petrol
9383,Land Rover Discovery,Land,2015,1566000,80773,Diesel
9384,Mercedes C-Class C220d,Mercedes,2018,2052000,11117,Petrol
9385,Datsun GO T,Datsun,2009,25000,92864,Diesel
9386,Land Rover Discovery,Land,2021,2524000,71713,Diesel
9387,Nissan Sunny XL,Nissan,2010,34000,99370,Diesel
9388,Audi Q3 35,Audi,2020,2228000,24420,Petrol
9389,Datsun GO Plus,Datsun,2010,36000,3271,Petrol
9390,Toyota Innova 2.5,Toyota,2015,88000,67170,Diesel
9391,Jaguar XF Portfolio,Jaguar,2011,660000,166480,Petrol
9392,Maruti Suzuki Alto,Maruti,2011,33000,150097,Petrol
9393,Hyundai Verna 1.6,Hyundai,2018,112000,26377,Petrol
9394,Skoda Rapid Elegance,Skoda,2020,173000,15124,Diesel
9395,Renault Lodgy 110PS,Renault,2015,55000,92748,Petrol
9396,Hyundai Santro Xing,Hyundai,2012,42000,120378,Petrol
9397,Fiat Punto Active,Fiat,2017,63000,93927,Petrol
9398,Hyundai Eon Era,Hyundai,2012,49000,71504,Diesel
9399,Volkswagen Polo Highline,Volkswagen,2006,25000,159382,Diesel
9400,Tata Indica V2,Tata,2006,31000,25472,Diesel
9401,Mitsubishi Lancer 1.8,Mitsubishi,2020,145000,45413,Diesel
9402,Ford Figo Aspire,Ford,2014,65000,88723,Diesel
9403,Hyundai Grand i10,Hyundai,2019,132000,22712,Petrol
9404,Tata Nano Lx,Tata,2019,102000,11694,Petrol
9405,Fiat Punto Active,Fiat,2014,63000,18660,Diesel
9406,Land Rover Freelander,Land,2017,1433000,152024,Petrol
9407,Chevrolet Beat LT,Chevrolet,2011,29000,143078,Petrol
9408,Skoda Rapid Elegance,Skoda,2019,83000,130817,Petrol
9409,Renault Lodgy 110PS,Renault,2002,25000,45452,Petrol
9410,Volkswagen Ameo Highline,Volkswagen,2003,27000,53604,Diesel
9411,Datsun redi-GO T,Datsun,2009,34000,23170,Petrol
9412,Tata Indica V2,Tata,2007,25000,81445,Petrol
9413,Datsun GO Plus,Datsun,2014,56000,33690,Petrol
9414,Datsun GO T,Datsun,2004,25000,87817,Petrol
9415,Volkswagen Polo Highline,Volkswagen,2014,105000,679,Petrol
9416,Ford Fiesta Classic,Ford,2006,45000,2552,Diesel
9417,Volvo XC60 D5,Volvo,2010,518000,118523,Diesel
9418,Hyundai Santro Xing,Hyundai,2017,88000,77754,Petrol
9419,Tata Tiago Revotron,Tata,2009,39000,55442,Petrol
9420,Volkswagen Polo Highline,Volkswagen,2016,74000,91887,Petrol
9421,Audi Q3 35,Audi,2014,869000,96443,Petrol
9422,Jeep Compass Longitude,Jeep,2018,104000,111718,Diesel
9423,Tata Indica V2,Tata,2021,151000,16310,Diesel
9424,Jaguar XF Portfolio,Jaguar,2014,1336000,65196,Diesel
9425,Ford Figo,Ford,2021,102000,106109,Petrol
9426,Jaguar XE Prestige,Jaguar,2007,804000,21990,Diesel
9427,Volvo S60 D4,Volvo,2021,1992000,59695,Diesel
9428,Toyota Glanza G,Toyota,2006,31000,139716,Petrol
9429,Nissan Terrano XL,Nissan,2021,86000,100222,Petrol
9430,Volkswagen Polo Highline,Volkswagen,2008,43000,62947,Diesel
9431,Toyota Glanza G,Toyota,2020,188000,40800,Diesel
9432,Honda Amaze S,Honda,2012,82000,11742,Diesel
9433,Mitsubishi Pajero Sport,Mitsubishi,2020,134000,58534,Diesel
9434,BMW 3 Series,BMW,2019,2148000,38796,Petrol
9435,Mitsubishi Lancer 1.8,Mitsubishi,2017,78000,131773,Diesel
9436,Nissan Sunny XL,Nissan,2023,186000,3994,Petrol
9437,Fiat Linea Active,Fiat,2018,63000,101166,Diesel
9438,Volvo XC60 D5,Volvo,2018,1845000,29974,Petrol
9439,Chevrolet Sail UVA,Chevrolet,2018,84000,34167,Diesel
9440,Nissan Terrano XL,Nissan,2004,25000,166314,Petrol
9441,Ford Freestyle Titanium,Ford,2009,32000,104764,Diesel
9442,Toyota Glanza G,Toyota,2005,48000,31390,Diesel
9443,Ford Freestyle Titanium,Ford,2010,33000,117326,Petrol
9444,Mahindra KUV100 K8,Mahindra,2005,25000,123774,Petrol
9445,Fiat Punto Active,Fiat,2023,96000,173791,Diesel
9446,Toyota Fortuner 3.0,Toyota,2005,25000,167642,Petrol
9447,Mahindra Scorpio S10,Mahindra,2019,87000,159444,Petrol
9448,Mini Cooper D,Mini,2011,590000,167456,Diesel
9449,BMW X1 sDrive20d,BMW,2009,542000,102738,Diesel
9450,Mercedes C-Class C220d,Mercedes,2011,702000,120349,Petrol
9451,Audi A4 35,Audi,2022,2411000,42851,Diesel
9452,Toyota Innova 2.5,Toyota,2006,58000,2036,Petrol
9453,Jeep Compass Longitude,Jeep,2009,55000,161875,Diesel
9454,Chevrolet Beat LT,Chevrolet,2021,73000,178910,Diesel
9455,Nissan Micra XV,Nissan,2010,52000,8304,Diesel
9456,Toyota Etios VXD,Toyota,2013,60000,156167,Petrol
9457,Jaguar XF Portfolio,Jaguar,2013,1364000,41141,Petrol
9458,Mercedes C-Class C220d,Mercedes,2007,521000,95776,Diesel
9459,Chevrolet Sail UVA,Chevrolet,2006,25000,41452,Petrol
9460,Jeep Compass Limited,Jeep,2007,36000,151573,Petrol
9461,Land Rover Discovery,Land,2016,1710000,62572,Petrol
9462,Jaguar XE Prestige,Jaguar,2016,2282000,7597,Diesel
9463,Hyundai Santro Xing,Hyundai,2022,162000,19571,Diesel
9464,Nissan Sunny XL,Nissan,2017,52000,112866,Petrol
9465,Mini Cooper S,Mini,2014,640000,108624,Petrol
9466,BMW X1 sDrive20d,BMW,2017,1431000,70865,Diesel
9467,Mercedes C-Class C220d,Mercedes,2009,515000,168645,Petrol
9468,Jeep Compass Limited,Jeep,2023,292000,14230,Petrol
9469,Renault Duster 110,Renault,2019,69000,164413,Diesel
9470,Toyota Glanza G,Toyota,2018,92000,167533,Diesel
9471,Toyota Fortuner 3.0,Toyota,2010,38000,109495,Petrol
9472,Mahindra Jeep CL550,Mahindra,2013,47000,147130,Petrol
9473,Maruti Suzuki Baleno,Maruti,2013,60000,23363,CNG
9474,Jaguar XF Portfolio,Jaguar,2010,839000,88886,Petrol
9475,Volvo XC60 D5,Volvo,2003,319000,112098,Diesel
9476,Hyundai Venue SX,Hyundai,2023,197000,18919,Petrol
9477,Skoda Rapid Elegance,Skoda,2005,43000,25518,Diesel
9478,Chevrolet Spark LT,Chevrolet,2010,26000,165111,Petrol
9479,Fiat Punto Active,Fiat,2003,25000,29865,Diesel
9480,Maruti Suzuki Alto,Maruti,2022,130000,59967,Diesel
9481,BMW X1 sDrive20d,BMW,2021,1902000,84847,Petrol
9482,Tata Tiago Revotron,Tata,2012,53000,14458,Diesel
9483,Mercedes C-Class C220d,Mercedes,2008,514000,128088,Diesel
9484,Jaguar XE Prestige,Jaguar,2014,1625000,2712,Diesel
9485,Hyundai i10 Sportz,Hyundai,2011,61000,7434,Diesel
9486,Toyota Glanza G,Toyota,2010,78000,5866,Petrol
9487,Hyundai Venue SX,Hyundai,2021,162000,5416,Diesel
9488,Mitsubishi Pajero Sport,Mitsubishi,2012,67000,59114,Petrol
9489,Skoda Rapid Elegance,Skoda,2005,25000,92089,Diesel
9490,Land Rover Freelander,Land,2004,495000,65152,Diesel
9491,Ford Figo,Ford,2015,58000,144060,Petrol
9492,Fiat Punto Active,Fiat,2012,31000,166834,Petrol
9493,Mini Cooper D,Mini,2018,1039000,143276,Diesel
9494,BMW X1 sDrive20d,BMW,2010,733000,85308,Diesel
9495,Audi A4 35,Audi,2021,2268000,56519,Petrol
9496,Jaguar XF Portfolio,Jaguar,2012,737000,148262,Petrol
9497,Mini Cooper D,Mini,2012,567000,119263,Diesel
9498,Hyundai Elite i20,Hyundai,2009,58000,15396,Diesel
9499,Skoda Octavia Elegance,Skoda,2014,66000,86570,Petrol
9500,Honda Civic 1.8,Honda,2015,118000,3532,Petrol
9501,Audi A8,Audi,2021,2653000,17750,Petrol
9502,Fiat Punto Active,Fiat,2022,118000,57518,Diesel
9503,Hyundai Creta 1.6,Hyundai,2016,105000,956,Diesel
9504,Volkswagen Ameo Highline,Volkswagen,2009,32000,176717,Petrol
9505,Mahindra Scorpio SLE,Mahindra,2020,93000,178434,Diesel
9506,Maruti Suzuki Ciaz,Maruti,2010,34000,95065,Petrol
9507,Jeep Compass Longitude,Jeep,2004,31000,106687,Diesel
9508,BMW 3 Series,BMW,2023,3139000,2970,Petrol
9509,Fiat Linea Active,Fiat,2022,90000,110555,Diesel
9510,Renault Lodgy 110PS,Renault,2016,72000,43501,Petrol
9511,BMW X1 sDrive20d,BMW,2023,3120000,49882,Petrol
9512,Renault Triber RXZ,Renault,2011,34000,140685,Petrol
9513,Mercedes C-Class C220d,Mercedes,2006,476000,121587,Diesel
9514,Mahindra Jeep CL550,Mahindra,2009,36000,117420,Diesel
9515,Maruti Suzuki Swift,Maruti,2012,60000,50745,CNG
9516,Mitsubishi Pajero Sport,Mitsubishi,2008,38000,86659,Diesel
9517,Volkswagen Jetta Comfortline,Volkswagen,2017,113000,35318,Petrol
9518,Jeep Compass Longitude,Jeep,2005,29000,137669,Petrol
9519,Hyundai Venue SX,Hyundai,2014,46000,178794,Petrol
9520,Mitsubishi Lancer 1.8,Mitsubishi,2012,57000,140451,Diesel
9521,Honda Jazz V,Honda,2009,34000,114916,Diesel
9522,BMW 5 Series,BMW,2009,952000,34435,Diesel
9523,Datsun GO T,Datsun,2017,78000,2086,Petrol
9524,Mercedes C-Class C220d,Mercedes,2008,487000,144236,Petrol
9525,Honda City 1.5,Honda,2014,55000,114359,Petrol
9526,Datsun GO Plus,Datsun,2022,99000,47630,Diesel
9527,Mitsubishi Pajero Sport,Mitsubishi,2022,160000,69711,Petrol
9528,Jaguar XF Portfolio,Jaguar,2011,799000,103418,Petrol
9529,Jaguar XF Portfolio,Jaguar,2018,1631000,138274,Diesel
9530,Volvo S60 D4,Volvo,2006,635000,18532,Petrol
9531,Renault Kwid RXT,Renault,2003,25000,72954,Diesel
9532,Chevrolet Spark LT,Chevrolet,2011,27000,139558,Diesel
9533,Maruti Suzuki Wagon,Maruti,2011,33000,108809,Petrol
9534,Skoda Octavia Elegance,Skoda,2022,140000,76433,Petrol
9535,BMW X1 sDrive20d,BMW,2023,2434000,101441,Diesel
9536,Hyundai Santro Xing,Hyundai,2009,45000,57494,Diesel
9537,Audi Q3 35,Audi,2006,643000,30709,Petrol
9538,Jaguar XF Portfolio,Jaguar,2002,359000,98379,Petrol
9539,Chevrolet Tavera Neo,Chevrolet,2020,117000,1786,Petrol
9540,Ford Fiesta Classic,Ford,2017,108000,13765,Petrol
9541,Honda City 1.5,Honda,2017,75000,86477,Petrol
9542,Land Rover Discovery,Land,2016,1809000,38342,Petrol
9543,Datsun redi-GO T,Datsun,2009,30000,73206,Diesel
9544,BMW 3 Series,BMW,2004,353000,85229,Petrol
9545,Fiat Linea Active,Fiat,2010,27000,150917,Petrol
9546,Nissan Micra XV,Nissan,2015,52000,130213,Petrol
9547,Mahindra Thar CRDe,Mahindra,2006,29000,106472,Diesel
9548,Mercedes C-Class C220d,Mercedes,2023,2178000,153464,Diesel
9549,Land Rover Discovery,Land,2006,887000,7203,Petrol
9550,Mini Cooper D,Mini,2010,447000,121368,Petrol
9551,Chevrolet Beat LT,Chevrolet,2020,60000,107066,Petrol
9552,Renault Duster 110,Renault,2003,25000,79713,Petrol
9553,Nissan Terrano XL,Nissan,2014,45000,148764,Petrol
9554,Mini Cooper S,Mini,2002,287000,90172,Petrol
9555,Datsun GO T,Datsun,2011,51000,967,Diesel
9556,Maruti Suzuki Swift,Maruti,2003,25000,114069,Petrol
9557,Mahindra KUV100 K8,Mahindra,2004,25000,138826,Petrol
9558,Land Rover Discovery,Land,2012,1412000,50687,Diesel
9559,Skoda Rapid Elegance,Skoda,2002,25000,175760,Petrol
9560,Fiat Linea Active,Fiat,2003,25000,59659,Diesel
9561,Datsun GO Plus,Datsun,2004,25000,46447,Diesel
9562,Jaguar XF Portfolio,Jaguar,2005,376000,137881,Petrol
9563,Land Rover Freelander,Land,2004,636000,40879,Petrol
9564,Volvo S60 D4,Volvo,2008,427000,143313,Diesel
9565,Datsun GO T,Datsun,2009,25000,170462,Petrol
9566,Mitsubishi Lancer 1.8,Mitsubishi,2021,127000,94125,Diesel
9567,Mitsubishi Lancer 1.8,Mitsubishi,2013,83000,36249,Petrol
9568,Chevrolet Sail UVA,Chevrolet,2002,25000,50703,Diesel
9569,Land Rover Freelander,Land,2008,859000,62132,Petrol
9570,Volkswagen Ameo Highline,Volkswagen,2013,80000,40938,Petrol
9571,Volvo XC60 D5,Volvo,2006,637000,44420,Diesel
9572,Volkswagen Polo Highline,Volkswagen,2009,33000,102870,Petrol
9573,Jeep Compass Limited,Jeep,2005,46000,61754,Petrol
9574,Tata Indica V2,Tata,2013,39000,112183,Petrol
9575,Renault Duster 110,Renault,2004,26000,32565,Petrol
9576,Land Rover Discovery,Land,2017,1334000,162750,Petrol
9577,Ford Figo,Ford,2013,46000,165796,Petrol
9578,Ford EcoSport Titanium,Ford,2005,25000,135512,Petrol
9579,Jaguar XE Prestige,Jaguar,2018,1535000,126471,Petrol
9580,Volvo S60 D4,Volvo,2008,452000,135437,Petrol
9581,BMW 3 Series,BMW,2007,793000,4787,Petrol
9582,Jaguar XE Prestige,Jaguar,2019,2416000,31348,Diesel
9583,Mini Cooper D,Mini,2007,392000,142271,Petrol
9584,Land Rover Freelander,Land,2013,955000,142378,Diesel
9585,Mitsubishi Lancer 1.8,Mitsubishi,2018,154000,9589,Diesel
9586,Hyundai Elite i20,Hyundai,2010,42000,74472,Diesel
9587,Tata Tigor XZ,Tata,2013,36000,150800,Diesel
9588,Land Rover Freelander,Land,2023,2556000,123779,Petrol
9589,Mercedes E-Class E220d,Mercedes,2010,1033000,38085,Petrol
9590,Fiat Punto Active,Fiat,2004,25000,79050,Diesel
9591,Tata Nexon XZ,Tata,2008,25000,169824,Petrol
9592,Nissan Terrano XL,Nissan,2014,41000,109303,Petrol
9593,Volkswagen Ameo Highline,Volkswagen,2012,56000,72770,Diesel
9594,Tata Tigor XZ,Tata,2007,25000,109307,Petrol
9595,Audi A4 35,Audi,2018,1059000,175617,Petrol
9596,Mitsubishi Lancer 1.8,Mitsubishi,2015,107000,22874,Diesel
9597,Nissan Terrano XL,Nissan,2023,132000,70386,Petrol
9598,Land Rover Discovery,Land,2017,2097000,32315,Petrol
9599,Ford EcoSport Ambiente,Ford,2002,25000,46210,Petrol
9600,Chevrolet Tavera Neo,Chevrolet,2002,25000,98931,Diesel
9601,Toyota Etios VXD,Toyota,2020,125000,95054,Petrol
9602,Tata Nexon XZ,Tata,2002,25000,71227,Diesel
9603,Jaguar XF Portfolio,Jaguar,2004,375000,139856,Petrol
9604,Chevrolet Tavera Neo,Chevrolet,2014,34000,137269,Petrol
9605,BMW X1 sDrive20d,BMW,2023,3908000,3215,Petrol
9606,Mercedes C-Class C220d,Mercedes,2022,3198000,12493,Petrol
9607,Land Rover Freelander,Land,2016,1248000,122886,Diesel
9608,Volkswagen Vento Highline,Volkswagen,2008,39000,78073,Petrol
9609,Hyundai Verna 1.6,Hyundai,2012,42000,88505,Petrol
9610,Tata Nano Lx,Tata,2008,30000,76379,Petrol
9611,Mercedes GLA 200d,Mercedes,2006,459000,179481,Diesel
9612,BMW X1 sDrive20d,BMW,2009,850000,25422,Diesel
9613,Honda WR-V i-VTEC,Honda,2005,25000,177968,Petrol
9614,Chevrolet Spark LT,Chevrolet,2014,46000,54514,Petrol
9615,Audi Q7,Audi,2022,2113000,88293,Diesel
9616,Skoda Rapid Elegance,Skoda,2006,50000,8485,Diesel
9617,Land Rover Freelander,Land,2004,399000,136015,Diesel
9618,Mercedes C-Class C220d,Mercedes,2014,1149000,59569,Diesel
9619,Fiat Punto Active,Fiat,2011,32000,148270,Diesel
9620,Volkswagen Polo Highline,Volkswagen,2019,142000,19649,Petrol
9621,Ford Freestyle Titanium,Ford,2008,46000,28934,Diesel
9622,Fiat Punto Active,Fiat,2016,44000,108877,Petrol
9623,Volkswagen Jetta Comfortline,Volkswagen,2009,41000,97388,Diesel
9624,Land Rover Discovery,Land,2022,2038000,140968,Petrol
9625,Renault Lodgy 110PS,Renault,2011,36000,87363,Diesel
9626,Audi A6 2.0,Audi,2016,1380000,69338,Diesel
9627,Land Rover Freelander,Land,2016,1906000,19526,Petrol
9628,Jeep Compass Longitude,Jeep,2023,259000,38115,Petrol
9629,Toyota Etios VXD,Toyota,2016,104000,64372,Diesel
9630,Maruti Suzuki Wagon,Maruti,2023,195000,27099,Diesel
9631,Fiat Linea Active,Fiat,2004,25000,56873,Diesel
9632,Nissan Terrano XL,Nissan,2003,25000,104560,Petrol
9633,Honda City 1.5,Honda,2002,25000,179693,Diesel
9634,Chevrolet Tavera Neo,Chevrolet,2015,72000,1296,Petrol
9635,BMW X1 sDrive20d,BMW,2014,914000,116028,Petrol
9636,Toyota Fortuner 3.0,Toyota,2019,96000,176564,Petrol
9637,Land Rover Discovery,Land,2020,1856000,136165,Petrol
9638,Jaguar XE Prestige,Jaguar,2002,344000,131138,Petrol
9639,Jeep Compass Longitude,Jeep,2002,38000,28444,Petrol
9640,Maruti Suzuki Alto,Maruti,2008,48000,21527,Diesel
9641,Land Rover Discovery,Land,2010,728000,103714,Diesel
9642,Chevrolet Tavera Neo,Chevrolet,2008,32000,46772,Petrol
9643,Chevrolet Beat LT,Chevrolet,2013,41000,80088,Diesel
9644,Jeep Compass Limited,Jeep,2018,116000,145794,Petrol
9645,Fiat Punto Active,Fiat,2009,30000,79733,Petrol
9646,Ford EcoSport Ambiente,Ford,2007,33000,74621,Petrol
9647,Hyundai Grand i10,Hyundai,2009,31000,121019,Petrol
9648,Fiat Linea Active,Fiat,2003,25000,149983,Diesel
9649,Mercedes C-Class C220d,Mercedes,2018,1567000,88344,Petrol
9650,Ford Figo,Ford,2006,39000,3222,Diesel
9651,Chevrolet Beat LT,Chevrolet,2012,29000,100820,Petrol
9652,Volkswagen Jetta Comfortline,Volkswagen,2022,183000,9396,Petrol
9653,Land Rover Freelander,Land,2009,963000,50104,Diesel
9654,Hyundai i10 Sportz,Hyundai,2019,98000,81047,Petrol
9655,Honda Civic 1.8,Honda,2009,34000,146996,Diesel
9656,Mini Cooper S,Mini,2007,676000,2030,Petrol
9657,Honda Brio S,Honda,2006,34000,78690,Diesel
9658,Nissan Sunny XL,Nissan,2023,95000,127471,Petrol
9659,BMW 5 Series,BMW,2002,349000,100266,Diesel
9660,Ford EcoSport Titanium,Ford,2018,101000,35880,Petrol
9661,Jaguar XE Prestige,Jaguar,2020,1688000,97802,Petrol
9662,Toyota Etios VXD,Toyota,2007,51000,31838,Petrol
9663,Honda Brio S,Honda,2019,99000,82595,Petrol
9664,Renault Triber RXZ,Renault,2003,25000,45205,Petrol
9665,Volvo S60 D4,Volvo,2014,1322000,24505,Petrol
9666,Volvo XC60 D5,Volvo,2018,1322000,168272,Diesel
9667,Jaguar XE Prestige,Jaguar,2011,750000,171269,Petrol
9668,Land Rover Discovery,Land,2005,498000,163897,Diesel
9669,Mahindra TUV300 T8,Mahindra,2015,92000,63422,Diesel
9670,Mini Cooper S,Mini,2005,386000,91271,Diesel
9671,Ford Freestyle Titanium,Ford,2015,48000,116982,Petrol
9672,Maruti Suzuki Wagon,Maruti,2023,114000,146856,Petrol
9673,Jaguar XF Portfolio,Jaguar,2014,1530000,38279,Petrol
9674,Tata Tigor XZ,Tata,2007,25000,129804,Petrol
9675,Mini Cooper S,Mini,2021,1302000,119535,Petrol
9676,Land Rover Freelander,Land,2003,362000,167258,Diesel
9677,Audi Q7,Audi,2005,405000,111678,Diesel
9678,Honda WR-V i-VTEC,Honda,2021,140000,81550,Diesel
9679,Maruti Suzuki Celerio,Maruti,2020,77000,118206,Petrol
9680,Mini Cooper S,Mini,2011,589000,165283,Diesel
9681,Tata Indica V2,Tata,2014,46000,145890,Diesel
9682,Fiat Linea Active,Fiat,2005,25000,150665,Petrol
9683,Land Rover Freelander,Land,2006,470000,142474,Diesel
9684,Honda WR-V i-VTEC,Honda,2004,25000,112446,Diesel
9685,Volkswagen Ameo Highline,Volkswagen,2023,204000,16021,Petrol
9686,Mini Cooper S,Mini,2007,440000,89872,Diesel
9687,Maruti Suzuki Ertiga,Maruti,2002,25000,76231,Diesel
9688,Fiat Punto Active,Fiat,2016,43000,144092,Petrol
9689,Hyundai Verna 1.6,Hyundai,2023,121000,114004,Diesel
9690,Ford Freestyle Titanium,Ford,2017,91000,38263,Petrol
9691,Ford EcoSport Ambiente,Ford,2009,49000,58510,Diesel
9692,Tata Bolt XT,Tata,2011,44000,54726,Petrol
9693,Volvo XC60 D5,Volvo,2018,1046000,133762,Petrol
9694,Land Rover Freelander,Land,2003,390000,132058,Diesel
9695,Nissan Sunny XL,Nissan,2010,38000,88710,Petrol
9696,Hyundai Verna 1.6,Hyundai,2019,89000,93988,Diesel
9697,Nissan Micra XV,Nissan,2020,83000,123520,Diesel
9698,Nissan Micra XV,Nissan,2010,42000,77866,Diesel
9699,Land Rover Freelander,Land,2023,4156000,4685,Diesel
9700,Volvo S60 D4,Volvo,2007,358000,138067,Petrol
9701,Audi Q7,Audi,2011,703000,153105,Diesel
9702,Toyota Glanza G,Toyota,2009,65000,36970,Diesel
9703,Volkswagen Ameo Highline,Volkswagen,2022,135000,89512,Petrol
9704,Skoda Rapid Elegance,Skoda,2019,95000,171085,Diesel
9705,BMW 3 Series,BMW,2019,1361000,145074,Petrol
9706,Maruti Suzuki Omni,Maruti,2012,36000,147868,Petrol
9707,Ford Freestyle Titanium,Ford,2018,72000,155045,Diesel
9708,Ford EcoSport Titanium,Ford,2015,66000,98666,Diesel
9709,Datsun GO T,Datsun,2022,60000,111769,Petrol
9710,Skoda Octavia Elegance,Skoda,2008,47000,53186,Diesel
9711,Mahindra Thar CRDe,Mahindra,2014,73000,77516,Diesel
9712,Nissan Sunny XL,Nissan,2014,49000,148722,Diesel
9713,Datsun GO Plus,Datsun,2016,59000,55321,Diesel
9714,Land Rover Freelander,Land,2023,2644000,161468,Diesel
9715,Mercedes E-Class E220d,Mercedes,2010,943000,26697,Diesel
9716,BMW 5 Series,BMW,2015,1146000,103197,Diesel
9717,Maruti Suzuki Ertiga,Maruti,2008,33000,63962,CNG
9718,Ford Figo Aspire,Ford,2005,34000,22181,Petrol
9719,Audi Q7,Audi,2014,832000,157169,Petrol
9720,Volkswagen Jetta Comfortline,Volkswagen,2006,35000,59501,Diesel
9721,Toyota Glanza G,Toyota,2012,87000,21989,Diesel
9722,Tata Nexon XZ,Tata,2021,103000,74662,Diesel
9723,Mercedes GLA 200d,Mercedes,2008,686000,58659,Petrol
9724,Ford EcoSport Titanium,Ford,2017,67000,141074,Diesel
9725,Hyundai Verna 1.6,Hyundai,2008,33000,74222,Diesel
9726,Fiat Punto Active,Fiat,2015,48000,176383,Diesel
9727,Fiat Punto Active,Fiat,2022,76000,177788,Diesel
9728,Datsun redi-GO T,Datsun,2019,48000,129600,Diesel
9729,Datsun GO T,Datsun,2023,107000,44388,Diesel
9730,Datsun GO T,Datsun,2006,25000,130995,Petrol
9731,Honda City 1.5,Honda,2016,92000,58744,Diesel
9732,BMW 5 Series,BMW,2016,1368000,60829,Petrol
9733,Hyundai Venue SX,Hyundai,2007,28000,130610,Diesel
9734,Jaguar XE Prestige,Jaguar,2015,1203000,98000,Diesel
9735,Audi A8,Audi,2015,1103000,92540,Diesel
9736,Maruti Suzuki Swift,Maruti,2007,28000,103635,Petrol
9737,Honda Amaze S,Honda,2010,41000,152703,Diesel
9738,Audi A6 2.0,Audi,2010,723000,68928,Petrol
9739,Land Rover Freelander,Land,2015,2026000,25361,Diesel
9740,Maruti Suzuki Ciaz,Maruti,2021,101000,89280,CNG
9741,Mini Cooper S,Mini,2005,381000,92038,Diesel
9742,Maruti Suzuki Celerio,Maruti,2008,35000,65228,Petrol
9743,Volvo S60 D4,Volvo,2019,1160000,177529,Diesel
9744,Land Rover Freelander,Land,2011,777000,162061,Diesel
9745,Mahindra Jeep CL550,Mahindra,2008,62000,3626,Petrol
9746,Nissan Terrano XL,Nissan,2014,67000,55913,Petrol
9747,Skoda Rapid Elegance,Skoda,2005,25000,101990,Petrol
9748,Jaguar XE Prestige,Jaguar,2008,966000,1036,Diesel
9749,Nissan Micra XV,Nissan,2020,79000,110032,Petrol
9750,Maruti Suzuki Wagon,Maruti,2018,113000,5306,Petrol
9751,Volkswagen Jetta Comfortline,Volkswagen,2013,55000,139022,Diesel
9752,Toyota Corolla Altis,Toyota,2020,138000,64017,Diesel
9753,Volvo S60 D4,Volvo,2016,895000,149018,Petrol
9754,Volkswagen Ameo Highline,Volkswagen,2012,43000,142030,Petrol
9755,Tata Tigor XZ,Tata,2003,25000,32819,Diesel
9756,Volkswagen Ameo Highline,Volkswagen,2023,135000,116809,Petrol
9757,Mini Cooper D,Mini,2015,1031000,59951,Diesel
9758,Honda Civic 1.8,Honda,2004,25000,107896,Petrol
9759,BMW 3 Series,BMW,2004,306000,120855,Petrol
9760,Fiat Linea Active,Fiat,2014,37000,144518,Petrol
9761,Chevrolet Tavera Neo,Chevrolet,2003,25000,165964,Petrol
9762,Hyundai Eon Era,Hyundai,2010,53000,53644,Petrol
9763,Volvo S60 D4,Volvo,2008,512000,84439,Diesel
9764,Volkswagen Vento Highline,Volkswagen,2009,35000,96997,Diesel
9765,Maruti Suzuki Celerio,Maruti,2017,80000,81389,Petrol
9766,Fiat Linea Active,Fiat,2002,25000,99686,Petrol
9767,Honda Brio S,Honda,2023,117000,134094,Diesel
9768,Nissan Sunny XL,Nissan,2011,42000,85910,Petrol
9769,Jaguar XF Portfolio,Jaguar,2003,356000,144055,Diesel
9770,Mini Cooper D,Mini,2020,1721000,59312,Diesel
9771,Mercedes C-Class C220d,Mercedes,2015,1077000,176495,Petrol
9772,Mini Cooper D,Mini,2008,494000,64557,Diesel
9773,Mahindra Jeep CL550,Mahindra,2023,240000,20740,Diesel
9774,Toyota Etios VXD,Toyota,2002,29000,59870,Diesel
9775,Skoda Rapid Elegance,Skoda,2009,57000,10395,Petrol
9776,Tata Tiago Revotron,Tata,2002,25000,54431,Diesel
9777,Honda Civic 1.8,Honda,2021,114000,90125,Petrol
9778,Fiat Linea Active,Fiat,2005,25000,164852,Petrol
9779,Fiat Punto Active,Fiat,2020,107000,42042,Petrol
9780,Renault Lodgy 110PS,Renault,2017,60000,144387,Diesel
9781,Jaguar XF Portfolio,Jaguar,2014,1090000,99329,Diesel
9782,Jeep Compass Longitude,Jeep,2021,231000,54556,Petrol
9783,Tata Nexon XZ,Tata,2002,25000,63030,Diesel
9784,BMW 5 Series,BMW,2009,491000,133157,Diesel
9785,Toyota Corolla Altis,Toyota,2023,136000,118316,Petrol
9786,Chevrolet Sail UVA,Chevrolet,2010,35000,43032,Petrol
9787,Mercedes GLA 200d,Mercedes,2010,807000,45176,Petrol
9788,Fiat Punto Active,Fiat,2013,50000,73892,Diesel
9789,Volkswagen Vento Highline,Volkswagen,2002,31000,31545,Diesel
9790,Maruti Suzuki Omni,Maruti,2016,69000,96467,Petrol
9791,Land Rover Discovery,Land,2014,1124000,118441,Diesel
9792,Land Rover Discovery,Land,2007,529000,125688,Petrol
9793,BMW 5 Series,BMW,2011,692000,137871,Diesel
9794,Tata Bolt XT,Tata,2022,151000,2272,Diesel
9795,Renault Triber RXZ,Renault,2016,57000,165381,Petrol
9796,Mercedes GLA 200d,Mercedes,2003,454000,67649,Diesel
9797,Fiat Punto Active,Fiat,2013,34000,165301,Diesel
9798,Mitsubishi Pajero Sport,Mitsubishi,2013,59000,135017,Petrol
9799,Skoda Octavia Elegance,Skoda,2002,25000,146489,Diesel
9800,Ford Fiesta Classic,Ford,2018,63000,150330,Petrol
9801,Nissan Terrano XL,Nissan,2017,69000,102033,Diesel
9802,Datsun GO T,Datsun,2019,64000,73394,Petrol
9803,Mahindra Bolero SLE,Mahindra,2005,28000,173615,Diesel
9804,Skoda Octavia Elegance,Skoda,2005,41000,7940,Diesel
9805,Honda WR-V i-VTEC,Honda,2007,35000,72603,Diesel
9806,Toyota Corolla Altis,Toyota,2023,153000,167377,Diesel
9807,Renault Triber RXZ,Renault,2017,59000,144709,Diesel
9808,Tata Nexon XZ,Tata,2002,25000,57488,Petrol
9809,Jaguar XE Prestige,Jaguar,2010,752000,84390,Diesel
9810,Mercedes GLA 200d,Mercedes,2020,1797000,133054,Diesel
9811,Ford Endeavour 4x4,Ford,2023,133000,91347,Petrol
9812,Tata Tigor XZ,Tata,2007,25000,126153,Diesel
9813,Mitsubishi Lancer 1.8,Mitsubishi,2002,27000,43197,Petrol
9814,Maruti Suzuki Wagon,Maruti,2016,82000,64456,Petrol
9815,Toyota Etios VXD,Toyota,2010,71000,49937,Diesel
9816,Land Rover Freelander,Land,2005,415000,111776,Petrol
9817,Volvo XC60 D5,Volvo,2004,283000,132097,Diesel
9818,Audi A8,Audi,2016,1516000,31348,Diesel
9819,Volvo S60 D4,Volvo,2018,1858000,13325,Diesel
9820,Audi Q7,Audi,2014,1305000,29274,Petrol
9821,Mitsubishi Pajero Sport,Mitsubishi,2019,146000,60527,Diesel
9822,Jaguar XF Portfolio,Jaguar,2003,582000,34336,Diesel
9823,Jaguar XE Prestige,Jaguar,2012,794000,173558,Diesel
9824,Nissan Terrano XL,Nissan,2011,61000,16031,Diesel
9825,Toyota Innova 2.5,Toyota,2011,50000,160264,Diesel
9826,Toyota Glanza G,Toyota,2017,96000,101978,Diesel
9827,Chevrolet Spark LT,Chevrolet,2018,56000,107403,Diesel
9828,Chevrolet Spark LT,Chevrolet,2020,109000,34207,Diesel
9829,Tata Tigor XZ,Tata,2008,25000,128137,Petrol
9830,Datsun GO Plus,Datsun,2011,43000,13713,Petrol
9831,Skoda Octavia Elegance,Skoda,2020,142000,15866,Petrol
9832,Audi A6 2.0,Audi,2013,749000,160056,Petrol
9833,Chevrolet Tavera Neo,Chevrolet,2023,92000,132965,Diesel
9834,Chevrolet Spark LT,Chevrolet,2023,76000,133931,Diesel
9835,Hyundai i10 Sportz,Hyundai,2007,37000,75065,Diesel
9836,Mahindra Scorpio S10,Mahindra,2006,29000,92571,Diesel
9837,Audi A8,Audi,2006,401000,159890,Petrol
9838,BMW 5 Series,BMW,2013,1178000,68361,Diesel
9839,Mini Cooper D,Mini,2017,1556000,14222,Petrol
9840,Hyundai Grand i10,Hyundai,2003,25000,148467,Diesel
9841,Mercedes E-Class E220d,Mercedes,2009,618000,133174,Petrol
9842,Audi Q7,Audi,2010,750000,54067,Diesel
9843,Mini Cooper S,Mini,2023,1847000,145934,Diesel
9844,Datsun GO Plus,Datsun,2005,27000,16505,Diesel
9845,Jeep Compass Limited,Jeep,2012,60000,132453,Petrol
9846,Ford Endeavour 4x4,Ford,2022,96000,112648,Petrol
9847,Jeep Compass Limited,Jeep,2003,25000,132078,Diesel
9848,Mahindra Thar CRDe,Mahindra,2014,77000,46453,Diesel
9849,Maruti Suzuki Wagon,Maruti,2017,95000,18443,Diesel
9850,BMW X1 sDrive20d,BMW,2012,755000,155215,Petrol
9851,Audi A4 35,Audi,2019,1462000,109403,Petrol
9852,Tata Bolt XT,Tata,2004,29000,14275,Petrol
9853,Skoda Fabia Classic,Skoda,2008,30000,123533,Petrol
9854,Honda Amaze S,Honda,2005,27000,72205,Diesel
9855,Honda WR-V i-VTEC,Honda,2023,256000,4819,Diesel
9856,Land Rover Freelander,Land,2021,3115000,33867,Diesel
9857,Renault Lodgy 110PS,Renault,2006,39000,13784,Petrol
9858,Honda City 1.5,Honda,2010,38000,133646,Diesel
9859,Ford Endeavour 4x4,Ford,2014,47000,136602,Diesel
9860,Tata Tigor XZ,Tata,2013,38000,132370,Petrol
9861,Skoda Rapid Elegance,Skoda,2018,74000,137271,Petrol
9862,Ford Endeavour 4x4,Ford,2018,74000,130742,Petrol
9863,Ford Freestyle Titanium,Ford,2017,104000,39049,Petrol
9864,Toyota Yaris VX,Toyota,2009,40000,162307,Petrol
9865,Chevrolet Sail UVA,Chevrolet,2004,25000,53427,Diesel
9866,Skoda Rapid Elegance,Skoda,2002,25000,88039,Diesel
9867,Toyota Corolla Altis,Toyota,2005,44000,52910,Diesel
9868,Mercedes C-Class C220d,Mercedes,2007,491000,168126,Diesel
9869,Volkswagen Polo Highline,Volkswagen,2002,25000,123236,Petrol
9870,Jeep Compass Limited,Jeep,2017,118000,93493,Petrol
9871,Maruti Suzuki Wagon,Maruti,2012,49000,79743,Diesel
9872,Mercedes E-Class E220d,Mercedes,2009,547000,122268,Petrol
9873,Datsun GO Plus,Datsun,2020,65000,90614,Petrol
9874,Volkswagen Jetta Comfortline,Volkswagen,2005,33000,42941,Petrol
9875,Mahindra Bolero SLE,Mahindra,2022,123000,167121,Diesel
9876,Hyundai Santro Xing,Hyundai,2020,155000,25370,Petrol
9877,Jeep Compass Limited,Jeep,2009,52000,81883,Petrol
9878,Maruti Suzuki Alto,Maruti,2020,92000,93065,Petrol
9879,Volvo XC60 D5,Volvo,2002,232000,114206,Diesel
9880,Mercedes E-Class E220d,Mercedes,2019,1611000,150762,Diesel
9881,Honda WR-V i-VTEC,Honda,2009,36000,128621,Diesel
9882,Mahindra Jeep CL550,Mahindra,2012,48000,149906,Petrol
9883,Fiat Punto Active,Fiat,2011,32000,175006,Diesel
9884,Maruti Suzuki Celerio,Maruti,2003,25000,86110,Petrol
9885,Maruti Suzuki Ertiga,Maruti,2003,25000,63676,Diesel
9886,Toyota Fortuner 3.0,Toyota,2002,25000,101089,Petrol
9887,Hyundai Tucson 2WD,Hyundai,2005,25000,127360,Petrol
9888,Nissan Micra XV,Nissan,2016,79000,39235,Petrol
9889,Volkswagen Polo Highline,Volkswagen,2019,90000,161370,Diesel
9890,Jaguar XE Prestige,Jaguar,2004,363000,178497,Petrol
9891,Chevrolet Beat LT,Chevrolet,2015,51000,78471,Petrol
9892,Mitsubishi Pajero Sport,Mitsubishi,2018,84000,140230,Petrol
9893,Audi A4 35,Audi,2003,283000,155581,Diesel
9894,Fiat Linea Active,Fiat,2019,104000,36093,Diesel
9895,Ford Endeavour 4x4,Ford,2023,127000,142154,Diesel
9896,Jaguar XE Prestige,Jaguar,2003,375000,115219,Diesel
9897,Mercedes GLA 200d,Mercedes,2015,946000,170551,Petrol
9898,Volkswagen Polo Highline,Volkswagen,2008,58000,1826,Petrol
9899,Mini Cooper D,Mini,2017,1344000,45184,Petrol
9900,Mini Cooper D,Mini,2004,517000,7693,Petrol
9901,Land Rover Freelander,Land,2021,2142000,105826,Petrol
9902,Maruti Suzuki Swift,Maruti,2015,66000,81893,Petrol
9903,Hyundai Eon Era,Hyundai,2004,25000,90929,Petrol
9904,BMW 5 Series,BMW,2022,1890000,138037,Petrol
9905,Toyota Glanza G,Toyota,2022,126000,169439,Petrol
9906,Land Rover Freelander,Land,2006,552000,85905,Petrol
9907,Mini Cooper S,Mini,2019,1216000,167527,Petrol
9908,Renault Duster 110,Renault,2017,89000,55793,Petrol
9909,Honda Amaze S,Honda,2004,35000,35805,Diesel
9910,Jaguar XF Portfolio,Jaguar,2013,1235000,33560,Petrol
9911,Mini Cooper D,Mini,2012,895000,46885,Petrol
9912,Hyundai Tucson 2WD,Hyundai,2020,145000,21065,Petrol
9913,Ford EcoSport Ambiente,Ford,2018,134000,7473,Diesel
9914,Land Rover Freelander,Land,2012,1400000,6194,Diesel
9915,Chevrolet Beat LT,Chevrolet,2004,25000,29861,Petrol
9916,Chevrolet Beat LT,Chevrolet,2018,78000,47732,Diesel
9917,Mitsubishi Pajero Sport,Mitsubishi,2020,105000,127244,Petrol
9918,Mitsubishi Pajero Sport,Mitsubishi,2011,44000,158736,Petrol
9919,Ford Endeavour 4x4,Ford,2004,34000,8361,Diesel
9920,Volkswagen Jetta Comfortline,Volkswagen,2019,92000,131614,Petrol
9921,BMW 3 Series,BMW,2003,320000,148479,Diesel
9922,Skoda Octavia Elegance,Skoda,2009,42000,89048,Petrol
9923,Renault Lodgy 110PS,Renault,2007,30000,79051,Diesel
9924,Hyundai Verna 1.6,Hyundai,2007,38000,60276,Petrol
9925,Skoda Rapid Elegance,Skoda,2012,87000,3640,Petrol
9926,Nissan Terrano XL,Nissan,2015,79000,50286,Diesel
9927,Hyundai Verna 1.6,Hyundai,2018,75000,86761,Petrol
9928,Audi A8,Audi,2004,311000,123542,Petrol
9929,Mercedes E-Class E220d,Mercedes,2015,1438000,34647,Diesel
9930,Land Rover Discovery,Land,2005,728000,8940,Diesel
9931,Renault Duster 110,Renault,2017,80000,54299,Diesel
9932,Audi Q7,Audi,2014,1390000,30622,Diesel
9933,Jeep Compass Limited,Jeep,2009,62000,68418,Diesel
9934,Audi Q3 35,Audi,2018,1921000,26171,Diesel
9935,Mitsubishi Lancer 1.8,Mitsubishi,2010,41000,107766,Petrol
9936,Tata Bolt XT,Tata,2013,63000,25206,Petrol
9937,Renault Kwid RXT,Renault,2010,34000,161502,Diesel
9938,Chevrolet Spark LT,Chevrolet,2020,61000,161894,Petrol
9939,Jaguar XF Portfolio,Jaguar,2004,578000,49963,Diesel
9940,Mini Cooper D,Mini,2005,284000,102933,Petrol
9941,Ford Figo,Ford,2023,118000,164103,Diesel
9942,Fiat Linea Active,Fiat,2023,96000,158869,Diesel
9943,Mitsubishi Pajero Sport,Mitsubishi,2020,143000,63399,Petrol
9944,Audi A8,Audi,2006,431000,83868,Diesel
9945,Volvo S60 D4,Volvo,2015,1152000,49115,Diesel
9946,Volkswagen Jetta Comfortline,Volkswagen,2014,50000,174859,Diesel
9947,Maruti Suzuki Ertiga,Maruti,2018,73000,148749,Petrol
9948,Nissan Terrano XL,Nissan,2013,58000,41106,Diesel
9949,Volkswagen Polo Highline,Volkswagen,2016,61000,172837,Petrol
9950,Maruti Suzuki Swift,Maruti,2010,54000,31729,CNG
9951,Ford Figo Aspire,Ford,2016,100000,35930,Petrol
9952,Audi A6 2.0,Audi,2003,275000,149054,Petrol
9953,Tata Indica V2,Tata,2005,25000,177103,Petrol
9954,Jeep Compass Limited,Jeep,2011,53000,117567,Petrol
9955,Chevrolet Beat LT,Chevrolet,2007,25000,53618,Petrol
9956,Skoda Octavia Elegance,Skoda,2010,40000,128156,Petrol
9957,Nissan Micra XV,Nissan,2008,25000,124204,Petrol
9958,Maruti Suzuki Alto,Maruti,2017,88000,67379,Petrol
9959,Fiat Punto Active,Fiat,2003,25000,21565,Petrol
9960,Ford EcoSport Ambiente,Ford,2006,25000,106144,Petrol
9961,Jaguar XF Portfolio,Jaguar,2023,2485000,123785,Diesel
9962,Jaguar XF Portfolio,Jaguar,2005,473000,132629,Diesel
9963,Audi A6 2.0,Audi,2013,1297000,4219,Petrol
9964,Renault Lodgy 110PS,Renault,2012,40000,135026,Diesel
9965,Mitsubishi Lancer 1.8,Mitsubishi,2020,145000,38899,Petrol
9966,Ford EcoSport Titanium,Ford,2022,110000,146309,Petrol
9967,Mahindra XUV500 W8,Mahindra,2012,54000,120306,Diesel
9968,Land Rover Freelander,Land,2015,1105000,111587,Petrol
9969,Jeep Compass Longitude,Jeep,2018,117000,133813,Petrol
9970,Maruti Suzuki Ertiga,Maruti,2004,25000,170511,CNG
9971,Chevrolet Beat LT,Chevrolet,2016,52000,90330,Diesel
9972,Jaguar XF Portfolio,Jaguar,2019,2316000,41929,Diesel
9973,Fiat Punto Active,Fiat,2010,26000,173496,Diesel
9974,Toyota Glanza G,Toyota,2018,114000,87888,Diesel
9975,Hyundai Xcent S,Hyundai,2016,58000,118730,Petrol
9976,Tata Tigor XZ,Tata,2018,110000,18064,Diesel
9977,Hyundai Santro Xing,Hyundai,2016,84000,53544,Diesel
9978,Audi A4 35,Audi,2005,610000,32219,Petrol
9979,Mitsubishi Pajero Sport,Mitsubishi,2018,93000,159800,Diesel
9980,Mitsubishi Lancer 1.8,Mitsubishi,2015,102000,23716,Petrol
9981,Mercedes GLA 200d,Mercedes,2023,2040000,100127,Petrol
9982,Land Rover Discovery,Land,2006,606000,68537,Diesel
9983,Chevrolet Tavera Neo,Chevrolet,2005,25000,142965,Petrol
9984,Toyota Fortuner 3.0,Toyota,2005,50000,2546,Diesel
9985,BMW 5 Series,BMW,2015,973000,96090,Diesel
9986,Land Rover Freelander,Land,2022,3904000,16396,Petrol
9987,Audi A6 2.0,Audi,2015,1141000,78585,Diesel
9988,Toyota Innova 2.5,Toyota,2007,41000,78585,Diesel
9989,Mahindra Thar CRDe,Mahindra,2013,55000,124407,Petrol
9990,Jaguar XE Prestige,Jaguar,2004,353000,162924,Petrol
9991,Jeep Compass Longitude,Jeep,2020,244000,12643,Petrol
9992,Mahindra Scorpio SLE,Mahindra,2008,40000,96030,Diesel
9993,Tata Nexon XZ,Tata,2015,50000,136245,Diesel
9994,Honda WR-V i-VTEC,Honda,2019,128000,53989,Diesel
9995,Mercedes C-Class C220d,Mercedes,2007,601000,76090,Diesel
9996,Mitsubishi Lancer 1.8,Mitsubishi,2013,74000,71217,Diesel
9997,Audi A8,Audi,2003,417000,68399,Petrol
9998,Fiat Punto Active,Fiat,2017,50000,131148,Petrol
9999,Mitsubishi Lancer 1.8,Mitsubishi,2010,51000,81357,Petrol
10000,Mitsubishi Lancer 1.8,Mitsubishi,2008,52000,45607,Diesel
10001,Skoda Fabia Classic,Skoda,2020,110000,178786,Diesel
10002,Land Rover Discovery,Land,2017,1895000,30347,Petrol
10003,Mahindra KUV100 K8,Mahindra,2019,139000,11270,Petrol
10004,Toyota Corolla Altis,Toyota,2006,42000,64387,Diesel
10005,Mercedes E-Class E220d,Mercedes,2008,808000,33435,Petrol
10006,Land Rover Discovery,Land,2021,1876000,150480,Petrol
10007,Ford Endeavour 4x4,Ford,2022,119000,81319,Petrol
10008,Jaguar XE Prestige,Jaguar,2004,406000,138771,Petrol
10009,Datsun redi-GO T,Datsun,2003,25000,4815,Diesel
10010,Land Rover Discovery,Land,2009,690000,130717,Petrol
10011,Mahindra Thar CRDe,Mahindra,2003,25000,147165,Diesel
10012,Renault Triber RXZ,Renault,2003,25000,90192,Diesel
10013,Chevrolet Beat LT,Chevrolet,2005,25000,124891,Diesel
10014,Hyundai Santro Xing,Hyundai,2004,25000,119190,Diesel
10015,Jaguar XE Prestige,Jaguar,2012,758000,118037,Petrol
10016,Mercedes E-Class E220d,Mercedes,2002,471000,19944,Diesel
10017,Jeep Compass Limited,Jeep,2021,245000,35531,Petrol
10018,Ford Figo,Ford,2009,32000,131752,Petrol
10019,Fiat Linea Active,Fiat,2010,25000,171205,Petrol
10020,Renault Kwid RXT,Renault,2014,63000,43231,Diesel
10021,Jaguar XF Portfolio,Jaguar,2014,1603000,10972,Petrol
10022,Honda Civic 1.8,Honda,2010,45000,71780,Petrol
10023,Honda Amaze S,Honda,2015,72000,75219,Diesel
10024,Mini Cooper S,Mini,2009,492000,79972,Petrol
10025,Jaguar XE Prestige,Jaguar,2007,805000,35788,Petrol
10026,Ford Figo Aspire,Ford,2022,112000,92870,Petrol
10027,Mahindra TUV300 T8,Mahindra,2009,67000,6739,Petrol
10028,Land Rover Freelander,Land,2018,2301000,21964,Petrol
10029,Jaguar XE Prestige,Jaguar,2010,1089000,28788,Petrol
10030,Nissan Terrano XL,Nissan,2017,58000,97224,Petrol
10031,Renault Kwid RXT,Renault,2002,25000,162520,Petrol
10032,Volvo S60 D4,Volvo,2002,255000,158995,Petrol
10033,Audi Q7,Audi,2013,1419000,21854,Diesel
10034,Volvo XC60 D5,Volvo,2011,723000,71761,Diesel
10035,Mini Cooper D,Mini,2009,426000,128355,Petrol
10036,Renault Kwid RXT,Renault,2010,27000,139819,Petrol
10037,Nissan Terrano XL,Nissan,2016,52000,167324,Petrol
10038,Renault Kwid RXT,Renault,2004,27000,28177,Diesel
10039,BMW 5 Series,BMW,2013,872000,100036,Diesel
10040,Audi A4 35,Audi,2013,794000,125322,Petrol
10041,Nissan Terrano XL,Nissan,2022,165000,22867,Petrol
10042,Renault Kwid RXT,Renault,2013,44000,103768,Petrol
10043,Nissan Sunny XL,Nissan,2002,25000,32184,Petrol
10044,Ford Freestyle Titanium,Ford,2003,25000,63740,Diesel
10045,Audi A6 2.0,Audi,2023,3244000,36504,Petrol
10046,Honda Amaze S,Honda,2003,31000,21863,Diesel
10047,Toyota Etios VXD,Toyota,2022,145000,112847,Petrol
10048,Mercedes C-Class C220d,Mercedes,2021,1934000,163279,Diesel
10049,Fiat Linea Active,Fiat,2009,25000,156060,Diesel
10050,Ford Endeavour 4x4,Ford,2007,27000,163936,Diesel
10051,Mahindra Jeep CL550,Mahindra,2006,25000,162187,Petrol
10052,Jeep Compass Longitude,Jeep,2012,102000,3827,Petrol
10053,Tata Nano Lx,Tata,2021,95000,101959,Diesel
10054,Tata Tigor XZ,Tata,2023,155000,33005,Petrol
10055,Renault Duster 110,Renault,2014,48000,84752,Petrol
10056,Land Rover Discovery,Land,2021,3390000,18654,Petrol
10057,Skoda Octavia Elegance,Skoda,2005,36000,19473,Diesel
10058,Skoda Octavia Elegance,Skoda,2023,188000,66190,Diesel
10059,Honda Amaze S,Honda,2021,123000,108982,Diesel
10060,Skoda Rapid Elegance,Skoda,2002,25000,52295,Petrol
10061,Maruti Suzuki Alto,Maruti,2018,76000,139393,Diesel
10062,Mitsubishi Pajero Sport,Mitsubishi,2008,43000,70194,Diesel
10063,Maruti Suzuki Celerio,Maruti,2008,25000,147472,Petrol
10064,Land Rover Freelander,Land,2011,981000,71505,Petrol
10065,Honda Amaze S,Honda,2015,87000,32749,Diesel
10066,Jaguar XF Portfolio,Jaguar,2006,476000,146557,Petrol
10067,Honda Brio S,Honda,2022,168000,24873,Petrol
10068,Ford EcoSport Titanium,Ford,2015,103000,12449,Diesel
10069,Mercedes GLA 200d,Mercedes,2002,384000,73895,Petrol
10070,Jaguar XF Portfolio,Jaguar,2023,2572000,106366,Diesel
10071,Hyundai Santro Xing,Hyundai,2021,111000,81353,Diesel
10072,Land Rover Discovery,Land,2006,715000,35348,Petrol
10073,Renault Kwid RXT,Renault,2017,109000,20936,Diesel
10074,Land Rover Freelander,Land,2022,1976000,177952,Diesel
10075,Honda Amaze S,Honda,2009,61000,33493,Diesel
10076,Mitsubishi Lancer 1.8,Mitsubishi,2011,53000,68122,Petrol
10077,Jaguar XF Portfolio,Jaguar,2020,2215000,56235,Diesel
10078,Datsun GO T,Datsun,2015,41000,134437,Diesel
10079,Land Rover Discovery,Land,2009,1072000,8213,Diesel
10080,Jaguar XF Portfolio,Jaguar,2017,1499000,97665,Diesel
10081,Volvo S60 D4,Volvo,2016,1761000,8659,Petrol
10082,Volvo S60 D4,Volvo,2002,434000,37742,Diesel
10083,Honda Amaze S,Honda,2023,185000,54802,Petrol
10084,Chevrolet Tavera Neo,Chevrolet,2006,27000,56286,Diesel
10085,Honda Amaze S,Honda,2011,62000,34474,Petrol
10086,Datsun redi-GO T,Datsun,2012,27000,114906,Diesel
10087,Datsun GO T,Datsun,2022,66000,167311,Petrol
10088,Volkswagen Vento Highline,Volkswagen,2011,53000,45313,Petrol
10089,Volvo S60 D4,Volvo,2020,2517000,7095,Petrol
10090,BMW 5 Series,BMW,2014,902000,113330,Petrol
10091,Datsun GO Plus,Datsun,2019,57000,124740,Diesel
10092,Mini Cooper S,Mini,2016,805000,111296,Diesel
10093,Jaguar XF Portfolio,Jaguar,2022,2299000,144722,Diesel
10094,Datsun redi-GO T,Datsun,2011,27000,112252,Petrol
10095,Jaguar XE Prestige,Jaguar,2007,495000,144315,Petrol
10096,Land Rover Discovery,Land,2015,1294000,161192,Diesel
10097,Chevrolet Sail UVA,Chevrolet,2012,28000,122734,Diesel
10098,Audi Q7,Audi,2007,660000,10805,Petrol
10099,Datsun GO Plus,Datsun,2009,25000,95008,Petrol
10100,Jeep Compass Longitude,Jeep,2009,49000,127256,Petrol
10101,Hyundai Creta 1.6,Hyundai,2015,66000,96224,Petrol
10102,Mahindra TUV300 T8,Mahindra,2022,229000,16295,Diesel
10103,Honda WR-V i-VTEC,Honda,2017,78000,119258,Petrol
10104,Hyundai Elite i20,Hyundai,2003,25000,50514,Petrol
10105,Mercedes E-Class E220d,Mercedes,2020,2876000,4751,Petrol
10106,Mahindra Thar CRDe,Mahindra,2008,49000,47414,Diesel
10107,Mitsubishi Lancer 1.8,Mitsubishi,2013,69000,88842,Petrol
10108,Toyota Fortuner 3.0,Toyota,2005,25000,146157,Petrol
10109,Volvo XC60 D5,Volvo,2011,738000,72373,Petrol
10110,Datsun redi-GO T,Datsun,2015,57000,36848,Petrol
10111,Land Rover Discovery,Land,2012,1426000,16563,Diesel
10112,Datsun redi-GO T,Datsun,2010,25000,124997,Petrol
10113,Mini Cooper S,Mini,2011,799000,31375,Diesel
10114,Audi Q7,Audi,2017,1614000,15687,Petrol
10115,Volkswagen Ameo Highline,Volkswagen,2003,25000,106751,Petrol
10116,Datsun GO T,Datsun,2023,99000,54352,Petrol
10117,Skoda Octavia Elegance,Skoda,2008,30000,171205,Petrol
10118,Honda City 1.5,Honda,2008,29000,129455,Diesel
10119,Hyundai Venue SX,Hyundai,2003,25000,116931,Petrol
10120,BMW X1 sDrive20d,BMW,2003,401000,63522,Petrol
10121,Audi A8,Audi,2002,247000,117760,Petrol
10122,BMW 3 Series,BMW,2003,379000,88349,Diesel
10123,Mahindra Bolero SLE,Mahindra,2020,143000,49425,Diesel
10124,Mahindra KUV100 K8,Mahindra,2004,25000,95517,Petrol
10125,Audi Q7,Audi,2019,2159000,39980,Diesel
10126,Chevrolet Sail UVA,Chevrolet,2012,33000,116874,Diesel
10127,BMW 3 Series,BMW,2010,1095000,3561,Petrol
10128,Mahindra KUV100 K8,Mahindra,2020,137000,57306,Diesel
10129,Tata Nano Lx,Tata,2014,58000,52720,Diesel
10130,Fiat Punto Active,Fiat,2010,25000,174672,Petrol
10131,Datsun redi-GO T,Datsun,2010,32000,70058,Diesel
10132,Skoda Octavia Elegance,Skoda,2010,40000,109102,Petrol
10133,Mini Cooper D,Mini,2019,2083000,29826,Diesel
10134,Nissan Sunny XL,Nissan,2016,66000,79178,Petrol
10135,Mitsubishi Lancer 1.8,Mitsubishi,2020,185000,25133,Diesel
10136,Land Rover Freelander,Land,2015,1797000,4403,Petrol
10137,Hyundai i10 Sportz,Hyundai,2002,26000,40813,Petrol
10138,Fiat Linea Active,Fiat,2004,25000,81909,Diesel
10139,Nissan Terrano XL,Nissan,2014,57000,86433,Petrol
10140,Jaguar XE Prestige,Jaguar,2007,862000,29764,Diesel
10141,Land Rover Discovery,Land,2011,699000,169232,Diesel
10142,Fiat Linea Active,Fiat,2023,151000,7627,Petrol
10143,Honda Jazz V,Honda,2015,58000,108031,Petrol
10144,Nissan Micra XV,Nissan,2006,25000,97538,Petrol
10145,Honda Civic 1.8,Honda,2022,195000,7810,Petrol
10146,Volkswagen Vento Highline,Volkswagen,2006,26000,137953,Diesel
10147,Mercedes GLA 200d,Mercedes,2013,1254000,32166,Petrol
10148,Volvo XC60 D5,Volvo,2019,2175000,5834,Diesel
10149,Chevrolet Beat LT,Chevrolet,2003,25000,167316,Petrol
10150,Honda Civic 1.8,Honda,2004,25000,117174,Petrol
10151,Ford Figo,Ford,2021,171000,10762,Diesel
10152,Jeep Compass Limited,Jeep,2004,32000,153057,Petrol
