name,company,year,Price,kms_driven,fuel_type
Mini Cooper S,Mini,2002,"2,70,000","72,197 kms",Petrol
Jaguar XE Prestige,Jaguar,2020,"15,25,000","1,10,704 kms",Petrol
Jeep Compass Longitude,Jeep,2019,"1,69,000","52,224 kms",Diesel
Maruti Suzuki Swift Dzire Vdi,Maruti,2015,"56,000","89,294 kms",Diesel
Chevrolet Beat LT,Chevrolet,2004,"25,000","99,695 kms",Petrol
Volkswagen Polo Highline 1.2L,Volkswagen,2016,"72,000","1,40,668 kms",Petrol
Fiat Linea Active,Fiat,2022,"85,000","1,62,241 kms",Diesel
Hyundai Eon Era Plus,Hyundai,2011,"66,000","21,016 kms",Petrol
Audi Q3 35 TDI,Audi,2007,"4,54,000","97,140 kms",Diesel
Jaguar XE Prestige,Jaguar,2021,"18,80,000","1,66,555 kms",Petrol
Audi A8,Audi,2010,"5,80,000","1,67,872 kms",Petrol
Hyundai Eon Era Plus,Hyundai,2003,"25,000","82,794 kms",Diesel
Mitsubishi Lancer 1.8 GLX,Mitsubishi,2008,"34,000","1,71,919 kms",Diesel
Audi A6 2.0 TDI,Audi,2010,"9,12,000","36,703 kms",Petrol
Mitsubishi Lancer 1.8 GLX,Mitsubishi,2020,"1,07,000","1,04,800 kms",Diesel
Jeep Compass Limited,Jeep,2004,"46,000","12,451 kms",Petrol
Jaguar XF Portfolio,Jaguar,2021,"32,28,000","16,753 kms",Diesel
Jeep Compass Limited,Jeep,2019,"2,25,000","3,109 kms",Petrol
Volkswagen Ameo Highline 1.5,Volkswagen,2005,Ask For Price,"77,039 kms",Diesel
Volkswagen Vento Highline Diesel,Volkswagen,2018,"1,43,000","27,994 kms",Diesel
Tata Nano Lx,Tata,2013,"56,000","42,449 kms",Petrol
Ford EcoSport Ambiente 1.5L TDCi,Ford,2011,"46,000","62,870 kms",Petrol
Mahindra Scorpio SLE BS IV,Mahindra,2017,"1,34,000","18,243 kms",Petrol
Mercedes GLA 200d,Mercedes,2007,"7,02,000","69,583 kms",Diesel
Land Rover Freelander 2,Land,2011,"8,26,000","1,04,693 kms",Diesel
Ford Figo,Ford,2009,"47,000","16,884 kms",Diesel
Mitsubishi Pajero Sport 4x2,Mitsubishi,2002,"30,000","18,710 kms",Petrol
Chevrolet Beat LT,Chevrolet,2018,"76,000","62,491 kms",Diesel
Honda Brio S MT,Honda,2020,"93,000","1,51,150 kms",Diesel
BMW 3 Series 320d,BMW,2005,"6,00,000","25,509 kms",Diesel
Hyundai Grand i10 Magna 1.2 Kappa VTVT,Hyundai,2003,"25,000","1,05,644 kms",Diesel
Tata Nano Lx,Tata,2019,"63,000","1,17,701 kms",Petrol
Renault Duster 110 PS RxL,Renault,2016,"46,000","1,44,364 kms",Petrol
Maruti Suzuki Swift Vdi,Maruti,2009,"42,000","43,697 kms",CNG
Datsun GO T,Datsun,2007,"25,000","99,445 kms",Petrol
Audi Q3 35 TDI,Audi,2015,"8,57,000","1,45,791 kms",Diesel
Hyundai Tucson 2WD AT GLS,Hyundai,2019,"1,23,000","16,079 kms",Diesel
Jeep Compass Longitude,Jeep,2003,"29,000","1,33,224 kms",Petrol
Mahindra XUV500 W8,Mahindra,2014,"84,000","31,527 kms",Petrol
Volvo S60 D4,Volvo,2015,"9,82,000","1,72,426 kms",Diesel
Land Rover Discovery Sport,Land,2009,"7,85,000","69,729 kms",Diesel
Audi Q3 35 TDI,Audi,2004,"6,13,000","2,541 kms",Diesel
Ford EcoSport Titanium 1.5L TDCi,Ford,2019,"1,04,000","55,977 kms",Diesel
Mahindra XUV500 W8,Mahindra,2013,"67,000","74,807 kms",Diesel
Skoda Octavia Elegance 1.8 TSI,Skoda,2022,"1,18,000","1,38,758 kms",Petrol
Jaguar XE Prestige,Jaguar,2006,"6,51,000","69,428 kms",Petrol
Honda Jazz V,Honda,2011,"42,000","1,58,652 kms",Petrol
Mini Cooper D,Mini,2018,"11,66,000","1,28,165 kms",Diesel
Mahindra KUV100 K8,Mahindra,2010,"67,000","11,657 kms",Diesel
Volkswagen Vento Highline Diesel,Volkswagen,2016,"69,000","1,44,719 kms",Diesel
Land Rover Freelander 2,Land,2019,"30,08,000","9,544 kms",Diesel
Honda City 1.5 S MT,Honda,2011,"50,000","95,691 kms",Petrol
Renault Duster 110 PS RxL,Renault,2013,"46,000","1,46,870 kms",Diesel
Renault Kwid RXT,Renault,2007,"25,000","1,08,180 kms",Petrol
BMW X1 sDrive20d,BMW,2009,"7,40,000","70,041 kms",Petrol
Hyundai Venue SX,Hyundai,2009,"44,000","52,416 kms",Diesel
Renault Kwid RXT,Renault,2002,"25,000","1,73,123 kms",Petrol
Mahindra Bolero SLE,Mahindra,2013,"50,000","1,68,260 kms",Petrol
Fiat Linea Active,Fiat,2002,"25,000","30,336 kms",Diesel
Volkswagen Polo Highline 1.2L,Volkswagen,2005,"25,000","1,56,487 kms",Diesel
BMW X1 sDrive20d,BMW,2018,"22,73,000","30,415 kms",Diesel
Hyundai i10 Sportz,Hyundai,2002,"25,000","1,36,393 kms",Petrol
Jaguar XF Portfolio,Jaguar,2021,"23,93,000","82,391 kms",Petrol
Skoda Octavia Elegance 1.8 TSI,Skoda,2015,"77,000","85,606 kms",Diesel
Tata Nexon XZ Plus,Tata,2023,"1,06,000","99,490 kms",Petrol
Fiat Punto Active,Fiat,2011,"35,000","75,312 kms",Petrol
Mini Cooper D,Mini,2016,"9,17,000","1,15,911 kms",Diesel
Toyota Yaris VX,Toyota,2004,"29,000","74,492 kms",Diesel
Renault Triber RXZ,Renault,2009,"34,000","52,300 kms",Petrol
Mercedes GLA 200d,Mercedes,2004,"3,96,000","1,19,484 kms",Diesel
Land Rover Discovery Sport,Land,2017,"12,85,000","1,04,866 kms",Petrol
Ford Freestyle Titanium,Ford,2015,"80,000","57,467 kms",Petrol
Audi A4 35 TDI,Audi,2019,"17,23,000","65,425 kms",Petrol
Jaguar XF Portfolio,Jaguar,2016,"13,19,000","1,60,703 kms",Diesel
Toyota Yaris VX,Toyota,2017,"91,000","1,18,083 kms",Diesel
Volkswagen Jetta Comfortline TDI,Volkswagen,2022,"1,60,000","62,816 kms",Diesel
Renault Triber RXZ,Renault,2012,"39,000","83,909 kms",Petrol
Land Rover Freelander 2,Land,2008,"9,91,000","16,937 kms",Diesel
BMW 3 Series 320d,BMW,2008,"5,64,000","1,10,238 kms",Diesel
Land Rover Freelander 2,Land,2020,"17,84,000","99,814 kms",Diesel
Datsun redi-GO T,Datsun,2019,"51,000","1,43,265 kms",Petrol
Mercedes C-Class C220d,Mercedes,2014,"11,54,000","88,214 kms",Diesel
Honda Civic 1.8 V MT,Honda,2019,"1,63,000","7,169 kms",Diesel
Mahindra KUV100 K8,Mahindra,2006,"25,000","1,21,131 kms",Diesel
Tata Nexon XZ Plus,Tata,2012,"39,000","88,573 kms",Diesel
BMW 5 Series 520d,BMW,2004,"3,50,000","1,23,388 kms",Petrol
Nissan Micra XV,Nissan,2022,"1,63,000","18,087 kms",Petrol
Tata Indica V2 DLS,Tata,2021,"1,08,000","40,046 kms",Petrol
Mitsubishi Pajero Sport 4x2,Mitsubishi,2016,"91,000","67,272 kms",Diesel
Land Rover Freelander 2,Land,2007,"6,46,000","81,636 kms",Petrol
Mitsubishi Lancer 1.8 GLX,Mitsubishi,2014,"87,000","52,090 kms",Petrol
Renault Duster 110 PS RxL,Renault,2011,"35,000","1,79,474 kms",Petrol
Hyundai Verna 1.6 SX,Hyundai,2019,"73,000","1,12,396 kms",Diesel
Maruti Suzuki Ertiga VDI,Maruti,2017,"1,06,000","27,766 kms",CNG
Audi A6 2.0 TDI,Audi,2015,"14,23,000","46,273 kms",Diesel
Mercedes E-Class E220d,Mercedes,2015,"9,79,000","1,55,413 kms",Diesel
Mahindra Bolero SLE,Mahindra,2016,"98,000","64,027 kms",Diesel
Chevrolet Beat LT,Chevrolet,2017,"55,000","85,300 kms",Petrol
Volkswagen Ameo Highline 1.5,Volkswagen,2010,"39,000","1,56,378 kms",Diesel
Tata Indica V2 DLS,Tata,2009,"28,000","1,06,642 kms",Diesel
Mercedes GLA 200d,Mercedes,2017,"10,62,000","1,17,586 kms",Petrol
Land Rover Freelander 2,Land,2011,"7,88,000","1,74,153 kms",Diesel
BMW X1 sDrive20d,BMW,2019,"17,76,000","86,814 kms",Diesel
Volkswagen Vento Highline Diesel,Volkswagen,2005,"32,000","50,584 kms",Diesel
Land Rover Freelander 2,Land,2008,"7,95,000","56,823 kms",Diesel
Jeep Compass Limited,Jeep,2005,"46,000","50,986 kms",Diesel
Maruti Suzuki Omni E STD,Maruti,2019,"1,08,000","33,282 kms",Diesel
Skoda Octavia Elegance 1.8 TSI,Skoda,2006,Ask For Price,"1,67,313 kms",Diesel
Skoda Rapid Elegance 1.6 MPI,Skoda,2017,"69,000","1,15,566 kms",Diesel
Mercedes C-Class C220d,Mercedes,2004,"3,43,000","1,05,143 kms",Diesel
Hyundai Elite i20 Magna 1.2,Hyundai,2006,"25,000","1,47,645 kms",Diesel
Fiat Linea Active,Fiat,2021,"77,000","1,56,371 kms",Petrol
Audi Q3 35 TDI,Audi,2020,"15,22,000","1,12,515 kms",Diesel
Ford Freestyle Titanium,Ford,2008,"26,000","1,64,075 kms",Petrol
Renault Kwid RXT,Renault,2019,"1,01,000","19,777 kms",Petrol
Volvo XC60 D5,Volvo,2011,"9,68,000","8,656 kms",Petrol
Audi A4 35 TDI,Audi,2023,"29,15,000","61,290 kms",Diesel
Jaguar XE Prestige,Jaguar,2015,"17,53,000","30,187 kms",Petrol
Honda City 1.5 S MT,Honda,2003,"31,000","43,595 kms",Diesel
Skoda Rapid Elegance 1.6 MPI,Skoda,2005,"25,000","1,22,966 kms",Diesel
Jeep Compass Limited,Jeep,2016,"1,65,000","21,187 kms",Petrol
Volvo XC60 D5,Volvo,2002,"4,54,000","24,040 kms",Petrol
Mitsubishi Pajero Sport 4x2,Mitsubishi,2023,"1,91,000","70,750 kms",Petrol
Jeep Compass Limited,Jeep,2010,"82,000","47,676 kms",Diesel
Mahindra TUV300 T8,Mahindra,2013,"53,000","1,07,146 kms",Diesel
Toyota Corolla Altis G,Toyota,2015,"74,000","1,29,984 kms",Diesel
Fiat Punto Active,Fiat,2016,"74,000","23,184 kms",Diesel
Datsun GO Plus T,Datsun,2002,"25,000","1,72,501 kms",Diesel
Nissan Terrano XL,Nissan,2017,"63,000","1,64,047 kms",Diesel
Fiat Punto Active,Fiat,2011,"27,000","1,14,949 kms",Diesel
Volvo S60 D4,Volvo,2007,"4,94,000","81,561 kms",Petrol
Ford Figo Aspire Titanium,Ford,2005,"25,000","1,69,893 kms",Petrol
Jeep Compass Limited,Jeep,2015,"81,000","1,26,584 kms",Diesel
Datsun GO T,Datsun,2021,"68,000","1,33,332 kms",Petrol
BMW 5 Series 520d,BMW,2018,"15,34,000","70,137 kms",Petrol
Mitsubishi Lancer 1.8 GLX,Mitsubishi,2006,"28,000","1,17,159 kms",Diesel
Fiat Linea Active,Fiat,2016,"61,000","84,452 kms",Petrol
Datsun GO T,Datsun,2015,"68,000","11,541 kms",Diesel
Datsun redi-GO T,Datsun,2023,"75,000","1,71,022 kms",Petrol
Jeep Compass Limited,Jeep,2005,"32,000","1,15,523 kms",Petrol
Honda WR-V i-VTEC VX,Honda,2022,"1,72,000","40,564 kms",Petrol
Chevrolet Tavera Neo 3,Chevrolet,2022,"1,40,000","21,154 kms",Diesel
Datsun redi-GO T,Datsun,2022,"70,000","1,28,012 kms",Petrol
Jaguar XF Portfolio,Jaguar,2009,"11,58,000","23,792 kms",Diesel
Land Rover Freelander 2,Land,2016,"20,91,000","43,711 kms",Diesel
Hyundai Creta 1.6 SX Option,Hyundai,2013,"46,000","98,362 kms",Diesel
Mitsubishi Pajero Sport 4x2,Mitsubishi,2007,"46,000","45,993 kms",Petrol
Jaguar XE Prestige,Jaguar,2017,"11,97,000","1,52,971 kms",Petrol
Audi Q3 35 TDI,Audi,2023,"39,19,000","2,563 kms",Diesel
Toyota Innova 2.5 G,Toyota,2016,"93,000","90,687 kms",Diesel
Volkswagen Jetta Comfortline TDI,Volkswagen,2011,"66,000","52,323 kms",Diesel
Datsun GO Plus T,Datsun,2013,"34,000","1,50,783 kms",Diesel
Jaguar XF Portfolio,Jaguar,2010,"13,08,000","2,222 kms",Petrol
Skoda Fabia Classic 1.2 MPI,Skoda,2021,"1,23,000","92,458 kms",Petrol
Jaguar XE Prestige,Jaguar,2022,"31,92,000","25,570 kms",Petrol
Mitsubishi Lancer 1.8 GLX,Mitsubishi,2006,"46,000","23,727 kms",Diesel
Tata Nano Lx,Tata,2019,"82,000","96,007 kms",Diesel
Mercedes E-Class E220d,Mercedes,2012,"13,69,000","30,291 kms",Diesel
Renault Lodgy 110PS RxZ 8 Str,Renault,2019,Ask For Price,"95,985 kms",Petrol
Fiat Punto Active,Fiat,2016,"54,000","96,722 kms",Diesel
Nissan Micra XV,Nissan,2023,"1,28,000","61,395 kms",Diesel
Fiat Linea Active,Fiat,2021,"1,05,000","58,130 kms",Petrol
Land Rover Discovery Sport,Land,2022,"20,23,000","1,07,132 kms",Petrol
Skoda Rapid Elegance 1.6 MPI,Skoda,2005,"41,000","25,578 kms",Petrol
Audi Q3 35 TDI,Audi,2023,"20,28,000","1,41,708 kms",Diesel
BMW X1 sDrive20d,BMW,2005,"4,21,000","1,28,379 kms",Diesel
Land Rover Discovery Sport,Land,2008,"6,62,000","1,16,330 kms",Diesel
Ford Fiesta Classic CLXi,Ford,2013,"41,000","1,42,828 kms",Diesel
Ford Freestyle Titanium,Ford,2016,"99,000","24,131 kms",Petrol
Maruti Suzuki Alto 800 Vxi,Maruti,2012,"55,000","63,950 kms",Petrol
Fiat Punto Active,Fiat,2020,"89,000","56,710 kms",Petrol
Volvo S60 D4,Volvo,2010,"8,23,000","38,029 kms",Petrol
Ford Fiesta Classic CLXi,Ford,2002,"25,000","34,651 kms",Petrol
Mitsubishi Lancer 1.8 GLX,Mitsubishi,2002,"26,000","45,777 kms",Diesel
Jeep Compass Longitude,Jeep,2004,"33,000","1,24,945 kms",Diesel
Ford Figo Aspire Titanium,Ford,2018,"1,03,000","58,177 kms",Petrol
Jaguar XF Portfolio,Jaguar,2016,"10,41,000","1,68,747 kms",Petrol
Datsun redi-GO T,Datsun,2023,"1,34,000","28,401 kms",Diesel
Mahindra Thar CRDe 4x4,Mahindra,2021,"1,60,000","38,984 kms",Diesel
Mitsubishi Lancer 1.8 GLX,Mitsubishi,2014,"61,000","1,56,702 kms",Diesel
Ford Freestyle Titanium,Ford,2005,"25,000","1,71,729 kms",Petrol
BMW 5 Series 520d,BMW,2016,"12,00,000","1,04,624 kms",Diesel
Chevrolet Sail UVA LS,Chevrolet,2013,"45,000","40,113 kms",Diesel
Mahindra KUV100 K8,Mahindra,2005,"28,000","97,787 kms",Diesel
Fiat Linea Active,Fiat,2023,"1,41,000","32,142 kms",Diesel
BMW X1 sDrive20d,BMW,2003,"3,86,000","75,500 kms",Diesel
Tata Nano Lx,Tata,2023,"1,02,000","1,26,503 kms",Petrol
Fiat Linea Active,Fiat,2005,"25,000","73,124 kms",Petrol
Volvo S60 D4,Volvo,2021,"13,90,000","1,72,546 kms",Diesel
Skoda Rapid Elegance 1.6 MPI,Skoda,2013,"96,000","1,700 kms",Petrol
Datsun GO T,Datsun,2006,"25,000","1,66,082 kms",Petrol
Datsun redi-GO T,Datsun,2016,"44,000","89,463 kms",Petrol
Mitsubishi Pajero Sport 4x2,Mitsubishi,2003,"34,000","40,884 kms",Petrol
Mahindra Bolero SLE,Mahindra,2016,"71,000","1,73,623 kms",Diesel
Volkswagen Vento Highline Diesel,Volkswagen,2018,"1,29,000","29,936 kms",Diesel
Jaguar XF Portfolio,Jaguar,2018,"13,15,000","1,74,984 kms",Diesel
Volvo S60 D4,Volvo,2002,"4,13,000","53,688 kms",Diesel
Volkswagen Ameo Highline 1.5,Volkswagen,2012,"70,000","31,553 kms",Petrol
Honda WR-V i-VTEC VX,Honda,2019,"1,11,000","60,422 kms",Diesel
Hyundai i10 Sportz,Hyundai,2002,"25,000","1,20,621 kms",Petrol
Mitsubishi Lancer 1.8 GLX,Mitsubishi,2022,Ask For Price,"1,09,595 kms",Diesel
Chevrolet Spark LT,Chevrolet,2021,"64,000","1,20,711 kms",Diesel
Renault Lodgy 110PS RxZ 8 Str,Renault,2020,"78,000","1,05,075 kms",Petrol
Chevrolet Spark LT,Chevrolet,2012,"43,000","44,174 kms",Petrol
Jeep Compass Longitude,Jeep,2013,"73,000","92,138 kms",Petrol
Tata Nano Lx,Tata,2021,"1,09,000","40,173 kms",Petrol
Mercedes E-Class E220d,Mercedes,2020,"17,11,000","1,52,004 kms",Diesel
Mini Cooper D,Mini,2022,"17,67,000","82,973 kms",Petrol
Mini Cooper D,Mini,2010,"4,59,000","1,55,137 kms",Petrol
Audi A8,Audi,2003,"5,56,000","15,013 kms",Diesel
Mahindra KUV100 K8,Mahindra,2016,"75,000","1,52,229 kms",Petrol
Hyundai Venue SX,Hyundai,2020,"81,000","1,70,975 kms",Petrol
Honda City 1.5 S MT,Honda,2016,"1,23,000","27,232 kms",Diesel
Mini Cooper S,Mini,2003,"3,88,000","65,044 kms",Diesel
Volvo S60 D4,Volvo,2013,"7,93,000","97,840 kms",Diesel
Jaguar XE Prestige,Jaguar,2022,"19,28,000","1,69,787 kms",Diesel
Jaguar XF Portfolio,Jaguar,2011,"9,32,000","66,159 kms",Petrol
Honda Jazz V,Honda,2011,"39,000","1,72,080 kms",Diesel
Mahindra Bolero SLE,Mahindra,2019,"1,06,000","98,844 kms",Petrol
Jaguar XE Prestige,Jaguar,2022,Ask For Price,"1,75,856 kms",Diesel
Skoda Fabia Classic 1.2 MPI,Skoda,2008,"34,000","89,683 kms",Diesel
Honda City 1.5 S MT,Honda,2011,"68,000","26,613 kms",Petrol
Volvo S60 D4,Volvo,2021,"15,07,000","98,854 kms",Petrol
Volvo S60 D4,Volvo,2016,"16,40,000","11,553 kms",Diesel
Audi Q7,Audi,2011,"6,15,000","1,17,783 kms",Petrol
Mercedes C-Class C220d,Mercedes,2013,"8,39,000","1,77,914 kms",Diesel
Datsun GO Plus T,Datsun,2018,"51,000","1,09,849 kms",Petrol
Honda Jazz V,Honda,2003,"25,000","1,68,181 kms",Diesel
Ford Fiesta Classic CLXi,Ford,2018,"1,05,000","32,783 kms",Diesel
Audi Q7,Audi,2006,"4,22,000","1,14,780 kms",Petrol
Audi Q3 35 TDI,Audi,2002,"2,61,000","1,08,862 kms",Petrol
Datsun GO T,Datsun,2013,"39,000","58,961 kms",Petrol
Land Rover Discovery Sport,Land,2006,"6,96,000","36,170 kms",Petrol
Land Rover Freelander 2,Land,2017,Ask For Price,"1,17,698 kms",Petrol
Tata Nano Lx,Tata,2019,"61,000","1,59,714 kms",Diesel
Skoda Fabia Classic 1.2 MPI,Skoda,2003,"28,000","62,605 kms",Diesel
Mahindra Scorpio SLE BS IV,Mahindra,2017,"66,000","1,56,531 kms",Petrol
Renault Kwid RXT,Renault,2011,"33,000","1,12,622 kms",Petrol
BMW 3 Series 320d,BMW,2023,"19,93,000","1,75,268 kms",Petrol
Jeep Compass Longitude,Jeep,2014,"77,000","1,23,343 kms",Petrol
Volkswagen Polo Highline 1.2L,Volkswagen,2013,"81,000","17,810 kms",Diesel
Ford Freestyle Titanium,Ford,2020,"89,000","87,267 kms",Petrol
Mini Cooper S,Mini,2023,"17,57,000","1,21,898 kms",Diesel
Mahindra TUV300 T8,Mahindra,2003,"25,000","77,024 kms",Diesel
Hyundai Verna 1.6 SX,Hyundai,2011,"43,000","1,35,204 kms",Diesel
Volkswagen Polo Highline 1.2L,Volkswagen,2022,"1,68,000","50,196 kms",Diesel
Mini Cooper D,Mini,2010,"7,78,000","32,730 kms",Diesel
Audi A8,Audi,2012,"10,76,000","49,073 kms",Diesel
Jeep Compass Limited,Jeep,2004,"29,000","1,11,380 kms",Petrol
Toyota Glanza G,Toyota,2011,"50,000","84,303 kms",Petrol
Skoda Rapid Elegance 1.6 MPI,Skoda,2021,"1,09,000","1,11,803 kms",Petrol
Hyundai Verna 1.6 SX,Hyundai,2021,"1,01,000","1,14,117 kms",Diesel
Hyundai Grand i10 Magna 1.2 Kappa VTVT,Hyundai,2023,"1,14,000","1,67,220 kms",Diesel
Jaguar XE Prestige,Jaguar,2002,"4,48,000","37,528 kms",Diesel
Mini Cooper D,Mini,2013,"7,04,000","1,00,462 kms",Petrol
Nissan Sunny XL,Nissan,2016,"87,000","20,255 kms",Petrol
Mini Cooper D,Mini,2009,"7,33,000","29,839 kms",Petrol
Datsun GO Plus T,Datsun,2005,"25,000","68,723 kms",Diesel
Volvo XC60 D5,Volvo,2017,"13,41,000","52,575 kms",Petrol
Toyota Yaris VX,Toyota,2016,"1,34,000","23,113 kms",Diesel
Fiat Linea Active,Fiat,2011,"46,000","41,389 kms",Petrol
Ford Figo,Ford,2006,"29,000","62,158 kms",Diesel
Nissan Sunny XL,Nissan,2019,"97,000","34,118 kms",Petrol
Land Rover Discovery Sport,Land,2018,"17,11,000","1,07,787 kms",Diesel
Chevrolet Beat LT,Chevrolet,2016,"40,000","1,22,215 kms",Diesel
Fiat Punto Active,Fiat,2006,"25,000","1,13,508 kms",Petrol
Skoda Fabia Classic 1.2 MPI,Skoda,2007,"32,000","84,683 kms",Petrol
Skoda Fabia Classic 1.2 MPI,Skoda,2010,"51,000","51,559 kms",Diesel
Fiat Punto Active,Fiat,2018,"56,000","1,68,131 kms",Petrol
Toyota Yaris VX,Toyota,2021,"1,35,000","1,58,733 kms",Diesel
Maruti Suzuki Swift Vdi,Maruti,2003,"25,000","1,68,253 kms",Diesel
BMW X1 sDrive20d,BMW,2022,"36,44,000","8,039 kms",Diesel
Mini Cooper D,Mini,2017,"12,42,000","64,293 kms",Diesel
Hyundai Elite i20 Magna 1.2,Hyundai,2016,"62,000","1,09,052 kms",Diesel
Honda Jazz V,Honda,2012,"49,000","90,636 kms",Diesel
Fiat Punto Active,Fiat,2012,"40,000","63,470 kms",Diesel
Honda City 1.5 S MT,Honda,2003,"27,000","76,177 kms",Diesel
Toyota Corolla Altis G,Toyota,2020,"1,41,000","82,076 kms",Petrol
Jeep Compass Limited,Jeep,2017,"1,14,000","80,982 kms",Diesel
Jeep Compass Limited,Jeep,2009,"62,000","56,498 kms",Diesel
Volvo XC60 D5,Volvo,2011,"6,29,000","1,40,790 kms",Petrol
Volkswagen Ameo Highline 1.5,Volkswagen,2014,"59,000","96,028 kms",Petrol
Tata Tiago Revotron XZ,Tata,2019,"79,000","75,755 kms",Petrol
Fiat Linea Active,Fiat,2021,"66,000","1,78,462 kms",Petrol
Nissan Sunny XL,Nissan,2019,"71,000","95,941 kms",Petrol
Jeep Compass Longitude,Jeep,2003,"49,000","10,301 kms",Petrol
Jeep Compass Limited,Jeep,2006,"34,000","1,59,027 kms",Petrol
Toyota Fortuner 3.0 4x4 AT,Toyota,2021,"1,56,000","78,542 kms",Diesel
Mercedes GLA 200d,Mercedes,2020,"21,97,000","78,688 kms",Diesel
Jaguar XE Prestige,Jaguar,2015,"11,91,000","1,53,114 kms",Diesel
Land Rover Freelander 2,Land,2021,"22,65,000","1,24,510 kms",Diesel
Mitsubishi Pajero Sport 4x2,Mitsubishi,2003,"25,000","1,53,067 kms",Diesel
Volvo XC60 D5,Volvo,2006,"3,22,000","1,78,548 kms",Petrol
Ford Figo,Ford,2002,"25,000","1,15,715 kms",Diesel
Tata Nexon XZ Plus,Tata,2018,"67,000","1,60,395 kms",Diesel
Hyundai Elite i20 Magna 1.2,Hyundai,2018,"1,17,000","54,453 kms",Diesel
Datsun redi-GO T,Datsun,2007,"25,000","1,20,598 kms",Diesel
Jaguar XF Portfolio,Jaguar,2021,"20,70,000","1,27,024 kms",Petrol
Skoda Fabia Classic 1.2 MPI,Skoda,2011,"53,000","75,860 kms",Petrol
Mercedes E-Class E220d,Mercedes,2019,"17,58,000","71,785 kms",Diesel
Datsun redi-GO T,Datsun,2013,"42,000","38,497 kms",Diesel
Mahindra Thar CRDe 4x4,Mahindra,2016,"76,000","1,72,059 kms",Diesel
Fiat Linea Active,Fiat,2019,"71,000","71,303 kms",Petrol
Renault Kwid RXT,Renault,2003,"25,000","1,75,692 kms",Petrol
BMW 5 Series 520d,BMW,2017,"16,13,000","26,457 kms",Petrol
Toyota Fortuner 3.0 4x4 AT,Toyota,2022,"1,42,000","1,24,801 kms",Diesel
Skoda Rapid Elegance 1.6 MPI,Skoda,2011,"44,000","1,69,418 kms",Petrol
Mitsubishi Pajero Sport 4x2,Mitsubishi,2019,"1,62,000","9,877 kms",Petrol
Hyundai i10 Sportz,Hyundai,2017,Ask For Price,"48,940 kms",Diesel
Mitsubishi Pajero Sport 4x2,Mitsubishi,2012,"73,000","74,696 kms",Diesel
Mercedes C-Class C220d,Mercedes,2018,"12,58,000","1,22,788 kms",Diesel
Toyota Yaris VX,Toyota,2016,Ask For Price,"1,70,044 kms",Diesel
Chevrolet Sail UVA LS,Chevrolet,2020,"57,000","1,76,890 kms",Petrol
Datsun redi-GO T,Datsun,2018,"55,000","86,064 kms",Petrol
Honda WR-V i-VTEC VX,Honda,2012,"56,000","65,124 kms",Petrol
Volkswagen Ameo Highline 1.5,Volkswagen,2011,"38,000","1,52,788 kms",Petrol
Renault Duster 110 PS RxL,Renault,2023,"1,60,000","31,091 kms",Diesel
Jeep Compass Limited,Jeep,2005,"33,000","1,67,534 kms",Diesel
Honda WR-V i-VTEC VX,Honda,2006,"26,000","1,19,369 kms",Diesel
Mercedes GLA 200d,Mercedes,2023,"30,29,000","57,355 kms",Petrol
Mahindra TUV300 T8,Mahindra,2018,"1,07,000","94,939 kms",Diesel
Fiat Punto Active,Fiat,2020,"61,000","1,40,782 kms",Petrol
Audi A4 35 TDI,Audi,2023,"25,54,000","53,944 kms",Diesel
Hyundai Venue SX,Hyundai,2006,"25,000","1,34,644 kms",Diesel
Audi Q3 35 TDI,Audi,2002,"3,13,000","1,03,895 kms",Diesel
Mitsubishi Pajero Sport 4x2,Mitsubishi,2003,"25,000","1,11,169 kms",Diesel
Hyundai Grand i10 Magna 1.2 Kappa VTVT,Hyundai,2017,"1,15,000","8,419 kms",Diesel
Mini Cooper D,Mini,2013,"7,86,000","1,00,364 kms",Diesel
Datsun GO T,Datsun,2023,"78,000","1,73,584 kms",Petrol
Toyota Glanza G,Toyota,2014,"65,000","1,38,732 kms",Petrol
Maruti Suzuki Alto 800 Vxi,Maruti,2011,"34,000","1,21,473 kms",CNG
Renault Lodgy 110PS RxZ 8 Str,Renault,2013,"58,000","40,764 kms",Diesel
Ford EcoSport Titanium 1.5L TDCi,Ford,2023,"1,08,000","1,10,001 kms",Petrol
Volvo S60 D4,Volvo,2016,"8,74,000","1,56,805 kms",Petrol
Audi A6 2.0 TDI,Audi,2019,"16,63,000","57,055 kms",Petrol
Renault Triber RXZ,Renault,2020,"74,000","1,56,840 kms",Diesel
Jaguar XE Prestige,Jaguar,2015,"12,38,000","78,874 kms",Diesel
Toyota Yaris VX,Toyota,2023,"1,35,000","1,12,088 kms",Diesel
Mini Cooper D,Mini,2018,"12,57,000","83,654 kms",Diesel
Toyota Glanza G,Toyota,2017,"1,06,000","63,268 kms",Petrol
Audi A4 35 TDI,Audi,2019,"14,23,000","1,08,280 kms",Diesel
Renault Triber RXZ,Renault,2008,"32,000","86,676 kms",Petrol
Mahindra XUV500 W8,Mahindra,2003,"28,000","70,475 kms",Diesel
Mahindra XUV500 W8,Mahindra,2020,"92,000","1,76,116 kms",Petrol
Chevrolet Sail UVA LS,Chevrolet,2002,"25,000","55,624 kms",Petrol
Mercedes C-Class C220d,Mercedes,2021,"28,28,000","53,711 kms",Diesel
Skoda Rapid Elegance 1.6 MPI,Skoda,2016,"65,000","1,39,993 kms",Diesel
Mercedes E-Class E220d,Mercedes,2005,"4,38,000","1,23,174 kms",Diesel
BMW 3 Series 320d,BMW,2020,"18,42,000","58,105 kms",Petrol
Mitsubishi Lancer 1.8 GLX,Mitsubishi,2011,"65,000","40,053 kms",Petrol
Renault Lodgy 110PS RxZ 8 Str,Renault,2019,"68,000","1,71,701 kms",Diesel
Mini Cooper D,Mini,2016,"12,12,000","44,201 kms",Diesel
Mercedes C-Class C220d,Mercedes,2019,"14,29,000","1,68,346 kms",Petrol
Mahindra Jeep CL550 MDI,Mahindra,2002,"25,000","1,08,206 kms",Diesel
Land Rover Freelander 2,Land,2002,"4,61,000","57,436 kms",Diesel
Jaguar XF Portfolio,Jaguar,2023,"19,86,000","1,27,988 kms",Petrol
Maruti Suzuki Alto 800 Vxi,Maruti,2018,"80,000","72,121 kms",Diesel
Jaguar XF Portfolio,Jaguar,2007,"8,08,000","28,153 kms",Petrol
Volvo XC60 D5,Volvo,2013,"8,66,000","70,177 kms",Diesel
Audi Q7,Audi,2009,"7,68,000","59,307 kms",Diesel
Mini Cooper S,Mini,2004,"2,88,000","1,06,341 kms",Diesel
Mini Cooper S,Mini,2007,"6,77,000","21,775 kms",Diesel
Chevrolet Beat LT,Chevrolet,2018,"82,000","11,254 kms",Petrol
Mitsubishi Lancer 1.8 GLX,Mitsubishi,2010,"73,000","12,305 kms",Petrol
Fiat Punto Active,Fiat,2007,"26,000","82,540 kms",Petrol
Land Rover Discovery Sport,Land,2004,"4,94,000","78,553 kms",Petrol
Datsun GO Plus T,Datsun,2019,"68,000","87,060 kms",Diesel
Land Rover Freelander 2,Land,2018,"15,29,000","90,764 kms",Petrol
Mahindra Thar CRDe 4x4,Mahindra,2021,"1,06,000","1,61,021 kms",Petrol
Maruti Suzuki Eeco 5 Seater,Maruti,2010,"29,000","1,18,209 kms",CNG
Datsun redi-GO T,Datsun,2007,"25,000","1,78,277 kms",Diesel
Renault Duster 110 PS RxL,Renault,2004,"25,000","70,347 kms",Petrol
Honda Brio S MT,Honda,2014,Ask For Price,"83,115 kms",Diesel
Skoda Rapid Elegance 1.6 MPI,Skoda,2013,"58,000","70,817 kms",Petrol
Audi Q7,Audi,2019,"12,33,000","1,34,433 kms",Diesel
Fiat Punto Active,Fiat,2021,Ask For Price,"1,56,873 kms",Diesel
BMW 5 Series 520d,BMW,2004,"3,36,000","1,46,779 kms",Petrol
Datsun GO T,Datsun,2006,"25,000","70,595 kms",Diesel
Toyota Fortuner 3.0 4x4 AT,Toyota,2010,"45,000","1,10,489 kms",Diesel
Volkswagen Vento Highline Diesel,Volkswagen,2022,"1,13,000","1,30,071 kms",Petrol
Maruti Suzuki Ertiga VDI,Maruti,2012,"40,000","1,62,679 kms",CNG
Chevrolet Tavera Neo 3,Chevrolet,2022,"70,000","1,55,916 kms",Petrol
Land Rover Freelander 2,Land,2017,"18,01,000","82,461 kms",Petrol
Skoda Octavia Elegance 1.8 TSI,Skoda,2022,"1,09,000","1,28,814 kms",Petrol
Datsun redi-GO T,Datsun,2005,"25,000","1,47,910 kms",Petrol
Jaguar XE Prestige,Jaguar,2016,"18,56,000","55,058 kms",Diesel
Mahindra KUV100 K8,Mahindra,2023,"1,42,000","1,30,989 kms",Diesel
Jaguar XE Prestige,Jaguar,2015,"11,49,000","98,925 kms",Petrol
Mitsubishi Lancer 1.8 GLX,Mitsubishi,2019,"1,00,000","1,32,905 kms",Diesel
Nissan Terrano XL,Nissan,2019,"62,000","1,55,766 kms",Petrol
Jaguar XF Portfolio,Jaguar,2007,"5,06,000","1,69,707 kms",Petrol
Mini Cooper D,Mini,2012,"5,07,000","1,12,941 kms",Petrol
Jeep Compass Longitude,Jeep,2016,"1,04,000","98,173 kms",Diesel
Land Rover Freelander 2,Land,2013,"15,35,000","6,538 kms",Diesel
Mahindra Scorpio SLE BS IV,Mahindra,2006,"31,000","91,412 kms",Diesel
Jeep Compass Limited,Jeep,2013,"67,000","1,24,923 kms",Petrol
Chevrolet Beat LT,Chevrolet,2011,"40,000","11,813 kms",Petrol
Ford Fiesta Classic CLXi,Ford,2007,"34,000","64,040 kms",Petrol
BMW 5 Series 520d,BMW,2009,"5,12,000","1,06,280 kms",Petrol
Datsun GO T,Datsun,2021,"96,000","51,827 kms",Diesel
Land Rover Freelander 2,Land,2008,"7,46,000","73,066 kms",Petrol
Fiat Punto Active,Fiat,2013,"40,000","85,554 kms",Petrol
Mercedes GLA 200d,Mercedes,2022,"24,80,000","82,257 kms",Diesel
Nissan Sunny XL,Nissan,2016,"56,000","1,61,937 kms",Petrol
Skoda Octavia Elegance 1.8 TSI,Skoda,2020,"1,49,000","22,317 kms",Petrol
Ford Figo,Ford,2013,"70,000","37,156 kms",Diesel
Datsun redi-GO T,Datsun,2007,"25,000","1,27,677 kms",Petrol
Honda Amaze S i-Dtech,Honda,2012,"48,000","1,18,327 kms",Petrol
Mercedes C-Class C220d,Mercedes,2008,"5,61,000","1,00,748 kms",Diesel
Land Rover Discovery Sport,Land,2017,"20,25,000","43,944 kms",Petrol
Renault Triber RXZ,Renault,2003,"25,000","72,151 kms",Petrol
Audi Q7,Audi,2017,"10,93,000","1,44,207 kms",Petrol
Fiat Linea Active,Fiat,2019,"1,11,000","11,007 kms",Diesel
Ford Fiesta Classic CLXi,Ford,2022,"1,58,000","64,988 kms",Diesel
Volkswagen Ameo Highline 1.5,Volkswagen,2004,"25,000","1,15,199 kms",Petrol
Mitsubishi Lancer 1.8 GLX,Mitsubishi,2021,"1,10,000","1,65,977 kms",Diesel
Tata Nano Lx,Tata,2003,"25,000","1,49,541 kms",Diesel
Toyota Corolla Altis G,Toyota,2011,"68,000","75,946 kms",Diesel
Jaguar XE Prestige,Jaguar,2006,"5,23,000","1,07,997 kms",Petrol
Honda Brio S MT,Honda,2006,"35,000","65,551 kms",Petrol
Jaguar XF Portfolio,Jaguar,2017,"21,40,000","37,369 kms",Diesel
Mahindra Scorpio SLE BS IV,Mahindra,2014,"53,000","1,35,264 kms",Petrol
Nissan Sunny XL,Nissan,2017,"74,000","85,896 kms",Petrol
Mahindra TUV300 T8,Mahindra,2022,"1,15,000","1,74,201 kms",Petrol
Fiat Linea Active,Fiat,2008,"25,000","1,12,728 kms",Petrol
Skoda Rapid Elegance 1.6 MPI,Skoda,2019,"87,000","1,51,601 kms",Petrol
Chevrolet Beat LT,Chevrolet,2003,"25,000","26,202 kms",Diesel
Toyota Fortuner 3.0 4x4 AT,Toyota,2016,"1,32,000",277 kms,Diesel
Honda Brio S MT,Honda,2011,"58,000","41,774 kms",Diesel
Mahindra Thar CRDe 4x4,Mahindra,2023,"1,23,000","1,70,208 kms",Diesel
Land Rover Freelander 2,Land,2015,Ask For Price,"1,71,931 kms",Petrol
Mercedes C-Class C220d,Mercedes,2006,"4,19,000","1,55,729 kms",Petrol
Maruti Suzuki Omni E STD,Maruti,2012,"61,000","31,712 kms",CNG
Renault Lodgy 110PS RxZ 8 Str,Renault,2004,"26,000","26,950 kms",Petrol
Honda WR-V i-VTEC VX,Honda,2006,"25,000","1,68,285 kms",Petrol
Volvo S60 D4,Volvo,2016,"11,02,000","92,161 kms",Petrol
BMW X1 sDrive20d,BMW,2023,"17,85,000","1,16,068 kms",Petrol
Ford Endeavour 4x4 AT,Ford,2014,"55,000","92,252 kms",Diesel
Volkswagen Polo Highline 1.2L,Volkswagen,2009,"37,000","1,45,169 kms",Diesel
Jaguar XF Portfolio,Jaguar,2008,"5,80,000","1,35,824 kms",Petrol
Hyundai Eon Era Plus,Hyundai,2017,"65,000","1,01,257 kms",Petrol
Mahindra Jeep CL550 MDI,Mahindra,2013,"63,000","83,061 kms",Diesel
BMW 5 Series 520d,BMW,2019,"14,45,000","1,79,129 kms",Petrol
Mahindra Jeep CL550 MDI,Mahindra,2020,"1,66,000","17,803 kms",Diesel
Hyundai i10 Sportz,Hyundai,2018,"92,000","75,201 kms",Diesel
Mini Cooper S,Mini,2010,"7,45,000","22,014 kms",Diesel
Honda Civic 1.8 V MT,Honda,2012,"45,000","1,02,527 kms",Petrol
Renault Duster 110 PS RxL,Renault,2009,"42,000","22,700 kms",Diesel
Hyundai Creta 1.6 SX Option,Hyundai,2023,"1,02,000","1,72,604 kms",Petrol
Land Rover Freelander 2,Land,2007,"5,47,000","1,30,231 kms",Diesel
Volkswagen Vento Highline Diesel,Volkswagen,2013,"85,000","33,374 kms",Diesel
Maruti Suzuki Celerio VXI,Maruti,2015,"61,000","71,398 kms",Petrol
Mini Cooper S,Mini,2017,"8,64,000","1,19,427 kms",Diesel
Toyota Corolla Altis G,Toyota,2007,"46,000","66,977 kms",Petrol
Ford Figo,Ford,2018,Ask For Price,773 kms,Petrol
Hyundai Venue SX,Hyundai,2013,"44,000","1,00,495 kms",Petrol
Hyundai Xcent S,Hyundai,2022,"1,00,000","1,10,035 kms",Petrol
Chevrolet Sail UVA LS,Chevrolet,2004,"25,000","1,49,924 kms",Diesel
Hyundai Elite i20 Magna 1.2,Hyundai,2009,"33,000","1,35,307 kms",Petrol
Audi Q3 35 TDI,Audi,2011,Ask For Price,"85,899 kms",Petrol
Tata Tiago Revotron XZ,Tata,2020,"87,000","79,768 kms",Petrol
Mercedes C-Class C220d,Mercedes,2019,"16,91,000","64,358 kms",Petrol
Renault Triber RXZ,Renault,2022,"1,51,000","2,615 kms",Diesel
Skoda Fabia Classic 1.2 MPI,Skoda,2008,"30,000","1,38,987 kms",Petrol
Honda Brio S MT,Honda,2010,"66,000","24,486 kms",Petrol
Jeep Compass Limited,Jeep,2013,"70,000","1,20,282 kms",Petrol
Mini Cooper D,Mini,2004,"2,66,000","1,55,261 kms",Petrol
Renault Triber RXZ,Renault,2010,"39,000","82,677 kms",Diesel
Chevrolet Tavera Neo 3,Chevrolet,2010,"36,000","61,339 kms",Petrol
Mitsubishi Pajero Sport 4x2,Mitsubishi,2006,"44,000","27,797 kms",Petrol
Ford Endeavour 4x4 AT,Ford,2013,"62,000","54,530 kms",Diesel
Ford EcoSport Titanium 1.5L TDCi,Ford,2007,"28,000","1,79,945 kms",Diesel
Hyundai Eon Era Plus,Hyundai,2012,"64,000","38,982 kms",Petrol
Datsun GO Plus T,Datsun,2003,"25,000","1,77,619 kms",Diesel
Maruti Suzuki Ertiga VDI,Maruti,2016,"50,000","1,45,839 kms",Petrol
Honda City 1.5 S MT,Honda,2002,"27,000","16,266 kms",Petrol
Nissan Terrano XL,Nissan,2022,"93,000","1,69,100 kms",Petrol
Mahindra Jeep CL550 MDI,Mahindra,2004,"31,000","51,939 kms",Petrol
Chevrolet Beat LT,Chevrolet,2003,"25,000","1,20,947 kms",Petrol
Datsun redi-GO T,Datsun,2002,"25,000","1,00,430 kms",Diesel
Toyota Corolla Altis G,Toyota,2010,"38,000","1,17,019 kms",Petrol
Renault Triber RXZ,Renault,2017,"55,000","1,08,101 kms",Diesel
Honda WR-V i-VTEC VX,Honda,2008,"31,000","1,68,567 kms",Petrol
Maruti Suzuki Ertiga VDI,Maruti,2013,"39,000","1,25,846 kms",CNG
Chevrolet Tavera Neo 3,Chevrolet,2010,"34,000","47,237 kms",Petrol
Volkswagen Polo Highline 1.2L,Volkswagen,2017,"79,000","1,38,887 kms",Diesel
Toyota Innova 2.5 G,Toyota,2009,"36,000","1,72,293 kms",Petrol
Hyundai Eon Era Plus,Hyundai,2020,"1,06,000","1,01,922 kms",Diesel
Toyota Etios VXD,Toyota,2009,"43,000","1,55,425 kms",Diesel
Mitsubishi Pajero Sport 4x2,Mitsubishi,2013,"54,000","1,48,906 kms",Petrol
Mercedes GLA 200d,Mercedes,2011,"9,25,000","46,121 kms",Diesel
Volvo S60 D4,Volvo,2002,"2,30,000","1,38,105 kms",Diesel
Tata Nano Lx,Tata,2012,"46,000","46,620 kms",Diesel
Land Rover Freelander 2,Land,2005,"5,00,000","1,38,065 kms",Diesel
Jaguar XF Portfolio,Jaguar,2020,"27,58,000","26,584 kms",Diesel
Toyota Yaris VX,Toyota,2015,"74,000","1,67,679 kms",Diesel
Fiat Linea Active,Fiat,2009,"25,000","1,74,565 kms",Petrol
Skoda Fabia Classic 1.2 MPI,Skoda,2007,"57,000",571 kms,Diesel
Mitsubishi Pajero Sport 4x2,Mitsubishi,2007,"35,000","1,58,012 kms",Diesel
Renault Duster 110 PS RxL,Renault,2017,"98,000","36,968 kms",Diesel
Chevrolet Spark LT,Chevrolet,2022,"1,26,000","23,358 kms",Diesel
Renault Duster 110 PS RxL,Renault,2013,"55,000","67,381 kms",Petrol
Audi A8,Audi,2007,"4,93,000","1,08,632 kms",Diesel
Datsun GO T,Datsun,2017,"39,000","1,51,633 kms",Petrol
Hyundai Creta 1.6 SX Option,Hyundai,2002,"25,000","83,649 kms",Diesel
Toyota Fortuner 3.0 4x4 AT,Toyota,2007,"51,000","19,761 kms",Petrol
Mercedes GLA 200d,Mercedes,2002,"2,93,000","1,13,168 kms",Petrol
Hyundai Grand i10 Magna 1.2 Kappa VTVT,Hyundai,2012,"56,000","53,983 kms",Petrol
Fiat Linea Active,Fiat,2023,"1,10,000","73,899 kms",Diesel
Mitsubishi Lancer 1.8 GLX,Mitsubishi,2006,"44,000","14,388 kms",Diesel
Jaguar XF Portfolio,Jaguar,2008,"8,31,000","25,524 kms",Petrol
Mahindra TUV300 T8,Mahindra,2005,"31,000","80,932 kms",Diesel
Volkswagen Polo Highline 1.2L,Volkswagen,2022,"1,11,000","1,42,739 kms",Diesel
Nissan Micra XV,Nissan,2016,"93,000","11,796 kms",Diesel
Volkswagen Polo Highline 1.2L,Volkswagen,2006,"25,000","1,75,072 kms",Petrol
Fiat Linea Active,Fiat,2020,"99,000","59,741 kms",Petrol
BMW X1 sDrive20d,BMW,2023,"19,71,000","1,24,572 kms",Petrol
Land Rover Freelander 2,Land,2018,"13,28,000","1,49,841 kms",Petrol
Toyota Etios VXD,Toyota,2008,"45,000","50,621 kms",Petrol
Jaguar XF Portfolio,Jaguar,2008,"5,91,000","1,64,523 kms",Petrol
Mahindra Scorpio SLE BS IV,Mahindra,2014,"60,000","1,45,947 kms",Diesel
Jeep Compass Limited,Jeep,2002,"25,000","1,63,430 kms",Diesel
Mitsubishi Pajero Sport 4x2,Mitsubishi,2005,"27,000","1,47,604 kms",Petrol
Nissan Sunny XL,Nissan,2010,"34,000","1,00,512 kms",Diesel
Toyota Corolla Altis G,Toyota,2014,"89,000","37,810 kms",Diesel
Chevrolet Spark LT,Chevrolet,2003,Ask For Price,"1,24,675 kms",Diesel
Skoda Rapid Elegance 1.6 MPI,Skoda,2010,"41,000","1,28,975 kms",Petrol
Skoda Octavia Elegance 1.8 TSI,Skoda,2016,"86,000","84,213 kms",Diesel
Mahindra XUV500 W8,Mahindra,2016,"1,07,000","55,514 kms",Diesel
Nissan Micra XV,Nissan,2018,"90,000","41,773 kms",Petrol
Honda Civic 1.8 V MT,Honda,2020,"1,54,000","7,688 kms",Petrol
Hyundai Eon Era Plus,Hyundai,2003,"25,000","1,19,755 kms",Petrol
Volkswagen Ameo Highline 1.5,Volkswagen,2016,"70,000","1,32,515 kms",Diesel
Maruti Suzuki Baleno Delta,Maruti,2013,"37,000","1,28,232 kms",CNG
Mitsubishi Lancer 1.8 GLX,Mitsubishi,2013,"90,000","42,964 kms",Diesel
Skoda Fabia Classic 1.2 MPI,Skoda,2014,"1,00,000","13,115 kms",Petrol
Tata Nano Lx,Tata,2022,"1,12,000","59,111 kms",Petrol
Maruti Suzuki Eeco 5 Seater,Maruti,2002,"25,000","1,24,381 kms",Petrol
Maruti Suzuki Baleno Delta,Maruti,2010,"34,000","1,59,573 kms",Diesel
Volkswagen Jetta Comfortline TDI,Volkswagen,2014,"61,000","91,512 kms",Diesel
Jaguar XF Portfolio,Jaguar,2020,"27,61,000","26,920 kms",Petrol
Nissan Terrano XL,Nissan,2022,"91,000","1,55,753 kms",Diesel
Mahindra Thar CRDe 4x4,Mahindra,2010,"44,000","1,68,028 kms",Diesel
Land Rover Discovery Sport,Land,2008,"9,55,000","39,403 kms",Petrol
Volvo XC60 D5,Volvo,2023,"22,92,000","83,877 kms",Petrol
Skoda Rapid Elegance 1.6 MPI,Skoda,2015,"68,000","1,06,163 kms",Diesel
Mitsubishi Pajero Sport 4x2,Mitsubishi,2012,"78,000","58,391 kms",Diesel
Jeep Compass Limited,Jeep,2007,"37,000","1,72,489 kms",Petrol
Volkswagen Vento Highline Diesel,Volkswagen,2023,"1,38,000","88,084 kms",Petrol
Skoda Rapid Elegance 1.6 MPI,Skoda,2012,"53,000","97,534 kms",Diesel
Ford Figo Aspire Titanium,Ford,2003,"25,000","1,66,403 kms",Petrol
Ford Freestyle Titanium,Ford,2023,"1,26,000","1,00,152 kms",Diesel
Honda Amaze S i-Dtech,Honda,2008,"42,000","89,928 kms",Diesel
Audi A6 2.0 TDI,Audi,2012,"9,85,000","47,379 kms",Petrol
Toyota Corolla Altis G,Toyota,2022,"2,21,000","15,307 kms",Petrol
Toyota Glanza G,Toyota,2007,"29,000","1,28,439 kms",Petrol
BMW 5 Series 520d,BMW,2015,"8,62,000","1,25,247 kms",Diesel
Nissan Micra XV,Nissan,2012,Ask For Price,"1,39,307 kms",Petrol
Renault Kwid RXT,Renault,2013,"43,000","81,913 kms",Petrol
Skoda Fabia Classic 1.2 MPI,Skoda,2004,"42,000","12,084 kms",Diesel
Jeep Compass Limited,Jeep,2015,"1,51,000","35,172 kms",Diesel
Tata Nano Lx,Tata,2014,"67,000","5,113 kms",Petrol
Tata Tigor XZ,Tata,2002,"25,000","1,54,684 kms",Petrol
Hyundai i10 Sportz,Hyundai,2022,"1,39,000","67,153 kms",Petrol
Ford Fiesta Classic CLXi,Ford,2002,"26,000","12,744 kms",Petrol
Fiat Linea Active,Fiat,2017,"79,000","40,241 kms",Petrol
Skoda Rapid Elegance 1.6 MPI,Skoda,2023,"2,20,000","26,571 kms",Diesel
BMW 3 Series 320d,BMW,2018,"11,72,000","1,62,025 kms",Petrol
Mercedes C-Class C220d,Mercedes,2021,"27,94,000","52,463 kms",Diesel
Nissan Terrano XL,Nissan,2015,"53,000","77,524 kms",Petrol
Tata Tigor XZ,Tata,2017,"56,000","86,765 kms",Petrol
Ford Freestyle Titanium,Ford,2020,"82,000","1,75,480 kms",Diesel
Jeep Compass Longitude,Jeep,2005,"42,000","67,180 kms",Petrol
Volkswagen Jetta Comfortline TDI,Volkswagen,2003,"34,000","26,264 kms",Petrol
Nissan Terrano XL,Nissan,2012,"32,000","1,11,772 kms",Petrol
Hyundai Santro Xing XO eRLX Euro III,Hyundai,2006,"25,000","1,73,994 kms",Petrol
Volvo XC60 D5,Volvo,2004,"3,22,000","97,780 kms",Diesel
Audi Q3 35 TDI,Audi,2014,"8,80,000","1,25,469 kms",Diesel
Ford Figo,Ford,2003,"25,000","41,884 kms",Petrol
Mitsubishi Lancer 1.8 GLX,Mitsubishi,2007,"34,000","1,60,354 kms",Diesel
Jaguar XE Prestige,Jaguar,2017,"13,98,000","1,28,058 kms",Petrol
Mahindra Bolero SLE,Mahindra,2022,"1,60,000","82,475 kms",Diesel
Mitsubishi Pajero Sport 4x2,Mitsubishi,2023,"1,59,000","88,783 kms",Petrol
Mercedes E-Class E220d,Mercedes,2023,"19,92,000","1,77,386 kms",Diesel
Volvo S60 D4,Volvo,2002,"2,49,000","1,68,763 kms",Petrol
Mercedes C-Class C220d,Mercedes,2004,"3,40,000","1,28,982 kms",Diesel
Hyundai Xcent S,Hyundai,2009,"31,000","1,44,409 kms",Diesel
Audi A8,Audi,2020,"15,48,000","1,17,566 kms",Petrol
Ford Figo Aspire Titanium,Ford,2022,"1,79,000","4,758 kms",Petrol
Fiat Punto Active,Fiat,2004,"25,000","1,58,488 kms",Diesel
Mini Cooper D,Mini,2012,"6,95,000","95,348 kms",Petrol
Chevrolet Tavera Neo 3,Chevrolet,2023,"87,000","95,335 kms",Diesel
Renault Duster 110 PS RxL,Renault,2012,"43,000","93,197 kms",Diesel
Ford EcoSport Titanium 1.5L TDCi,Ford,2007,"27,000","1,29,185 kms",Petrol
BMW 3 Series 320d,BMW,2010,"5,38,000","1,60,231 kms",Petrol
Datsun GO T,Datsun,2016,"54,000","50,059 kms",Diesel
Mini Cooper S,Mini,2016,Ask For Price,"1,20,001 kms",Petrol
Hyundai Xcent S,Hyundai,2015,"61,000","1,53,485 kms",Diesel
Toyota Yaris VX,Toyota,2020,"1,46,000","45,621 kms",Petrol
Volvo XC60 D5,Volvo,2018,"14,27,000","1,00,937 kms",Diesel
Renault Triber RXZ,Renault,2014,"52,000","89,978 kms",Diesel
BMW X1 sDrive20d,BMW,2018,"17,03,000","78,458 kms",Diesel
Mini Cooper S,Mini,2008,"6,13,000","55,074 kms",Diesel
Honda Brio S MT,Honda,2022,"1,86,000","46,712 kms",Diesel
Fiat Linea Active,Fiat,2020,"72,000","1,49,689 kms",Diesel
Fiat Linea Active,Fiat,2015,"65,000","3,447 kms",Petrol
Jaguar XE Prestige,Jaguar,2008,"7,99,000","70,086 kms",Petrol
Honda City 1.5 S MT,Honda,2011,"56,000","53,577 kms",Petrol
Volvo S60 D4,Volvo,2022,"16,13,000","1,47,233 kms",Diesel
Land Rover Discovery Sport,Land,2023,"41,35,000","12,415 kms",Diesel
Jaguar XF Portfolio,Jaguar,2019,"28,04,000","14,203 kms",Petrol
Audi A6 2.0 TDI,Audi,2022,"19,18,000","1,69,872 kms",Diesel
Volvo S60 D4,Volvo,2008,"5,33,000","77,216 kms",Diesel
Toyota Etios VXD,Toyota,2018,"1,33,000","31,387 kms",Diesel
Volkswagen Vento Highline Diesel,Volkswagen,2007,"26,000","1,53,188 kms",Diesel
Honda City 1.5 S MT,Honda,2006,"32,000","84,675 kms",Petrol
Jaguar XF Portfolio,Jaguar,2017,"12,05,000","1,50,223 kms",Diesel
Jeep Compass Longitude,Jeep,2007,"41,000","1,36,573 kms",Petrol
Fiat Linea Active,Fiat,2004,"25,000","91,693 kms",Petrol
Chevrolet Sail UVA LS,Chevrolet,2011,"43,000","57,364 kms",Diesel
Mini Cooper S,Mini,2005,"3,08,000","1,75,458 kms",Diesel
Volvo S60 D4,Volvo,2003,"2,79,000","1,79,026 kms",Diesel
Ford Figo Aspire Titanium,Ford,2010,"31,000","1,41,719 kms",Diesel
Nissan Terrano XL,Nissan,2018,"58,000","1,16,900 kms",Diesel
Tata Tiago Revotron XZ,Tata,2018,"89,000","21,686 kms",Petrol
Fiat Punto Active,Fiat,2022,"1,40,000","17,263 kms",Petrol
Jaguar XF Portfolio,Jaguar,2005,"6,39,000","53,991 kms",Diesel
Jaguar XE Prestige,Jaguar,2002,"2,90,000","1,20,483 kms",Diesel
Toyota Corolla Altis G,Toyota,2019,"1,82,000","18,565 kms",Petrol
Audi A8,Audi,2015,"10,52,000","83,043 kms",Petrol
Maruti Suzuki Eeco 5 Seater,Maruti,2021,"1,57,000","16,677 kms",Petrol
Jeep Compass Longitude,Jeep,2011,"61,000","1,79,898 kms",Diesel
Audi A8,Audi,2014,"8,05,000","1,73,304 kms",Petrol
Honda Brio S MT,Honda,2014,"62,000","1,43,158 kms",Diesel
Jaguar XF Portfolio,Jaguar,2002,Ask For Price,"1,45,203 kms",Petrol
Volvo XC60 D5,Volvo,2019,"11,78,000","1,43,630 kms",Petrol
Nissan Micra XV,Nissan,2015,"43,000","1,69,427 kms",Petrol
Volkswagen Vento Highline Diesel,Volkswagen,2005,"37,000","47,641 kms",Petrol
Fiat Linea Active,Fiat,2022,"76,000","1,44,191 kms",Petrol
Ford Figo,Ford,2020,"86,000","1,27,814 kms",Diesel
Renault Duster 110 PS RxL,Renault,2011,"35,000","1,62,502 kms",Petrol
Audi Q3 35 TDI,Audi,2021,"17,21,000","1,72,963 kms",Diesel
Mitsubishi Lancer 1.8 GLX,Mitsubishi,2012,"43,000","1,12,378 kms",Petrol
Renault Lodgy 110PS RxZ 8 Str,Renault,2010,"35,000","94,337 kms",Petrol
Mercedes E-Class E220d,Mercedes,2016,"12,70,000","94,141 kms",Diesel
Mini Cooper S,Mini,2010,"6,96,000","36,800 kms",Petrol
Mahindra Scorpio SLE BS IV,Mahindra,2002,"25,000","1,33,053 kms",Petrol
Datsun GO Plus T,Datsun,2008,"34,000","9,709 kms",Diesel
Mercedes GLA 200d,Mercedes,2006,"4,58,000","95,997 kms",Diesel
Skoda Fabia Classic 1.2 MPI,Skoda,2016,"63,000","1,31,466 kms",Petrol
Jaguar XE Prestige,Jaguar,2021,"19,80,000","1,79,448 kms",Petrol
Toyota Etios VXD,Toyota,2020,"1,15,000","1,48,424 kms",Petrol
Nissan Micra XV,Nissan,2009,"25,000","1,27,932 kms",Petrol
Hyundai Eon Era Plus,Hyundai,2018,"83,000","94,799 kms",Diesel
Hyundai Santro Xing XO eRLX Euro III,Hyundai,2022,"1,29,000","85,053 kms",Petrol
Volkswagen Ameo Highline 1.5,Volkswagen,2020,"91,000","1,42,798 kms",Petrol
Mitsubishi Pajero Sport 4x2,Mitsubishi,2018,"1,34,000","66,051 kms",Diesel
Datsun redi-GO T,Datsun,2013,Ask For Price,"1,27,727 kms",Diesel
Honda WR-V i-VTEC VX,Honda,2007,"38,000","60,390 kms",Petrol
Honda Amaze S i-Dtech,Honda,2007,"32,000","95,054 kms",Petrol
Chevrolet Beat LT,Chevrolet,2017,"48,000","1,77,107 kms",Diesel
Mini Cooper D,Mini,2002,"2,76,000","63,976 kms",Petrol
Honda Brio S MT,Honda,2018,"1,22,000","10,373 kms",Petrol
Toyota Glanza G,Toyota,2014,"67,000","1,57,217 kms",Petrol
Skoda Fabia Classic 1.2 MPI,Skoda,2008,"35,000","1,17,855 kms",Diesel
BMW X1 sDrive20d,BMW,2006,"4,11,000","1,52,837 kms",Petrol
Toyota Yaris VX,Toyota,2023,"1,80,000","89,929 kms",Diesel
Datsun redi-GO T,Datsun,2006,"25,000","28,561 kms",Petrol
Jeep Compass Limited,Jeep,2006,"33,000","1,58,831 kms",Petrol
Volvo S60 D4,Volvo,2019,"11,15,000","1,32,044 kms",Petrol
Volvo S60 D4,Volvo,2023,"19,02,000","1,70,292 kms",Diesel
Hyundai Xcent S,Hyundai,2015,"82,000","60,258 kms",Diesel
Mitsubishi Pajero Sport 4x2,Mitsubishi,2015,"1,06,000","35,196 kms",Diesel
Mahindra Bolero SLE,Mahindra,2021,Ask For Price,"1,42,635 kms",Diesel
Maruti Suzuki Ciaz VDi,Maruti,2018,"1,03,000","30,988 kms",Petrol
Chevrolet Tavera Neo 3,Chevrolet,2013,"50,000","28,040 kms",Petrol
Volkswagen Jetta Comfortline TDI,Volkswagen,2020,"1,24,000","95,951 kms",Diesel
Tata Nexon XZ Plus,Tata,2019,"62,000","1,46,261 kms",Diesel
Mercedes E-Class E220d,Mercedes,2011,"7,48,000","1,51,527 kms",Diesel
Honda Brio S MT,Honda,2005,"35,000","60,333 kms",Diesel
Ford Figo,Ford,2018,"83,000","1,05,104 kms",Diesel
Jaguar XE Prestige,Jaguar,2007,"5,75,000","1,02,101 kms",Petrol
Mercedes GLA 200d,Mercedes,2015,"15,16,000","23,205 kms",Petrol
Volvo S60 D4,Volvo,2014,"8,96,000","1,05,126 kms",Diesel
Toyota Yaris VX,Toyota,2017,"76,000","1,15,173 kms",Petrol
Jeep Compass Limited,Jeep,2008,"77,000","8,910 kms",Petrol
Nissan Micra XV,Nissan,2022,"1,49,000",175 kms,Petrol
Datsun redi-GO T,Datsun,2023,"86,000","1,03,684 kms",Diesel
Land Rover Freelander 2,Land,2004,"4,32,000","1,44,172 kms",Diesel
Mitsubishi Lancer 1.8 GLX,Mitsubishi,2013,"71,000","72,584 kms",Petrol
Datsun GO Plus T,Datsun,2002,"25,000","68,547 kms",Petrol
Mahindra Bolero SLE,Mahindra,2012,"82,000","30,773 kms",Petrol
Mitsubishi Lancer 1.8 GLX,Mitsubishi,2016,"87,000","98,949 kms",Diesel
Audi A8,Audi,2020,"23,99,000","7,269 kms",Diesel
Mini Cooper S,Mini,2023,"22,99,000","60,374 kms",Diesel
Fiat Punto Active,Fiat,2010,"33,000","65,179 kms",Diesel
Chevrolet Beat LT,Chevrolet,2019,"83,000","46,888 kms",Diesel
Mitsubishi Lancer 1.8 GLX,Mitsubishi,2007,"30,000","1,79,172 kms",Petrol
Renault Triber RXZ,Renault,2008,"36,000","60,185 kms",Petrol
Nissan Micra XV,Nissan,2005,"30,000","31,525 kms",Petrol
Volvo S60 D4,Volvo,2019,"21,84,000","11,179 kms",Diesel
Mitsubishi Lancer 1.8 GLX,Mitsubishi,2017,"1,18,000","48,038 kms",Diesel
Honda City 1.5 S MT,Honda,2018,"92,000","1,11,033 kms",Diesel
Nissan Sunny XL,Nissan,2023,"1,74,000","45,922 kms",Diesel
Audi Q3 35 TDI,Audi,2002,"4,55,000","3,198 kms",Petrol
Nissan Terrano XL,Nissan,2010,"42,000","49,160 kms",Diesel
Volvo XC60 D5,Volvo,2013,"10,61,000","48,311 kms",Diesel
Nissan Sunny XL,Nissan,2014,"53,000","73,403 kms",Diesel
Mitsubishi Pajero Sport 4x2,Mitsubishi,2005,"33,000","70,865 kms",Petrol
Tata Nano Lx,Tata,2006,"25,000","1,24,090 kms",Petrol
Mini Cooper D,Mini,2017,"12,22,000","78,752 kms",Diesel
Datsun GO T,Datsun,2007,"30,000","15,838 kms",Petrol
Mini Cooper S,Mini,2016,"10,03,000","87,828 kms",Diesel
Volkswagen Ameo Highline 1.5,Volkswagen,2002,"25,000","1,08,040 kms",Petrol
Volvo S60 D4,Volvo,2020,"15,14,000","1,51,067 kms",Petrol
Chevrolet Tavera Neo 3,Chevrolet,2016,"76,000","20,654 kms",Diesel
Honda Amaze S i-Dtech,Honda,2022,"1,45,000","88,544 kms",Diesel
Mahindra Scorpio SLE BS IV,Mahindra,2007,"34,000","90,179 kms",Diesel
Land Rover Discovery Sport,Land,2021,"19,25,000","1,69,089 kms",Diesel
Nissan Terrano XL,Nissan,2020,"78,000","1,36,660 kms",Diesel
Maruti Suzuki Swift Dzire Vdi,Maruti,2009,"33,000","1,73,645 kms",Diesel
Mahindra XUV500 W8,Mahindra,2007,"29,000","1,04,183 kms",Diesel
Mercedes GLA 200d,Mercedes,2003,"5,86,000","7,011 kms",Diesel
Ford EcoSport Ambiente 1.5L TDCi,Ford,2021,"1,47,000","40,804 kms",Petrol
Skoda Fabia Classic 1.2 MPI,Skoda,2009,"46,000","74,594 kms",Diesel
Toyota Innova 2.5 G,Toyota,2003,"25,000","1,74,045 kms",Diesel
Mercedes E-Class E220d,Mercedes,2019,"17,67,000","71,511 kms",Diesel
Fiat Punto Active,Fiat,2020,"71,000","1,56,753 kms",Diesel
Mitsubishi Lancer 1.8 GLX,Mitsubishi,2018,"99,000","1,67,816 kms",Diesel
Renault Duster 110 PS RxL,Renault,2016,"65,000","80,805 kms",Diesel
Maruti Suzuki Alto 800 Vxi,Maruti,2018,"1,03,000","35,830 kms",Diesel
Land Rover Discovery Sport,Land,2017,"17,63,000","78,641 kms",Petrol
Volvo S60 D4,Volvo,2002,"2,42,000","1,43,810 kms",Diesel
BMW 5 Series 520d,BMW,2009,"9,03,000","42,900 kms",Diesel
Mahindra KUV100 K8,Mahindra,2022,"1,73,000","62,899 kms",Petrol
Land Rover Discovery Sport,Land,2011,"7,77,000","1,70,089 kms",Diesel
Toyota Etios VXD,Toyota,2011,"81,000","29,029 kms",Diesel
Volvo XC60 D5,Volvo,2008,"4,84,000","84,154 kms",Petrol
Maruti Suzuki Swift Dzire Vdi,Maruti,2005,"25,000","74,054 kms",Diesel
Maruti Suzuki Baleno Delta,Maruti,2004,"27,000","39,600 kms",Petrol
Skoda Rapid Elegance 1.6 MPI,Skoda,2013,"47,000","1,21,652 kms",Petrol
Honda City 1.5 S MT,Honda,2010,"40,000","1,02,971 kms",Petrol
Volkswagen Jetta Comfortline TDI,Volkswagen,2002,"27,000","32,071 kms",Petrol
Renault Duster 110 PS RxL,Renault,2008,"25,000","1,20,905 kms",Petrol
Mercedes E-Class E220d,Mercedes,2023,"24,42,000","81,917 kms",Diesel
Fiat Punto Active,Fiat,2010,"25,000","1,26,251 kms",Diesel
Jaguar XE Prestige,Jaguar,2005,"5,67,000","61,957 kms",Diesel
Volkswagen Polo Highline 1.2L,Volkswagen,2014,"81,000","63,824 kms",Petrol
Land Rover Discovery Sport,Land,2021,"33,01,000","40,730 kms",Diesel
Mercedes C-Class C220d,Mercedes,2023,"24,01,000","1,62,274 kms",Diesel
Mini Cooper S,Mini,2003,"2,94,000","93,296 kms",Petrol
Honda WR-V i-VTEC VX,Honda,2009,"46,000","83,131 kms",Diesel
Tata Indica V2 DLS,Tata,2014,"43,000","93,991 kms",Petrol
Land Rover Discovery Sport,Land,2019,"19,60,000","77,357 kms",Diesel
Nissan Sunny XL,Nissan,2016,"60,000","72,274 kms",Petrol
Skoda Rapid Elegance 1.6 MPI,Skoda,2019,"89,000","96,336 kms",Diesel
Datsun GO Plus T,Datsun,2007,"33,000","5,007 kms",Diesel
Mahindra KUV100 K8,Mahindra,2008,"32,000","1,37,481 kms",Petrol
Volvo XC60 D5,Volvo,2012,"6,30,000","1,07,527 kms",Diesel
Mahindra Jeep CL550 MDI,Mahindra,2006,"38,000","46,929 kms",Diesel
Ford EcoSport Titanium 1.5L TDCi,Ford,2020,"92,000","1,68,331 kms",Diesel
Land Rover Discovery Sport,Land,2003,"4,08,000","96,137 kms",Petrol
Tata Tigor XZ,Tata,2017,"1,00,000","21,060 kms",Diesel
Fiat Linea Active,Fiat,2013,"62,000","15,383 kms",Diesel
Skoda Fabia Classic 1.2 MPI,Skoda,2008,"27,000","1,36,279 kms",Petrol
Datsun GO T,Datsun,2008,"25,000","1,38,038 kms",Petrol
Fiat Linea Active,Fiat,2005,"25,000","1,67,511 kms",Diesel
BMW 3 Series 320d,BMW,2007,"6,79,000","47,389 kms",Diesel
Fiat Linea Active,Fiat,2013,"47,000","82,715 kms",Diesel
Mini Cooper D,Mini,2012,"5,83,000","1,59,591 kms",Petrol
Fiat Linea Active,Fiat,2013,Ask For Price,"1,18,694 kms",Diesel
Hyundai Creta 1.6 SX Option,Hyundai,2021,"1,86,000","4,373 kms",Petrol
Skoda Fabia Classic 1.2 MPI,Skoda,2008,"39,000","82,650 kms",Petrol
Volkswagen Vento Highline Diesel,Volkswagen,2005,"41,000","9,992 kms",Diesel
Nissan Terrano XL,Nissan,2009,"41,000","61,178 kms",Diesel
Datsun GO Plus T,Datsun,2008,"34,000","20,337 kms",Diesel
Land Rover Freelander 2,Land,2021,"18,11,000","1,68,463 kms",Diesel
Datsun GO T,Datsun,2003,"25,000","87,758 kms",Diesel
Ford Freestyle Titanium,Ford,2009,"31,000","1,71,222 kms",Petrol
Hyundai Creta 1.6 SX Option,Hyundai,2018,"1,30,000","10,895 kms",Diesel
Jeep Compass Longitude,Jeep,2006,"71,000","13,343 kms",Diesel
Mitsubishi Pajero Sport 4x2,Mitsubishi,2009,"41,000","1,13,329 kms",Diesel
Chevrolet Beat LT,Chevrolet,2017,"47,000","1,49,899 kms",Petrol
Datsun GO Plus T,Datsun,2015,"55,000","34,277 kms",Petrol
Datsun GO Plus T,Datsun,2020,"77,000","51,506 kms",Petrol
BMW 5 Series 520d,BMW,2023,"17,98,000","1,51,099 kms",Petrol
Nissan Sunny XL,Nissan,2008,Ask For Price,"84,179 kms",Diesel
Skoda Fabia Classic 1.2 MPI,Skoda,2013,"53,000","1,61,638 kms",Diesel
Renault Kwid RXT,Renault,2023,"1,17,000","98,094 kms",Petrol
Ford Fiesta Classic CLXi,Ford,2003,"25,000","63,813 kms",Petrol
Maruti Suzuki Celerio VXI,Maruti,2005,"25,000","80,084 kms",CNG
Fiat Punto Active,Fiat,2008,"25,000","1,43,341 kms",Diesel
Honda Brio S MT,Honda,2023,"2,39,000","4,920 kms",Diesel
Hyundai Creta 1.6 SX Option,Hyundai,2007,"41,000","15,857 kms",Diesel
Volkswagen Polo Highline 1.2L,Volkswagen,2016,"58,000","1,71,740 kms",Petrol
Jaguar XF Portfolio,Jaguar,2005,"8,39,000","5,101 kms",Diesel
Renault Lodgy 110PS RxZ 8 Str,Renault,2018,"1,06,000","26,210 kms",Diesel
Mahindra Scorpio S10,Mahindra,2008,"34,000","1,31,342 kms",Diesel
Hyundai Eon Era Plus,Hyundai,2018,"91,000","80,034 kms",Diesel
Maruti Suzuki Celerio VXI,Maruti,2023,"1,32,000","92,351 kms",Diesel
Jeep Compass Limited,Jeep,2003,"30,000","1,64,147 kms",Diesel
Maruti Suzuki Alto K10 VXi,Maruti,2010,"42,000","59,235 kms",Petrol
Honda City 1.5 S MT,Honda,2014,"52,000","1,36,603 kms",Petrol
BMW 5 Series 520d,BMW,2021,"20,71,000","86,420 kms",Diesel
Honda Civic 1.8 V MT,Honda,2019,"93,000","1,79,419 kms",Petrol
Land Rover Freelander 2,Land,2015,"16,23,000","38,150 kms",Petrol
Ford Figo,Ford,2012,"65,000","38,247 kms",Petrol
BMW 5 Series 520d,BMW,2011,"6,15,000","1,16,230 kms",Diesel
Honda Amaze S i-Dtech,Honda,2002,"25,000","1,60,527 kms",Diesel
Volvo S60 D4,Volvo,2009,"8,03,000","6,937 kms",Diesel
Honda Civic 1.8 V MT,Honda,2021,"1,01,000","1,22,983 kms",Diesel
Mercedes C-Class C220d,Mercedes,2007,"5,89,000","50,761 kms",Petrol
Maruti Suzuki Wagon R 1.0 VXI,Maruti,2015,"74,000","58,441 kms",Petrol
Audi Q7,Audi,2017,"14,77,000","85,269 kms",Diesel
Hyundai Tucson 2WD AT GLS,Hyundai,2014,"63,000","82,124 kms",Diesel
Volvo S60 D4,Volvo,2018,"18,80,000","28,756 kms",Diesel
Renault Lodgy 110PS RxZ 8 Str,Renault,2003,"25,000","1,46,297 kms",Diesel
Hyundai Eon Era Plus,Hyundai,2011,"42,000","1,15,326 kms",Diesel
Skoda Rapid Elegance 1.6 MPI,Skoda,2007,"30,000","1,10,845 kms",Diesel
Jeep Compass Longitude,Jeep,2016,"86,000","1,69,471 kms",Diesel
Toyota Glanza G,Toyota,2019,"1,58,000","35,569 kms",Diesel
Toyota Fortuner 3.0 4x4 AT,Toyota,2020,"1,47,000","53,035 kms",Diesel
Mini Cooper S,Mini,2005,"5,12,000","24,005 kms",Petrol
Mahindra KUV100 K8,Mahindra,2018,"84,000","1,60,551 kms",Diesel
Toyota Corolla Altis G,Toyota,2020,"1,00,000","1,72,991 kms",Petrol
Land Rover Freelander 2,Land,2015,"15,01,000","80,856 kms",Diesel
Skoda Octavia Elegance 1.8 TSI,Skoda,2007,Ask For Price,"30,916 kms",Petrol
Volkswagen Polo Highline 1.2L,Volkswagen,2016,Ask For Price,"1,30,550 kms",Diesel
Mercedes C-Class C220d,Mercedes,2008,"5,23,000","1,54,466 kms",Diesel
Volvo S60 D4,Volvo,2009,"5,20,000","1,43,582 kms",Diesel
Tata Indica V2 DLS,Tata,2007,"33,000","38,964 kms",Petrol
Hyundai Tucson 2WD AT GLS,Hyundai,2021,"1,35,000","78,334 kms",Diesel
BMW 3 Series 320d,BMW,2007,"4,72,000","1,76,284 kms",Diesel
Volvo S60 D4,Volvo,2016,"10,79,000","1,51,872 kms",Diesel
Skoda Rapid Elegance 1.6 MPI,Skoda,2013,"57,000","99,436 kms",Petrol
Mahindra Bolero SLE,Mahindra,2017,"1,28,000","35,370 kms",Diesel
Jeep Compass Limited,Jeep,2018,"1,59,000","55,109 kms",Petrol
Mini Cooper S,Mini,2017,"9,50,000","1,58,638 kms",Diesel
Volkswagen Ameo Highline 1.5,Volkswagen,2006,"27,000","1,61,132 kms",Diesel
Mercedes C-Class C220d,Mercedes,2021,Ask For Price,"61,106 kms",Diesel
Maruti Suzuki Vitara Brezza ZDi,Maruti,2022,"1,65,000","31,013 kms",Petrol
BMW 3 Series 320d,BMW,2012,"7,13,000","91,758 kms",Petrol
Skoda Rapid Elegance 1.6 MPI,Skoda,2004,"27,000","80,780 kms",Diesel
Maruti Suzuki Swift Vdi,Maruti,2023,"1,29,000","87,468 kms",Diesel
Maruti Suzuki Swift Dzire Vdi,Maruti,2008,"35,000","86,742 kms",Diesel
Mercedes C-Class C220d,Mercedes,2022,"28,31,000","35,687 kms",Diesel
Fiat Linea Active,Fiat,2016,"50,000","1,08,615 kms",Petrol
Jaguar XF Portfolio,Jaguar,2019,"14,36,000","1,40,579 kms",Petrol
Nissan Micra XV,Nissan,2006,"25,000","73,620 kms",Petrol
Fiat Punto Active,Fiat,2020,"64,000","1,58,877 kms",Diesel
Skoda Octavia Elegance 1.8 TSI,Skoda,2012,"80,000","8,391 kms",Diesel
Renault Triber RXZ,Renault,2016,"65,000","79,432 kms",Petrol
Nissan Micra XV,Nissan,2008,"42,000","24,375 kms",Diesel
Jeep Compass Longitude,Jeep,2008,"55,000","89,259 kms",Diesel
Chevrolet Spark LT,Chevrolet,2005,"25,000","1,35,404 kms",Petrol
Datsun GO Plus T,Datsun,2018,"71,000","30,465 kms",Petrol
Volvo S60 D4,Volvo,2012,"5,78,000","1,22,488 kms",Petrol
Skoda Fabia Classic 1.2 MPI,Skoda,2020,"1,10,000","81,926 kms",Petrol
Volkswagen Ameo Highline 1.5,Volkswagen,2016,"61,000","1,76,031 kms",Petrol
Ford EcoSport Titanium 1.5L TDCi,Ford,2021,"87,000","1,46,802 kms",Petrol
Chevrolet Sail UVA LS,Chevrolet,2006,"25,000","74,356 kms",Petrol
Chevrolet Tavera Neo 3,Chevrolet,2003,"25,000","34,198 kms",Petrol
Ford Figo Aspire Titanium,Ford,2003,"29,000","22,675 kms",Diesel
Mitsubishi Lancer 1.8 GLX,Mitsubishi,2021,"1,31,000","93,324 kms",Diesel
Jaguar XE Prestige,Jaguar,2016,"10,50,000","1,48,942 kms",Petrol
Land Rover Discovery Sport,Land,2005,"4,70,000","1,19,528 kms",Diesel
Audi A8,Audi,2009,"7,64,000","58,766 kms",Petrol
Nissan Sunny XL,Nissan,2007,"25,000","1,74,473 kms",Diesel
Audi A8,Audi,2002,"4,21,000","17,235 kms",Diesel
Toyota Corolla Altis G,Toyota,2013,"56,000","1,58,550 kms",Petrol
Land Rover Freelander 2,Land,2012,"8,88,000","1,45,891 kms",Petrol
Datsun GO Plus T,Datsun,2015,"49,000","62,641 kms",Petrol
Datsun GO T,Datsun,2012,"42,000","54,688 kms",Diesel
Chevrolet Spark LT,Chevrolet,2007,"25,000","1,73,799 kms",Petrol
Mercedes C-Class C220d,Mercedes,2020,"15,71,000","1,56,357 kms",Diesel
Audi A6 2.0 TDI,Audi,2011,"6,52,000","1,06,476 kms",Petrol
Volvo XC60 D5,Volvo,2012,"5,76,000","1,29,676 kms",Petrol
Mitsubishi Pajero Sport 4x2,Mitsubishi,2006,"27,000","1,73,346 kms",Petrol
Volvo XC60 D5,Volvo,2008,"6,24,000","54,012 kms",Diesel
Jaguar XF Portfolio,Jaguar,2015,"12,54,000","90,346 kms",Petrol
Jeep Compass Limited,Jeep,2006,"43,000","77,218 kms",Petrol
Hyundai Santro Xing XO eRLX Euro III,Hyundai,2019,"95,000","94,273 kms",Petrol
Renault Lodgy 110PS RxZ 8 Str,Renault,2020,"89,000","1,03,455 kms",Diesel
BMW X1 sDrive20d,BMW,2008,"4,79,000","1,73,767 kms",Petrol
Datsun redi-GO T,Datsun,2015,"63,000","40,540 kms",Diesel
Honda City 1.5 S MT,Honda,2004,"25,000","1,70,071 kms",Petrol
Jaguar XF Portfolio,Jaguar,2006,"7,76,000","22,294 kms",Petrol
Audi Q7,Audi,2015,"8,80,000","1,63,480 kms",Petrol
Audi A8,Audi,2013,Ask For Price,"59,276 kms",Petrol
Mercedes GLA 200d,Mercedes,2009,"5,69,000","1,31,625 kms",Diesel
Nissan Micra XV,Nissan,2003,"25,000","1,49,037 kms",Diesel
Mercedes GLA 200d,Mercedes,2004,"5,56,000","37,347 kms",Diesel
Volvo S60 D4,Volvo,2009,"5,02,000","1,23,950 kms",Petrol
Mitsubishi Lancer 1.8 GLX,Mitsubishi,2021,Ask For Price,"13,934 kms",Diesel
Audi Q7,Audi,2017,"11,07,000","1,50,561 kms",Diesel
Skoda Rapid Elegance 1.6 MPI,Skoda,2007,"54,000","9,360 kms",Diesel
Hyundai Venue SX,Hyundai,2020,"1,32,000","44,423 kms",Petrol
Volvo S60 D4,Volvo,2011,"5,29,000","1,27,176 kms",Petrol
Volkswagen Ameo Highline 1.5,Volkswagen,2006,"25,000","1,61,527 kms",Diesel
Ford Endeavour 4x4 AT,Ford,2007,"26,000","1,55,228 kms",Petrol
Toyota Corolla Altis G,Toyota,2009,"41,000","1,27,218 kms",Petrol
Chevrolet Beat LT,Chevrolet,2006,"25,000","1,56,218 kms",Petrol
BMW 5 Series 520d,BMW,2009,"5,86,000","1,73,289 kms",Diesel
Mitsubishi Lancer 1.8 GLX,Mitsubishi,2003,"25,000","1,68,464 kms",Diesel
Toyota Fortuner 3.0 4x4 AT,Toyota,2014,"64,000","1,24,941 kms",Diesel
Fiat Punto Active,Fiat,2014,"39,000","1,79,278 kms",Diesel
BMW 3 Series 320d,BMW,2011,"7,00,000","1,17,755 kms",Diesel
Jaguar XE Prestige,Jaguar,2005,"4,80,000","1,39,375 kms",Diesel
Mini Cooper D,Mini,2012,"8,43,000","70,964 kms",Diesel
Mitsubishi Lancer 1.8 GLX,Mitsubishi,2016,"75,000","1,77,123 kms",Petrol
Tata Bolt XT,Tata,2012,Ask For Price,"1,77,759 kms",Petrol
Maruti Suzuki Swift Vdi,Maruti,2002,"25,000","1,07,906 kms",Petrol
Nissan Micra XV,Nissan,2011,"38,000","66,133 kms",Petrol
Hyundai Tucson 2WD AT GLS,Hyundai,2023,"1,66,000","56,939 kms",Petrol
Volvo S60 D4,Volvo,2014,"8,44,000","1,72,169 kms",Petrol
Volkswagen Ameo Highline 1.5,Volkswagen,2016,"67,000","1,73,240 kms",Petrol
Volkswagen Jetta Comfortline TDI,Volkswagen,2023,"1,45,000","84,878 kms",Diesel
Hyundai i10 Sportz,Hyundai,2014,"54,000","87,303 kms",Petrol
Toyota Fortuner 3.0 4x4 AT,Toyota,2004,"25,000","1,29,001 kms",Petrol
Mercedes C-Class C220d,Mercedes,2006,"4,08,000","1,41,823 kms",Diesel
Audi Q3 35 TDI,Audi,2005,"5,44,000","9,238 kms",Petrol
Audi A4 35 TDI,Audi,2017,"18,19,000","39,121 kms",Petrol
Volkswagen Vento Highline Diesel,Volkswagen,2012,"48,000","1,02,684 kms",Petrol
Mercedes E-Class E220d,Mercedes,2015,Ask For Price,"1,05,983 kms",Petrol
Land Rover Discovery Sport,Land,2005,"4,32,000","1,48,799 kms",Diesel
Hyundai Grand i10 Magna 1.2 Kappa VTVT,Hyundai,2013,"41,000","1,40,249 kms",Diesel
Skoda Octavia Elegance 1.8 TSI,Skoda,2008,"50,000","46,399 kms",Petrol
Skoda Octavia Elegance 1.8 TSI,Skoda,2014,"90,000","28,088 kms",Diesel
Audi A6 2.0 TDI,Audi,2006,"5,90,000","9,458 kms",Petrol
Renault Lodgy 110PS RxZ 8 Str,Renault,2014,"76,000","16,613 kms",Diesel
Audi A4 35 TDI,Audi,2003,"3,23,000","89,041 kms",Petrol
Datsun GO T,Datsun,2008,"25,000","1,71,502 kms",Diesel
Fiat Punto Active,Fiat,2020,"81,000","61,175 kms",Petrol
Mini Cooper S,Mini,2017,"8,64,000","1,62,202 kms",Petrol
Maruti Suzuki Swift Dzire Vdi,Maruti,2022,"1,88,000","13,196 kms",Diesel
Volvo S60 D4,Volvo,2020,"20,89,000","16,866 kms",Petrol
Volvo S60 D4,Volvo,2004,"4,34,000","53,221 kms",Diesel
Jaguar XF Portfolio,Jaguar,2012,"12,13,000","31,767 kms",Petrol
Tata Indica V2 DLS,Tata,2020,"99,000","45,568 kms",Diesel
BMW 3 Series 320d,BMW,2013,"7,60,000","1,45,172 kms",Petrol
Hyundai Elite i20 Magna 1.2,Hyundai,2005,Ask For Price,"1,65,826 kms",Diesel
Mercedes C-Class C220d,Mercedes,2002,"5,68,000","1,993 kms",Petrol
Mitsubishi Lancer 1.8 GLX,Mitsubishi,2015,"60,000","1,24,883 kms",Petrol
Jeep Compass Limited,Jeep,2015,"1,15,000","62,818 kms",Petrol
Toyota Yaris VX,Toyota,2017,"84,000","1,60,545 kms",Petrol
Nissan Sunny XL,Nissan,2002,"25,000","1,46,300 kms",Petrol
Ford Endeavour 4x4 AT,Ford,2013,"43,000","1,41,585 kms",Petrol
Tata Tiago Revotron XZ,Tata,2003,"25,000","50,882 kms",Petrol
Mercedes E-Class E220d,Mercedes,2007,"6,19,000","41,980 kms",Petrol
Tata Nexon XZ Plus,Tata,2010,"30,000","87,733 kms",Diesel
Fiat Punto Active,Fiat,2007,"36,000","7,719 kms",Diesel
Renault Lodgy 110PS RxZ 8 Str,Renault,2020,"78,000","1,52,081 kms",Diesel
Chevrolet Spark LT,Chevrolet,2005,"25,000","85,593 kms",Petrol
Tata Nexon XZ Plus,Tata,2009,"45,000","19,375 kms",Diesel
BMW 3 Series 320d,BMW,2008,"4,67,000","1,59,859 kms",Diesel
Audi A6 2.0 TDI,Audi,2022,"19,03,000","94,102 kms",Diesel
Land Rover Freelander 2,Land,2010,"11,61,000","35,883 kms",Petrol
Toyota Corolla Altis G,Toyota,2009,"52,000","77,474 kms",Petrol
Volvo S60 D4,Volvo,2020,"12,23,000","1,45,001 kms",Petrol
Mercedes C-Class C220d,Mercedes,2020,"15,53,000","1,24,222 kms",Diesel
Renault Kwid RXT,Renault,2012,"39,000","1,13,935 kms",Petrol
Honda Civic 1.8 V MT,Honda,2002,"25,000","1,09,616 kms",Petrol
Jeep Compass Longitude,Jeep,2015,"86,000","1,39,330 kms",Diesel
Ford Figo Aspire Titanium,Ford,2017,Ask For Price,"63,148 kms",Petrol
BMW 3 Series 320d,BMW,2006,"4,45,000","94,053 kms",Diesel
Maruti Suzuki Vitara Brezza ZDi,Maruti,2023,"1,38,000","80,011 kms",Petrol
Mitsubishi Pajero Sport 4x2,Mitsubishi,2016,"78,000","1,21,672 kms",Petrol
Nissan Terrano XL,Nissan,2016,"56,000","1,66,142 kms",Petrol
Land Rover Discovery Sport,Land,2018,"26,46,000","8,675 kms",Diesel
Volvo S60 D4,Volvo,2023,"33,24,000","21,322 kms",Diesel
Jaguar XF Portfolio,Jaguar,2003,"5,57,000","29,189 kms",Diesel
Nissan Sunny XL,Nissan,2007,"25,000","1,70,014 kms",Petrol
Honda Jazz V,Honda,2009,"35,000","1,41,561 kms",Petrol
Mitsubishi Pajero Sport 4x2,Mitsubishi,2009,"51,000","84,107 kms",Diesel
BMW 5 Series 520d,BMW,2003,"5,16,000","16,711 kms",Diesel
Jeep Compass Longitude,Jeep,2017,"1,03,000","1,39,535 kms",Diesel
Jaguar XE Prestige,Jaguar,2008,"4,92,000","1,20,128 kms",Petrol
Skoda Fabia Classic 1.2 MPI,Skoda,2005,"33,000","43,292 kms",Diesel
Honda Amaze S i-Dtech,Honda,2018,"74,000","1,64,536 kms",Petrol
Fiat Punto Active,Fiat,2017,"60,000","90,985 kms",Diesel
Skoda Fabia Classic 1.2 MPI,Skoda,2004,"40,000","5,876 kms",Petrol
Chevrolet Tavera Neo 3,Chevrolet,2020,"75,000","89,960 kms",Diesel
Jeep Compass Limited,Jeep,2016,"1,23,000","79,813 kms",Petrol
Volkswagen Vento Highline Diesel,Volkswagen,2017,"88,000","97,591 kms",Diesel
Nissan Sunny XL,Nissan,2016,"82,000","43,711 kms",Petrol
Toyota Yaris VX,Toyota,2023,"2,06,000","40,335 kms",Petrol
Chevrolet Spark LT,Chevrolet,2016,"54,000","68,364 kms",Diesel
Hyundai Verna 1.6 SX,Hyundai,2013,"70,000","38,882 kms",Diesel
Fiat Linea Active,Fiat,2005,"33,000","6,633 kms",Diesel
Audi Q3 35 TDI,Audi,2006,"7,49,000","1,225 kms",Diesel
Skoda Octavia Elegance 1.8 TSI,Skoda,2023,"1,94,000","38,657 kms",Diesel
Mercedes C-Class C220d,Mercedes,2006,"3,98,000","1,77,835 kms",Petrol
Renault Lodgy 110PS RxZ 8 Str,Renault,2013,"60,000","24,343 kms",Diesel
Mitsubishi Pajero Sport 4x2,Mitsubishi,2010,"53,000","51,405 kms",Petrol
Jaguar XE Prestige,Jaguar,2018,"14,94,000","1,03,495 kms",Petrol
Jeep Compass Longitude,Jeep,2023,"1,90,000","94,750 kms",Diesel
Nissan Sunny XL,Nissan,2013,"71,000","3,295 kms",Diesel
Audi Q7,Audi,2004,"4,92,000","56,643 kms",Diesel
Audi Q3 35 TDI,Audi,2007,"4,05,000","1,11,205 kms",Diesel
Mahindra Scorpio S10,Mahindra,2008,"46,000","79,590 kms",Diesel
Chevrolet Beat LT,Chevrolet,2020,"59,000","98,606 kms",Petrol
Volkswagen Jetta Comfortline TDI,Volkswagen,2007,"31,000","1,45,803 kms",Diesel
Honda Amaze S i-Dtech,Honda,2007,"32,000","1,00,178 kms",Diesel
Skoda Octavia Elegance 1.8 TSI,Skoda,2011,"40,000","1,29,625 kms",Diesel
Honda Jazz V,Honda,2011,"39,000","1,68,017 kms",Diesel
Skoda Rapid Elegance 1.6 MPI,Skoda,2007,"25,000","1,29,045 kms",Petrol
Mercedes C-Class C220d,Mercedes,2021,"20,64,000","94,933 kms",Diesel
Mini Cooper D,Mini,2005,"3,56,000","97,932 kms",Petrol
Hyundai Elite i20 Magna 1.2,Hyundai,2012,"39,000","1,20,959 kms",Petrol
Nissan Sunny XL,Nissan,2022,"99,000","93,419 kms",Petrol
Mahindra XUV500 W8,Mahindra,2022,"1,89,000","48,137 kms",Diesel
Chevrolet Sail UVA LS,Chevrolet,2023,"1,11,000","79,024 kms",Diesel
Ford Endeavour 4x4 AT,Ford,2020,"86,000","92,277 kms",Petrol
Nissan Sunny XL,Nissan,2015,"50,000","89,311 kms",Petrol
Renault Kwid RXT,Renault,2019,"67,000","1,60,906 kms",Petrol
Ford Freestyle Titanium,Ford,2006,"41,000","4,655 kms",Diesel
Honda WR-V i-VTEC VX,Honda,2021,"1,00,000","1,37,233 kms",Diesel
Ford Figo,Ford,2006,"33,000","37,418 kms",Petrol
Mahindra KUV100 K8,Mahindra,2005,"45,000","20,477 kms",Diesel
Hyundai Eon Era Plus,Hyundai,2005,"36,000","8,696 kms",Petrol
Hyundai Grand i10 Magna 1.2 Kappa VTVT,Hyundai,2011,"39,000","1,75,103 kms",Petrol
Volvo S60 D4,Volvo,2020,Ask For Price,"52,535 kms",Petrol
Honda Brio S MT,Honda,2010,"37,000","1,52,078 kms",Diesel
Volvo S60 D4,Volvo,2018,"10,16,000","1,49,583 kms",Petrol
Maruti Suzuki Alto K10 VXi,Maruti,2008,"36,000","50,313 kms",Diesel
Maruti Suzuki Omni E STD,Maruti,2005,"26,000","56,202 kms",CNG
Audi A4 35 TDI,Audi,2007,"4,92,000","93,114 kms",Diesel
BMW 3 Series 320d,BMW,2012,"10,57,000","32,505 kms",Diesel
Nissan Terrano XL,Nissan,2011,"29,000","1,46,148 kms",Petrol
Datsun redi-GO T,Datsun,2016,"43,000","1,57,488 kms",Diesel
Renault Lodgy 110PS RxZ 8 Str,Renault,2011,"35,000","1,12,287 kms",Petrol
Mercedes GLA 200d,Mercedes,2013,"13,33,000","47,101 kms",Petrol
Ford Figo Aspire Titanium,Ford,2016,"53,000","1,37,112 kms",Petrol
Land Rover Freelander 2,Land,2007,"10,26,000","17,063 kms",Diesel
Volvo XC60 D5,Volvo,2005,"5,02,000","61,145 kms",Diesel
Land Rover Discovery Sport,Land,2022,"23,46,000","1,05,019 kms",Diesel
Datsun redi-GO T,Datsun,2018,"64,000","73,209 kms",Petrol
Volkswagen Jetta Comfortline TDI,Volkswagen,2017,"87,000","60,608 kms",Petrol
Mahindra TUV300 T8,Mahindra,2023,"2,37,000","7,112 kms",Diesel
Honda Jazz V,Honda,2021,"1,10,000","1,63,476 kms",Petrol
Jeep Compass Limited,Jeep,2016,"1,41,000","53,035 kms",Diesel
Volkswagen Ameo Highline 1.5,Volkswagen,2019,"95,000","1,43,393 kms",Petrol
BMW 3 Series 320d,BMW,2014,"9,66,000","1,18,095 kms",Diesel
Hyundai Santro Xing XO eRLX Euro III,Hyundai,2007,"29,000","1,46,026 kms",Diesel
BMW 3 Series 320d,BMW,2011,"7,68,000","1,02,095 kms",Diesel
Mercedes GLA 200d,Mercedes,2019,"14,83,000","1,79,766 kms",Diesel
Jeep Compass Longitude,Jeep,2014,"1,06,000","69,146 kms",Diesel
Jaguar XF Portfolio,Jaguar,2011,"7,77,000","84,112 kms",Petrol
Nissan Sunny XL,Nissan,2020,"1,36,000","7,151 kms",Diesel
Nissan Sunny XL,Nissan,2013,"63,000","14,897 kms",Petrol
Mitsubishi Pajero Sport 4x2,Mitsubishi,2004,Ask For Price,"80,030 kms",Petrol
Chevrolet Beat LT,Chevrolet,2016,"45,000","1,72,529 kms",Diesel
Volkswagen Polo Highline 1.2L,Volkswagen,2017,"79,000","1,54,237 kms",Petrol
Datsun redi-GO T,Datsun,2020,"88,000","25,718 kms",Diesel
Chevrolet Tavera Neo 3,Chevrolet,2018,"49,000","1,75,051 kms",Diesel
BMW 3 Series 320d,BMW,2017,"12,17,000","1,66,677 kms",Petrol
Skoda Rapid Elegance 1.6 MPI,Skoda,2003,"27,000","78,040 kms",Diesel
Mahindra Scorpio SLE BS IV,Mahindra,2020,"1,09,000","88,400 kms",Diesel
Mercedes E-Class E220d,Mercedes,2008,"6,03,000","91,146 kms",Petrol
Skoda Rapid Elegance 1.6 MPI,Skoda,2023,"1,22,000","1,41,644 kms",Diesel
Volvo XC60 D5,Volvo,2023,"19,67,000","1,43,640 kms",Petrol
Jeep Compass Longitude,Jeep,2020,"1,37,000","1,30,963 kms",Petrol
Audi Q3 35 TDI,Audi,2022,"19,96,000","1,39,749 kms",Diesel
Hyundai Xcent S,Hyundai,2008,"30,000","95,592 kms",Diesel
Jaguar XF Portfolio,Jaguar,2015,"12,51,000","1,07,647 kms",Diesel
Mini Cooper S,Mini,2015,"10,84,000","70,075 kms",Diesel
Volvo S60 D4,Volvo,2014,Ask For Price,"62,616 kms",Petrol
Skoda Rapid Elegance 1.6 MPI,Skoda,2017,"73,000","1,46,854 kms",Diesel
Tata Nano Lx,Tata,2010,"40,000","35,864 kms",Petrol
Jaguar XE Prestige,Jaguar,2022,"39,91,000","11,170 kms",Diesel
Mahindra Thar CRDe 4x4,Mahindra,2021,"1,56,000","78,213 kms",Diesel
Nissan Terrano XL,Nissan,2023,"1,91,000","23,773 kms",Diesel
Honda Amaze S i-Dtech,Honda,2005,"25,000","1,49,777 kms",Petrol
Jeep Compass Limited,Jeep,2017,"1,68,000","23,758 kms",Petrol
Chevrolet Sail UVA LS,Chevrolet,2020,"73,000","1,02,323 kms",Petrol
Ford Figo,Ford,2008,"36,000","72,070 kms",Diesel
Hyundai Venue SX,Hyundai,2019,"81,000","98,326 kms",Petrol
Jaguar XE Prestige,Jaguar,2010,"10,63,000","38,087 kms",Diesel
Skoda Fabia Classic 1.2 MPI,Skoda,2022,"1,23,000","1,58,910 kms",Petrol
Hyundai Eon Era Plus,Hyundai,2010,"33,000","1,44,994 kms",Diesel
Nissan Terrano XL,Nissan,2005,"25,000","1,40,323 kms",Petrol
Datsun redi-GO T,Datsun,2011,"38,000","23,758 kms",Petrol
Toyota Fortuner 3.0 4x4 AT,Toyota,2022,"1,78,000","83,247 kms",Diesel
Mahindra TUV300 T8,Mahindra,2017,"85,000","1,08,355 kms",Diesel
Ford Freestyle Titanium,Ford,2007,"32,000","68,511 kms",Petrol
Fiat Linea Active,Fiat,2016,"83,000","7,269 kms",Petrol
Audi A6 2.0 TDI,Audi,2002,"2,84,000","1,05,131 kms",Petrol
Mahindra Scorpio SLE BS IV,Mahindra,2007,"41,000","65,532 kms",Petrol
Mini Cooper S,Mini,2021,"15,09,000","1,79,866 kms",Diesel
Mercedes GLA 200d,Mercedes,2006,"5,75,000","68,435 kms",Petrol
Skoda Fabia Classic 1.2 MPI,Skoda,2004,"25,000","1,08,757 kms",Diesel
Mitsubishi Pajero Sport 4x2,Mitsubishi,2002,"37,000","6,121 kms",Petrol
Tata Tiago Revotron XZ,Tata,2007,"39,000","13,150 kms",Diesel
Honda City 1.5 S MT,Honda,2013,"64,000","44,696 kms",Petrol
Audi A8,Audi,2005,"4,46,000","58,947 kms",Petrol
Volkswagen Ameo Highline 1.5,Volkswagen,2017,"76,000","1,00,258 kms",Petrol
Tata Tiago Revotron XZ,Tata,2023,"1,33,000","49,740 kms",Diesel
Maruti Suzuki Wagon R 1.0 VXI,Maruti,2010,"46,000","61,831 kms",CNG
Jaguar XF Portfolio,Jaguar,2004,"6,46,000","2,805 kms",Diesel
Land Rover Discovery Sport,Land,2023,"36,49,000","55,731 kms",Diesel
Volkswagen Polo Highline 1.2L,Volkswagen,2005,"25,000","1,46,114 kms",Petrol
Mercedes E-Class E220d,Mercedes,2021,"15,12,000","1,75,943 kms",Petrol
Datsun redi-GO T,Datsun,2014,"31,000","1,76,067 kms",Diesel
Hyundai Tucson 2WD AT GLS,Hyundai,2007,"33,000","68,333 kms",Petrol
Audi A6 2.0 TDI,Audi,2004,"3,67,000","83,282 kms",Diesel
Hyundai Elite i20 Magna 1.2,Hyundai,2017,"95,000","73,762 kms",Diesel
Volkswagen Ameo Highline 1.5,Volkswagen,2018,"1,10,000","82,153 kms",Diesel
Mercedes C-Class C220d,Mercedes,2019,"13,32,000","1,72,438 kms",Diesel
Renault Kwid RXT,Renault,2003,"25,000","1,23,372 kms",Diesel
Ford Figo Aspire Titanium,Ford,2003,"25,000","1,15,841 kms",Diesel
Audi A8,Audi,2005,"5,13,000","38,911 kms",Petrol
Skoda Fabia Classic 1.2 MPI,Skoda,2007,"29,000","1,33,462 kms",Diesel
Tata Bolt XT,Tata,2002,"25,000","1,37,991 kms",Petrol
Mercedes GLA 200d,Mercedes,2005,"4,28,000","86,255 kms",Petrol
Ford Figo Aspire Titanium,Ford,2013,"47,000","1,54,853 kms",Petrol
Mahindra TUV300 T8,Mahindra,2023,"1,42,000","1,25,891 kms",Diesel
Jaguar XE Prestige,Jaguar,2012,"13,92,000","11,594 kms",Diesel
Mitsubishi Pajero Sport 4x2,Mitsubishi,2008,"58,000","12,861 kms",Diesel
Mahindra KUV100 K8,Mahindra,2004,"25,000","1,04,658 kms",Diesel
Datsun GO T,Datsun,2002,"25,000","54,684 kms",Petrol
Mini Cooper S,Mini,2005,"4,17,000","78,362 kms",Diesel
Skoda Octavia Elegance 1.8 TSI,Skoda,2021,"1,77,000","34,516 kms",Diesel
Jeep Compass Longitude,Jeep,2017,"1,04,000","1,16,870 kms",Diesel
BMW 3 Series 320d,BMW,2015,"10,23,000","96,630 kms",Petrol
Hyundai Xcent S,Hyundai,2012,"41,000","1,21,610 kms",Petrol
Mercedes GLA 200d,Mercedes,2022,"17,91,000","1,69,766 kms",Petrol
Mercedes E-Class E220d,Mercedes,2006,"7,46,000","33,599 kms",Diesel
Skoda Octavia Elegance 1.8 TSI,Skoda,2003,"25,000","1,44,539 kms",Petrol
Jeep Compass Limited,Jeep,2015,"1,47,000","24,868 kms",Diesel
Volkswagen Ameo Highline 1.5,Volkswagen,2010,Ask For Price,"1,53,603 kms",Petrol
Jaguar XF Portfolio,Jaguar,2007,"6,85,000","47,864 kms",Diesel
Land Rover Discovery Sport,Land,2012,"9,25,000","1,54,033 kms",Diesel
Volkswagen Ameo Highline 1.5,Volkswagen,2007,"35,000","55,430 kms",Petrol
Volkswagen Polo Highline 1.2L,Volkswagen,2015,"52,000","1,40,183 kms",Petrol
Toyota Yaris VX,Toyota,2017,"93,000","1,20,728 kms",Diesel
Volvo XC60 D5,Volvo,2011,"6,38,000","1,62,235 kms",Diesel
Jaguar XF Portfolio,Jaguar,2011,"10,94,000","23,073 kms",Petrol
Maruti Suzuki Omni E STD,Maruti,2008,"45,000","7,129 kms",Petrol
Renault Lodgy 110PS RxZ 8 Str,Renault,2022,"82,000","1,41,286 kms",Petrol
Honda WR-V i-VTEC VX,Honda,2015,"96,000","5,819 kms",Petrol
Land Rover Discovery Sport,Land,2017,"14,45,000","1,23,698 kms",Petrol
Tata Tiago Revotron XZ,Tata,2020,"73,000","1,02,790 kms",Petrol
Land Rover Discovery Sport,Land,2015,"10,28,000","1,30,045 kms",Diesel
Jeep Compass Limited,Jeep,2009,"78,000","16,013 kms",Petrol
Mahindra Bolero SLE,Mahindra,2022,"1,17,000","1,09,450 kms",Diesel
Mini Cooper D,Mini,2016,"7,70,000","1,14,455 kms",Petrol
Mercedes E-Class E220d,Mercedes,2016,"15,03,000","60,944 kms",Petrol
Volvo XC60 D5,Volvo,2006,"5,32,000","77,011 kms",Diesel
Jaguar XF Portfolio,Jaguar,2017,"18,29,000","42,574 kms",Petrol
Jaguar XF Portfolio,Jaguar,2006,"6,18,000","45,527 kms",Petrol
BMW 5 Series 520d,BMW,2011,"8,88,000","61,630 kms",Petrol
Nissan Sunny XL,Nissan,2013,"36,000","1,77,552 kms",Petrol
Jeep Compass Longitude,Jeep,2004,"33,000","88,635 kms",Diesel
Fiat Punto Active,Fiat,2017,"74,000","67,686 kms",Diesel
Fiat Linea Active,Fiat,2006,"25,000","1,35,205 kms",Petrol
Audi A8,Audi,2005,"6,03,000","27,858 kms",Petrol
Ford Figo,Ford,2022,"1,79,000","31,048 kms",Petrol
Skoda Octavia Elegance 1.8 TSI,Skoda,2016,"72,000","1,32,717 kms",Diesel
Mini Cooper D,Mini,2012,"9,68,000","36,216 kms",Petrol
BMW 3 Series 320d,BMW,2009,"5,27,000","1,24,268 kms",Diesel
Volkswagen Ameo Highline 1.5,Volkswagen,2015,"61,000","94,640 kms",Petrol
BMW 3 Series 320d,BMW,2006,"4,61,000","1,12,513 kms",Diesel
Jeep Compass Limited,Jeep,2002,"26,000","1,16,119 kms",Petrol
Jeep Compass Longitude,Jeep,2004,"35,000","88,784 kms",Diesel
BMW 3 Series 320d,BMW,2014,"16,25,000","9,823 kms",Petrol
Mini Cooper D,Mini,2015,"8,86,000","1,05,482 kms",Diesel
Nissan Micra XV,Nissan,2010,"31,000","1,38,457 kms",Petrol
Tata Bolt XT,Tata,2021,"85,000","1,62,154 kms",Diesel
Mini Cooper D,Mini,2008,"4,35,000","79,144 kms",Petrol
Honda Civic 1.8 V MT,Honda,2019,"99,000","74,529 kms",Petrol
Jeep Compass Limited,Jeep,2022,"2,14,000","42,050 kms",Petrol
Mitsubishi Lancer 1.8 GLX,Mitsubishi,2009,"53,000","79,776 kms",Diesel
Hyundai Verna 1.6 SX,Hyundai,2010,"32,000","1,64,461 kms",Diesel
Ford Figo Aspire Titanium,Ford,2011,"36,000","1,50,160 kms",Petrol
Mitsubishi Pajero Sport 4x2,Mitsubishi,2013,"73,000","78,533 kms",Diesel
Mitsubishi Pajero Sport 4x2,Mitsubishi,2014,"53,000","1,36,327 kms",Petrol
Tata Tiago Revotron XZ,Tata,2016,"83,000","25,786 kms",Petrol
Mahindra Scorpio SLE BS IV,Mahindra,2003,"25,000","1,11,481 kms",Diesel
Nissan Terrano XL,Nissan,2018,"75,000","1,05,679 kms",Diesel
Mini Cooper D,Mini,2016,"9,48,000","1,28,430 kms",Diesel
Honda WR-V i-VTEC VX,Honda,2016,"1,06,000","34,017 kms",Petrol
Hyundai Elite i20 Magna 1.2,Hyundai,2019,"88,000","96,918 kms",Petrol
Ford EcoSport Ambiente 1.5L TDCi,Ford,2020,"1,08,000","76,014 kms",Petrol
Skoda Rapid Elegance 1.6 MPI,Skoda,2011,"47,000","77,165 kms",Diesel
Mitsubishi Lancer 1.8 GLX,Mitsubishi,2003,"25,000","80,096 kms",Diesel
Mercedes C-Class C220d,Mercedes,2005,"3,57,000","1,43,633 kms",Diesel
Mercedes GLA 200d,Mercedes,2011,"7,69,000","1,48,411 kms",Diesel
Mercedes GLA 200d,Mercedes,2021,"26,87,000","34,915 kms",Petrol
Audi A8,Audi,2006,"4,89,000","85,353 kms",Petrol
BMW 5 Series 520d,BMW,2009,"5,97,000","1,03,750 kms",Diesel
Audi Q3 35 TDI,Audi,2022,"29,80,000","23,307 kms",Petrol
Land Rover Discovery Sport,Land,2019,"16,62,000","1,69,224 kms",Petrol
Volvo S60 D4,Volvo,2020,"14,39,000","1,36,874 kms",Petrol
Maruti Suzuki Swift Vdi,Maruti,2023,"1,18,000","1,39,523 kms",Petrol
Tata Nano Lx,Tata,2020,"76,000","1,16,552 kms",Petrol
Datsun GO Plus T,Datsun,2003,"25,000","1,28,936 kms",Petrol
Maruti Suzuki Alto K10 VXi,Maruti,2012,"39,000","1,00,241 kms",Diesel
Fiat Punto Active,Fiat,2011,"41,000","37,857 kms",Petrol
Skoda Rapid Elegance 1.6 MPI,Skoda,2023,"1,92,000","44,452 kms",Petrol
Maruti Suzuki Omni E STD,Maruti,2003,"25,000","78,225 kms",CNG
Chevrolet Sail UVA LS,Chevrolet,2014,"51,000","31,810 kms",Petrol
Mitsubishi Pajero Sport 4x2,Mitsubishi,2017,"91,000","1,33,432 kms",Diesel
Chevrolet Tavera Neo 3,Chevrolet,2019,"58,000","1,06,812 kms",Petrol
Renault Duster 110 PS RxL,Renault,2010,"28,000","1,45,347 kms",Petrol
Honda Jazz V,Honda,2020,"93,000","1,06,726 kms",Diesel
Tata Nano Lx,Tata,2013,"39,000","1,41,773 kms",Petrol
BMW X1 sDrive20d,BMW,2016,"19,13,000","11,055 kms",Petrol
Volvo XC60 D5,Volvo,2022,"21,97,000","43,978 kms",Petrol
Volkswagen Ameo Highline 1.5,Volkswagen,2023,"1,55,000","99,754 kms",Diesel
Jeep Compass Limited,Jeep,2003,"38,000","42,414 kms",Petrol
Ford Freestyle Titanium,Ford,2006,"26,000","1,45,977 kms",Diesel
Jeep Compass Limited,Jeep,2023,"2,39,000","89,919 kms",Diesel
Volkswagen Vento Highline Diesel,Volkswagen,2023,"1,47,000","84,415 kms",Diesel
Chevrolet Beat LT,Chevrolet,2006,Ask For Price,"1,69,561 kms",Petrol
Maruti Suzuki Eeco 5 Seater,Maruti,2007,"25,000","1,08,408 kms",CNG
Mini Cooper S,Mini,2019,"21,38,000","8,212 kms",Diesel
Datsun GO Plus T,Datsun,2013,"34,000","1,01,484 kms",Petrol
Maruti Suzuki Swift Vdi,Maruti,2016,"60,000","97,219 kms",Petrol
Maruti Suzuki Wagon R 1.0 VXI,Maruti,2023,"1,09,000","93,900 kms",Petrol
Skoda Octavia Elegance 1.8 TSI,Skoda,2009,"53,000","61,509 kms",Diesel
Mercedes GLA 200d,Mercedes,2021,"22,57,000","54,910 kms",Petrol
Datsun GO T,Datsun,2010,"25,000","1,49,286 kms",Diesel
Mitsubishi Pajero Sport 4x2,Mitsubishi,2004,"25,000","1,54,283 kms",Petrol
Mitsubishi Pajero Sport 4x2,Mitsubishi,2018,Ask For Price,"72,013 kms",Petrol
Land Rover Discovery Sport,Land,2023,"21,65,000","1,46,931 kms",Diesel
Jaguar XE Prestige,Jaguar,2012,"7,93,000","1,13,489 kms",Diesel
Audi A8,Audi,2013,"8,05,000","1,35,695 kms",Petrol
Volkswagen Jetta Comfortline TDI,Volkswagen,2019,"79,000","1,17,766 kms",Diesel
Mahindra Jeep CL550 MDI,Mahindra,2009,"41,000","1,11,201 kms",Diesel
Chevrolet Sail UVA LS,Chevrolet,2004,"25,000","1,64,200 kms",Petrol
Maruti Suzuki Ciaz VDi,Maruti,2022,"1,13,000","87,735 kms",Diesel
Chevrolet Beat LT,Chevrolet,2012,"32,000","1,36,329 kms",Petrol
Volvo XC60 D5,Volvo,2005,"3,53,000","1,64,031 kms",Diesel
Hyundai Santro Xing XO eRLX Euro III,Hyundai,2014,"63,000","82,224 kms",Petrol
Audi A4 35 TDI,Audi,2011,"5,74,000","1,60,201 kms",Diesel
Fiat Punto Active,Fiat,2011,"29,000","1,00,096 kms",Diesel
Renault Duster 110 PS RxL,Renault,2016,"63,000","1,00,742 kms",Diesel
Volvo S60 D4,Volvo,2012,"6,31,000","1,70,735 kms",Petrol
Tata Indica V2 DLS,Tata,2005,"32,000","3,321 kms",Petrol
Mitsubishi Pajero Sport 4x2,Mitsubishi,2022,"1,27,000","1,33,504 kms",Diesel
Volvo XC60 D5,Volvo,2007,"5,78,000","63,840 kms",Petrol
Skoda Octavia Elegance 1.8 TSI,Skoda,2015,"59,000","1,34,612 kms",Diesel
Honda Amaze S i-Dtech,Honda,2017,"87,000","81,017 kms",Diesel
Jeep Compass Longitude,Jeep,2003,"36,000","62,329 kms",Petrol
Tata Tigor XZ,Tata,2008,"37,000","18,031 kms",Diesel
Land Rover Discovery Sport,Land,2021,"24,83,000","86,907 kms",Diesel
Toyota Innova 2.5 G,Toyota,2016,Ask For Price,"11,160 kms",Diesel
Renault Kwid RXT,Renault,2016,"48,000","1,63,656 kms",Petrol
Chevrolet Tavera Neo 3,Chevrolet,2008,Ask For Price,"1,05,039 kms",Petrol
Maruti Suzuki Swift Vdi,Maruti,2013,"67,000","7,968 kms",Petrol
Mini Cooper D,Mini,2003,"4,02,000","7,881 kms",Petrol
Volkswagen Vento Highline Diesel,Volkswagen,2012,Ask For Price,"1,45,460 kms",Petrol
Volkswagen Polo Highline 1.2L,Volkswagen,2002,"25,000","1,77,690 kms",Petrol
Ford EcoSport Ambiente 1.5L TDCi,Ford,2008,"33,000","80,072 kms",Diesel
Jaguar XE Prestige,Jaguar,2018,"16,10,000","1,63,469 kms",Diesel
Honda Amaze S i-Dtech,Honda,2008,"49,000","50,348 kms",Diesel
BMW X1 sDrive20d,BMW,2009,"9,93,000","12,209 kms",Petrol
Honda Jazz V,Honda,2009,"66,000","14,061 kms",Diesel
Mitsubishi Lancer 1.8 GLX,Mitsubishi,2008,"62,000","21,440 kms",Diesel
Toyota Glanza G,Toyota,2014,"65,000","1,69,201 kms",Diesel
Chevrolet Sail UVA LS,Chevrolet,2018,"53,000","1,26,793 kms",Diesel
Mini Cooper S,Mini,2008,"5,45,000","57,647 kms",Petrol
Tata Tiago Revotron XZ,Tata,2015,"54,000","98,950 kms",Petrol
Fiat Punto Active,Fiat,2006,"30,000","22,127 kms",Diesel
Mitsubishi Pajero Sport 4x2,Mitsubishi,2016,"73,000","1,34,386 kms",Diesel
BMW 5 Series 520d,BMW,2017,"13,93,000","83,205 kms",Diesel
Renault Triber RXZ,Renault,2022,"1,75,000","19,993 kms",Diesel
Jeep Compass Longitude,Jeep,2010,"65,000","59,801 kms",Petrol
Fiat Punto Active,Fiat,2012,"44,000","51,649 kms",Diesel
Jaguar XF Portfolio,Jaguar,2008,"6,13,000","1,58,443 kms",Petrol
Fiat Linea Active,Fiat,2002,"25,000","78,605 kms",Diesel
Datsun redi-GO T,Datsun,2020,"56,000","1,71,885 kms",Petrol
Honda WR-V i-VTEC VX,Honda,2009,"46,000","59,587 kms",Petrol
Fiat Linea Active,Fiat,2016,"50,000","89,401 kms",Petrol
Land Rover Discovery Sport,Land,2008,"6,48,000","1,15,097 kms",Diesel
Honda Civic 1.8 V MT,Honda,2006,"31,000","80,203 kms",Petrol
Nissan Sunny XL,Nissan,2009,"30,000","1,09,976 kms",Diesel
Land Rover Discovery Sport,Land,2012,"8,44,000","1,53,966 kms",Petrol
Honda Amaze S i-Dtech,Honda,2012,"52,000","1,49,047 kms",Diesel
Datsun GO T,Datsun,2019,"55,000","1,01,401 kms",Petrol
Audi Q3 35 TDI,Audi,2004,"4,90,000","45,037 kms",Petrol
Land Rover Discovery Sport,Land,2002,"4,24,000","49,040 kms",Petrol
Skoda Fabia Classic 1.2 MPI,Skoda,2009,"42,000","76,411 kms",Petrol
Maruti Suzuki Swift Dzire Vdi,Maruti,2012,"35,000","1,07,804 kms",CNG
Fiat Linea Active,Fiat,2017,"98,000","18,125 kms",Diesel
Honda Amaze S i-Dtech,Honda,2011,"39,000","1,13,398 kms",Diesel
Skoda Octavia Elegance 1.8 TSI,Skoda,2008,Ask For Price,"1,31,820 kms",Diesel
Honda WR-V i-VTEC VX,Honda,2004,"25,000","1,04,757 kms",Petrol
Mercedes E-Class E220d,Mercedes,2016,"11,32,000","1,51,129 kms",Petrol
Audi Q3 35 TDI,Audi,2011,"6,41,000","1,02,621 kms",Petrol
Volvo XC60 D5,Volvo,2016,"10,57,000","1,00,937 kms",Petrol
Land Rover Freelander 2,Land,2009,"10,87,000","41,500 kms",Diesel
Jaguar XE Prestige,Jaguar,2008,"6,43,000","1,29,464 kms",Diesel
Nissan Micra XV,Nissan,2005,"25,000","1,32,324 kms",Diesel
Tata Bolt XT,Tata,2003,"25,000","1,21,254 kms",Petrol
Audi A8,Audi,2012,Ask For Price,"1,04,785 kms",Petrol
Ford Fiesta Classic CLXi,Ford,2006,"28,000","85,850 kms",Diesel
Fiat Punto Active,Fiat,2016,"79,000","36,867 kms",Diesel
Toyota Innova 2.5 G,Toyota,2021,"1,84,000","26,449 kms",Petrol
Datsun GO T,Datsun,2004,"25,000","1,76,101 kms",Petrol
Nissan Micra XV,Nissan,2008,"42,000","9,129 kms",Petrol
Mini Cooper S,Mini,2014,Ask For Price,"80,925 kms",Diesel
Datsun GO T,Datsun,2009,Ask For Price,"98,310 kms",Petrol
Maruti Suzuki Alto 800 Vxi,Maruti,2012,"51,000","50,471 kms",Petrol
Jaguar XE Prestige,Jaguar,2007,"9,09,000","11,637 kms",Diesel
Chevrolet Spark LT,Chevrolet,2021,"1,11,000","54,395 kms",Diesel
Tata Indica V2 DLS,Tata,2013,"39,000","84,868 kms",Petrol
Maruti Suzuki Ertiga VDI,Maruti,2008,"25,000","1,20,365 kms",Petrol
Mini Cooper D,Mini,2003,"4,07,000","17,750 kms",Petrol
Mercedes C-Class C220d,Mercedes,2019,"13,36,000","1,49,313 kms",Petrol
Chevrolet Tavera Neo 3,Chevrolet,2023,"1,23,000","34,947 kms",Diesel
Land Rover Discovery Sport,Land,2023,"22,50,000","1,26,487 kms",Petrol
Mitsubishi Lancer 1.8 GLX,Mitsubishi,2014,"59,000","1,34,062 kms",Petrol
Maruti Suzuki Baleno Delta,Maruti,2002,"25,000","1,61,672 kms",Petrol
Renault Duster 110 PS RxL,Renault,2003,"25,000","36,159 kms",Diesel
Datsun GO T,Datsun,2022,"1,31,000","10,037 kms",Petrol
Audi Q3 35 TDI,Audi,2006,"5,32,000","73,009 kms",Diesel
Jeep Compass Limited,Jeep,2022,"1,89,000","75,716 kms",Petrol
Chevrolet Spark LT,Chevrolet,2008,"25,000","1,41,477 kms",Petrol
Renault Kwid RXT,Renault,2021,"88,000","1,00,104 kms",Diesel
Mahindra TUV300 T8,Mahindra,2004,"34,000","50,553 kms",Diesel
Tata Nano Lx,Tata,2004,"25,000","45,628 kms",Petrol
Audi Q3 35 TDI,Audi,2007,"5,92,000","51,882 kms",Petrol
Skoda Rapid Elegance 1.6 MPI,Skoda,2020,"89,000","1,17,611 kms",Petrol
Mahindra Thar CRDe 4x4,Mahindra,2014,"64,000","99,116 kms",Diesel
Volvo XC60 D5,Volvo,2006,"3,85,000","1,26,453 kms",Petrol
Mahindra Bolero SLE,Mahindra,2021,"1,16,000","1,40,923 kms",Diesel
Datsun redi-GO T,Datsun,2011,"25,000","1,19,009 kms",Diesel
Mahindra Thar CRDe 4x4,Mahindra,2006,"25,000","1,23,113 kms",Diesel
Maruti Suzuki Alto K10 VXi,Maruti,2013,"45,000","1,28,931 kms",CNG
Nissan Sunny XL,Nissan,2017,"68,000","80,790 kms",Petrol
Ford Figo Aspire Titanium,Ford,2020,"1,36,000","42,662 kms",Petrol
Nissan Terrano XL,Nissan,2017,"63,000","1,66,556 kms",Diesel
BMW X1 sDrive20d,BMW,2009,"6,69,000","63,631 kms",Diesel
Mini Cooper S,Mini,2023,"15,29,000","1,69,270 kms",Petrol
Jaguar XE Prestige,Jaguar,2010,"7,85,000","64,958 kms",Petrol
Mini Cooper D,Mini,2014,"6,97,000","1,53,758 kms",Petrol
BMW 3 Series 320d,BMW,2015,"13,07,000","66,388 kms",Diesel
Datsun GO Plus T,Datsun,2011,"25,000","1,08,000 kms",Petrol
Nissan Micra XV,Nissan,2010,Ask For Price,"55,025 kms",Diesel
Toyota Fortuner 3.0 4x4 AT,Toyota,2002,"35,000","25,494 kms",Petrol
BMW X1 sDrive20d,BMW,2011,"5,90,000","1,13,070 kms",Petrol
Honda Amaze S i-Dtech,Honda,2017,"1,03,000","47,806 kms",Petrol
Toyota Etios VXD,Toyota,2003,"30,000","48,001 kms",Petrol
BMW 5 Series 520d,BMW,2022,"19,63,000","1,63,788 kms",Petrol
Skoda Fabia Classic 1.2 MPI,Skoda,2014,Ask For Price,"32,784 kms",Diesel
Renault Lodgy 110PS RxZ 8 Str,Renault,2017,"50,000","1,76,471 kms",Petrol
Maruti Suzuki Eeco 5 Seater,Maruti,2020,"1,30,000","11,073 kms",Petrol
Datsun GO Plus T,Datsun,2018,"64,000","69,787 kms",Diesel
BMW 5 Series 520d,BMW,2013,"9,08,000","1,78,845 kms",Diesel
Nissan Terrano XL,Nissan,2014,"52,000","99,304 kms",Petrol
Ford EcoSport Titanium 1.5L TDCi,Ford,2016,"54,000","1,05,431 kms",Petrol
Jeep Compass Limited,Jeep,2009,"56,000","96,681 kms",Diesel
Mercedes GLA 200d,Mercedes,2015,"8,58,000","1,73,174 kms",Petrol
Chevrolet Beat LT,Chevrolet,2022,"93,000","94,525 kms",Petrol
Jaguar XF Portfolio,Jaguar,2009,"6,16,000","1,59,159 kms",Diesel
Mahindra Thar CRDe 4x4,Mahindra,2015,"67,000","1,24,912 kms",Petrol
Datsun redi-GO T,Datsun,2021,"98,000","51,238 kms",Petrol
Land Rover Freelander 2,Land,2006,"4,49,000","1,30,628 kms",Petrol
Fiat Linea Active,Fiat,2007,"25,000","1,17,091 kms",Petrol
Renault Kwid RXT,Renault,2007,"25,000","1,73,048 kms",Petrol
Maruti Suzuki Swift Dzire Vdi,Maruti,2012,"40,000","1,00,629 kms",Diesel
Mercedes GLA 200d,Mercedes,2005,"4,18,000","1,74,550 kms",Petrol
Mercedes C-Class C220d,Mercedes,2012,"10,57,000","58,769 kms",Petrol
Land Rover Discovery Sport,Land,2022,"24,04,000","1,68,423 kms",Diesel
Ford EcoSport Ambiente 1.5L TDCi,Ford,2004,"29,000","29,298 kms",Petrol
Tata Tigor XZ,Tata,2005,"25,000","1,50,266 kms",Diesel
Datsun GO Plus T,Datsun,2002,"25,000","81,574 kms",Petrol
Datsun redi-GO T,Datsun,2012,"30,000","95,788 kms",Petrol
Renault Duster 110 PS RxL,Renault,2014,"77,000","2,508 kms",Diesel
Skoda Fabia Classic 1.2 MPI,Skoda,2017,"68,000","1,78,352 kms",Diesel
Jaguar XE Prestige,Jaguar,2021,"23,65,000","84,022 kms",Diesel
Volkswagen Jetta Comfortline TDI,Volkswagen,2022,"1,60,000","56,645 kms",Diesel
Hyundai Verna 1.6 SX,Hyundai,2006,"34,000","55,310 kms",Petrol
Toyota Fortuner 3.0 4x4 AT,Toyota,2014,"86,000","78,507 kms",Petrol
Chevrolet Tavera Neo 3,Chevrolet,2023,"91,000","1,24,204 kms",Diesel
Jeep Compass Limited,Jeep,2011,"77,000","51,242 kms",Diesel
Mitsubishi Pajero Sport 4x2,Mitsubishi,2011,"45,000","1,20,039 kms",Petrol
Mercedes E-Class E220d,Mercedes,2006,"6,34,000","55,088 kms",Petrol
Mini Cooper S,Mini,2013,"6,59,000","1,51,011 kms",Petrol
Honda WR-V i-VTEC VX,Honda,2015,"65,000","1,78,212 kms",Petrol
Mercedes C-Class C220d,Mercedes,2003,"5,38,000","30,861 kms",Diesel
Mini Cooper D,Mini,2009,"7,12,000","9,011 kms",Petrol
Land Rover Freelander 2,Land,2022,"25,05,000","98,501 kms",Petrol
Mini Cooper D,Mini,2010,"4,84,000","1,65,862 kms",Diesel
Mahindra Scorpio SLE BS IV,Mahindra,2017,"82,000","1,68,241 kms",Petrol
Mitsubishi Lancer 1.8 GLX,Mitsubishi,2010,"64,000","24,886 kms",Petrol
Land Rover Discovery Sport,Land,2011,"6,83,000","1,49,895 kms",Petrol
Fiat Punto Active,Fiat,2014,"71,000","5,276 kms",Diesel
Jeep Compass Limited,Jeep,2004,"31,000","1,36,126 kms",Petrol
Jaguar XE Prestige,Jaguar,2007,"4,39,000","1,57,151 kms",Petrol
Chevrolet Beat LT,Chevrolet,2003,"25,000","33,868 kms",Petrol
Volkswagen Polo Highline 1.2L,Volkswagen,2004,"33,000","32,793 kms",Diesel
BMW X1 sDrive20d,BMW,2002,"3,44,000","65,200 kms",Diesel
Skoda Octavia Elegance 1.8 TSI,Skoda,2019,"87,000","1,16,733 kms",Petrol
Jeep Compass Limited,Jeep,2021,"1,52,000","1,41,188 kms",Petrol
Hyundai Eon Era Plus,Hyundai,2003,"25,000","49,402 kms",Petrol
Honda Civic 1.8 V MT,Honda,2019,"1,20,000","56,733 kms",Diesel
BMW 3 Series 320d,BMW,2019,"18,46,000","66,938 kms",Diesel
Datsun redi-GO T,Datsun,2004,"25,000","66,731 kms",Diesel
Tata Indica V2 DLS,Tata,2022,"1,17,000","70,721 kms",Petrol
Mini Cooper S,Mini,2015,"13,65,000","40,336 kms",Diesel
Maruti Suzuki Ciaz VDi,Maruti,2009,"45,000","20,422 kms",Diesel
Fiat Linea Active,Fiat,2004,"25,000","86,439 kms",Petrol
Volkswagen Vento Highline Diesel,Volkswagen,2009,"39,000","71,834 kms",Petrol
Renault Lodgy 110PS RxZ 8 Str,Renault,2005,"29,000","32,475 kms",Petrol
Mitsubishi Lancer 1.8 GLX,Mitsubishi,2005,"28,000","1,38,763 kms",Diesel
Fiat Linea Active,Fiat,2021,"1,09,000","26,069 kms",Petrol
Datsun GO T,Datsun,2013,"31,000","1,77,784 kms",Diesel
Maruti Suzuki Eeco 5 Seater,Maruti,2018,"92,000","40,861 kms",Petrol
Volkswagen Polo Highline 1.2L,Volkswagen,2022,"1,32,000","97,132 kms",Petrol
Audi A6 2.0 TDI,Audi,2016,"11,74,000","92,899 kms",Diesel
BMW X1 sDrive20d,BMW,2009,"7,24,000","80,103 kms",Petrol
Chevrolet Beat LT,Chevrolet,2022,"1,30,000","20,933 kms",Petrol
Toyota Glanza G,Toyota,2003,"38,000","22,273 kms",Diesel
Maruti Suzuki Ertiga VDI,Maruti,2023,"1,06,000","1,33,448 kms",Petrol
Jaguar XE Prestige,Jaguar,2014,"18,96,000","3,743 kms",Petrol
Land Rover Discovery Sport,Land,2019,"20,84,000","90,555 kms",Petrol
Jeep Compass Longitude,Jeep,2021,"1,51,000","1,17,711 kms",Petrol
Jeep Compass Longitude,Jeep,2007,"74,000","19,792 kms",Diesel
Hyundai i10 Sportz,Hyundai,2017,"68,000","99,477 kms",Petrol
Jaguar XE Prestige,Jaguar,2019,"24,58,000","30,997 kms",Diesel
Tata Indica V2 DLS,Tata,2022,"84,000","1,49,218 kms",Diesel
Mini Cooper S,Mini,2016,Ask For Price,"1,62,039 kms",Diesel
Audi Q3 35 TDI,Audi,2011,"6,14,000","92,870 kms",Petrol
Toyota Fortuner 3.0 4x4 AT,Toyota,2013,"99,000","2,423 kms",Petrol
Jeep Compass Longitude,Jeep,2015,"1,21,000","32,564 kms",Diesel
Volkswagen Vento Highline Diesel,Volkswagen,2017,"76,000","1,03,740 kms",Diesel
Toyota Glanza G,Toyota,2010,"74,000","28,593 kms",Diesel
Honda Jazz V,Honda,2015,"1,22,000","1,623 kms",Diesel
Ford Figo,Ford,2011,"62,000","10,652 kms",Petrol
Hyundai Elite i20 Magna 1.2,Hyundai,2023,"1,89,000","52,264 kms",Diesel
Ford Figo Aspire Titanium,Ford,2017,"72,000","1,44,311 kms",Diesel
Chevrolet Tavera Neo 3,Chevrolet,2018,"50,000","1,02,034 kms",Petrol
Maruti Suzuki Swift Dzire Vdi,Maruti,2006,"26,000","90,309 kms",Petrol
Jaguar XF Portfolio,Jaguar,2015,"10,42,000","1,56,622 kms",Petrol
Mercedes C-Class C220d,Mercedes,2015,"13,83,000","65,045 kms",Petrol
Volkswagen Polo Highline 1.2L,Volkswagen,2010,"48,000","64,942 kms",Diesel
Ford Fiesta Classic CLXi,Ford,2018,"65,000","1,60,296 kms",Petrol
Mini Cooper S,Mini,2009,"6,71,000","31,678 kms",Petrol
Tata Nano Lx,Tata,2015,"71,000","4,729 kms",Petrol
BMW X1 sDrive20d,BMW,2011,"5,96,000","1,66,118 kms",Petrol
Hyundai Xcent S,Hyundai,2015,"50,000","1,68,887 kms",Petrol
Volkswagen Ameo Highline 1.5,Volkswagen,2015,"91,000","64,841 kms",Diesel
Maruti Suzuki Alto 800 Vxi,Maruti,2023,"1,21,000","84,415 kms",Petrol
Volvo S60 D4,Volvo,2015,"14,44,000","48,554 kms",Diesel
Skoda Fabia Classic 1.2 MPI,Skoda,2005,"25,000","1,75,460 kms",Petrol
Honda Jazz V,Honda,2013,"54,000","94,834 kms",Diesel
Mitsubishi Lancer 1.8 GLX,Mitsubishi,2004,"38,000","27,983 kms",Petrol
Hyundai Tucson 2WD AT GLS,Hyundai,2022,"1,56,000","50,021 kms",Petrol
Mahindra Thar CRDe 4x4,Mahindra,2011,"45,000","1,24,408 kms",Diesel
Honda Amaze S i-Dtech,Honda,2015,"68,000","1,44,409 kms",Diesel
Fiat Linea Active,Fiat,2013,"37,000","1,17,666 kms",Petrol
BMW X1 sDrive20d,BMW,2018,"22,49,000","5,834 kms",Petrol
Honda Jazz V,Honda,2003,"25,000","1,48,519 kms",Petrol
Datsun redi-GO T,Datsun,2023,"69,000","1,39,683 kms",Petrol
Datsun GO Plus T,Datsun,2014,Ask For Price,"1,05,180 kms",Diesel
Mitsubishi Pajero Sport 4x2,Mitsubishi,2020,"1,96,000","2,422 kms",Diesel
Volkswagen Ameo Highline 1.5,Volkswagen,2009,"44,000","77,789 kms",Diesel
Hyundai Xcent S,Hyundai,2009,"39,000","76,604 kms",Petrol
Volkswagen Vento Highline Diesel,Volkswagen,2010,"71,000","13,605 kms",Petrol
Ford EcoSport Titanium 1.5L TDCi,Ford,2022,"1,19,000","91,185 kms",Diesel
Fiat Linea Active,Fiat,2006,"25,000","1,07,144 kms",Diesel
Maruti Suzuki Celerio VXI,Maruti,2009,Ask For Price,"73,419 kms",Petrol
Jaguar XE Prestige,Jaguar,2014,"11,02,000","1,71,496 kms",Diesel
Fiat Punto Active,Fiat,2016,"63,000","57,939 kms",Diesel
Datsun GO T,Datsun,2016,"54,000","60,844 kms",Diesel
Mahindra TUV300 T8,Mahindra,2007,"33,000","1,20,526 kms",Diesel
Mitsubishi Lancer 1.8 GLX,Mitsubishi,2007,"28,000","1,69,855 kms",Diesel
Toyota Fortuner 3.0 4x4 AT,Toyota,2023,"1,29,000","1,59,436 kms",Petrol
Renault Lodgy 110PS RxZ 8 Str,Renault,2022,"1,01,000","1,05,614 kms",Petrol
Maruti Suzuki Ciaz VDi,Maruti,2005,"25,000","99,157 kms",CNG
Mini Cooper S,Mini,2006,"4,14,000","65,201 kms",Petrol
Volvo S60 D4,Volvo,2002,"4,57,000","27,976 kms",Diesel
Honda WR-V i-VTEC VX,Honda,2020,"90,000","1,16,577 kms",Petrol
Renault Duster 110 PS RxL,Renault,2019,"79,000","70,212 kms",Petrol
Fiat Linea Active,Fiat,2005,"25,000","1,34,197 kms",Diesel
Maruti Suzuki Baleno Delta,Maruti,2015,"52,000","1,01,125 kms",Petrol
Jaguar XF Portfolio,Jaguar,2023,"34,91,000","29,567 kms",Diesel
Ford EcoSport Ambiente 1.5L TDCi,Ford,2013,"70,000","20,098 kms",Diesel
Mahindra Jeep CL550 MDI,Mahindra,2021,"1,72,000","39,710 kms",Diesel
Toyota Yaris VX,Toyota,2015,"1,12,000","39,479 kms",Diesel
Ford EcoSport Ambiente 1.5L TDCi,Ford,2017,"74,000","1,73,568 kms",Diesel
Land Rover Freelander 2,Land,2002,"4,74,000","39,065 kms",Petrol
Mercedes C-Class C220d,Mercedes,2005,"4,42,000","1,51,578 kms",Diesel
Mahindra Thar CRDe 4x4,Mahindra,2006,"39,000","47,776 kms",Diesel
Mercedes GLA 200d,Mercedes,2015,"9,34,000","1,57,843 kms",Diesel
Renault Lodgy 110PS RxZ 8 Str,Renault,2015,"50,000","1,44,105 kms",Diesel
Fiat Punto Active,Fiat,2014,"66,000","22,019 kms",Diesel
Renault Duster 110 PS RxL,Renault,2009,"28,000","94,919 kms",Petrol
Nissan Terrano XL,Nissan,2017,"79,000","35,120 kms",Petrol
Honda Jazz V,Honda,2016,"98,000","37,885 kms",Diesel
Hyundai Elite i20 Magna 1.2,Hyundai,2005,"35,000","37,606 kms",Diesel
BMW 5 Series 520d,BMW,2003,"4,83,000","27,889 kms",Petrol
Toyota Innova 2.5 G,Toyota,2006,"29,000","95,846 kms",Petrol
Mitsubishi Lancer 1.8 GLX,Mitsubishi,2006,"45,000","47,921 kms",Diesel
Land Rover Discovery Sport,Land,2017,"14,23,000","1,07,978 kms",Diesel
Maruti Suzuki Wagon R 1.0 VXI,Maruti,2005,"32,000","40,964 kms",Petrol
Toyota Glanza G,Toyota,2007,"65,000","2,948 kms",Diesel
Audi Q7,Audi,2010,"6,12,000","1,50,063 kms",Diesel
Toyota Corolla Altis G,Toyota,2004,"28,000","1,36,808 kms",Diesel
Tata Nexon XZ Plus,Tata,2021,"1,30,000","14,779 kms",Petrol
Fiat Punto Active,Fiat,2016,"49,000","1,25,251 kms",Diesel
Datsun GO T,Datsun,2003,"25,000","97,480 kms",Diesel
Mahindra Thar CRDe 4x4,Mahindra,2021,"1,26,000","88,041 kms",Diesel
Ford EcoSport Titanium 1.5L TDCi,Ford,2008,"29,000","1,56,629 kms",Petrol
Fiat Punto Active,Fiat,2022,"1,32,000","8,584 kms",Petrol
Mitsubishi Pajero Sport 4x2,Mitsubishi,2020,"92,000","1,26,927 kms",Petrol
Skoda Fabia Classic 1.2 MPI,Skoda,2013,"65,000","74,130 kms",Diesel
Datsun GO Plus T,Datsun,2013,"44,000","34,052 kms",Petrol
Jeep Compass Longitude,Jeep,2018,"1,71,000","39,470 kms",Petrol
Mitsubishi Pajero Sport 4x2,Mitsubishi,2011,"70,000","42,363 kms",Petrol
Mini Cooper S,Mini,2009,"6,48,000","56,630 kms",Petrol
Jeep Compass Limited,Jeep,2016,"1,41,000","34,492 kms",Diesel
BMW 3 Series 320d,BMW,2023,"19,88,000","1,01,715 kms",Petrol
Mahindra Scorpio S10,Mahindra,2020,Ask For Price,"1,64,671 kms",Diesel
Skoda Octavia Elegance 1.8 TSI,Skoda,2004,"25,000","1,30,886 kms",Petrol
Skoda Fabia Classic 1.2 MPI,Skoda,2004,"27,000","73,531 kms",Diesel
Land Rover Discovery Sport,Land,2010,"7,67,000","1,24,162 kms",Diesel
Honda City 1.5 S MT,Honda,2020,"91,000","1,28,094 kms",Petrol
BMW X1 sDrive20d,BMW,2023,"31,66,000","33,912 kms",Diesel
Chevrolet Sail UVA LS,Chevrolet,2004,"25,000","1,78,934 kms",Diesel
Jaguar XE Prestige,Jaguar,2021,"19,73,000","1,68,885 kms",Petrol
Fiat Punto Active,Fiat,2006,"29,000","27,703 kms",Diesel
Mahindra XUV500 W8,Mahindra,2014,"51,000","1,21,283 kms",Petrol
Mini Cooper D,Mini,2005,"5,18,000","22,597 kms",Petrol
Datsun redi-GO T,Datsun,2008,"25,000","1,05,356 kms",Diesel
Volvo XC60 D5,Volvo,2008,"4,15,000","1,24,938 kms",Petrol
Honda WR-V i-VTEC VX,Honda,2006,"25,000","1,67,928 kms",Petrol
Volvo XC60 D5,Volvo,2003,"3,61,000","94,863 kms",Diesel
Tata Indica V2 DLS,Tata,2023,"94,000","1,10,966 kms",Diesel
Honda City 1.5 S MT,Honda,2010,"37,000","1,06,286 kms",Petrol
BMW X1 sDrive20d,BMW,2008,"4,67,000","1,75,643 kms",Diesel
BMW 5 Series 520d,BMW,2011,"9,26,000","43,231 kms",Petrol
Mercedes GLA 200d,Mercedes,2007,"5,29,000","1,14,600 kms",Diesel
Maruti Suzuki Alto K10 VXi,Maruti,2021,"1,34,000","52,151 kms",Petrol
Honda Jazz V,Honda,2023,"1,39,000","83,072 kms",Petrol
Honda WR-V i-VTEC VX,Honda,2012,"70,000","29,881 kms",Diesel
Audi A6 2.0 TDI,Audi,2022,"15,30,000","1,17,888 kms",Petrol
Tata Nexon XZ Plus,Tata,2019,"95,000","43,642 kms",Diesel
Tata Tigor XZ,Tata,2020,Ask For Price,"3,867 kms",Diesel
Skoda Octavia Elegance 1.8 TSI,Skoda,2005,"25,000","1,30,944 kms",Diesel
Fiat Linea Active,Fiat,2018,"71,000","88,134 kms",Petrol
Nissan Micra XV,Nissan,2019,"69,000","1,56,047 kms",Petrol
Jaguar XF Portfolio,Jaguar,2022,"29,29,000","74,351 kms",Petrol
Ford EcoSport Titanium 1.5L TDCi,Ford,2022,"1,74,000","4,406 kms",Diesel
Volvo S60 D4,Volvo,2022,"17,06,000","1,16,519 kms",Petrol
Tata Nano Lx,Tata,2016,"46,000","1,44,695 kms",Diesel
Ford EcoSport Ambiente 1.5L TDCi,Ford,2016,"56,000","1,08,348 kms",Diesel
Renault Triber RXZ,Renault,2010,"29,000","1,72,769 kms",Diesel
BMW X1 sDrive20d,BMW,2009,Ask For Price,"1,189 kms",Diesel
Nissan Terrano XL,Nissan,2021,"97,000","83,323 kms",Diesel
BMW 3 Series 320d,BMW,2019,"14,97,000","1,02,693 kms",Petrol
Hyundai Tucson 2WD AT GLS,Hyundai,2015,"97,000","33,882 kms",Diesel
Chevrolet Spark LT,Chevrolet,2015,"55,000","60,647 kms",Petrol
Ford Fiesta Classic CLXi,Ford,2020,"1,03,000","1,02,863 kms",Diesel
Chevrolet Spark LT,Chevrolet,2004,"25,000","24,548 kms",Petrol
Mitsubishi Pajero Sport 4x2,Mitsubishi,2002,Ask For Price,"1,62,131 kms",Petrol
Honda WR-V i-VTEC VX,Honda,2022,"1,11,000","1,65,644 kms",Diesel
Renault Triber RXZ,Renault,2008,"26,000","1,40,456 kms",Petrol
Datsun redi-GO T,Datsun,2023,"1,22,000","13,665 kms",Diesel
Maruti Suzuki Eeco 5 Seater,Maruti,2020,"1,29,000","27,210 kms",Petrol
Ford Figo,Ford,2011,"43,000","68,780 kms",Petrol
Nissan Micra XV,Nissan,2014,"78,000","26,490 kms",Diesel
Mercedes GLA 200d,Mercedes,2004,"4,98,000","55,227 kms",Diesel
Audi A6 2.0 TDI,Audi,2007,"5,73,000","78,416 kms",Petrol
Mini Cooper S,Mini,2005,"3,62,000","89,965 kms",Diesel
Fiat Punto Active,Fiat,2007,"25,000","1,36,873 kms",Diesel
Maruti Suzuki Alto K10 VXi,Maruti,2002,"25,000","1,35,889 kms",Petrol
Tata Indica V2 DLS,Tata,2012,"46,000","36,423 kms",Petrol
Honda Jazz V,Honda,2010,"41,000","1,26,341 kms",Petrol
Fiat Linea Active,Fiat,2016,"48,000","1,30,071 kms",Diesel
Tata Tiago Revotron XZ,Tata,2007,"35,000","51,972 kms",Diesel
Mitsubishi Lancer 1.8 GLX,Mitsubishi,2007,"45,000","54,057 kms",Diesel
Volvo XC60 D5,Volvo,2012,"6,55,000","1,63,392 kms",Petrol
Mitsubishi Lancer 1.8 GLX,Mitsubishi,2013,"53,000","1,65,958 kms",Petrol
Jeep Compass Limited,Jeep,2020,"1,47,000","1,07,528 kms",Diesel
Jeep Compass Limited,Jeep,2014,"1,22,000","7,948 kms",Petrol
Toyota Corolla Altis G,Toyota,2009,"67,000","19,142 kms",Petrol
Chevrolet Beat LT,Chevrolet,2002,"25,000","83,616 kms",Petrol
Mitsubishi Lancer 1.8 GLX,Mitsubishi,2009,"36,000","1,47,330 kms",Petrol
Jeep Compass Longitude,Jeep,2005,"35,000","1,47,151 kms",Diesel
Jaguar XE Prestige,Jaguar,2020,"18,60,000","1,69,515 kms",Diesel
Chevrolet Spark LT,Chevrolet,2008,"36,000","13,118 kms",Diesel
BMW 3 Series 320d,BMW,2005,"3,72,000","1,18,794 kms",Petrol
Renault Duster 110 PS RxL,Renault,2011,"63,000","4,775 kms",Petrol
Datsun GO T,Datsun,2019,Ask For Price,"1,38,384 kms",Petrol
Mercedes C-Class C220d,Mercedes,2015,"12,17,000","79,004 kms",Diesel
Mahindra Thar CRDe 4x4,Mahindra,2017,"76,000","1,60,616 kms",Diesel
Audi A8,Audi,2022,"31,68,000","31,927 kms",Diesel
Renault Duster 110 PS RxL,Renault,2002,"25,000","36,468 kms",Petrol
BMW 3 Series 320d,BMW,2007,"7,62,000","23,173 kms",Petrol
Fiat Punto Active,Fiat,2003,"25,000","68,175 kms",Petrol
Mahindra Bolero SLE,Mahindra,2012,"46,000","1,60,728 kms",Diesel
Honda Civic 1.8 V MT,Honda,2016,"98,000","31,531 kms",Petrol
Mitsubishi Lancer 1.8 GLX,Mitsubishi,2022,"1,26,000","1,17,220 kms",Petrol
Mercedes GLA 200d,Mercedes,2017,"16,88,000","73,642 kms",Diesel
Mahindra Bolero SLE,Mahindra,2011,"75,000","21,804 kms",Diesel
Jaguar XE Prestige,Jaguar,2004,Ask For Price,"19,798 kms",Diesel
Tata Nexon XZ Plus,Tata,2014,"56,000","49,361 kms",Diesel
Mitsubishi Lancer 1.8 GLX,Mitsubishi,2011,"48,000","1,19,119 kms",Petrol
Honda Amaze S i-Dtech,Honda,2013,"60,000","1,01,176 kms",Diesel
Datsun GO T,Datsun,2004,"25,000","72,933 kms",Diesel
Mitsubishi Pajero Sport 4x2,Mitsubishi,2006,"29,000","1,20,936 kms",Petrol
Audi A6 2.0 TDI,Audi,2010,"10,68,000","7,593 kms",Diesel
Volkswagen Polo Highline 1.2L,Volkswagen,2019,"1,47,000","22,137 kms",Diesel
Jeep Compass Limited,Jeep,2018,"1,27,000","87,587 kms",Petrol
Hyundai i10 Sportz,Hyundai,2015,"74,000","50,938 kms",Diesel
Volkswagen Jetta Comfortline TDI,Volkswagen,2018,"81,000","1,13,756 kms",Petrol
Ford Figo,Ford,2005,"36,000","14,029 kms",Petrol
Fiat Punto Active,Fiat,2010,"36,000","59,466 kms",Diesel
Land Rover Discovery Sport,Land,2017,"20,26,000","54,024 kms",Petrol
Skoda Octavia Elegance 1.8 TSI,Skoda,2021,"1,19,000","75,591 kms",Petrol
Land Rover Discovery Sport,Land,2011,"9,84,000","62,652 kms",Petrol
Toyota Corolla Altis G,Toyota,2016,"1,20,000","37,280 kms",Petrol
Maruti Suzuki Swift Dzire Vdi,Maruti,2010,"54,000","20,279 kms",Petrol
Volvo XC60 D5,Volvo,2017,"10,20,000","1,52,971 kms",Petrol
Ford EcoSport Titanium 1.5L TDCi,Ford,2002,"25,000","1,48,805 kms",Diesel
Toyota Etios VXD,Toyota,2005,"48,000","26,312 kms",Diesel
Mercedes GLA 200d,Mercedes,2013,"8,80,000","1,43,155 kms",Diesel
Audi A4 35 TDI,Audi,2013,"10,52,000","79,040 kms",Diesel
Volvo XC60 D5,Volvo,2005,"3,94,000","70,862 kms",Petrol
Renault Kwid RXT,Renault,2013,"37,000","1,30,603 kms",Petrol
BMW 5 Series 520d,BMW,2008,"8,73,000","23,502 kms",Petrol
Ford EcoSport Ambiente 1.5L TDCi,Ford,2022,"1,20,000","1,78,043 kms",Diesel
Toyota Corolla Altis G,Toyota,2023,"1,70,000","91,547 kms",Diesel
Volkswagen Ameo Highline 1.5,Volkswagen,2008,"60,000","10,874 kms",Diesel
Audi Q7,Audi,2013,"10,39,000","75,704 kms",Petrol
Jaguar XE Prestige,Jaguar,2016,"11,70,000","1,78,599 kms",Petrol
Fiat Punto Active,Fiat,2011,"27,000","1,27,718 kms",Diesel
Audi A4 35 TDI,Audi,2008,"5,25,000","74,291 kms",Petrol
BMW 5 Series 520d,BMW,2023,"33,85,000",268 kms,Petrol
Skoda Octavia Elegance 1.8 TSI,Skoda,2023,"1,39,000","1,47,097 kms",Petrol
Honda Brio S MT,Honda,2008,"29,000","1,13,359 kms",Petrol
Nissan Micra XV,Nissan,2023,"1,03,000","1,67,097 kms",Diesel
Ford EcoSport Ambiente 1.5L TDCi,Ford,2011,"35,000","1,56,610 kms",Diesel
Chevrolet Spark LT,Chevrolet,2023,"1,12,000","52,399 kms",Diesel
Skoda Rapid Elegance 1.6 MPI,Skoda,2004,"28,000","78,044 kms",Diesel
BMW 3 Series 320d,BMW,2006,"4,38,000","1,38,137 kms",Diesel
Jaguar XF Portfolio,Jaguar,2016,"13,85,000","92,949 kms",Diesel
Audi A4 35 TDI,Audi,2019,"21,69,000","7,026 kms",Diesel
Skoda Fabia Classic 1.2 MPI,Skoda,2020,"90,000","1,34,371 kms",Diesel
Mitsubishi Lancer 1.8 GLX,Mitsubishi,2003,Ask For Price,"1,03,033 kms",Petrol
Jeep Compass Limited,Jeep,2003,"42,000","22,292 kms",Petrol
Ford EcoSport Ambiente 1.5L TDCi,Ford,2021,"1,62,000","25,632 kms",Diesel
Hyundai Grand i10 Magna 1.2 Kappa VTVT,Hyundai,2020,"89,000","1,76,893 kms",Petrol
Fiat Linea Active,Fiat,2006,"25,000","58,700 kms",Petrol
Maruti Suzuki Vitara Brezza ZDi,Maruti,2021,"1,13,000","52,712 kms",Petrol
Ford Endeavour 4x4 AT,Ford,2005,Ask For Price,"64,903 kms",Petrol
Jeep Compass Limited,Jeep,2014,"1,22,000","14,689 kms",Petrol
Toyota Etios VXD,Toyota,2019,"1,49,000","68,328 kms",Diesel
BMW 3 Series 320d,BMW,2022,"29,28,000","5,777 kms",Petrol
Renault Kwid RXT,Renault,2018,"62,000","1,43,409 kms",Petrol
Jaguar XE Prestige,Jaguar,2020,"18,54,000","1,29,327 kms",Diesel
Land Rover Freelander 2,Land,2016,"11,90,000","1,09,386 kms",Diesel
Ford Endeavour 4x4 AT,Ford,2014,"81,000","2,988 kms",Diesel
Jaguar XF Portfolio,Jaguar,2003,"3,87,000","93,089 kms",Petrol
Volkswagen Polo Highline 1.2L,Volkswagen,2007,"30,000","93,881 kms",Petrol
Datsun GO Plus T,Datsun,2004,"25,000","45,843 kms",Petrol
Chevrolet Tavera Neo 3,Chevrolet,2006,"25,000","73,065 kms",Diesel
Mini Cooper D,Mini,2014,"7,07,000","1,23,767 kms",Petrol
Jaguar XF Portfolio,Jaguar,2006,"5,82,000","85,054 kms",Diesel
Mahindra Jeep CL550 MDI,Mahindra,2002,"26,000","41,827 kms",Diesel
Jaguar XF Portfolio,Jaguar,2012,"9,94,000","60,795 kms",Petrol
Datsun redi-GO T,Datsun,2004,"25,000","16,333 kms",Diesel
Mahindra TUV300 T8,Mahindra,2013,"55,000","1,59,099 kms",Petrol
Chevrolet Beat LT,Chevrolet,2016,"52,000","99,093 kms",Petrol
Tata Nano Lx,Tata,2010,"30,000","1,28,839 kms",Diesel
Toyota Fortuner 3.0 4x4 AT,Toyota,2018,"1,33,000","50,509 kms",Petrol
Jaguar XE Prestige,Jaguar,2008,"10,51,000","8,813 kms",Petrol
BMW X1 sDrive20d,BMW,2019,"22,17,000","18,965 kms",Diesel
Mini Cooper D,Mini,2008,"5,88,000","54,488 kms",Diesel
Fiat Punto Active,Fiat,2004,"25,000","1,15,149 kms",Diesel
Mitsubishi Pajero Sport 4x2,Mitsubishi,2006,"26,000","1,35,693 kms",Diesel
Hyundai Tucson 2WD AT GLS,Hyundai,2019,"86,000","86,848 kms",Petrol
Volkswagen Jetta Comfortline TDI,Volkswagen,2013,"91,000","17,913 kms",Petrol
Mitsubishi Pajero Sport 4x2,Mitsubishi,2018,"88,000","1,60,334 kms",Diesel
Land Rover Freelander 2,Land,2020,"19,22,000","1,23,564 kms",Diesel
BMW 5 Series 520d,BMW,2008,"5,19,000","87,797 kms",Petrol
Chevrolet Beat LT,Chevrolet,2009,"25,000","1,29,482 kms",Petrol
Volvo S60 D4,Volvo,2013,"12,69,000","18,650 kms",Diesel
Mahindra TUV300 T8,Mahindra,2006,"31,000","71,012 kms",Petrol
Jeep Compass Longitude,Jeep,2022,"1,91,000","91,917 kms",Diesel
Renault Duster 110 PS RxL,Renault,2003,"27,000","7,008 kms",Petrol
Jaguar XE Prestige,Jaguar,2019,"15,03,000","1,26,498 kms",Petrol
Honda WR-V i-VTEC VX,Honda,2015,"53,000","1,44,159 kms",Petrol
Volvo XC60 D5,Volvo,2013,"10,51,000","50,863 kms",Diesel
Renault Duster 110 PS RxL,Renault,2020,"1,33,000","2,734 kms",Petrol
Fiat Punto Active,Fiat,2002,"25,000","65,615 kms",Petrol
Toyota Corolla Altis G,Toyota,2003,"29,000","82,446 kms",Diesel
Skoda Fabia Classic 1.2 MPI,Skoda,2021,"1,20,000","1,04,385 kms",Diesel
Mahindra Bolero SLE,Mahindra,2019,"1,41,000","54,065 kms",Diesel
Renault Lodgy 110PS RxZ 8 Str,Renault,2011,"41,000","96,289 kms",Diesel
Volkswagen Ameo Highline 1.5,Volkswagen,2019,"77,000","1,32,075 kms",Petrol
Land Rover Discovery Sport,Land,2010,"12,60,000","20,664 kms",Petrol
Jeep Compass Longitude,Jeep,2011,"51,000","1,45,056 kms",Petrol
Honda City 1.5 S MT,Honda,2009,Ask For Price,"1,15,516 kms",Diesel
Hyundai Creta 1.6 SX Option,Hyundai,2010,"33,000","1,54,303 kms",Diesel
Hyundai Creta 1.6 SX Option,Hyundai,2021,"94,000","1,00,746 kms",Diesel
Audi A4 35 TDI,Audi,2009,"6,99,000","54,030 kms",Diesel
Hyundai Creta 1.6 SX Option,Hyundai,2003,"25,000","1,42,063 kms",Diesel
Chevrolet Sail UVA LS,Chevrolet,2020,"83,000","56,865 kms",Petrol
BMW 5 Series 520d,BMW,2003,"5,63,000","28,728 kms",Diesel
Skoda Octavia Elegance 1.8 TSI,Skoda,2016,"63,000","1,11,205 kms",Diesel
Renault Kwid RXT,Renault,2002,"25,000","73,683 kms",Diesel
Fiat Linea Active,Fiat,2012,"29,000","1,49,805 kms",Diesel
Volkswagen Ameo Highline 1.5,Volkswagen,2022,"1,04,000","1,59,483 kms",Petrol
Chevrolet Sail UVA LS,Chevrolet,2007,Ask For Price,"1,16,441 kms",Diesel
Hyundai Verna 1.6 SX,Hyundai,2017,"63,000","1,67,280 kms",Petrol
Mahindra Bolero SLE,Mahindra,2021,"1,27,000","1,44,658 kms",Diesel
Volkswagen Ameo Highline 1.5,Volkswagen,2010,"34,000","1,29,842 kms",Petrol
Volvo S60 D4,Volvo,2009,"7,11,000","30,101 kms",Petrol
Audi Q7,Audi,2012,"10,42,000","11,098 kms",Petrol
Volkswagen Ameo Highline 1.5,Volkswagen,2002,"25,000","1,77,935 kms",Diesel
Renault Triber RXZ,Renault,2005,"29,000","20,410 kms",Diesel
Tata Tiago Revotron XZ,Tata,2020,"74,000","97,449 kms",Diesel
Skoda Fabia Classic 1.2 MPI,Skoda,2002,"25,000","85,700 kms",Diesel
Mini Cooper D,Mini,2017,"10,63,000","77,186 kms",Petrol
Honda Civic 1.8 V MT,Honda,2002,"30,000","27,948 kms",Petrol
Jeep Compass Limited,Jeep,2008,"48,000","99,410 kms",Petrol
Mini Cooper S,Mini,2004,"3,98,000","58,972 kms",Diesel
Jeep Compass Longitude,Jeep,2021,"1,46,000","1,23,918 kms",Diesel
Mitsubishi Lancer 1.8 GLX,Mitsubishi,2009,"47,000","86,262 kms",Petrol
Renault Lodgy 110PS RxZ 8 Str,Renault,2012,"56,000","30,355 kms",Petrol
BMW 5 Series 520d,BMW,2004,"4,16,000","92,370 kms",Petrol
Volvo S60 D4,Volvo,2016,"9,65,000","1,09,899 kms",Petrol
Honda Civic 1.8 V MT,Honda,2009,"36,000","1,06,954 kms",Petrol
Chevrolet Sail UVA LS,Chevrolet,2005,"25,000","21,466 kms",Diesel
Mitsubishi Lancer 1.8 GLX,Mitsubishi,2022,Ask For Price,"52,031 kms",Petrol
Ford Figo Aspire Titanium,Ford,2010,"37,000","1,45,479 kms",Diesel
Hyundai i10 Sportz,Hyundai,2002,"25,000","43,861 kms",Petrol
Datsun redi-GO T,Datsun,2013,"51,000","33,511 kms",Diesel
Skoda Fabia Classic 1.2 MPI,Skoda,2012,"58,000","88,348 kms",Petrol
Nissan Sunny XL,Nissan,2015,"52,000","1,65,468 kms",Diesel
Mercedes GLA 200d,Mercedes,2006,Ask For Price,"48,190 kms",Petrol
Mitsubishi Lancer 1.8 GLX,Mitsubishi,2023,"1,40,000","1,70,337 kms",Diesel
Jeep Compass Limited,Jeep,2005,"46,000","60,986 kms",Diesel
Jeep Compass Limited,Jeep,2011,"68,000","84,720 kms",Diesel
Honda City 1.5 S MT,Honda,2008,"33,000","1,12,962 kms",Diesel
Ford EcoSport Ambiente 1.5L TDCi,Ford,2011,"52,000","43,509 kms",Petrol
Renault Kwid RXT,Renault,2011,"47,000","68,107 kms",Petrol
Honda City 1.5 S MT,Honda,2008,"27,000","1,44,846 kms",Petrol
Fiat Punto Active,Fiat,2002,"25,000","1,28,122 kms",Petrol
Mitsubishi Lancer 1.8 GLX,Mitsubishi,2016,"77,000","1,36,649 kms",Petrol
Ford Fiesta Classic CLXi,Ford,2005,"25,000","1,16,598 kms",Diesel
Honda Jazz V,Honda,2023,"2,25,000","30,629 kms",Diesel
Renault Duster 110 PS RxL,Renault,2012,"54,000","41,185 kms",Diesel
Jeep Compass Longitude,Jeep,2012,"1,03,000","10,155 kms",Diesel
Jeep Compass Limited,Jeep,2008,"47,000","1,46,420 kms",Petrol
Renault Kwid RXT,Renault,2020,"86,000","98,720 kms",Petrol
Honda WR-V i-VTEC VX,Honda,2007,"26,000","1,30,313 kms",Diesel
Mahindra XUV500 W8,Mahindra,2002,"25,000","1,13,954 kms",Diesel
Land Rover Freelander 2,Land,2003,"3,91,000","1,09,717 kms",Diesel
Renault Triber RXZ,Renault,2017,"62,000","1,39,157 kms",Petrol
Skoda Octavia Elegance 1.8 TSI,Skoda,2017,"76,000","1,28,608 kms",Diesel
Skoda Fabia Classic 1.2 MPI,Skoda,2009,"55,000","29,556 kms",Diesel
Renault Lodgy 110PS RxZ 8 Str,Renault,2005,"32,000","46,288 kms",Diesel
Nissan Terrano XL,Nissan,2014,"77,000","33,669 kms",Diesel
Volvo XC60 D5,Volvo,2023,"23,44,000","61,667 kms",Petrol
BMW 3 Series 320d,BMW,2019,"17,86,000","84,822 kms",Diesel
Audi A8,Audi,2014,"10,10,000","68,440 kms",Petrol
Chevrolet Beat LT,Chevrolet,2011,"26,000","1,17,445 kms",Diesel
Fiat Punto Active,Fiat,2022,"1,23,000","29,018 kms",Diesel
Maruti Suzuki Ertiga VDI,Maruti,2004,"25,000","87,469 kms",Diesel
Mini Cooper S,Mini,2018,"15,18,000","55,271 kms",Diesel
Fiat Linea Active,Fiat,2009,"32,000","76,170 kms",Petrol
Tata Bolt XT,Tata,2009,"49,000","3,675 kms",Petrol
Jeep Compass Longitude,Jeep,2018,"1,08,000","1,04,416 kms",Diesel
Maruti Suzuki Baleno Delta,Maruti,2022,"1,23,000","64,930 kms",Petrol
Datsun GO Plus T,Datsun,2014,"57,000","34,491 kms",Diesel
Jeep Compass Limited,Jeep,2002,"39,000","3,964 kms",Petrol
Datsun GO T,Datsun,2021,"78,000","81,938 kms",Diesel
Skoda Rapid Elegance 1.6 MPI,Skoda,2016,"87,000","53,227 kms",Petrol
Mercedes E-Class E220d,Mercedes,2011,"6,24,000","1,12,699 kms",Petrol
Volkswagen Jetta Comfortline TDI,Volkswagen,2011,"39,000","1,39,876 kms",Petrol
Datsun redi-GO T,Datsun,2019,"81,000","28,491 kms",Diesel
Datsun GO T,Datsun,2016,"46,000","97,046 kms",Diesel
Chevrolet Spark LT,Chevrolet,2022,"1,25,000","22,024 kms",Petrol
Mercedes GLA 200d,Mercedes,2009,"8,96,000","22,090 kms",Petrol
Jeep Compass Longitude,Jeep,2003,"27,000","1,29,446 kms",Diesel
Honda City 1.5 S MT,Honda,2012,"51,000","1,48,293 kms",Diesel
Tata Bolt XT,Tata,2017,"53,000","1,43,122 kms",Diesel
Chevrolet Tavera Neo 3,Chevrolet,2017,"51,000","1,34,955 kms",Petrol
Mahindra KUV100 K8,Mahindra,2006,"50,000","3,671 kms",Diesel
Tata Nexon XZ Plus,Tata,2005,"31,000","10,339 kms",Diesel
Jeep Compass Limited,Jeep,2006,"36,000","1,43,515 kms",Diesel
BMW 5 Series 520d,BMW,2023,"27,81,000","71,169 kms",Diesel
Mini Cooper S,Mini,2006,"4,43,000","76,173 kms",Petrol
Nissan Terrano XL,Nissan,2021,"1,15,000","65,960 kms",Diesel
Honda Amaze S i-Dtech,Honda,2018,"75,000","1,24,322 kms",Petrol
Mercedes C-Class C220d,Mercedes,2002,"3,24,000","81,847 kms",Petrol
Audi Q3 35 TDI,Audi,2005,"6,33,000","16,119 kms",Diesel
Mini Cooper S,Mini,2013,"6,96,000","1,64,941 kms",Petrol
BMW X1 sDrive20d,BMW,2011,"8,28,000","96,378 kms",Diesel
Mini Cooper S,Mini,2004,"2,44,000","1,55,456 kms",Petrol
Toyota Corolla Altis G,Toyota,2020,"1,88,000","26,923 kms",Petrol
Datsun redi-GO T,Datsun,2020,"66,000","1,55,333 kms",Diesel
Volvo XC60 D5,Volvo,2008,"7,00,000","44,166 kms",Petrol
Mahindra Scorpio S10,Mahindra,2006,"45,000","43,306 kms",Diesel
Hyundai Elite i20 Magna 1.2,Hyundai,2018,"77,000","1,15,361 kms",Diesel
Jeep Compass Longitude,Jeep,2009,"48,000","1,46,938 kms",Diesel
Mercedes E-Class E220d,Mercedes,2011,"7,07,000","1,36,935 kms",Diesel
Tata Nano Lx,Tata,2022,"1,19,000","72,907 kms",Petrol
Mercedes GLA 200d,Mercedes,2010,"6,17,000","1,79,765 kms",Petrol
Nissan Micra XV,Nissan,2002,"25,000","95,962 kms",Diesel
BMW 3 Series 320d,BMW,2021,"15,95,000","1,46,846 kms",Petrol
Maruti Suzuki Baleno Delta,Maruti,2016,"55,000","94,731 kms",Petrol
Ford EcoSport Ambiente 1.5L TDCi,Ford,2010,"34,000","1,31,904 kms",Petrol
Volkswagen Jetta Comfortline TDI,Volkswagen,2014,"92,000","11,612 kms",Diesel
Mitsubishi Pajero Sport 4x2,Mitsubishi,2017,"82,000","1,59,364 kms",Diesel
Mini Cooper S,Mini,2003,"2,81,000","96,971 kms",Petrol
Land Rover Freelander 2,Land,2006,"8,87,000","21,811 kms",Diesel
Audi A4 35 TDI,Audi,2012,"12,82,000","25,652 kms",Diesel
Volvo S60 D4,Volvo,2012,"7,34,000","1,76,258 kms",Diesel
Mitsubishi Lancer 1.8 GLX,Mitsubishi,2018,"1,58,000","3,814 kms",Diesel
Hyundai Grand i10 Magna 1.2 Kappa VTVT,Hyundai,2008,"29,000","1,31,571 kms",Petrol
Audi A4 35 TDI,Audi,2010,"5,80,000","1,59,622 kms",Petrol
Mini Cooper S,Mini,2011,"6,46,000","71,865 kms",Diesel
Land Rover Freelander 2,Land,2020,"16,03,000","1,21,474 kms",Petrol
Mahindra Scorpio S10,Mahindra,2012,"52,000","1,55,066 kms",Petrol
Maruti Suzuki Baleno Delta,Maruti,2022,"94,000","98,280 kms",CNG
Renault Triber RXZ,Renault,2023,"1,06,000","1,68,479 kms",Petrol
Skoda Fabia Classic 1.2 MPI,Skoda,2014,"64,000","75,355 kms",Petrol
BMW 3 Series 320d,BMW,2008,"5,76,000","71,612 kms",Petrol
Land Rover Discovery Sport,Land,2010,"11,43,000","24,325 kms",Diesel
Mini Cooper D,Mini,2022,"24,40,000","44,788 kms",Petrol
Honda Civic 1.8 V MT,Honda,2020,"1,35,000","55,323 kms",Diesel
Skoda Fabia Classic 1.2 MPI,Skoda,2012,"42,000","1,32,159 kms",Diesel
Volkswagen Vento Highline Diesel,Volkswagen,2016,"94,000","68,479 kms",Petrol
Mini Cooper S,Mini,2017,"15,31,000","36,751 kms",Diesel
Datsun GO Plus T,Datsun,2020,"1,09,000","8,973 kms",Diesel
Maruti Suzuki Swift Dzire Vdi,Maruti,2015,"50,000","1,24,748 kms",Diesel
Toyota Corolla Altis G,Toyota,2011,"74,000","42,762 kms",Diesel
Audi Q7,Audi,2016,"10,83,000","1,55,702 kms",Diesel
Renault Triber RXZ,Renault,2013,"41,000","1,57,633 kms",Diesel
Hyundai Eon Era Plus,Hyundai,2018,"1,17,000","28,373 kms",Diesel
Mitsubishi Lancer 1.8 GLX,Mitsubishi,2020,"1,83,000","7,585 kms",Petrol
Volvo S60 D4,Volvo,2020,"21,89,000","36,681 kms",Petrol
Hyundai Grand i10 Magna 1.2 Kappa VTVT,Hyundai,2011,"58,000","37,183 kms",Diesel
Maruti Suzuki Eeco 5 Seater,Maruti,2006,"29,000","52,635 kms",Petrol
Renault Kwid RXT,Renault,2015,"71,000","23,736 kms",Petrol
Nissan Micra XV,Nissan,2017,"82,000","41,867 kms",Diesel
Datsun GO Plus T,Datsun,2008,"25,000","1,23,912 kms",Diesel
Ford Figo Aspire Titanium,Ford,2006,"27,000","83,555 kms",Petrol
Skoda Octavia Elegance 1.8 TSI,Skoda,2015,"62,000","1,56,583 kms",Diesel
Jaguar XE Prestige,Jaguar,2009,"6,40,000","1,59,620 kms",Petrol
Chevrolet Beat LT,Chevrolet,2021,"78,000","1,57,168 kms",Diesel
Honda WR-V i-VTEC VX,Honda,2008,"50,000","11,699 kms",Petrol
Datsun GO Plus T,Datsun,2007,"25,000","1,11,697 kms",Petrol
Mercedes C-Class C220d,Mercedes,2010,"5,66,000","1,10,655 kms",Petrol
Ford Figo Aspire Titanium,Ford,2004,"25,000","90,877 kms",Petrol
Maruti Suzuki Swift Dzire Vdi,Maruti,2012,Ask For Price,"33,848 kms",CNG
Mini Cooper D,Mini,2015,"13,47,000","14,389 kms",Diesel
Ford Endeavour 4x4 AT,Ford,2016,"65,000","1,31,712 kms",Diesel
Fiat Linea Active,Fiat,2005,"25,000","46,981 kms",Diesel
Jaguar XE Prestige,Jaguar,2006,"9,51,000","1,923 kms",Diesel
Volkswagen Vento Highline Diesel,Volkswagen,2018,"81,000","1,61,192 kms",Diesel
Hyundai Grand i10 Magna 1.2 Kappa VTVT,Hyundai,2017,"60,000","1,20,751 kms",Diesel
Nissan Sunny XL,Nissan,2015,Ask For Price,"88,563 kms",Diesel
Volkswagen Vento Highline Diesel,Volkswagen,2011,"43,000","93,655 kms",Diesel
Mini Cooper S,Mini,2021,"23,88,000","29,377 kms",Diesel
Datsun GO T,Datsun,2007,"25,000","22,132 kms",Petrol
Mercedes E-Class E220d,Mercedes,2010,"7,74,000","90,640 kms",Diesel
Jeep Compass Limited,Jeep,2003,"45,000","20,163 kms",Diesel
Mini Cooper S,Mini,2014,"6,67,000","1,34,483 kms",Petrol
Skoda Rapid Elegance 1.6 MPI,Skoda,2014,"1,05,000","5,967 kms",Petrol
Mini Cooper S,Mini,2015,"12,37,000","30,620 kms",Petrol
Volvo S60 D4,Volvo,2003,"2,95,000","98,203 kms",Diesel
Volkswagen Vento Highline Diesel,Volkswagen,2010,"38,000","1,31,581 kms",Petrol
Jaguar XF Portfolio,Jaguar,2010,"11,66,000","1,424 kms",Diesel
Jaguar XE Prestige,Jaguar,2010,"9,30,000","70,106 kms",Diesel
Chevrolet Beat LT,Chevrolet,2009,"32,000","59,036 kms",Petrol
Volvo XC60 D5,Volvo,2021,"16,17,000","1,20,855 kms",Diesel
Datsun redi-GO T,Datsun,2019,"93,000","3,394 kms",Diesel
Audi A6 2.0 TDI,Audi,2016,"9,85,000","1,30,903 kms",Petrol
Datsun redi-GO T,Datsun,2014,"58,000","8,558 kms",Petrol
Nissan Micra XV,Nissan,2008,"25,000","1,38,929 kms",Diesel
Audi A8,Audi,2002,"4,09,000","40,968 kms",Petrol
BMW 3 Series 320d,BMW,2011,"7,50,000","1,45,967 kms",Diesel
Fiat Punto Active,Fiat,2014,"34,000","1,59,253 kms",Petrol
Ford Endeavour 4x4 AT,Ford,2011,"57,000","46,924 kms",Petrol
Datsun GO Plus T,Datsun,2015,"40,000","92,381 kms",Petrol
Chevrolet Sail UVA LS,Chevrolet,2022,"1,26,000","27,792 kms",Diesel
Renault Lodgy 110PS RxZ 8 Str,Renault,2017,"64,000","1,21,712 kms",Diesel
Toyota Fortuner 3.0 4x4 AT,Toyota,2011,"94,000",974 kms,Diesel
Jaguar XE Prestige,Jaguar,2014,"11,27,000","1,52,184 kms",Diesel
Mini Cooper S,Mini,2021,"19,16,000","58,870 kms",Petrol
Mahindra KUV100 K8,Mahindra,2002,"25,000","85,302 kms",Petrol
Mercedes GLA 200d,Mercedes,2004,"4,06,000","97,170 kms",Petrol
Mini Cooper D,Mini,2019,"12,06,000","1,34,143 kms",Petrol
Nissan Terrano XL,Nissan,2009,"46,000","46,030 kms",Diesel
Chevrolet Spark LT,Chevrolet,2011,"41,000","17,090 kms",Petrol
Renault Lodgy 110PS RxZ 8 Str,Renault,2009,"42,000","46,467 kms",Diesel
Volvo XC60 D5,Volvo,2007,"5,95,000","64,289 kms",Diesel
Hyundai i10 Sportz,Hyundai,2018,"66,000","1,23,362 kms",Diesel
Volkswagen Polo Highline 1.2L,Volkswagen,2021,"1,02,000","1,69,730 kms",Petrol
Hyundai Creta 1.6 SX Option,Hyundai,2014,"86,000","10,561 kms",Diesel
Mini Cooper D,Mini,2015,"11,03,000","32,620 kms",Petrol
Mitsubishi Pajero Sport 4x2,Mitsubishi,2007,"37,000","96,166 kms",Diesel
Renault Lodgy 110PS RxZ 8 Str,Renault,2008,"31,000","69,439 kms",Petrol
Audi A8,Audi,2009,"6,67,000","68,257 kms",Diesel
Audi Q3 35 TDI,Audi,2020,"19,58,000","72,267 kms",Petrol
Skoda Fabia Classic 1.2 MPI,Skoda,2009,"41,000","97,316 kms",Diesel
Land Rover Freelander 2,Land,2020,"18,42,000","1,66,271 kms",Diesel
Skoda Fabia Classic 1.2 MPI,Skoda,2006,"44,000","38,510 kms",Diesel
Renault Duster 110 PS RxL,Renault,2008,Ask For Price,"1,52,990 kms",Diesel
Nissan Terrano XL,Nissan,2018,"65,000","1,35,580 kms",Diesel
Nissan Terrano XL,Nissan,2006,"25,000","1,54,014 kms",Diesel
Mercedes GLA 200d,Mercedes,2007,"4,44,000","1,37,787 kms",Diesel
Maruti Suzuki Eeco 5 Seater,Maruti,2004,"25,000","89,849 kms",Petrol
Volkswagen Polo Highline 1.2L,Volkswagen,2022,"1,72,000","51,727 kms",Diesel
Mini Cooper S,Mini,2018,"13,53,000","59,966 kms",Petrol
Mini Cooper S,Mini,2012,"5,43,000","1,33,116 kms",Petrol
Fiat Punto Active,Fiat,2003,"25,000","1,17,182 kms",Petrol
Toyota Yaris VX,Toyota,2022,"1,85,000","64,348 kms",Petrol
Hyundai Tucson 2WD AT GLS,Hyundai,2010,"31,000","1,44,797 kms",Diesel
Mahindra Scorpio S10,Mahindra,2018,"99,000","79,466 kms",Diesel
Mitsubishi Lancer 1.8 GLX,Mitsubishi,2016,"1,11,000","25,860 kms",Petrol
Tata Nexon XZ Plus,Tata,2005,"25,000","1,15,940 kms",Petrol
Mitsubishi Pajero Sport 4x2,Mitsubishi,2021,"1,22,000","1,27,824 kms",Diesel
Ford Fiesta Classic CLXi,Ford,2016,"59,000","1,68,560 kms",Petrol
Audi A4 35 TDI,Audi,2010,"6,06,000","1,06,836 kms",Diesel
Jeep Compass Limited,Jeep,2018,"1,38,000","74,484 kms",Diesel
Chevrolet Sail UVA LS,Chevrolet,2023,"88,000","1,47,232 kms",Diesel
Toyota Fortuner 3.0 4x4 AT,Toyota,2002,"25,000","83,778 kms",Diesel
BMW X1 sDrive20d,BMW,2011,"10,57,000","24,890 kms",Diesel
Toyota Etios VXD,Toyota,2005,"35,000","60,865 kms",Petrol
Jeep Compass Limited,Jeep,2005,"37,000","1,79,602 kms",Diesel
Jaguar XE Prestige,Jaguar,2012,"12,90,000","41,096 kms",Petrol
Toyota Glanza G,Toyota,2023,"2,54,000","41,291 kms",Diesel
Mini Cooper D,Mini,2010,"6,86,000","60,058 kms",Diesel
Skoda Rapid Elegance 1.6 MPI,Skoda,2006,"34,000","80,376 kms",Diesel
Chevrolet Tavera Neo 3,Chevrolet,2011,Ask For Price,"1,11,589 kms",Diesel
Datsun GO T,Datsun,2015,"45,000","92,797 kms",Petrol
Maruti Suzuki Omni E STD,Maruti,2008,"37,000","54,785 kms",Diesel
Chevrolet Tavera Neo 3,Chevrolet,2014,"45,000","85,476 kms",Petrol
Audi Q3 35 TDI,Audi,2005,"5,33,000","19,610 kms",Petrol
Mitsubishi Lancer 1.8 GLX,Mitsubishi,2003,"25,000","1,72,962 kms",Diesel
Mercedes C-Class C220d,Mercedes,2010,"5,71,000","1,59,144 kms",Diesel
Chevrolet Sail UVA LS,Chevrolet,2019,"72,000","96,948 kms",Diesel
Honda Brio S MT,Honda,2004,"28,000","85,177 kms",Diesel
Mitsubishi Lancer 1.8 GLX,Mitsubishi,2020,"1,47,000","52,527 kms",Petrol
Fiat Linea Active,Fiat,2019,"66,000","1,39,305 kms",Diesel
Mahindra Thar CRDe 4x4,Mahindra,2013,"56,000","1,16,974 kms",Petrol
Audi A6 2.0 TDI,Audi,2016,"10,73,000","95,049 kms",Diesel
Volkswagen Ameo Highline 1.5,Volkswagen,2021,"1,67,000","6,165 kms",Petrol
Datsun redi-GO T,Datsun,2003,"25,000","1,38,616 kms",Petrol
Maruti Suzuki Ciaz VDi,Maruti,2015,"99,000","8,510 kms",Diesel
Mitsubishi Lancer 1.8 GLX,Mitsubishi,2022,"2,15,000","17,692 kms",Petrol
Ford Endeavour 4x4 AT,Ford,2007,"25,000","1,34,711 kms",Petrol
Mini Cooper S,Mini,2004,"3,05,000","1,79,394 kms",Diesel
Honda Brio S MT,Honda,2012,"77,000","19,243 kms",Petrol
Jeep Compass Limited,Jeep,2002,"25,000","1,05,341 kms",Diesel
Maruti Suzuki Alto 800 Vxi,Maruti,2009,"31,000","84,611 kms",CNG
Mitsubishi Lancer 1.8 GLX,Mitsubishi,2019,"1,00,000","1,20,097 kms",Petrol
Nissan Terrano XL,Nissan,2020,"1,23,000","40,104 kms",Petrol
Toyota Innova 2.5 G,Toyota,2002,"25,000","1,39,933 kms",Petrol
Mahindra Thar CRDe 4x4,Mahindra,2012,"60,000","60,420 kms",Petrol
BMW 5 Series 520d,BMW,2009,"6,91,000","57,047 kms",Diesel
Audi A4 35 TDI,Audi,2014,"16,36,000","6,764 kms",Diesel
Tata Nexon XZ Plus,Tata,2003,"25,000","1,17,229 kms",Diesel
Datsun GO Plus T,Datsun,2005,"25,000","24,440 kms",Petrol
Jeep Compass Longitude,Jeep,2007,"61,000","55,055 kms",Petrol
Nissan Terrano XL,Nissan,2012,"34,000","1,08,923 kms",Petrol
Jeep Compass Limited,Jeep,2017,Ask For Price,"67,021 kms",Petrol
Datsun redi-GO T,Datsun,2014,"53,000","26,331 kms",Diesel
Mahindra KUV100 K8,Mahindra,2022,"1,75,000","78,925 kms",Diesel
Mini Cooper D,Mini,2017,"18,23,000","4,254 kms",Diesel
Hyundai Elite i20 Magna 1.2,Hyundai,2009,"41,000","46,593 kms",Petrol
Land Rover Discovery Sport,Land,2003,"6,57,000","16,138 kms",Petrol
Nissan Terrano XL,Nissan,2015,"69,000","41,383 kms",Diesel
Honda Brio S MT,Honda,2023,"2,11,000","47,709 kms",Diesel
Toyota Innova 2.5 G,Toyota,2017,"1,20,000","53,597 kms",Diesel
Volkswagen Ameo Highline 1.5,Volkswagen,2002,"28,000","6,871 kms",Diesel
Honda WR-V i-VTEC VX,Honda,2003,"25,000","1,41,520 kms",Diesel
Toyota Etios VXD,Toyota,2005,"54,000","4,016 kms",Diesel
Mahindra Scorpio SLE BS IV,Mahindra,2017,"85,000","1,21,848 kms",Diesel
Honda Civic 1.8 V MT,Honda,2022,"2,16,000",289 kms,Diesel
Volkswagen Vento Highline Diesel,Volkswagen,2012,"52,000","1,72,164 kms",Diesel
Ford Figo Aspire Titanium,Ford,2017,"58,000","1,49,847 kms",Petrol
Honda Amaze S i-Dtech,Honda,2023,"2,19,000","21,645 kms",Petrol
Volvo S60 D4,Volvo,2009,"6,47,000","59,403 kms",Diesel
Chevrolet Tavera Neo 3,Chevrolet,2023,"91,000","1,54,970 kms",Diesel
BMW 5 Series 520d,BMW,2023,"32,35,000","38,168 kms",Petrol
Mini Cooper S,Mini,2008,"5,30,000","47,855 kms",Petrol
Renault Kwid RXT,Renault,2014,"52,000","84,649 kms",Petrol
Nissan Micra XV,Nissan,2022,"95,000","1,51,409 kms",Diesel
Volvo XC60 D5,Volvo,2019,"13,08,000","1,15,407 kms",Petrol
Jeep Compass Limited,Jeep,2012,"92,000","48,942 kms",Diesel
Fiat Linea Active,Fiat,2023,"1,60,000","25,397 kms",Diesel
Nissan Sunny XL,Nissan,2022,"1,45,000","6,762 kms",Petrol
Ford EcoSport Titanium 1.5L TDCi,Ford,2019,"1,05,000","77,619 kms",Petrol
BMW X1 sDrive20d,BMW,2004,"3,22,000","1,32,410 kms",Petrol
Jeep Compass Longitude,Jeep,2006,"38,000","1,78,508 kms",Petrol
Nissan Terrano XL,Nissan,2021,"1,36,000","39,885 kms",Petrol
Renault Kwid RXT,Renault,2013,"62,000","41,715 kms",Petrol
Volvo S60 D4,Volvo,2006,"4,13,000","1,41,873 kms",Diesel
Datsun redi-GO T,Datsun,2014,"37,000","1,36,873 kms",Diesel
Honda Brio S MT,Honda,2011,"69,000",192 kms,Petrol
Skoda Fabia Classic 1.2 MPI,Skoda,2021,"93,000","1,55,809 kms",Petrol
Honda WR-V i-VTEC VX,Honda,2007,"42,000","63,660 kms",Diesel
Datsun GO Plus T,Datsun,2008,"25,000","65,261 kms",Diesel
Volkswagen Vento Highline Diesel,Volkswagen,2014,"79,000","32,467 kms",Petrol
Volkswagen Ameo Highline 1.5,Volkswagen,2002,"25,000","1,67,021 kms",Petrol
Mini Cooper D,Mini,2009,"4,33,000","1,73,225 kms",Diesel
Volvo XC60 D5,Volvo,2006,"6,99,000","18,555 kms",Diesel
Hyundai i10 Sportz,Hyundai,2010,"55,000","29,679 kms",Diesel
Land Rover Discovery Sport,Land,2011,"9,46,000","58,986 kms",Petrol
Volvo XC60 D5,Volvo,2009,"5,46,000","1,74,402 kms",Diesel
BMW 3 Series 320d,BMW,2022,"33,14,000","27,674 kms",Diesel
Volkswagen Ameo Highline 1.5,Volkswagen,2015,"69,000","1,74,944 kms",Diesel
Ford Fiesta Classic CLXi,Ford,2017,"85,000","63,733 kms",Diesel
Volkswagen Polo Highline 1.2L,Volkswagen,2017,"77,000","1,47,076 kms",Diesel
Jaguar XF Portfolio,Jaguar,2003,"3,49,000","1,57,822 kms",Petrol
Ford Endeavour 4x4 AT,Ford,2005,"32,000","30,894 kms",Petrol
Volvo XC60 D5,Volvo,2014,"14,60,000","10,550 kms",Diesel
Audi Q7,Audi,2018,"23,28,000","9,871 kms",Diesel
BMW X1 sDrive20d,BMW,2002,"3,41,000","56,733 kms",Petrol
Ford EcoSport Ambiente 1.5L TDCi,Ford,2015,"1,06,000","7,538 kms",Diesel
Jaguar XF Portfolio,Jaguar,2013,"12,21,000","65,295 kms",Diesel
Audi Q3 35 TDI,Audi,2007,"6,59,000","54,987 kms",Diesel
Toyota Fortuner 3.0 4x4 AT,Toyota,2004,"31,000","87,594 kms",Diesel
Renault Triber RXZ,Renault,2011,"54,000","26,654 kms",Petrol
Mercedes GLA 200d,Mercedes,2007,"4,70,000","1,00,421 kms",Petrol
Nissan Sunny XL,Nissan,2016,"65,000","94,855 kms",Petrol
Ford Figo,Ford,2020,"1,16,000","81,502 kms",Diesel
Datsun GO Plus T,Datsun,2004,"25,000","52,166 kms",Petrol
Jaguar XF Portfolio,Jaguar,2010,"10,77,000","38,311 kms",Diesel
Datsun GO T,Datsun,2011,"25,000","1,60,904 kms",Petrol
Hyundai Eon Era Plus,Hyundai,2019,"1,09,000","40,735 kms",Diesel
Land Rover Freelander 2,Land,2009,"9,43,000","59,300 kms",Diesel
Maruti Suzuki Wagon R 1.0 VXI,Maruti,2009,"53,000","5,545 kms",CNG
Fiat Punto Active,Fiat,2015,"65,000","48,873 kms",Diesel
Datsun GO Plus T,Datsun,2010,"26,000","95,512 kms",Diesel
Renault Triber RXZ,Renault,2019,"87,000","93,704 kms",Petrol
Land Rover Freelander 2,Land,2019,"14,51,000","1,51,870 kms",Petrol
Jeep Compass Limited,Jeep,2019,"1,57,000","82,278 kms",Petrol
Nissan Terrano XL,Nissan,2022,"90,000","1,45,346 kms",Petrol
Hyundai Venue SX,Hyundai,2021,"1,00,000","1,14,885 kms",Diesel
Toyota Innova 2.5 G,Toyota,2019,"1,08,000","1,17,663 kms",Petrol
Land Rover Freelander 2,Land,2004,"3,67,000","1,78,884 kms",Diesel
Mitsubishi Lancer 1.8 GLX,Mitsubishi,2002,"25,000","1,56,793 kms",Diesel
Honda WR-V i-VTEC VX,Honda,2008,"30,000","1,73,587 kms",Diesel
Skoda Rapid Elegance 1.6 MPI,Skoda,2009,"32,000","1,49,484 kms",Diesel
Jaguar XF Portfolio,Jaguar,2002,"3,27,000","1,59,901 kms",Petrol
Ford Freestyle Titanium,Ford,2004,"25,000","1,61,017 kms",Petrol
Tata Nano Lx,Tata,2021,"1,02,000","47,113 kms",Petrol
Ford EcoSport Ambiente 1.5L TDCi,Ford,2004,"33,000","24,783 kms",Diesel
Datsun redi-GO T,Datsun,2014,"35,000","1,24,463 kms",Petrol
Skoda Rapid Elegance 1.6 MPI,Skoda,2007,"29,000","1,12,916 kms",Diesel
Datsun GO T,Datsun,2009,"25,000","92,165 kms",Petrol
Jeep Compass Limited,Jeep,2002,"27,000","1,59,001 kms",Petrol
Nissan Micra XV,Nissan,2007,"35,000",553 kms,Petrol
Maruti Suzuki Ciaz VDi,Maruti,2020,"98,000","98,361 kms",Petrol
Volvo XC60 D5,Volvo,2007,"4,44,000","1,40,403 kms",Petrol
Jaguar XE Prestige,Jaguar,2021,"22,53,000","98,185 kms",Petrol
Toyota Glanza G,Toyota,2006,"30,000","1,16,781 kms",Petrol
Ford Freestyle Titanium,Ford,2011,"44,000","76,496 kms",Petrol
Jeep Compass Longitude,Jeep,2005,"33,000","1,30,556 kms",Petrol
Chevrolet Tavera Neo 3,Chevrolet,2023,"91,000","1,43,749 kms",Diesel
Jaguar XE Prestige,Jaguar,2012,"10,32,000","64,645 kms",Diesel
Mercedes C-Class C220d,Mercedes,2014,"14,47,000","11,002 kms",Diesel
Mercedes GLA 200d,Mercedes,2020,"26,44,000","25,994 kms",Petrol
Jeep Compass Limited,Jeep,2019,"1,14,000","1,68,710 kms",Petrol
Tata Tiago Revotron XZ,Tata,2022,"89,000","1,11,857 kms",Diesel
Maruti Suzuki Vitara Brezza ZDi,Maruti,2005,"25,000","84,383 kms",CNG
Skoda Octavia Elegance 1.8 TSI,Skoda,2003,"25,000","1,38,394 kms",Petrol
Mitsubishi Pajero Sport 4x2,Mitsubishi,2022,"1,54,000","82,322 kms",Petrol
Skoda Rapid Elegance 1.6 MPI,Skoda,2008,"38,000","92,313 kms",Petrol
BMW X1 sDrive20d,BMW,2018,"12,39,000","1,37,459 kms",Petrol
Hyundai Eon Era Plus,Hyundai,2005,"25,000","1,19,961 kms",Petrol
Mahindra XUV500 W8,Mahindra,2017,Ask For Price,"54,294 kms",Petrol
Datsun GO T,Datsun,2005,"25,000","76,237 kms",Petrol
Chevrolet Spark LT,Chevrolet,2014,"56,000","59,966 kms",Diesel
Honda Amaze S i-Dtech,Honda,2021,"1,60,000","64,632 kms",Diesel
Mitsubishi Lancer 1.8 GLX,Mitsubishi,2008,Ask For Price,"1,71,368 kms",Diesel
BMW 5 Series 520d,BMW,2010,Ask For Price,"49,775 kms",Diesel
Land Rover Discovery Sport,Land,2003,"3,69,000","1,17,836 kms",Petrol
Mini Cooper S,Mini,2005,"4,23,000","41,760 kms",Diesel
Toyota Yaris VX,Toyota,2010,"42,000","1,78,595 kms",Diesel
Mitsubishi Lancer 1.8 GLX,Mitsubishi,2005,"45,000","31,400 kms",Diesel
Mahindra TUV300 T8,Mahindra,2008,"56,000","33,422 kms",Petrol
Ford EcoSport Titanium 1.5L TDCi,Ford,2009,"51,000","10,069 kms",Diesel
Mahindra XUV500 W8,Mahindra,2015,"64,000","1,61,402 kms",Diesel
Volvo S60 D4,Volvo,2023,"19,18,000","1,32,120 kms",Petrol
Hyundai Tucson 2WD AT GLS,Hyundai,2002,"27,000","40,132 kms",Diesel
Toyota Corolla Altis G,Toyota,2016,"1,04,000","52,699 kms",Petrol
Skoda Octavia Elegance 1.8 TSI,Skoda,2004,"30,000","59,144 kms",Petrol
Audi A4 35 TDI,Audi,2016,"16,88,000","18,288 kms",Petrol
Toyota Etios VXD,Toyota,2019,"1,08,000","83,344 kms",Petrol
Jeep Compass Longitude,Jeep,2021,"2,20,000","44,642 kms",Diesel
Ford Fiesta Classic CLXi,Ford,2009,"50,000","1,647 kms",Diesel
Datsun GO Plus T,Datsun,2005,"25,000","58,956 kms",Petrol
Mini Cooper D,Mini,2020,"12,16,000","1,69,127 kms",Diesel
Audi A6 2.0 TDI,Audi,2023,"19,13,000","1,28,697 kms",Diesel
Audi A8,Audi,2006,"3,73,000","1,19,171 kms",Diesel
Toyota Fortuner 3.0 4x4 AT,Toyota,2010,"71,000","42,126 kms",Diesel
Skoda Fabia Classic 1.2 MPI,Skoda,2003,"25,000","1,20,668 kms",Diesel
Renault Lodgy 110PS RxZ 8 Str,Renault,2006,"25,000","1,64,333 kms",Diesel
BMW 5 Series 520d,BMW,2016,"10,66,000","1,16,463 kms",Diesel
Jaguar XF Portfolio,Jaguar,2006,"4,26,000","1,39,019 kms",Petrol
Mitsubishi Pajero Sport 4x2,Mitsubishi,2023,"1,58,000","1,62,334 kms",Diesel
BMW 5 Series 520d,BMW,2022,"21,66,000","80,551 kms",Petrol
Fiat Linea Active,Fiat,2011,"26,000","1,63,571 kms",Diesel
Fiat Punto Active,Fiat,2023,"92,000","1,00,839 kms",Diesel
Land Rover Freelander 2,Land,2014,"9,48,000","1,48,838 kms",Petrol
Mitsubishi Pajero Sport 4x2,Mitsubishi,2022,"1,21,000","1,05,449 kms",Petrol
Renault Kwid RXT,Renault,2017,"72,000","82,993 kms",Petrol
Mahindra Jeep CL550 MDI,Mahindra,2002,"35,000","13,928 kms",Diesel
Nissan Micra XV,Nissan,2006,"32,000","55,939 kms",Diesel
Chevrolet Tavera Neo 3,Chevrolet,2017,"51,000","88,867 kms",Petrol
Fiat Punto Active,Fiat,2006,"25,000","42,896 kms",Diesel
BMW 3 Series 320d,BMW,2019,"14,96,000","1,44,887 kms",Diesel
Renault Duster 110 PS RxL,Renault,2023,"1,46,000","38,542 kms",Diesel
Datsun redi-GO T,Datsun,2014,"34,000","1,25,111 kms",Petrol
Nissan Sunny XL,Nissan,2020,Ask For Price,"1,50,022 kms",Petrol
Mercedes GLA 200d,Mercedes,2020,"21,28,000","90,232 kms",Diesel
Mahindra Scorpio S10,Mahindra,2006,"29,000","1,63,686 kms",Diesel
Ford Freestyle Titanium,Ford,2023,"1,62,000","51,776 kms",Diesel
Mahindra Thar CRDe 4x4,Mahindra,2021,"1,18,000","1,29,795 kms",Diesel
Toyota Corolla Altis G,Toyota,2010,"72,000","50,437 kms",Diesel
Maruti Suzuki Vitara Brezza ZDi,Maruti,2012,"59,000","43,847 kms",Petrol
Volkswagen Jetta Comfortline TDI,Volkswagen,2015,"65,000","88,578 kms",Petrol
Jaguar XF Portfolio,Jaguar,2023,"39,85,000","21,135 kms",Diesel
Volvo S60 D4,Volvo,2020,"24,66,000","5,136 kms",Diesel
Datsun redi-GO T,Datsun,2003,"25,000","1,76,235 kms",Diesel
Jeep Compass Limited,Jeep,2015,"1,06,000","89,786 kms",Petrol
Fiat Punto Active,Fiat,2017,"60,000","73,930 kms",Diesel
Jaguar XE Prestige,Jaguar,2023,"24,13,000","83,622 kms",Petrol
Ford Figo,Ford,2004,"26,000","46,527 kms",Diesel
Renault Duster 110 PS RxL,Renault,2004,"32,000","2,628 kms",Petrol
Volvo S60 D4,Volvo,2006,"3,93,000","1,52,865 kms",Diesel
Jaguar XE Prestige,Jaguar,2021,"31,01,000","32,075 kms",Petrol
Mahindra Scorpio S10,Mahindra,2004,"37,000","24,108 kms",Diesel
Tata Indica V2 DLS,Tata,2004,"25,000","1,01,523 kms",Diesel
Tata Tigor XZ,Tata,2017,"53,000","1,58,817 kms",Petrol
Mitsubishi Pajero Sport 4x2,Mitsubishi,2016,"94,000","48,577 kms",Petrol
Volkswagen Vento Highline Diesel,Volkswagen,2019,"90,000","1,50,946 kms",Petrol
Mahindra XUV500 W8,Mahindra,2007,"34,000","84,354 kms",Diesel
Mitsubishi Lancer 1.8 GLX,Mitsubishi,2021,"1,15,000","1,08,177 kms",Diesel
Nissan Terrano XL,Nissan,2009,"28,000","1,39,180 kms",Petrol
Volkswagen Ameo Highline 1.5,Volkswagen,2007,"42,000","17,048 kms",Petrol
Hyundai Tucson 2WD AT GLS,Hyundai,2015,"82,000","21,058 kms",Diesel
Mahindra Thar CRDe 4x4,Mahindra,2020,"1,17,000","94,859 kms",Petrol
Mahindra Bolero SLE,Mahindra,2012,"52,000","1,18,271 kms",Diesel
Mercedes E-Class E220d,Mercedes,2017,"13,42,000","82,275 kms",Petrol
Land Rover Discovery Sport,Land,2015,"11,08,000","1,21,982 kms",Diesel
Datsun redi-GO T,Datsun,2016,"35,000","1,18,635 kms",Petrol
BMW 3 Series 320d,BMW,2006,"5,68,000","83,127 kms",Diesel
Datsun redi-GO T,Datsun,2002,"25,000","1,13,970 kms",Petrol
Tata Indica V2 DLS,Tata,2002,"25,000","1,02,674 kms",Diesel
Maruti Suzuki Vitara Brezza ZDi,Maruti,2014,"78,000","41,601 kms",Diesel
Volkswagen Vento Highline Diesel,Volkswagen,2008,"31,000","1,27,642 kms",Diesel
Toyota Fortuner 3.0 4x4 AT,Toyota,2023,"2,86,000","15,765 kms",Diesel
Chevrolet Tavera Neo 3,Chevrolet,2021,"80,000","75,943 kms",Petrol
Tata Nexon XZ Plus,Tata,2017,"1,03,000","3,499 kms",Diesel
Skoda Octavia Elegance 1.8 TSI,Skoda,2021,"1,06,000","1,12,559 kms",Petrol
Chevrolet Sail UVA LS,Chevrolet,2006,"25,000","96,979 kms",Diesel
BMW 3 Series 320d,BMW,2008,"6,33,000","85,611 kms",Petrol
Mini Cooper D,Mini,2010,"5,09,000","1,45,588 kms",Diesel
Tata Nano Lx,Tata,2012,"35,000","1,65,953 kms",Petrol
Renault Lodgy 110PS RxZ 8 Str,Renault,2020,"72,000","1,23,242 kms",Petrol
Datsun GO T,Datsun,2021,"75,000","84,419 kms",Petrol
Volkswagen Polo Highline 1.2L,Volkswagen,2016,"74,000","1,02,225 kms",Petrol
Honda Jazz V,Honda,2003,Ask For Price,"1,24,289 kms",Petrol
Nissan Terrano XL,Nissan,2017,"61,000","1,47,392 kms",Petrol
Mercedes E-Class E220d,Mercedes,2021,"18,49,000","1,40,690 kms",Petrol
Volvo S60 D4,Volvo,2011,"9,94,000","15,976 kms",Petrol
Renault Lodgy 110PS RxZ 8 Str,Renault,2015,"84,000","2,961 kms",Diesel
Maruti Suzuki Alto 800 Vxi,Maruti,2022,"85,000","1,68,917 kms",CNG
Honda WR-V i-VTEC VX,Honda,2022,"1,27,000","1,00,244 kms",Petrol
Ford EcoSport Ambiente 1.5L TDCi,Ford,2016,"79,000","72,438 kms",Petrol
Toyota Glanza G,Toyota,2006,"32,000","84,721 kms",Petrol
Fiat Linea Active,Fiat,2013,"60,000","37,259 kms",Diesel
Maruti Suzuki Eeco 5 Seater,Maruti,2015,"51,000","1,69,531 kms",Diesel
Hyundai Creta 1.6 SX Option,Hyundai,2012,"44,000","1,48,373 kms",Petrol
Land Rover Freelander 2,Land,2017,"20,61,000","16,845 kms",Petrol
Toyota Yaris VX,Toyota,2009,"74,000","24,180 kms",Diesel
BMW 5 Series 520d,BMW,2004,"3,51,000","1,29,194 kms",Diesel
Mini Cooper D,Mini,2006,"3,51,000","1,43,780 kms",Petrol
Ford Freestyle Titanium,Ford,2010,"41,000","59,710 kms",Petrol
Maruti Suzuki Alto 800 Vxi,Maruti,2022,"1,17,000","59,218 kms",CNG
Renault Kwid RXT,Renault,2006,"25,000","1,31,325 kms",Diesel
Jaguar XF Portfolio,Jaguar,2002,"3,26,000","1,33,858 kms",Diesel
Land Rover Discovery Sport,Land,2019,"25,16,000","17,915 kms",Petrol
Renault Lodgy 110PS RxZ 8 Str,Renault,2002,"25,000","91,688 kms",Petrol
Toyota Fortuner 3.0 4x4 AT,Toyota,2008,"59,000","40,012 kms",Petrol
Skoda Rapid Elegance 1.6 MPI,Skoda,2019,"91,000","98,220 kms",Diesel
Volvo XC60 D5,Volvo,2012,"10,61,000","51,420 kms",Diesel
Mini Cooper D,Mini,2016,"15,89,000","7,654 kms",Diesel
Jeep Compass Limited,Jeep,2008,"56,000","48,552 kms",Petrol
Tata Nano Lx,Tata,2020,"96,000","78,378 kms",Petrol
Nissan Sunny XL,Nissan,2003,"25,000","1,69,924 kms",Petrol
Volkswagen Vento Highline Diesel,Volkswagen,2018,"1,28,000","6,342 kms",Diesel
Chevrolet Spark LT,Chevrolet,2017,"52,000","1,01,961 kms",Diesel
Toyota Fortuner 3.0 4x4 AT,Toyota,2017,"92,000","1,47,118 kms",Diesel
Renault Duster 110 PS RxL,Renault,2021,"1,45,000","28,217 kms",Petrol
Maruti Suzuki Wagon R 1.0 VXI,Maruti,2002,"25,000","79,646 kms",CNG
Toyota Innova 2.5 G,Toyota,2003,"25,000","96,582 kms",Petrol
Nissan Micra XV,Nissan,2010,"29,000","1,09,541 kms",Petrol
Ford EcoSport Ambiente 1.5L TDCi,Ford,2006,"35,000","68,971 kms",Diesel
Tata Indica V2 DLS,Tata,2022,"93,000","1,78,837 kms",Petrol
Toyota Innova 2.5 G,Toyota,2005,"43,000","22,669 kms",Petrol
Land Rover Discovery Sport,Land,2010,"11,46,000","6,013 kms",Diesel
Tata Indica V2 DLS,Tata,2014,"37,000","1,77,838 kms",Diesel
Audi A8,Audi,2007,"7,78,000","3,578 kms",Petrol
Volkswagen Ameo Highline 1.5,Volkswagen,2017,"95,000","53,236 kms",Diesel
Tata Nano Lx,Tata,2016,"96,000",610 kms,Petrol
BMW X1 sDrive20d,BMW,2017,"14,69,000","60,791 kms",Petrol
Nissan Sunny XL,Nissan,2017,"55,000","1,42,861 kms",Petrol
Fiat Punto Active,Fiat,2012,"32,000","1,67,692 kms",Diesel
Nissan Sunny XL,Nissan,2013,"53,000","76,763 kms",Petrol
Mercedes GLA 200d,Mercedes,2019,"17,23,000","1,07,009 kms",Diesel
Volkswagen Vento Highline Diesel,Volkswagen,2012,"52,000","94,122 kms",Diesel
Jaguar XE Prestige,Jaguar,2003,"4,07,000","90,134 kms",Petrol
Toyota Glanza G,Toyota,2006,"39,000","54,052 kms",Diesel
Ford Endeavour 4x4 AT,Ford,2019,"1,37,000","11,104 kms",Petrol
Fiat Punto Active,Fiat,2009,"25,000","1,79,409 kms",Diesel
Nissan Terrano XL,Nissan,2014,"42,000","1,37,233 kms",Diesel
BMW X1 sDrive20d,BMW,2005,"4,85,000","59,295 kms",Diesel
Tata Tigor XZ,Tata,2002,"25,000","1,32,354 kms",Petrol
Land Rover Discovery Sport,Land,2009,"7,39,000","1,06,561 kms",Diesel
Ford Freestyle Titanium,Ford,2008,"43,000","6,261 kms",Petrol
Toyota Yaris VX,Toyota,2004,"42,000","17,669 kms",Diesel
Nissan Terrano XL,Nissan,2014,"78,000","2,870 kms",Diesel
Skoda Rapid Elegance 1.6 MPI,Skoda,2021,"1,12,000","1,54,683 kms",Diesel
Jaguar XF Portfolio,Jaguar,2003,"3,46,000","1,31,170 kms",Diesel
Mercedes E-Class E220d,Mercedes,2019,"25,43,000","25,791 kms",Diesel
Nissan Terrano XL,Nissan,2017,"94,000","7,263 kms",Diesel
Mahindra TUV300 T8,Mahindra,2010,"36,000","1,42,636 kms",Diesel
Land Rover Freelander 2,Land,2016,"13,03,000","99,675 kms",Diesel
Hyundai Verna 1.6 SX,Hyundai,2011,"36,000","1,44,967 kms",Diesel
Maruti Suzuki Eeco 5 Seater,Maruti,2006,"25,000","1,55,663 kms",Petrol
Jeep Compass Longitude,Jeep,2016,"1,32,000","72,121 kms",Diesel
Hyundai Creta 1.6 SX Option,Hyundai,2020,"1,31,000","30,946 kms",Diesel
Toyota Innova 2.5 G,Toyota,2011,"48,000","1,57,680 kms",Diesel
Mahindra XUV500 W8,Mahindra,2017,"69,000","1,27,566 kms",Diesel
Mini Cooper S,Mini,2014,"11,67,000","11,601 kms",Diesel
Jaguar XF Portfolio,Jaguar,2009,"5,44,000","1,16,666 kms",Petrol
Volvo S60 D4,Volvo,2016,"10,47,000","1,30,161 kms",Diesel
Land Rover Discovery Sport,Land,2022,"20,90,000","1,42,571 kms",Petrol
BMW X1 sDrive20d,BMW,2015,"14,19,000","17,647 kms",Petrol
Jaguar XF Portfolio,Jaguar,2017,"14,77,000","1,05,305 kms",Petrol
Ford EcoSport Titanium 1.5L TDCi,Ford,2007,"43,000","22,743 kms",Petrol
Fiat Linea Active,Fiat,2019,"74,000","69,045 kms",Diesel
Toyota Glanza G,Toyota,2015,"1,01,000","30,469 kms",Petrol
Honda Brio S MT,Honda,2014,"90,000","3,034 kms",Diesel
Ford Endeavour 4x4 AT,Ford,2023,"1,41,000","69,800 kms",Petrol
Chevrolet Spark LT,Chevrolet,2017,"68,000","56,083 kms",Petrol
Tata Indica V2 DLS,Tata,2007,"25,000","1,01,774 kms",Petrol
Jeep Compass Longitude,Jeep,2004,"30,000","1,25,323 kms",Petrol
BMW X1 sDrive20d,BMW,2013,"10,99,000","59,172 kms",Diesel
Hyundai Verna 1.6 SX,Hyundai,2014,"89,000","7,352 kms",Petrol
Datsun redi-GO T,Datsun,2021,"86,000","59,009 kms",Petrol
Jeep Compass Limited,Jeep,2022,"1,50,000","1,66,651 kms",Petrol
Mercedes C-Class C220d,Mercedes,2015,"9,55,000","1,57,339 kms",Petrol
Land Rover Freelander 2,Land,2022,"36,89,000","10,572 kms",Diesel
Mini Cooper D,Mini,2011,"6,04,000","1,40,423 kms",Diesel
Mercedes GLA 200d,Mercedes,2017,"12,63,000","1,01,312 kms",Petrol
Mercedes E-Class E220d,Mercedes,2019,"13,36,000","1,35,627 kms",Petrol
Volkswagen Ameo Highline 1.5,Volkswagen,2021,"99,000","1,34,715 kms",Petrol
Renault Kwid RXT,Renault,2013,"52,000","80,407 kms",Petrol
BMW 5 Series 520d,BMW,2010,"6,36,000","1,56,799 kms",Diesel
Volvo S60 D4,Volvo,2011,"9,33,000","49,898 kms",Diesel
Tata Nexon XZ Plus,Tata,2020,"64,000","1,36,444 kms",Petrol
Skoda Octavia Elegance 1.8 TSI,Skoda,2009,"46,000","54,031 kms",Diesel
Mercedes E-Class E220d,Mercedes,2009,"6,55,000","1,02,763 kms",Diesel
Audi Q7,Audi,2012,"11,11,000","38,462 kms",Diesel
Datsun GO Plus T,Datsun,2014,"54,000",956 kms,Petrol
Mercedes E-Class E220d,Mercedes,2019,"14,96,000","1,53,082 kms",Diesel
Volkswagen Polo Highline 1.2L,Volkswagen,2015,"63,000","1,64,755 kms",Diesel
Datsun redi-GO T,Datsun,2005,"25,000","36,728 kms",Petrol
Hyundai Santro Xing XO eRLX Euro III,Hyundai,2004,"25,000","72,807 kms",Petrol
Ford Fiesta Classic CLXi,Ford,2023,"1,01,000","1,11,056 kms",Petrol
Hyundai Santro Xing XO eRLX Euro III,Hyundai,2005,"25,000","88,601 kms",Diesel
Renault Triber RXZ,Renault,2019,"72,000","92,781 kms",Petrol
Chevrolet Spark LT,Chevrolet,2007,Ask For Price,"1,00,572 kms",Petrol
Toyota Innova 2.5 G,Toyota,2020,"1,22,000","1,61,091 kms",Diesel
Renault Lodgy 110PS RxZ 8 Str,Renault,2009,"39,000","63,545 kms",Diesel
Renault Triber RXZ,Renault,2005,"35,000",930 kms,Petrol
Volvo XC60 D5,Volvo,2016,"11,87,000","56,038 kms",Petrol
Land Rover Discovery Sport,Land,2016,"21,09,000","39,522 kms",Diesel
Maruti Suzuki Alto K10 VXi,Maruti,2010,"43,000","53,873 kms",CNG
Chevrolet Sail UVA LS,Chevrolet,2002,"25,000","1,30,918 kms",Diesel
Nissan Micra XV,Nissan,2004,"25,000","1,57,636 kms",Diesel
Tata Tiago Revotron XZ,Tata,2013,"38,000","1,06,295 kms",Diesel
Renault Lodgy 110PS RxZ 8 Str,Renault,2021,"87,000","1,23,232 kms",Petrol
Mini Cooper S,Mini,2016,"15,89,000","5,835 kms",Diesel
Maruti Suzuki Vitara Brezza ZDi,Maruti,2015,"44,000","1,16,839 kms",CNG
Renault Triber RXZ,Renault,2013,"50,000","68,220 kms",Diesel
Mitsubishi Pajero Sport 4x2,Mitsubishi,2003,"25,000","1,00,093 kms",Diesel
Land Rover Freelander 2,Land,2004,"3,67,000","1,61,436 kms",Petrol
Volkswagen Jetta Comfortline TDI,Volkswagen,2006,"34,000","76,948 kms",Petrol
Toyota Etios VXD,Toyota,2015,"83,000","81,783 kms",Petrol
Mahindra Jeep CL550 MDI,Mahindra,2020,"91,000","1,71,705 kms",Petrol
BMW 3 Series 320d,BMW,2009,"9,68,000","4,604 kms",Petrol
Ford EcoSport Ambiente 1.5L TDCi,Ford,2007,"27,000","1,40,072 kms",Petrol
Nissan Terrano XL,Nissan,2007,Ask For Price,"40,134 kms",Petrol
Toyota Corolla Altis G,Toyota,2018,"1,56,000","5,531 kms",Petrol
Mercedes C-Class C220d,Mercedes,2006,"6,04,000","63,519 kms",Diesel
Renault Lodgy 110PS RxZ 8 Str,Renault,2007,"33,000","28,903 kms",Petrol
Hyundai Grand i10 Magna 1.2 Kappa VTVT,Hyundai,2014,"71,000","35,726 kms",Petrol
Mercedes GLA 200d,Mercedes,2014,"10,18,000","1,44,361 kms",Diesel
Mini Cooper D,Mini,2021,"14,95,000","1,51,480 kms",Diesel
BMW 3 Series 320d,BMW,2018,"13,27,000","1,31,100 kms",Petrol
Volvo XC60 D5,Volvo,2011,"9,47,000","30,387 kms",Diesel
Maruti Suzuki Celerio VXI,Maruti,2017,"81,000","52,188 kms",Petrol
Honda WR-V i-VTEC VX,Honda,2020,"1,50,000","36,759 kms",Diesel
Renault Lodgy 110PS RxZ 8 Str,Renault,2010,"31,000","1,27,705 kms",Diesel
Tata Nexon XZ Plus,Tata,2006,"25,000","1,09,099 kms",Petrol
Mini Cooper S,Mini,2011,"5,57,000","98,151 kms",Petrol
Mini Cooper D,Mini,2004,"2,74,000","1,56,924 kms",Diesel
Mercedes C-Class C220d,Mercedes,2017,"20,01,000","17,861 kms",Diesel
Jeep Compass Longitude,Jeep,2002,"42,000","26,655 kms",Petrol
Hyundai Santro Xing XO eRLX Euro III,Hyundai,2018,"92,000","57,429 kms",Diesel
Volvo XC60 D5,Volvo,2013,"6,99,000","1,63,093 kms",Diesel
Jeep Compass Longitude,Jeep,2016,"1,01,000","1,27,899 kms",Diesel
Fiat Punto Active,Fiat,2006,"25,000","99,170 kms",Diesel
Mini Cooper D,Mini,2006,"4,55,000","37,379 kms",Petrol
Datsun GO T,Datsun,2003,"25,000","11,637 kms",Diesel
BMW X1 sDrive20d,BMW,2008,"4,83,000","1,09,568 kms",Petrol
Tata Indica V2 DLS,Tata,2004,"25,000","42,932 kms",Petrol
Mahindra XUV500 W8,Mahindra,2016,"1,02,000","43,512 kms",Petrol
Audi Q3 35 TDI,Audi,2021,"20,22,000","97,648 kms",Diesel
Fiat Linea Active,Fiat,2022,"84,000","1,74,410 kms",Diesel
Land Rover Discovery Sport,Land,2021,"28,16,000","64,403 kms",Petrol
Volkswagen Ameo Highline 1.5,Volkswagen,2018,"1,14,000","78,892 kms",Diesel
Hyundai Tucson 2WD AT GLS,Hyundai,2011,"52,000","67,639 kms",Petrol
Renault Kwid RXT,Renault,2016,"83,000","40,275 kms",Petrol
BMW X1 sDrive20d,BMW,2014,"8,63,000","1,10,014 kms",Diesel
Volvo XC60 D5,Volvo,2023,"35,26,000","17,485 kms",Diesel
Datsun redi-GO T,Datsun,2006,"25,000","1,08,686 kms",Diesel
Nissan Micra XV,Nissan,2011,"51,000","61,882 kms",Diesel
Datsun GO Plus T,Datsun,2008,"25,000","1,06,351 kms",Diesel
Volvo S60 D4,Volvo,2012,"10,38,000","41,831 kms",Diesel
Ford EcoSport Titanium 1.5L TDCi,Ford,2004,"34,000","2,325 kms",Petrol
Mahindra Scorpio S10,Mahindra,2003,"35,000",647 kms,Diesel
Nissan Terrano XL,Nissan,2023,"1,01,000","93,751 kms",Petrol
Chevrolet Beat LT,Chevrolet,2003,"25,000","1,52,894 kms",Petrol
Tata Nano Lx,Tata,2014,"38,000","1,28,644 kms",Petrol
Jeep Compass Longitude,Jeep,2021,"1,66,000","74,665 kms",Petrol
Volkswagen Vento Highline Diesel,Volkswagen,2022,"1,14,000","1,35,075 kms",Petrol
Skoda Fabia Classic 1.2 MPI,Skoda,2014,"66,000","88,877 kms",Petrol
Nissan Terrano XL,Nissan,2011,"42,000","77,079 kms",Diesel
Skoda Octavia Elegance 1.8 TSI,Skoda,2012,"62,000","55,293 kms",Petrol
Hyundai Grand i10 Magna 1.2 Kappa VTVT,Hyundai,2003,"25,000","1,54,157 kms",Petrol
Honda Amaze S i-Dtech,Honda,2004,"29,000","74,149 kms",Diesel
Land Rover Discovery Sport,Land,2015,"12,59,000","1,07,547 kms",Petrol
Jaguar XF Portfolio,Jaguar,2008,"5,29,000","1,24,153 kms",Petrol
Nissan Micra XV,Nissan,2003,"27,000","8,325 kms",Diesel
Audi A8,Audi,2012,"7,21,000","1,17,963 kms",Petrol
Land Rover Discovery Sport,Land,2023,"25,14,000","82,619 kms",Petrol
Volkswagen Jetta Comfortline TDI,Volkswagen,2004,"25,000","1,27,736 kms",Diesel
Renault Lodgy 110PS RxZ 8 Str,Renault,2010,"41,000","53,120 kms",Petrol
Mini Cooper D,Mini,2012,"5,80,000","1,61,286 kms",Diesel
Jeep Compass Longitude,Jeep,2008,"72,000","38,846 kms",Diesel
Jeep Compass Limited,Jeep,2018,"1,15,000","1,02,517 kms",Petrol
Hyundai Venue SX,Hyundai,2020,"90,000","1,43,525 kms",Diesel
Hyundai Creta 1.6 SX Option,Hyundai,2012,"76,000","4,796 kms",Diesel
Mahindra TUV300 T8,Mahindra,2015,"63,000","1,21,615 kms",Petrol
Mitsubishi Pajero Sport 4x2,Mitsubishi,2016,"1,07,000","69,489 kms",Diesel
Renault Triber RXZ,Renault,2014,"57,000","69,664 kms",Petrol
Audi A6 2.0 TDI,Audi,2014,"13,74,000",689 kms,Diesel
Volkswagen Jetta Comfortline TDI,Volkswagen,2002,"25,000","1,31,631 kms",Diesel
Mercedes GLA 200d,Mercedes,2008,"5,64,000","1,40,108 kms",Diesel
Datsun GO Plus T,Datsun,2012,"35,000","46,561 kms",Petrol
Chevrolet Spark LT,Chevrolet,2017,"75,000","5,523 kms",Petrol
Volkswagen Vento Highline Diesel,Volkswagen,2023,"1,62,000","76,729 kms",Diesel
Tata Tigor XZ,Tata,2007,"25,000","94,846 kms",Petrol
Fiat Punto Active,Fiat,2004,Ask For Price,"40,881 kms",Petrol
Renault Duster 110 PS RxL,Renault,2010,"46,000","47,016 kms",Petrol
Jeep Compass Limited,Jeep,2018,"1,89,000","32,107 kms",Diesel
Mahindra Thar CRDe 4x4,Mahindra,2004,"26,000","92,699 kms",Diesel
Volkswagen Polo Highline 1.2L,Volkswagen,2021,"1,57,000","22,755 kms",Petrol
Jeep Compass Longitude,Jeep,2017,"93,000","1,65,662 kms",Diesel
BMW 3 Series 320d,BMW,2018,"11,95,000","1,05,602 kms",Petrol
Mercedes GLA 200d,Mercedes,2004,"5,09,000","59,541 kms",Diesel
Chevrolet Sail UVA LS,Chevrolet,2008,Ask For Price,"11,100 kms",Petrol
Nissan Micra XV,Nissan,2023,"1,14,000","97,758 kms",Diesel
Chevrolet Tavera Neo 3,Chevrolet,2004,"25,000","35,248 kms",Petrol
Ford Endeavour 4x4 AT,Ford,2006,"25,000","1,24,206 kms",Diesel
Chevrolet Beat LT,Chevrolet,2021,"1,17,000","8,614 kms",Diesel
BMW 5 Series 520d,BMW,2003,"5,36,000","28,037 kms",Petrol
Honda Brio S MT,Honda,2010,"38,000","99,604 kms",Petrol
Mahindra Thar CRDe 4x4,Mahindra,2004,"25,000","1,30,722 kms",Diesel
Maruti Suzuki Wagon R 1.0 VXI,Maruti,2012,"60,000","48,537 kms",Petrol
Volvo S60 D4,Volvo,2013,"12,52,000","29,820 kms",Petrol
Chevrolet Beat LT,Chevrolet,2007,"25,000","1,51,202 kms",Petrol
Hyundai Creta 1.6 SX Option,Hyundai,2011,"39,000","1,44,333 kms",Petrol
Mitsubishi Lancer 1.8 GLX,Mitsubishi,2019,"90,000","1,72,564 kms",Diesel
Hyundai Creta 1.6 SX Option,Hyundai,2015,"86,000","24,470 kms",Diesel
Mahindra Scorpio SLE BS IV,Mahindra,2020,"2,06,000","1,151 kms",Diesel
Nissan Sunny XL,Nissan,2019,"1,07,000","28,120 kms",Diesel
Renault Duster 110 PS RxL,Renault,2012,"55,000","44,239 kms",Petrol
Ford Fiesta Classic CLXi,Ford,2002,"25,000","1,23,390 kms",Petrol
Jaguar XE Prestige,Jaguar,2015,"20,47,000","1,485 kms",Diesel
Tata Nexon XZ Plus,Tata,2019,"86,000","62,467 kms",Petrol
Datsun GO T,Datsun,2018,"57,000","76,831 kms",Diesel
BMW X1 sDrive20d,BMW,2011,"8,57,000","70,711 kms",Petrol
Land Rover Discovery Sport,Land,2010,"6,35,000","1,70,057 kms",Diesel
Mitsubishi Pajero Sport 4x2,Mitsubishi,2010,"68,000","33,704 kms",Petrol
Jaguar XE Prestige,Jaguar,2006,"8,83,000","10,639 kms",Petrol
Mahindra KUV100 K8,Mahindra,2006,"43,000","57,282 kms",Diesel
Mini Cooper S,Mini,2005,"5,06,000","3,707 kms",Diesel
Honda Amaze S i-Dtech,Honda,2022,"1,81,000","32,407 kms",Diesel
Jaguar XF Portfolio,Jaguar,2016,"12,64,000","1,73,932 kms",Petrol
Datsun redi-GO T,Datsun,2008,"25,000","1,74,650 kms",Petrol
BMW 3 Series 320d,BMW,2010,"10,97,000",901 kms,Diesel
Hyundai Venue SX,Hyundai,2018,"87,000","75,878 kms",Petrol
Honda Jazz V,Honda,2010,"61,000","46,515 kms",Diesel
Jeep Compass Longitude,Jeep,2020,"1,32,000","1,19,225 kms",Diesel
Tata Tigor XZ,Tata,2010,"27,000","1,25,099 kms",Diesel
Audi A6 2.0 TDI,Audi,2002,"3,65,000","61,552 kms",Diesel
Fiat Punto Active,Fiat,2005,"25,000","70,269 kms",Diesel
Volkswagen Ameo Highline 1.5,Volkswagen,2014,"97,000","5,421 kms",Petrol
Renault Triber RXZ,Renault,2010,"41,000","64,140 kms",Petrol
Maruti Suzuki Swift Dzire Vdi,Maruti,2002,Ask For Price,"85,919 kms",CNG
Tata Nano Lx,Tata,2005,"25,000","80,404 kms",Diesel
Mitsubishi Pajero Sport 4x2,Mitsubishi,2022,"1,25,000","1,05,469 kms",Diesel
Tata Nano Lx,Tata,2012,"58,000","12,107 kms",Diesel
Fiat Linea Active,Fiat,2017,Ask For Price,"59,758 kms",Diesel
Mahindra Scorpio SLE BS IV,Mahindra,2020,"1,58,000","36,012 kms",Diesel
Audi A8,Audi,2019,"22,73,000","19,132 kms",Petrol
Audi A6 2.0 TDI,Audi,2009,"6,90,000","56,338 kms",Petrol
Maruti Suzuki Ciaz VDi,Maruti,2015,"86,000","31,630 kms",Diesel
Tata Indica V2 DLS,Tata,2012,"41,000","62,151 kms",Petrol
Volvo S60 D4,Volvo,2003,"2,90,000","1,24,883 kms",Diesel
Land Rover Freelander 2,Land,2017,"21,45,000","56,817 kms",Diesel
Jeep Compass Longitude,Jeep,2020,"1,67,000","72,889 kms",Petrol
Nissan Sunny XL,Nissan,2019,"1,09,000","43,168 kms",Petrol
Mitsubishi Pajero Sport 4x2,Mitsubishi,2023,"1,64,000","72,257 kms",Petrol
Hyundai Elite i20 Magna 1.2,Hyundai,2008,"35,000","54,906 kms",Petrol
Jaguar XF Portfolio,Jaguar,2009,"5,34,000","1,62,274 kms",Petrol
Tata Tiago Revotron XZ,Tata,2022,"1,02,000","78,636 kms",Diesel
Toyota Fortuner 3.0 4x4 AT,Toyota,2014,"1,08,000","2,098 kms",Petrol
Jaguar XF Portfolio,Jaguar,2005,"6,36,000","22,336 kms",Petrol
Ford Figo Aspire Titanium,Ford,2009,"50,000","43,665 kms",Diesel
Jaguar XF Portfolio,Jaguar,2016,"19,58,000","41,360 kms",Petrol
Volvo XC60 D5,Volvo,2010,"6,92,000","82,866 kms",Diesel
Maruti Suzuki Baleno Delta,Maruti,2014,"60,000","77,572 kms",CNG
Mahindra Scorpio SLE BS IV,Mahindra,2006,"50,000","14,201 kms",Diesel
Ford Endeavour 4x4 AT,Ford,2017,"61,000","1,03,543 kms",Petrol
Renault Kwid RXT,Renault,2009,"43,000","13,405 kms",Petrol
Chevrolet Beat LT,Chevrolet,2010,"33,000","68,556 kms",Diesel
Hyundai i10 Sportz,Hyundai,2017,"98,000","53,918 kms",Petrol
Mini Cooper S,Mini,2018,"14,64,000","38,850 kms",Diesel
Fiat Punto Active,Fiat,2012,"32,000","1,20,921 kms",Petrol
Chevrolet Beat LT,Chevrolet,2003,"25,000","3,122 kms",Petrol
Maruti Suzuki Swift Vdi,Maruti,2012,"51,000","43,333 kms",Petrol
Ford Figo Aspire Titanium,Ford,2019,"72,000","1,69,850 kms",Diesel
Volvo S60 D4,Volvo,2006,"4,23,000","92,725 kms",Diesel
Jeep Compass Limited,Jeep,2011,"67,000","68,468 kms",Petrol
Volvo XC60 D5,Volvo,2011,"5,32,000","1,28,849 kms",Petrol
Skoda Octavia Elegance 1.8 TSI,Skoda,2021,"1,83,000","11,230 kms",Diesel
BMW 5 Series 520d,BMW,2002,"4,17,000","11,672 kms",Petrol
Renault Lodgy 110PS RxZ 8 Str,Renault,2013,"37,000","1,66,998 kms",Diesel
Volkswagen Vento Highline Diesel,Volkswagen,2014,"55,000","99,117 kms",Petrol
Volkswagen Vento Highline Diesel,Volkswagen,2012,"48,000","96,979 kms",Petrol
Mitsubishi Lancer 1.8 GLX,Mitsubishi,2003,"25,000","1,44,945 kms",Petrol
Tata Nano Lx,Tata,2015,"48,000","1,57,937 kms",Diesel
Maruti Suzuki Ciaz VDi,Maruti,2022,"88,000","1,37,941 kms",Petrol
Hyundai Grand i10 Magna 1.2 Kappa VTVT,Hyundai,2014,"70,000","66,373 kms",Petrol
Maruti Suzuki Wagon R 1.0 VXI,Maruti,2022,"1,30,000","67,906 kms",Petrol
Renault Kwid RXT,Renault,2014,"61,000","49,300 kms",Petrol
Jaguar XE Prestige,Jaguar,2006,"5,29,000","1,04,979 kms",Diesel
Mini Cooper D,Mini,2015,"8,44,000","78,110 kms",Petrol
Land Rover Freelander 2,Land,2013,"8,92,000","1,38,596 kms",Diesel
Volkswagen Polo Highline 1.2L,Volkswagen,2016,"1,12,000","10,789 kms",Diesel
Datsun GO T,Datsun,2013,"37,000","98,054 kms",Diesel
Datsun GO T,Datsun,2023,"89,000","96,843 kms",Diesel
Tata Tigor XZ,Tata,2002,"25,000","1,75,386 kms",Petrol
Volkswagen Ameo Highline 1.5,Volkswagen,2018,"83,000","1,51,018 kms",Petrol
Nissan Micra XV,Nissan,2019,"74,000","1,31,426 kms",Petrol
Honda WR-V i-VTEC VX,Honda,2021,"1,64,000","16,229 kms",Diesel
Hyundai Creta 1.6 SX Option,Hyundai,2009,"40,000","53,745 kms",Petrol
Nissan Micra XV,Nissan,2018,"95,000","67,658 kms",Diesel
Renault Kwid RXT,Renault,2005,"32,000","23,708 kms",Petrol
Audi A4 35 TDI,Audi,2019,"20,99,000","12,769 kms",Petrol
Jaguar XE Prestige,Jaguar,2017,"17,55,000","56,928 kms",Petrol
Renault Duster 110 PS RxL,Renault,2015,"91,000","9,211 kms",Petrol
Volvo XC60 D5,Volvo,2012,"6,80,000","1,02,163 kms",Petrol
BMW X1 sDrive20d,BMW,2018,"24,48,000","2,297 kms",Petrol
Maruti Suzuki Alto 800 Vxi,Maruti,2020,"1,45,000","28,082 kms",Diesel
Honda Civic 1.8 V MT,Honda,2018,"1,46,000","3,539 kms",Petrol
Mini Cooper D,Mini,2010,"6,75,000","74,456 kms",Petrol
Maruti Suzuki Ciaz VDi,Maruti,2023,"1,42,000","56,120 kms",CNG
Honda City 1.5 S MT,Honda,2004,"27,000","81,686 kms",Petrol
Mini Cooper D,Mini,2005,"2,91,000","1,41,455 kms",Diesel
Mercedes E-Class E220d,Mercedes,2002,"3,04,000","1,53,862 kms",Petrol
Toyota Yaris VX,Toyota,2007,"40,000","56,614 kms",Petrol
Chevrolet Sail UVA LS,Chevrolet,2015,"60,000","20,218 kms",Petrol
Skoda Fabia Classic 1.2 MPI,Skoda,2018,"91,000","1,40,636 kms",Diesel
Nissan Terrano XL,Nissan,2002,"25,000","88,571 kms",Petrol
BMW X1 sDrive20d,BMW,2003,"2,73,000","1,36,241 kms",Petrol
Maruti Suzuki Alto 800 Vxi,Maruti,2008,"43,000","14,619 kms",Petrol
Volvo S60 D4,Volvo,2002,"2,81,000","1,01,362 kms",Petrol
Tata Indica V2 DLS,Tata,2007,"33,000","57,405 kms",Diesel
BMW X1 sDrive20d,BMW,2019,"21,31,000","48,178 kms",Diesel
Mercedes E-Class E220d,Mercedes,2019,"14,62,000","1,68,960 kms",Petrol
Volkswagen Ameo Highline 1.5,Volkswagen,2003,"29,000","30,463 kms",Petrol
Jeep Compass Limited,Jeep,2008,"49,000","89,912 kms",Diesel
Fiat Punto Active,Fiat,2015,"67,000","12,190 kms",Petrol
Ford EcoSport Titanium 1.5L TDCi,Ford,2005,"25,000","1,74,956 kms",Diesel
Volvo S60 D4,Volvo,2018,"13,45,000","96,632 kms",Petrol
Toyota Innova 2.5 G,Toyota,2016,"97,000","67,010 kms",Petrol
Mitsubishi Lancer 1.8 GLX,Mitsubishi,2021,"1,30,000","1,50,233 kms",Diesel
Fiat Linea Active,Fiat,2004,"25,000","1,36,994 kms",Diesel
Mitsubishi Lancer 1.8 GLX,Mitsubishi,2022,"1,15,000","1,49,197 kms",Petrol
Skoda Fabia Classic 1.2 MPI,Skoda,2018,"1,06,000","81,258 kms",Petrol
Ford Figo,Ford,2009,"40,000","77,283 kms",Petrol
Mitsubishi Pajero Sport 4x2,Mitsubishi,2015,"72,000","1,63,210 kms",Petrol
Datsun GO Plus T,Datsun,2005,"25,000","1,19,947 kms",Diesel
Audi A6 2.0 TDI,Audi,2008,"5,67,000","81,234 kms",Petrol
Jaguar XF Portfolio,Jaguar,2022,"28,76,000","64,053 kms",Petrol
Maruti Suzuki Wagon R 1.0 VXI,Maruti,2002,"25,000","90,456 kms",CNG
Honda Brio S MT,Honda,2020,"95,000","1,60,009 kms",Diesel
Honda WR-V i-VTEC VX,Honda,2020,"1,05,000","94,136 kms",Petrol
Fiat Linea Active,Fiat,2020,"74,000","99,268 kms",Diesel
Tata Indica V2 DLS,Tata,2019,"61,000","1,26,434 kms",Diesel
Honda Amaze S i-Dtech,Honda,2018,"1,12,000","82,333 kms",Diesel
Volkswagen Vento Highline Diesel,Volkswagen,2010,"36,000","1,04,609 kms",Petrol
Skoda Octavia Elegance 1.8 TSI,Skoda,2010,"40,000","1,64,212 kms",Petrol
Toyota Fortuner 3.0 4x4 AT,Toyota,2009,"73,000",356 kms,Petrol
Volvo XC60 D5,Volvo,2014,"11,89,000","16,511 kms",Petrol
Datsun GO Plus T,Datsun,2008,"32,000","19,775 kms",Petrol
Chevrolet Beat LT,Chevrolet,2003,"25,000","17,459 kms",Diesel
Volkswagen Polo Highline 1.2L,Volkswagen,2011,"44,000","1,65,214 kms",Petrol
Audi A8,Audi,2007,"4,56,000","1,65,129 kms",Petrol
Mini Cooper D,Mini,2022,"24,04,000","37,756 kms",Petrol
Volkswagen Ameo Highline 1.5,Volkswagen,2002,"25,000","1,29,931 kms",Diesel
Toyota Innova 2.5 G,Toyota,2016,"1,29,000","36,729 kms",Diesel
Honda Civic 1.8 V MT,Honda,2006,"30,000","90,421 kms",Petrol
Mercedes GLA 200d,Mercedes,2022,"21,81,000","1,24,392 kms",Diesel
Mitsubishi Pajero Sport 4x2,Mitsubishi,2010,"83,000","6,059 kms",Diesel
Volkswagen Polo Highline 1.2L,Volkswagen,2008,"43,000","52,119 kms",Petrol
Honda Jazz V,Honda,2013,"70,000","44,991 kms",Petrol
Ford Figo Aspire Titanium,Ford,2019,"1,19,000","20,848 kms",Diesel
Toyota Yaris VX,Toyota,2005,"39,000","20,703 kms",Petrol
BMW 3 Series 320d,BMW,2018,"11,84,000","1,75,640 kms",Diesel
Mitsubishi Lancer 1.8 GLX,Mitsubishi,2014,"87,000","31,888 kms",Petrol
Jaguar XF Portfolio,Jaguar,2011,"10,05,000","69,462 kms",Petrol
Mitsubishi Lancer 1.8 GLX,Mitsubishi,2003,"32,000","37,023 kms",Diesel
Ford Figo Aspire Titanium,Ford,2010,"39,000","74,748 kms",Petrol
Volkswagen Polo Highline 1.2L,Volkswagen,2014,"59,000","1,23,412 kms",Petrol
Mercedes GLA 200d,Mercedes,2018,"17,33,000","44,747 kms",Petrol
Mini Cooper S,Mini,2017,"8,33,000","1,54,501 kms",Petrol
Jeep Compass Limited,Jeep,2007,"43,000","1,50,182 kms",Diesel
Jaguar XF Portfolio,Jaguar,2009,"6,59,000","1,11,778 kms",Petrol
Ford Freestyle Titanium,Ford,2018,"1,07,000","46,556 kms",Diesel
Mitsubishi Lancer 1.8 GLX,Mitsubishi,2002,"25,000","1,29,291 kms",Diesel
Ford Figo Aspire Titanium,Ford,2017,"1,24,000","16,114 kms",Diesel
Datsun GO Plus T,Datsun,2006,"30,000","4,153 kms",Diesel
Honda City 1.5 S MT,Honda,2023,"1,74,000","44,910 kms",Petrol
Jaguar XE Prestige,Jaguar,2004,"3,72,000","1,03,216 kms",Diesel
Audi A4 35 TDI,Audi,2023,"26,51,000","69,544 kms",Diesel
Jeep Compass Longitude,Jeep,2004,"28,000","1,49,684 kms",Petrol
Audi Q7,Audi,2003,"2,82,000","1,46,252 kms",Diesel
Fiat Linea Active,Fiat,2019,"98,000","4,337 kms",Petrol
Chevrolet Beat LT,Chevrolet,2021,"1,09,000","60,340 kms",Diesel
Land Rover Discovery Sport,Land,2018,"17,54,000","76,611 kms",Petrol
Volvo S60 D4,Volvo,2022,"27,48,000","22,123 kms",Diesel
Jeep Compass Limited,Jeep,2003,"25,000","1,71,760 kms",Diesel
Renault Lodgy 110PS RxZ 8 Str,Renault,2016,"54,000","1,02,466 kms",Diesel
Jaguar XE Prestige,Jaguar,2002,"3,09,000","1,61,471 kms",Diesel
Volvo S60 D4,Volvo,2022,"17,20,000","1,74,082 kms",Diesel
Datsun GO Plus T,Datsun,2006,"25,000","1,63,583 kms",Diesel
Honda Amaze S i-Dtech,Honda,2012,"44,000","1,35,396 kms",Petrol
Mini Cooper D,Mini,2023,"15,82,000","1,37,564 kms",Petrol
Mini Cooper S,Mini,2013,"12,44,000","13,697 kms",Diesel
Nissan Sunny XL,Nissan,2014,"47,000","1,62,508 kms",Diesel
Maruti Suzuki Eeco 5 Seater,Maruti,2005,"34,000","44,119 kms",Diesel
Chevrolet Sail UVA LS,Chevrolet,2010,"35,000","65,952 kms",Petrol
Mitsubishi Lancer 1.8 GLX,Mitsubishi,2008,"59,000","36,893 kms",Diesel
Toyota Yaris VX,Toyota,2009,"40,000","1,66,285 kms",Petrol
Volkswagen Jetta Comfortline TDI,Volkswagen,2009,"46,000","51,104 kms",Petrol
Mahindra Thar CRDe 4x4,Mahindra,2007,"32,000","1,39,833 kms",Diesel
Toyota Corolla Altis G,Toyota,2014,"90,000","44,056 kms",Petrol
Land Rover Freelander 2,Land,2012,"7,88,000","1,38,968 kms",Diesel
Jeep Compass Longitude,Jeep,2019,"1,31,000","1,02,655 kms",Diesel
Mercedes GLA 200d,Mercedes,2010,"6,10,000","1,01,360 kms",Diesel
Mercedes GLA 200d,Mercedes,2011,"7,77,000","68,704 kms",Petrol
Volvo S60 D4,Volvo,2023,"19,86,000","1,34,399 kms",Petrol
Mercedes GLA 200d,Mercedes,2017,"16,41,000","43,305 kms",Petrol
Chevrolet Spark LT,Chevrolet,2010,"45,000","9,980 kms",Petrol
Skoda Fabia Classic 1.2 MPI,Skoda,2012,"53,000","77,078 kms",Diesel
Tata Indica V2 DLS,Tata,2008,"37,000","45,584 kms",Diesel
BMW 5 Series 520d,BMW,2018,"21,63,000","25,627 kms",Petrol
Chevrolet Beat LT,Chevrolet,2002,"25,000","1,62,831 kms",Diesel
Mini Cooper S,Mini,2011,"9,21,000","22,942 kms",Petrol
Datsun GO Plus T,Datsun,2018,"79,000","32,085 kms",Diesel
Honda WR-V i-VTEC VX,Honda,2002,"25,000","71,319 kms",Diesel
Jeep Compass Limited,Jeep,2014,"1,25,000","42,774 kms",Petrol
BMW 5 Series 520d,BMW,2003,"4,05,000","85,153 kms",Diesel
Audi Q3 35 TDI,Audi,2011,"9,12,000","44,032 kms",Petrol
Chevrolet Sail UVA LS,Chevrolet,2019,"62,000","1,65,820 kms",Diesel
Nissan Sunny XL,Nissan,2021,"1,05,000","75,606 kms",Petrol
Volvo S60 D4,Volvo,2004,"2,80,000","1,12,325 kms",Diesel
Maruti Suzuki Alto 800 Vxi,Maruti,2003,"25,000","40,979 kms",Diesel
Mini Cooper S,Mini,2004,"3,82,000","62,076 kms",Petrol
Ford Freestyle Titanium,Ford,2012,"45,000","83,298 kms",Petrol
Mercedes C-Class C220d,Mercedes,2018,"19,65,000","53,601 kms",Diesel
Ford EcoSport Ambiente 1.5L TDCi,Ford,2011,"47,000","74,644 kms",Diesel
Land Rover Discovery Sport,Land,2006,"4,63,000","1,31,063 kms",Petrol
Audi Q3 35 TDI,Audi,2022,"18,78,000","1,08,438 kms",Petrol
Jeep Compass Longitude,Jeep,2013,"96,000","75,574 kms",Petrol
Tata Nano Lx,Tata,2019,"96,000","27,850 kms",Petrol
Tata Bolt XT,Tata,2006,"25,000","1,69,221 kms",Petrol
Hyundai i10 Sportz,Hyundai,2002,"25,000","23,653 kms",Petrol
Tata Tigor XZ,Tata,2019,"60,000","1,21,521 kms",Diesel
Mercedes E-Class E220d,Mercedes,2018,"20,68,000","22,930 kms",Diesel
Nissan Sunny XL,Nissan,2016,"69,000","84,208 kms",Diesel
Mini Cooper D,Mini,2017,"13,82,000","35,664 kms",Diesel
Hyundai Verna 1.6 SX,Hyundai,2006,"25,000","1,62,265 kms",Petrol
Jaguar XF Portfolio,Jaguar,2014,"10,17,000","1,72,506 kms",Petrol
Fiat Punto Active,Fiat,2016,"70,000","31,801 kms",Diesel
Tata Nano Lx,Tata,2016,"76,000","57,056 kms",Petrol
Chevrolet Spark LT,Chevrolet,2007,"29,000","40,782 kms",Petrol
Ford Fiesta Classic CLXi,Ford,2015,"65,000","85,809 kms",Petrol
Fiat Punto Active,Fiat,2009,"38,000","43,763 kms",Diesel
Renault Kwid RXT,Renault,2012,"35,000","1,45,837 kms",Diesel
Mini Cooper D,Mini,2017,"13,85,000","57,474 kms",Petrol
Maruti Suzuki Ciaz VDi,Maruti,2012,"53,000","68,529 kms",Diesel
Mercedes GLA 200d,Mercedes,2005,"6,02,000","47,406 kms",Diesel
Mitsubishi Lancer 1.8 GLX,Mitsubishi,2002,"27,000","49,067 kms",Petrol
Chevrolet Spark LT,Chevrolet,2023,"91,000","1,56,310 kms",Diesel
Ford Figo,Ford,2017,"78,000","85,788 kms",Petrol
Jeep Compass Longitude,Jeep,2006,"58,000","39,222 kms",Petrol
Ford Figo,Ford,2013,"47,000","1,04,205 kms",Petrol
Hyundai Creta 1.6 SX Option,Hyundai,2019,"81,000","1,28,274 kms",Diesel
Mitsubishi Lancer 1.8 GLX,Mitsubishi,2013,"56,000","1,79,300 kms",Petrol
Nissan Terrano XL,Nissan,2018,"66,000","93,780 kms",Petrol
Hyundai Santro Xing XO eRLX Euro III,Hyundai,2008,"57,000","4,644 kms",Diesel
Datsun GO Plus T,Datsun,2004,"25,000","1,50,220 kms",Diesel
Toyota Etios VXD,Toyota,2020,"1,90,000","24,628 kms",Petrol
Toyota Yaris VX,Toyota,2020,"1,13,000","91,391 kms",Petrol
Volkswagen Vento Highline Diesel,Volkswagen,2003,"25,000","1,60,553 kms",Petrol
Mercedes C-Class C220d,Mercedes,2008,"4,77,000","1,55,678 kms",Diesel
Honda WR-V i-VTEC VX,Honda,2003,"25,000","1,66,113 kms",Petrol
Toyota Innova 2.5 G,Toyota,2023,"1,50,000","1,20,776 kms",Diesel
Hyundai Grand i10 Magna 1.2 Kappa VTVT,Hyundai,2021,"85,000","1,76,637 kms",Petrol
Ford Figo,Ford,2007,"44,000","11,071 kms",Petrol
Honda Brio S MT,Honda,2012,"51,000","1,73,565 kms",Diesel
Volvo S60 D4,Volvo,2003,"3,38,000","77,068 kms",Petrol
Fiat Punto Active,Fiat,2023,"1,41,000","46,981 kms",Diesel
Skoda Octavia Elegance 1.8 TSI,Skoda,2005,"34,000","39,325 kms",Diesel
Maruti Suzuki Alto K10 VXi,Maruti,2023,"1,25,000","1,03,590 kms",Petrol
Mitsubishi Lancer 1.8 GLX,Mitsubishi,2006,Ask For Price,"39,455 kms",Diesel
Mitsubishi Pajero Sport 4x2,Mitsubishi,2013,"70,000","91,843 kms",Diesel
Mini Cooper S,Mini,2008,"3,77,000","1,74,937 kms",Diesel
Mercedes C-Class C220d,Mercedes,2005,"5,00,000","60,095 kms",Diesel
BMW 5 Series 520d,BMW,2019,"16,59,000","85,726 kms",Diesel
Honda Amaze S i-Dtech,Honda,2002,"25,000","68,088 kms",Petrol
Maruti Suzuki Swift Dzire Vdi,Maruti,2017,"92,000","14,207 kms",CNG
Mercedes C-Class C220d,Mercedes,2019,"13,35,000","1,29,823 kms",Diesel
Hyundai Venue SX,Hyundai,2004,Ask For Price,"1,13,142 kms",Diesel
Renault Kwid RXT,Renault,2006,"25,000","73,867 kms",Petrol
Toyota Yaris VX,Toyota,2022,"1,22,000","1,68,407 kms",Petrol
Skoda Fabia Classic 1.2 MPI,Skoda,2009,"50,000","15,474 kms",Petrol
Datsun redi-GO T,Datsun,2020,"58,000","1,67,829 kms",Diesel
Skoda Octavia Elegance 1.8 TSI,Skoda,2004,"25,000","97,326 kms",Diesel
Nissan Sunny XL,Nissan,2011,"36,000","1,11,555 kms",Petrol
Ford Figo,Ford,2010,"31,000","1,21,143 kms",Diesel
Hyundai Grand i10 Magna 1.2 Kappa VTVT,Hyundai,2018,"1,03,000","32,248 kms",Petrol
BMW X1 sDrive20d,BMW,2009,"8,82,000","26,413 kms",Diesel
Mahindra TUV300 T8,Mahindra,2007,Ask For Price,"1,11,198 kms",Petrol
Ford Freestyle Titanium,Ford,2023,"1,20,000","96,108 kms",Diesel
Ford EcoSport Ambiente 1.5L TDCi,Ford,2003,"25,000","1,21,592 kms",Petrol
Audi A4 35 TDI,Audi,2009,"9,56,000","14,225 kms",Diesel
Hyundai Creta 1.6 SX Option,Hyundai,2013,"46,000","1,39,218 kms",Diesel
Datsun GO T,Datsun,2005,"25,000","51,625 kms",Petrol
Nissan Terrano XL,Nissan,2018,"65,000","1,77,405 kms",Diesel
Volvo XC60 D5,Volvo,2017,Ask For Price,"7,881 kms",Petrol
Tata Tigor XZ,Tata,2008,"25,000","1,59,211 kms",Diesel
Audi Q3 35 TDI,Audi,2015,"10,74,000","1,03,286 kms",Diesel
Mitsubishi Pajero Sport 4x2,Mitsubishi,2018,"1,22,000","63,158 kms",Petrol
Hyundai Santro Xing XO eRLX Euro III,Hyundai,2010,"36,000","1,05,739 kms",Diesel
Chevrolet Beat LT,Chevrolet,2004,"25,000","30,634 kms",Petrol
Audi A4 35 TDI,Audi,2010,"10,27,000","9,891 kms",Petrol
Renault Duster 110 PS RxL,Renault,2020,"81,000","1,65,532 kms",Diesel
Jaguar XE Prestige,Jaguar,2012,"11,19,000","45,220 kms",Petrol
Hyundai Tucson 2WD AT GLS,Hyundai,2011,"42,000","1,69,598 kms",Diesel
Volvo XC60 D5,Volvo,2022,"21,16,000","58,736 kms",Petrol
Jaguar XE Prestige,Jaguar,2015,"10,95,000","1,00,297 kms",Diesel
Ford Figo,Ford,2008,"32,000","1,27,228 kms",Diesel
Mitsubishi Lancer 1.8 GLX,Mitsubishi,2009,"54,000","61,257 kms",Petrol
Tata Tigor XZ,Tata,2018,"63,000","1,75,666 kms",Diesel
Volvo XC60 D5,Volvo,2002,"4,06,000","17,662 kms",Diesel
Jaguar XE Prestige,Jaguar,2002,"4,10,000","56,288 kms",Diesel
Fiat Punto Active,Fiat,2005,"25,000","23,436 kms",Diesel
Jaguar XE Prestige,Jaguar,2022,"19,43,000","1,73,230 kms",Diesel
Fiat Punto Active,Fiat,2009,"30,000","96,929 kms",Diesel
Mahindra TUV300 T8,Mahindra,2002,"25,000","1,41,002 kms",Petrol
Jaguar XE Prestige,Jaguar,2004,"4,31,000","1,43,392 kms",Diesel
Honda Amaze S i-Dtech,Honda,2005,"25,000","1,18,403 kms",Diesel
Renault Lodgy 110PS RxZ 8 Str,Renault,2018,"80,000","98,089 kms",Diesel
Hyundai Santro Xing XO eRLX Euro III,Hyundai,2010,"32,000","1,41,682 kms",Petrol
Jaguar XE Prestige,Jaguar,2007,"7,74,000","49,622 kms",Diesel
Datsun GO T,Datsun,2022,"75,000","1,75,207 kms",Petrol
Mercedes GLA 200d,Mercedes,2020,"20,82,000","70,987 kms",Petrol
Jeep Compass Longitude,Jeep,2016,"1,06,000","1,02,887 kms",Diesel
Hyundai Tucson 2WD AT GLS,Hyundai,2013,"57,000","60,219 kms",Petrol
Mitsubishi Lancer 1.8 GLX,Mitsubishi,2005,"27,000","93,058 kms",Diesel
Mini Cooper S,Mini,2007,"3,92,000","1,27,896 kms",Diesel
Fiat Punto Active,Fiat,2012,"32,000","99,029 kms",Diesel
Mitsubishi Lancer 1.8 GLX,Mitsubishi,2007,"42,000","76,868 kms",Petrol
Land Rover Discovery Sport,Land,2021,"22,66,000","98,748 kms",Diesel
Volvo XC60 D5,Volvo,2002,"3,43,000","69,737 kms",Diesel
Audi A4 35 TDI,Audi,2006,"3,62,000","1,47,119 kms",Diesel
Nissan Terrano XL,Nissan,2009,"27,000","1,65,333 kms",Diesel
Maruti Suzuki Alto K10 VXi,Maruti,2020,"1,18,000","58,296 kms",Diesel
Jeep Compass Longitude,Jeep,2021,"2,42,000","10,870 kms",Diesel
Mercedes C-Class C220d,Mercedes,2018,"12,70,000","1,16,799 kms",Petrol
Mahindra Scorpio SLE BS IV,Mahindra,2011,"84,000","19,460 kms",Diesel
Renault Triber RXZ,Renault,2023,"1,12,000","1,57,305 kms",Petrol
Land Rover Discovery Sport,Land,2005,"5,86,000","61,087 kms",Petrol
Maruti Suzuki Celerio VXI,Maruti,2007,"35,000","65,275 kms",Petrol
Jeep Compass Longitude,Jeep,2014,"97,000","87,249 kms",Petrol
Volkswagen Ameo Highline 1.5,Volkswagen,2017,"1,05,000","38,017 kms",Diesel
Chevrolet Beat LT,Chevrolet,2008,"25,000","75,899 kms",Diesel
Datsun GO T,Datsun,2017,"45,000","1,27,040 kms",Petrol
Volkswagen Polo Highline 1.2L,Volkswagen,2019,"93,000","1,41,930 kms",Petrol
Fiat Punto Active,Fiat,2005,"25,000","71,271 kms",Petrol
Ford Freestyle Titanium,Ford,2009,"40,000","85,676 kms",Petrol
Volkswagen Jetta Comfortline TDI,Volkswagen,2021,"1,09,000","1,73,945 kms",Petrol
Land Rover Discovery Sport,Land,2011,"8,06,000","1,32,934 kms",Diesel
Mahindra Thar CRDe 4x4,Mahindra,2012,"55,000","1,54,332 kms",Diesel
Hyundai Grand i10 Magna 1.2 Kappa VTVT,Hyundai,2005,"25,000","1,60,977 kms",Petrol
Hyundai Venue SX,Hyundai,2013,"68,000","64,691 kms",Diesel
Ford EcoSport Titanium 1.5L TDCi,Ford,2017,"1,17,000","20,706 kms",Diesel
Volvo XC60 D5,Volvo,2008,"4,38,000","1,10,527 kms",Diesel
Mini Cooper S,Mini,2005,"2,99,000","1,35,017 kms",Diesel
Datsun redi-GO T,Datsun,2002,"25,000","12,984 kms",Petrol
Skoda Fabia Classic 1.2 MPI,Skoda,2011,"39,000","1,39,128 kms",Diesel
Datsun redi-GO T,Datsun,2023,"1,00,000","71,920 kms",Diesel
Chevrolet Tavera Neo 3,Chevrolet,2010,"39,000","42,522 kms",Petrol
Chevrolet Tavera Neo 3,Chevrolet,2013,"32,000","1,28,558 kms",Diesel
Mitsubishi Lancer 1.8 GLX,Mitsubishi,2011,"50,000","83,706 kms",Petrol
Volvo S60 D4,Volvo,2015,"14,42,000","34,403 kms",Petrol
Datsun redi-GO T,Datsun,2006,"25,000","1,66,176 kms",Petrol
Skoda Fabia Classic 1.2 MPI,Skoda,2005,"26,000","1,04,037 kms",Diesel
Hyundai Santro Xing XO eRLX Euro III,Hyundai,2023,"1,23,000","1,11,641 kms",Petrol
Honda Jazz V,Honda,2007,"32,000","1,18,569 kms",Diesel
Jaguar XF Portfolio,Jaguar,2011,"8,13,000","1,05,281 kms",Petrol
Datsun GO T,Datsun,2005,"25,000","20,826 kms",Petrol
Mahindra Thar CRDe 4x4,Mahindra,2018,"1,18,000","65,950 kms",Petrol
Hyundai Santro Xing XO eRLX Euro III,Hyundai,2019,"1,37,000","4,035 kms",Petrol
Datsun redi-GO T,Datsun,2017,"40,000","1,46,593 kms",Petrol
Mitsubishi Lancer 1.8 GLX,Mitsubishi,2016,"1,32,000","3,670 kms",Diesel
BMW 5 Series 520d,BMW,2007,"4,13,000","1,67,503 kms",Diesel
Toyota Innova 2.5 G,Toyota,2008,"34,000","1,38,711 kms",Diesel
Mercedes E-Class E220d,Mercedes,2009,"6,08,000","1,12,843 kms",Diesel
Fiat Punto Active,Fiat,2016,"53,000","1,45,355 kms",Diesel
Nissan Sunny XL,Nissan,2018,"89,000","45,930 kms",Diesel
Land Rover Freelander 2,Land,2018,"17,80,000","85,113 kms",Diesel
Volkswagen Polo Highline 1.2L,Volkswagen,2003,"25,000","1,77,262 kms",Diesel
Skoda Octavia Elegance 1.8 TSI,Skoda,2016,"83,000","88,846 kms",Petrol
Mahindra Scorpio SLE BS IV,Mahindra,2006,"44,000","50,837 kms",Diesel
Skoda Octavia Elegance 1.8 TSI,Skoda,2021,"1,02,000","1,28,879 kms",Petrol
Datsun GO T,Datsun,2009,"25,000","1,74,294 kms",Diesel
Toyota Fortuner 3.0 4x4 AT,Toyota,2007,"61,000","8,149 kms",Petrol
Datsun GO Plus T,Datsun,2007,Ask For Price,"19,177 kms",Diesel
Fiat Punto Active,Fiat,2004,"25,000","1,59,153 kms",Diesel
Volkswagen Ameo Highline 1.5,Volkswagen,2022,"1,60,000","51,050 kms",Petrol
Renault Triber RXZ,Renault,2019,"65,000","1,31,969 kms",Petrol
Chevrolet Spark LT,Chevrolet,2011,"51,000","3,197 kms",Petrol
Mini Cooper S,Mini,2018,"17,66,000","18,220 kms",Diesel
Jeep Compass Longitude,Jeep,2015,"90,000","90,628 kms",Petrol
Jaguar XF Portfolio,Jaguar,2010,"8,17,000","68,752 kms",Diesel
Fiat Linea Active,Fiat,2004,"25,000","1,24,647 kms",Petrol
Ford EcoSport Titanium 1.5L TDCi,Ford,2022,"1,01,000","1,79,993 kms",Diesel
Honda Civic 1.8 V MT,Honda,2016,"74,000","1,31,785 kms",Diesel
Volvo XC60 D5,Volvo,2020,"14,83,000","1,38,431 kms",Petrol
Volvo S60 D4,Volvo,2011,"7,57,000","82,544 kms",Diesel
Mercedes C-Class C220d,Mercedes,2010,"5,72,000","1,17,911 kms",Petrol
Mahindra KUV100 K8,Mahindra,2010,"55,000","45,982 kms",Diesel
Fiat Punto Active,Fiat,2020,"66,000","1,17,941 kms",Petrol
Ford Figo,Ford,2005,"25,000","1,69,463 kms",Diesel
Toyota Glanza G,Toyota,2008,"55,000","45,294 kms",Petrol
Tata Nano Lx,Tata,2006,Ask For Price,"31,852 kms",Petrol
Renault Kwid RXT,Renault,2002,"26,000","4,367 kms",Petrol
BMW 5 Series 520d,BMW,2005,"6,29,000","11,977 kms",Petrol
Jaguar XF Portfolio,Jaguar,2014,"15,46,000","32,003 kms",Petrol
Tata Tiago Revotron XZ,Tata,2014,"62,000","24,463 kms",Diesel
Fiat Linea Active,Fiat,2012,"32,000","1,70,461 kms",Petrol
Jeep Compass Longitude,Jeep,2017,"1,44,000","72,547 kms",Diesel
Fiat Punto Active,Fiat,2008,"27,000","82,639 kms",Diesel
Chevrolet Beat LT,Chevrolet,2003,"25,000","1,056 kms",Petrol
Audi A8,Audi,2007,"8,56,000","1,019 kms",Diesel
Chevrolet Tavera Neo 3,Chevrolet,2016,"65,000","19,638 kms",Diesel
BMW 5 Series 520d,BMW,2023,"21,11,000","1,02,318 kms",Diesel
Mini Cooper D,Mini,2013,"8,27,000","78,504 kms",Petrol
Renault Triber RXZ,Renault,2002,"25,000","1,17,283 kms",Diesel
Mitsubishi Lancer 1.8 GLX,Mitsubishi,2021,Ask For Price,"1,23,159 kms",Petrol
Fiat Punto Active,Fiat,2015,"40,000","1,10,119 kms",Petrol
Fiat Linea Active,Fiat,2007,"25,000","1,01,920 kms",Diesel
Fiat Linea Active,Fiat,2019,"60,000","1,45,700 kms",Petrol
Jaguar XF Portfolio,Jaguar,2021,"29,18,000","19,144 kms",Diesel
BMW 3 Series 320d,BMW,2013,"7,85,000","1,18,991 kms",Petrol
Maruti Suzuki Omni E STD,Maruti,2021,"1,07,000","62,161 kms",Petrol
BMW X1 sDrive20d,BMW,2013,"7,50,000","1,19,258 kms",Petrol
Mahindra Jeep CL550 MDI,Mahindra,2020,"1,28,000","96,711 kms",Diesel
Nissan Sunny XL,Nissan,2018,"75,000","82,506 kms",Petrol
Land Rover Freelander 2,Land,2023,"36,37,000","36,267 kms",Diesel
Mahindra Scorpio SLE BS IV,Mahindra,2019,"91,000","1,76,516 kms",Petrol
Volvo XC60 D5,Volvo,2006,"3,51,000","1,14,327 kms",Diesel
Mercedes E-Class E220d,Mercedes,2018,"12,77,000","1,54,144 kms",Petrol
Volkswagen Ameo Highline 1.5,Volkswagen,2010,"62,000","34,674 kms",Petrol
Skoda Rapid Elegance 1.6 MPI,Skoda,2017,"1,27,000","11,993 kms",Diesel
Maruti Suzuki Ciaz VDi,Maruti,2006,Ask For Price,"33,216 kms",Diesel
Mitsubishi Pajero Sport 4x2,Mitsubishi,2003,"35,000","16,711 kms",Diesel
Chevrolet Tavera Neo 3,Chevrolet,2010,"40,000","13,951 kms",Diesel
Volkswagen Jetta Comfortline TDI,Volkswagen,2007,"30,000","1,31,984 kms",Petrol
Volkswagen Polo Highline 1.2L,Volkswagen,2003,"33,000","23,420 kms",Diesel
Jeep Compass Longitude,Jeep,2007,"50,000","68,733 kms",Diesel
BMW 3 Series 320d,BMW,2014,"7,85,000","1,42,246 kms",Diesel
Nissan Terrano XL,Nissan,2022,"1,41,000","15,566 kms",Petrol
Maruti Suzuki Ciaz VDi,Maruti,2007,"26,000","1,21,688 kms",Petrol
Chevrolet Spark LT,Chevrolet,2015,"67,000","21,299 kms",Petrol
Audi A4 35 TDI,Audi,2020,"19,78,000","35,794 kms",Petrol
BMW X1 sDrive20d,BMW,2012,"6,19,000","1,78,485 kms",Petrol
Land Rover Freelander 2,Land,2018,"15,58,000","1,50,571 kms",Diesel
Skoda Fabia Classic 1.2 MPI,Skoda,2022,"1,81,000","37,022 kms",Diesel
Tata Nexon XZ Plus,Tata,2013,"57,000","34,573 kms",Diesel
Ford Figo Aspire Titanium,Ford,2004,"25,000","1,63,784 kms",Petrol
Skoda Octavia Elegance 1.8 TSI,Skoda,2004,"26,000","55,993 kms",Petrol
Honda Jazz V,Honda,2019,"84,000","1,74,160 kms",Diesel
Audi Q3 35 TDI,Audi,2008,"5,14,000","94,456 kms",Diesel
Renault Triber RXZ,Renault,2006,"25,000","1,10,377 kms",Petrol
Fiat Linea Active,Fiat,2003,"25,000","1,12,629 kms",Diesel
Land Rover Discovery Sport,Land,2011,"7,64,000","1,42,166 kms",Petrol
Chevrolet Spark LT,Chevrolet,2014,"36,000","1,65,413 kms",Diesel
Hyundai Verna 1.6 SX,Hyundai,2012,"77,000","14,012 kms",Diesel
Land Rover Freelander 2,Land,2014,"12,25,000","94,499 kms",Diesel
Nissan Sunny XL,Nissan,2007,Ask For Price,"54,099 kms",Petrol
Hyundai Xcent S,Hyundai,2012,"43,000","85,179 kms",Petrol
Skoda Octavia Elegance 1.8 TSI,Skoda,2002,"25,000","1,74,709 kms",Petrol
Mahindra Scorpio SLE BS IV,Mahindra,2016,"64,000","1,33,140 kms",Diesel
Maruti Suzuki Swift Dzire Vdi,Maruti,2012,"48,000","77,414 kms",CNG
Land Rover Freelander 2,Land,2007,"5,06,000","1,66,258 kms",Petrol
Renault Triber RXZ,Renault,2010,"55,000","21,899 kms",Petrol
Jaguar XE Prestige,Jaguar,2007,"5,59,000","1,14,850 kms",Diesel
Nissan Micra XV,Nissan,2002,"25,000","41,494 kms",Diesel
Hyundai Grand i10 Magna 1.2 Kappa VTVT,Hyundai,2012,"63,000","29,196 kms",Diesel
Toyota Corolla Altis G,Toyota,2022,"1,36,000","1,54,293 kms",Diesel
Chevrolet Beat LT,Chevrolet,2016,"60,000","74,160 kms",Petrol
Audi A6 2.0 TDI,Audi,2006,"4,20,000","1,21,655 kms",Petrol
Mitsubishi Lancer 1.8 GLX,Mitsubishi,2022,"2,30,000","7,453 kms",Petrol
Hyundai Santro Xing XO eRLX Euro III,Hyundai,2014,"68,000","75,557 kms",Petrol
Maruti Suzuki Baleno Delta,Maruti,2020,"1,21,000","31,168 kms",Petrol
Hyundai Eon Era Plus,Hyundai,2015,"86,000","12,055 kms",Diesel
Mini Cooper S,Mini,2009,"4,96,000","1,71,526 kms",Diesel
Toyota Glanza G,Toyota,2013,"71,000","90,830 kms",Petrol
Chevrolet Spark LT,Chevrolet,2003,"25,000","94,824 kms",Diesel
Mercedes GLA 200d,Mercedes,2020,"27,30,000","3,520 kms",Petrol
Fiat Punto Active,Fiat,2004,"25,000","1,43,423 kms",Diesel
Hyundai Eon Era Plus,Hyundai,2017,"70,000","1,31,422 kms",Diesel
Tata Tigor XZ,Tata,2008,"25,000","1,49,594 kms",Diesel
Nissan Micra XV,Nissan,2002,"26,000",828 kms,Diesel
Toyota Corolla Altis G,Toyota,2012,"84,000","2,210 kms",Petrol
Maruti Suzuki Swift Vdi,Maruti,2017,"80,000","55,809 kms",CNG
Datsun GO T,Datsun,2011,"41,000","27,826 kms",Diesel
Hyundai Elite i20 Magna 1.2,Hyundai,2023,"1,05,000","1,50,225 kms",Petrol
Chevrolet Beat LT,Chevrolet,2004,"25,000","4,093 kms",Petrol
BMW X1 sDrive20d,BMW,2003,"3,02,000","93,467 kms",Petrol
Fiat Linea Active,Fiat,2018,"64,000","66,495 kms",Petrol
Ford EcoSport Titanium 1.5L TDCi,Ford,2014,"50,000","1,03,013 kms",Diesel
Maruti Suzuki Wagon R 1.0 VXI,Maruti,2023,"1,18,000","87,790 kms",CNG
Mitsubishi Lancer 1.8 GLX,Mitsubishi,2012,"44,000","1,48,366 kms",Petrol
Mitsubishi Lancer 1.8 GLX,Mitsubishi,2011,"62,000","44,005 kms",Diesel
Renault Lodgy 110PS RxZ 8 Str,Renault,2023,"1,61,000","47,071 kms",Petrol
Nissan Sunny XL,Nissan,2018,"86,000","48,999 kms",Petrol
Maruti Suzuki Omni E STD,Maruti,2021,"1,52,000","33,151 kms",Petrol
Nissan Micra XV,Nissan,2009,"25,000","1,44,470 kms",Petrol
Toyota Innova 2.5 G,Toyota,2022,"1,17,000","1,59,482 kms",Petrol
Jeep Compass Longitude,Jeep,2018,"1,21,000","1,50,269 kms",Diesel
Mitsubishi Pajero Sport 4x2,Mitsubishi,2015,"1,05,000","27,996 kms",Petrol
Nissan Sunny XL,Nissan,2019,"72,000","1,44,436 kms",Petrol
Mitsubishi Lancer 1.8 GLX,Mitsubishi,2017,"1,14,000","44,003 kms",Petrol
Land Rover Freelander 2,Land,2012,"12,01,000","62,053 kms",Diesel
Volvo S60 D4,Volvo,2004,"3,23,000","1,43,620 kms",Diesel
Mitsubishi Lancer 1.8 GLX,Mitsubishi,2007,"31,000","1,33,548 kms",Diesel
Hyundai Grand i10 Magna 1.2 Kappa VTVT,Hyundai,2018,"1,15,000","36,302 kms",Petrol
Maruti Suzuki Alto 800 Vxi,Maruti,2007,"25,000","1,44,593 kms",Petrol
Mini Cooper S,Mini,2006,"2,92,000","1,73,766 kms",Petrol
Volkswagen Jetta Comfortline TDI,Volkswagen,2010,"39,000","1,71,760 kms",Petrol
Jeep Compass Longitude,Jeep,2004,"32,000","1,10,583 kms",Diesel
Land Rover Freelander 2,Land,2023,"33,62,000","33,269 kms",Petrol
Hyundai Creta 1.6 SX Option,Hyundai,2006,"29,000","57,514 kms",Petrol
Nissan Micra XV,Nissan,2005,"27,000","63,984 kms",Diesel
Honda Civic 1.8 V MT,Honda,2004,"25,000","1,09,657 kms",Diesel
Datsun GO T,Datsun,2002,"25,000","1,78,929 kms",Petrol
Renault Lodgy 110PS RxZ 8 Str,Renault,2016,"53,000","1,20,581 kms",Diesel
Volvo S60 D4,Volvo,2006,"6,32,000","18,722 kms",Petrol
Mahindra KUV100 K8,Mahindra,2023,"1,18,000","1,79,875 kms",Petrol
Volvo S60 D4,Volvo,2007,"3,62,000","1,52,678 kms",Petrol
Volkswagen Vento Highline Diesel,Volkswagen,2019,"1,14,000","72,427 kms",Petrol
Honda Civic 1.8 V MT,Honda,2004,Ask For Price,"53,321 kms",Petrol
Hyundai Verna 1.6 SX,Hyundai,2014,"56,000","1,46,161 kms",Diesel
Datsun redi-GO T,Datsun,2003,"25,000","1,00,544 kms",Petrol
Mahindra KUV100 K8,Mahindra,2013,"58,000","94,909 kms",Diesel
Volkswagen Ameo Highline 1.5,Volkswagen,2022,"2,32,000","9,583 kms",Diesel
Tata Tigor XZ,Tata,2011,"32,000","1,58,607 kms",Petrol
Nissan Micra XV,Nissan,2011,"31,000","1,69,765 kms",Diesel
Toyota Fortuner 3.0 4x4 AT,Toyota,2006,"26,000","1,13,828 kms",Petrol
Volkswagen Vento Highline Diesel,Volkswagen,2015,"65,000","1,74,547 kms",Petrol
Mini Cooper D,Mini,2010,"4,30,000","1,76,655 kms",Petrol
Jeep Compass Longitude,Jeep,2019,"1,27,000","1,29,334 kms",Petrol
Honda Brio S MT,Honda,2009,"42,000","81,662 kms",Petrol
Datsun redi-GO T,Datsun,2009,"32,000","52,794 kms",Diesel
Skoda Rapid Elegance 1.6 MPI,Skoda,2007,"30,000","95,948 kms",Petrol
Renault Triber RXZ,Renault,2008,"38,000","9,205 kms",Petrol
Nissan Terrano XL,Nissan,2018,"58,000","1,31,043 kms",Diesel
Volkswagen Ameo Highline 1.5,Volkswagen,2016,"73,000","1,02,442 kms",Diesel
Datsun GO Plus T,Datsun,2010,"26,000","1,66,752 kms",Diesel
Renault Lodgy 110PS RxZ 8 Str,Renault,2013,"46,000","1,48,032 kms",Diesel
Datsun GO Plus T,Datsun,2021,"73,000","1,31,903 kms",Diesel
Tata Tiago Revotron XZ,Tata,2006,"30,000","20,829 kms",Petrol
Fiat Punto Active,Fiat,2020,"82,000","87,142 kms",Diesel
Toyota Fortuner 3.0 4x4 AT,Toyota,2021,"2,07,000","37,480 kms",Diesel
Datsun redi-GO T,Datsun,2011,"25,000","1,17,195 kms",Petrol
Maruti Suzuki Vitara Brezza ZDi,Maruti,2010,"47,000","35,937 kms",Petrol
Ford EcoSport Ambiente 1.5L TDCi,Ford,2007,"30,000","1,00,974 kms",Petrol
Jaguar XF Portfolio,Jaguar,2022,"19,25,000","1,42,827 kms",Petrol
BMW 3 Series 320d,BMW,2011,"7,58,000","83,130 kms",Diesel
Audi Q7,Audi,2015,"12,20,000","57,774 kms",Diesel
Jaguar XE Prestige,Jaguar,2002,"3,10,000","1,40,126 kms",Petrol
Nissan Micra XV,Nissan,2006,"31,000","31,622 kms",Petrol
Mahindra Bolero SLE,Mahindra,2012,"72,000","41,104 kms",Diesel
Volkswagen Vento Highline Diesel,Volkswagen,2015,"58,000","1,32,610 kms",Diesel
Mini Cooper D,Mini,2003,"3,84,000","29,572 kms",Diesel
Mini Cooper S,Mini,2018,"11,98,000","1,07,820 kms",Diesel
Renault Lodgy 110PS RxZ 8 Str,Renault,2016,"53,000","1,18,842 kms",Petrol
Chevrolet Tavera Neo 3,Chevrolet,2008,"26,000","51,212 kms",Diesel
Hyundai Santro Xing XO eRLX Euro III,Hyundai,2022,"1,25,000","93,714 kms",Petrol
Mahindra Jeep CL550 MDI,Mahindra,2013,"62,000","85,423 kms",Petrol
Hyundai Santro Xing XO eRLX Euro III,Hyundai,2006,"25,000","1,26,937 kms",Petrol
Toyota Corolla Altis G,Toyota,2016,Ask For Price,"1,73,788 kms",Petrol
Skoda Fabia Classic 1.2 MPI,Skoda,2020,"1,59,000","32,453 kms",Petrol
Mini Cooper S,Mini,2017,"12,85,000","43,217 kms",Petrol
Volvo XC60 D5,Volvo,2013,"10,35,000","40,515 kms",Diesel
Volvo S60 D4,Volvo,2020,"15,23,000","1,65,556 kms",Diesel
Nissan Terrano XL,Nissan,2013,"43,000","1,72,924 kms",Petrol
Honda Brio S MT,Honda,2016,"98,000","59,564 kms",Petrol
Toyota Innova 2.5 G,Toyota,2011,"57,000","95,413 kms",Diesel
Renault Triber RXZ,Renault,2009,"41,000","33,969 kms",Petrol
Nissan Micra XV,Nissan,2017,"66,000","1,04,196 kms",Petrol
Audi A4 35 TDI,Audi,2018,"18,57,000","49,235 kms",Diesel
Ford Freestyle Titanium,Ford,2018,"1,03,000","41,622 kms",Petrol
Mercedes C-Class C220d,Mercedes,2006,"4,27,000","1,04,020 kms",Petrol
Fiat Punto Active,Fiat,2019,"63,000","1,77,773 kms",Petrol
Mercedes GLA 200d,Mercedes,2022,"19,96,000","1,14,064 kms",Diesel
Datsun redi-GO T,Datsun,2008,"25,000","85,116 kms",Diesel
Tata Nano Lx,Tata,2006,"32,000","37,228 kms",Petrol
Mini Cooper S,Mini,2021,"19,90,000","76,655 kms",Diesel
Jaguar XE Prestige,Jaguar,2023,"20,79,000","1,79,754 kms",Petrol
Datsun GO T,Datsun,2014,"46,000","48,082 kms",Diesel
Datsun GO T,Datsun,2022,"61,000","1,25,611 kms",Petrol
Fiat Punto Active,Fiat,2010,"27,000","1,04,123 kms",Diesel
Maruti Suzuki Vitara Brezza ZDi,Maruti,2023,"1,40,000","82,742 kms",Petrol
Ford Fiesta Classic CLXi,Ford,2019,"82,000","85,023 kms",Petrol
Renault Lodgy 110PS RxZ 8 Str,Renault,2007,"25,000","1,05,296 kms",Petrol
Datsun GO T,Datsun,2020,"58,000","1,24,232 kms",Diesel
Volkswagen Jetta Comfortline TDI,Volkswagen,2003,"25,000","94,873 kms",Diesel
Toyota Yaris VX,Toyota,2023,"2,30,000","17,740 kms",Diesel
Volkswagen Polo Highline 1.2L,Volkswagen,2004,"25,000","1,48,532 kms",Diesel
Mitsubishi Pajero Sport 4x2,Mitsubishi,2020,"1,17,000","98,659 kms",Petrol
Mercedes E-Class E220d,Mercedes,2007,"8,79,000","15,880 kms",Diesel
Maruti Suzuki Wagon R 1.0 VXI,Maruti,2007,"25,000","1,14,026 kms",Petrol
Mini Cooper D,Mini,2005,"4,24,000","35,739 kms",Petrol
Tata Bolt XT,Tata,2009,"26,000","1,12,820 kms",Diesel
Audi A8,Audi,2003,"2,81,000","1,48,576 kms",Diesel
Mercedes E-Class E220d,Mercedes,2009,"8,40,000","21,046 kms",Petrol
Jaguar XE Prestige,Jaguar,2016,"14,82,000","88,997 kms",Diesel
Renault Kwid RXT,Renault,2022,"89,000","1,79,652 kms",Diesel
Mini Cooper D,Mini,2012,"6,27,000","81,041 kms",Petrol
Mitsubishi Lancer 1.8 GLX,Mitsubishi,2007,"38,000","61,225 kms",Petrol
Mitsubishi Pajero Sport 4x2,Mitsubishi,2013,"99,000","6,265 kms",Diesel
Skoda Octavia Elegance 1.8 TSI,Skoda,2022,"1,19,000","1,19,662 kms",Diesel
Maruti Suzuki Swift Dzire Vdi,Maruti,2015,"48,000","1,47,231 kms",CNG
Jaguar XF Portfolio,Jaguar,2017,"14,39,000","1,05,197 kms",Diesel
Skoda Fabia Classic 1.2 MPI,Skoda,2015,"97,000","52,871 kms",Diesel
Hyundai Creta 1.6 SX Option,Hyundai,2012,"68,000","8,757 kms",Petrol
Land Rover Freelander 2,Land,2017,"19,53,000","52,313 kms",Petrol
Volkswagen Jetta Comfortline TDI,Volkswagen,2021,"1,57,000","48,982 kms",Diesel
Mini Cooper D,Mini,2006,"3,20,000","1,49,341 kms",Diesel
Land Rover Discovery Sport,Land,2020,"16,29,000","1,22,246 kms",Petrol
Toyota Glanza G,Toyota,2007,"35,000","1,21,386 kms",Diesel
Renault Duster 110 PS RxL,Renault,2012,"41,000","1,61,077 kms",Diesel
Fiat Linea Active,Fiat,2021,"90,000","1,03,246 kms",Diesel
BMW 3 Series 320d,BMW,2011,"8,69,000","86,714 kms",Diesel
Skoda Octavia Elegance 1.8 TSI,Skoda,2009,"46,000","80,680 kms",Diesel
Skoda Octavia Elegance 1.8 TSI,Skoda,2005,"26,000","1,03,783 kms",Petrol
Land Rover Discovery Sport,Land,2010,"6,85,000","1,51,702 kms",Diesel
Volkswagen Jetta Comfortline TDI,Volkswagen,2010,"60,000","4,602 kms",Petrol
Chevrolet Tavera Neo 3,Chevrolet,2006,"25,000","1,58,812 kms",Diesel
Mitsubishi Lancer 1.8 GLX,Mitsubishi,2005,Ask For Price,"65,420 kms",Petrol
Mitsubishi Lancer 1.8 GLX,Mitsubishi,2006,"43,000","16,144 kms",Petrol
Hyundai Venue SX,Hyundai,2012,"48,000","79,099 kms",Diesel
BMW 5 Series 520d,BMW,2012,"7,63,000","1,23,993 kms",Petrol
Renault Duster 110 PS RxL,Renault,2003,"25,000","79,207 kms",Diesel
Datsun GO T,Datsun,2006,"25,000","1,60,253 kms",Petrol
Honda Brio S MT,Honda,2013,"84,000","28,054 kms",Petrol
Audi Q3 35 TDI,Audi,2014,"8,96,000","93,485 kms",Diesel
Mini Cooper D,Mini,2002,"2,62,000","1,45,688 kms",Diesel
Mitsubishi Pajero Sport 4x2,Mitsubishi,2004,"32,000","68,543 kms",Diesel
Land Rover Discovery Sport,Land,2014,"9,73,000","1,01,782 kms",Petrol
Fiat Linea Active,Fiat,2003,"25,000","53,761 kms",Diesel
BMW 3 Series 320d,BMW,2023,"33,55,000","35,681 kms",Petrol
Audi Q3 35 TDI,Audi,2007,"5,36,000","69,600 kms",Diesel
Skoda Fabia Classic 1.2 MPI,Skoda,2023,"1,32,000","1,18,264 kms",Diesel
Jaguar XF Portfolio,Jaguar,2019,"27,59,000","7,445 kms",Petrol
Mini Cooper D,Mini,2006,"3,33,000","1,49,281 kms",Diesel
Hyundai Elite i20 Magna 1.2,Hyundai,2022,"1,75,000","23,606 kms",Diesel
Audi Q3 35 TDI,Audi,2008,"7,84,000","9,940 kms",Diesel
Honda Amaze S i-Dtech,Honda,2019,"88,000","96,205 kms",Petrol
Volvo XC60 D5,Volvo,2015,"8,81,000","1,02,557 kms",Diesel
Toyota Etios VXD,Toyota,2008,"56,000","35,090 kms",Petrol
Honda City 1.5 S MT,Honda,2006,"32,000","86,657 kms",Diesel
Tata Indica V2 DLS,Tata,2009,"41,000","5,858 kms",Petrol
Audi A4 35 TDI,Audi,2005,"3,89,000","1,75,822 kms",Diesel
Maruti Suzuki Vitara Brezza ZDi,Maruti,2015,"78,000","37,322 kms",CNG
Chevrolet Spark LT,Chevrolet,2003,"25,000","45,597 kms",Diesel
Mahindra Scorpio S10,Mahindra,2009,"37,000","1,52,594 kms",Petrol
Toyota Etios VXD,Toyota,2002,"31,000","56,928 kms",Diesel
Honda City 1.5 S MT,Honda,2006,"26,000","1,41,705 kms",Diesel
Mitsubishi Pajero Sport 4x2,Mitsubishi,2004,"25,000","1,19,170 kms",Petrol
Honda Jazz V,Honda,2003,"25,000","97,958 kms",Petrol
BMW 5 Series 520d,BMW,2023,"21,96,000","1,43,352 kms",Diesel
Mercedes GLA 200d,Mercedes,2022,"21,34,000","1,29,911 kms",Diesel
Volvo S60 D4,Volvo,2010,"9,24,000","13,219 kms",Diesel
Fiat Linea Active,Fiat,2006,"25,000","1,77,738 kms",Diesel
Mahindra Scorpio S10,Mahindra,2006,"29,000","83,109 kms",Petrol
Land Rover Discovery Sport,Land,2014,"11,79,000","1,03,437 kms",Diesel
Honda Amaze S i-Dtech,Honda,2017,"94,000","65,401 kms",Petrol
Mahindra Scorpio S10,Mahindra,2005,"36,000","34,176 kms",Diesel
Jeep Compass Limited,Jeep,2018,"1,99,000","11,100 kms",Petrol
Fiat Linea Active,Fiat,2021,"1,24,000","13,206 kms",Petrol
Mercedes E-Class E220d,Mercedes,2003,"3,22,000","1,65,061 kms",Petrol
Mitsubishi Lancer 1.8 GLX,Mitsubishi,2013,"88,000","46,814 kms",Diesel
Ford Figo Aspire Titanium,Ford,2005,"28,000","45,362 kms",Petrol
Datsun GO Plus T,Datsun,2010,"30,000","65,576 kms",Petrol
Maruti Suzuki Celerio VXI,Maruti,2011,"48,000","39,330 kms",Petrol
Jaguar XF Portfolio,Jaguar,2023,"33,85,000","68,433 kms",Diesel
Tata Tigor XZ,Tata,2002,"25,000","1,41,547 kms",Petrol
Skoda Rapid Elegance 1.6 MPI,Skoda,2002,"25,000","79,983 kms",Diesel
Chevrolet Beat LT,Chevrolet,2010,Ask For Price,"1,21,898 kms",Petrol
Nissan Terrano XL,Nissan,2023,"1,04,000","99,065 kms",Diesel
Chevrolet Spark LT,Chevrolet,2023,"80,000","1,17,591 kms",Diesel
Toyota Fortuner 3.0 4x4 AT,Toyota,2015,"62,000","1,66,472 kms",Petrol
Chevrolet Tavera Neo 3,Chevrolet,2009,"28,000","70,356 kms",Petrol
Chevrolet Spark LT,Chevrolet,2007,"25,000","94,129 kms",Petrol
Datsun redi-GO T,Datsun,2019,"92,000","22,045 kms",Petrol
Mini Cooper D,Mini,2020,"18,95,000","41,431 kms",Petrol
Chevrolet Tavera Neo 3,Chevrolet,2008,"35,000","11,120 kms",Petrol
Jaguar XF Portfolio,Jaguar,2009,"5,96,000","1,14,366 kms",Petrol
Honda Brio S MT,Honda,2015,"96,000","45,283 kms",Diesel
Hyundai i10 Sportz,Hyundai,2014,"88,000","20,022 kms",Diesel
Maruti Suzuki Eeco 5 Seater,Maruti,2023,"1,01,000","1,44,600 kms",Diesel
Ford Figo,Ford,2022,"91,000","1,41,214 kms",Petrol
Renault Kwid RXT,Renault,2004,"25,000","1,68,492 kms",Petrol
Toyota Innova 2.5 G,Toyota,2013,"74,000","77,713 kms",Petrol
BMW X1 sDrive20d,BMW,2015,"10,94,000","1,40,552 kms",Diesel
Maruti Suzuki Swift Vdi,Maruti,2020,"1,28,000","28,866 kms",Diesel
Datsun redi-GO T,Datsun,2011,"34,000","35,113 kms",Petrol
Mitsubishi Lancer 1.8 GLX,Mitsubishi,2016,"70,000","1,67,421 kms",Diesel
Chevrolet Tavera Neo 3,Chevrolet,2022,"90,000","1,05,410 kms",Diesel
Skoda Octavia Elegance 1.8 TSI,Skoda,2005,"25,000","1,56,283 kms",Diesel
Jaguar XE Prestige,Jaguar,2005,"4,34,000","1,60,142 kms",Petrol
Honda Amaze S i-Dtech,Honda,2004,"27,000","50,774 kms",Petrol
Hyundai Creta 1.6 SX Option,Hyundai,2007,"26,000","1,60,462 kms",Diesel
Ford EcoSport Ambiente 1.5L TDCi,Ford,2017,"58,000","1,34,076 kms",Petrol
Audi A6 2.0 TDI,Audi,2015,"9,51,000","1,54,274 kms",Diesel
Mini Cooper S,Mini,2018,Ask For Price,"52,309 kms",Petrol
Renault Lodgy 110PS RxZ 8 Str,Renault,2015,"52,000","1,07,532 kms",Petrol
Land Rover Freelander 2,Land,2003,"7,45,000","1,511 kms",Diesel
Fiat Linea Active,Fiat,2008,"25,000","1,42,698 kms",Diesel
Chevrolet Beat LT,Chevrolet,2012,"42,000","47,144 kms",Diesel
Renault Duster 110 PS RxL,Renault,2013,"43,000","1,45,105 kms",Petrol
Volvo S60 D4,Volvo,2023,"16,11,000","1,48,094 kms",Petrol
Land Rover Discovery Sport,Land,2007,"6,00,000","1,20,001 kms",Diesel
Toyota Glanza G,Toyota,2008,"38,000","1,31,591 kms",Diesel
Tata Nano Lx,Tata,2017,"56,000","1,06,926 kms",Petrol
Mini Cooper D,Mini,2007,"3,61,000","1,04,341 kms",Diesel
Skoda Fabia Classic 1.2 MPI,Skoda,2002,"27,000","19,599 kms",Petrol
Toyota Etios VXD,Toyota,2009,"35,000","1,59,686 kms",Petrol
Jeep Compass Longitude,Jeep,2013,"1,11,000","49,077 kms",Diesel
Mahindra TUV300 T8,Mahindra,2012,"96,000","5,286 kms",Diesel
Datsun GO T,Datsun,2022,"1,32,000","11,489 kms",Diesel
Mitsubishi Pajero Sport 4x2,Mitsubishi,2002,"25,000","1,66,510 kms",Petrol
Renault Duster 110 PS RxL,Renault,2021,"1,41,000","33,506 kms",Diesel
Ford Figo Aspire Titanium,Ford,2018,"1,32,000","29,111 kms",Diesel
Fiat Punto Active,Fiat,2019,"82,000","78,457 kms",Diesel
Jaguar XE Prestige,Jaguar,2006,"4,94,000","1,02,543 kms",Diesel
Datsun GO Plus T,Datsun,2014,"51,000","44,878 kms",Diesel
Chevrolet Tavera Neo 3,Chevrolet,2008,"25,000","80,852 kms",Petrol
Volkswagen Jetta Comfortline TDI,Volkswagen,2022,"1,21,000","1,66,944 kms",Petrol
Honda Civic 1.8 V MT,Honda,2021,"1,82,000","5,991 kms",Diesel
Volvo XC60 D5,Volvo,2015,"7,96,000","1,54,834 kms",Diesel
Volvo XC60 D5,Volvo,2017,"18,41,000","5,760 kms",Petrol
Skoda Octavia Elegance 1.8 TSI,Skoda,2023,"1,33,000","1,30,655 kms",Diesel
Mitsubishi Lancer 1.8 GLX,Mitsubishi,2014,"84,000","72,399 kms",Petrol
Volvo XC60 D5,Volvo,2005,"3,36,000","1,07,828 kms",Diesel
Jeep Compass Limited,Jeep,2008,"50,000","1,04,608 kms",Petrol
Mitsubishi Pajero Sport 4x2,Mitsubishi,2010,"47,000","76,125 kms",Diesel
Jaguar XF Portfolio,Jaguar,2002,"3,37,000","85,733 kms",Petrol
Hyundai Elite i20 Magna 1.2,Hyundai,2014,"70,000","36,679 kms",Diesel
Fiat Punto Active,Fiat,2002,"25,000","1,42,801 kms",Petrol
Nissan Terrano XL,Nissan,2005,"26,000","58,149 kms",Petrol
Fiat Punto Active,Fiat,2023,"1,59,000","10,886 kms",Diesel
Fiat Punto Active,Fiat,2021,"72,000","1,56,076 kms",Diesel
Ford Endeavour 4x4 AT,Ford,2013,"40,000","1,09,150 kms",Petrol
Audi Q3 35 TDI,Audi,2002,"4,20,000","12,484 kms",Petrol
Datsun GO Plus T,Datsun,2014,Ask For Price,"26,792 kms",Diesel
Nissan Sunny XL,Nissan,2011,"59,000","25,551 kms",Diesel
Audi Q7,Audi,2023,"24,66,000","77,220 kms",Diesel
Mercedes GLA 200d,Mercedes,2002,"2,88,000","1,71,444 kms",Petrol
Mini Cooper S,Mini,2002,"3,52,000","29,721 kms",Petrol
Ford EcoSport Titanium 1.5L TDCi,Ford,2009,"39,000","71,241 kms",Diesel
Honda Civic 1.8 V MT,Honda,2021,"1,88,000","11,441 kms",Diesel
BMW X1 sDrive20d,BMW,2014,"8,92,000","98,200 kms",Petrol
Honda Amaze S i-Dtech,Honda,2005,"30,000","84,931 kms",Diesel
Mercedes C-Class C220d,Mercedes,2012,"6,83,000","1,11,634 kms",Petrol
Ford Endeavour 4x4 AT,Ford,2002,"25,000","87,075 kms",Petrol
Jaguar XF Portfolio,Jaguar,2016,"21,52,000","7,806 kms",Diesel
Datsun redi-GO T,Datsun,2019,"66,000","75,747 kms",Diesel
BMW 5 Series 520d,BMW,2007,"7,22,000","25,367 kms",Petrol
Mercedes C-Class C220d,Mercedes,2006,"5,86,000","75,458 kms",Diesel
Toyota Yaris VX,Toyota,2021,"2,16,000","14,873 kms",Petrol
Jaguar XE Prestige,Jaguar,2004,"6,23,000","17,923 kms",Diesel
Honda Brio S MT,Honda,2016,"64,000","1,29,770 kms",Petrol
Mini Cooper S,Mini,2021,"17,14,000","90,934 kms",Diesel
Chevrolet Spark LT,Chevrolet,2007,"25,000","1,53,311 kms",Diesel
Honda Brio S MT,Honda,2012,"69,000","26,682 kms",Diesel
Mercedes E-Class E220d,Mercedes,2021,"26,75,000","22,128 kms",Diesel
Hyundai Xcent S,Hyundai,2022,"1,77,000","12,463 kms",Diesel
Audi A8,Audi,2011,"7,81,000","70,680 kms",Diesel
Tata Tiago Revotron XZ,Tata,2006,"27,000","78,104 kms",Diesel
Skoda Fabia Classic 1.2 MPI,Skoda,2016,"1,10,000","31,316 kms",Diesel
Mitsubishi Lancer 1.8 GLX,Mitsubishi,2008,"50,000","68,246 kms",Diesel
Hyundai Verna 1.6 SX,Hyundai,2009,"28,000","1,28,112 kms",Petrol
Tata Nexon XZ Plus,Tata,2004,"25,000","18,095 kms",Petrol
Volvo S60 D4,Volvo,2015,"15,56,000","9,913 kms",Diesel
Fiat Punto Active,Fiat,2013,"54,000","45,736 kms",Diesel
Skoda Octavia Elegance 1.8 TSI,Skoda,2015,"95,000","48,322 kms",Diesel
Ford Figo Aspire Titanium,Ford,2011,"43,000","1,07,210 kms",Diesel
Chevrolet Spark LT,Chevrolet,2017,"42,000","1,34,280 kms",Petrol
Ford EcoSport Ambiente 1.5L TDCi,Ford,2015,"51,000","1,79,815 kms",Diesel
Datsun redi-GO T,Datsun,2004,"25,000","1,25,716 kms",Diesel
Mitsubishi Lancer 1.8 GLX,Mitsubishi,2020,"1,72,000","17,219 kms",Diesel
Honda Civic 1.8 V MT,Honda,2021,"1,19,000","1,50,987 kms",Diesel
BMW 5 Series 520d,BMW,2012,"12,61,000","13,904 kms",Petrol
Fiat Linea Active,Fiat,2017,"69,000","59,836 kms",Petrol
Jaguar XF Portfolio,Jaguar,2007,"8,23,000","25,056 kms",Petrol
Jeep Compass Limited,Jeep,2011,"86,000","44,717 kms",Diesel
Jeep Compass Limited,Jeep,2021,"1,55,000","1,75,734 kms",Diesel
Fiat Linea Active,Fiat,2017,"66,000","86,238 kms",Diesel
Jeep Compass Longitude,Jeep,2020,"2,08,000","13,559 kms",Petrol
Mitsubishi Lancer 1.8 GLX,Mitsubishi,2019,"1,02,000","1,59,798 kms",Petrol
Fiat Punto Active,Fiat,2022,"92,000","1,59,597 kms",Diesel
Chevrolet Sail UVA LS,Chevrolet,2010,"30,000","86,274 kms",Petrol
Tata Nexon XZ Plus,Tata,2017,"94,000","42,010 kms",Diesel
Toyota Yaris VX,Toyota,2008,"33,000","1,67,399 kms",Petrol
BMW X1 sDrive20d,BMW,2005,"6,19,000","21,573 kms",Petrol
Fiat Punto Active,Fiat,2010,Ask For Price,"88,327 kms",Petrol
Volvo S60 D4,Volvo,2005,"3,53,000","1,16,831 kms",Diesel
Honda Civic 1.8 V MT,Honda,2015,"56,000","1,10,976 kms",Petrol
Mahindra Thar CRDe 4x4,Mahindra,2018,"91,000","1,41,254 kms",Diesel
Maruti Suzuki Eeco 5 Seater,Maruti,2012,Ask For Price,"51,259 kms",Petrol
Ford EcoSport Titanium 1.5L TDCi,Ford,2020,"1,02,000","63,311 kms",Petrol
Fiat Punto Active,Fiat,2020,"63,000","1,24,437 kms",Diesel
Nissan Micra XV,Nissan,2009,"27,000","1,11,928 kms",Petrol
Chevrolet Beat LT,Chevrolet,2018,"76,000","32,348 kms",Petrol
Honda Jazz V,Honda,2008,"30,000","1,20,958 kms",Petrol
Land Rover Discovery Sport,Land,2008,"5,98,000","99,482 kms",Diesel
Tata Tigor XZ,Tata,2013,"39,000","1,33,703 kms",Diesel
Renault Duster 110 PS RxL,Renault,2002,"25,000","1,64,367 kms",Diesel
BMW 3 Series 320d,BMW,2013,"8,01,000","1,66,002 kms",Diesel
Mini Cooper D,Mini,2014,"7,80,000","98,554 kms",Petrol
Nissan Sunny XL,Nissan,2005,"30,000","26,645 kms",Diesel
Jaguar XE Prestige,Jaguar,2023,"34,94,000","35,233 kms",Petrol
Maruti Suzuki Swift Dzire Vdi,Maruti,2019,"80,000","1,55,944 kms",CNG
BMW 3 Series 320d,BMW,2012,"9,13,000","65,471 kms",Diesel
Volkswagen Ameo Highline 1.5,Volkswagen,2004,"25,000","1,79,133 kms",Diesel
Volvo XC60 D5,Volvo,2012,"6,13,000","1,66,458 kms",Petrol
Mini Cooper D,Mini,2015,"11,14,000","69,725 kms",Petrol
Hyundai Eon Era Plus,Hyundai,2023,"1,03,000","1,46,957 kms",Petrol
Maruti Suzuki Wagon R 1.0 VXI,Maruti,2006,"25,000","1,27,660 kms",CNG
Jeep Compass Longitude,Jeep,2010,"56,000","1,66,236 kms",Diesel
Jeep Compass Longitude,Jeep,2020,"1,77,000","83,196 kms",Petrol
Mitsubishi Pajero Sport 4x2,Mitsubishi,2015,"64,000","1,29,939 kms",Diesel
Jaguar XE Prestige,Jaguar,2020,"25,26,000","45,634 kms",Petrol
Volkswagen Jetta Comfortline TDI,Volkswagen,2010,"42,000","83,960 kms",Diesel
Chevrolet Tavera Neo 3,Chevrolet,2006,"25,000","1,28,802 kms",Petrol
Maruti Suzuki Eeco 5 Seater,Maruti,2015,"53,000","1,45,012 kms",Petrol
Volkswagen Polo Highline 1.2L,Volkswagen,2008,"38,000","80,071 kms",Petrol
Mahindra TUV300 T8,Mahindra,2008,"33,000","1,43,853 kms",Diesel
Jeep Compass Longitude,Jeep,2009,"66,000","56,316 kms",Diesel
Maruti Suzuki Wagon R 1.0 VXI,Maruti,2005,"27,000","61,061 kms",Petrol
Ford EcoSport Ambiente 1.5L TDCi,Ford,2008,"32,000","1,34,488 kms",Diesel
Honda WR-V i-VTEC VX,Honda,2006,"33,000","91,504 kms",Diesel
Volkswagen Polo Highline 1.2L,Volkswagen,2022,"1,86,000","44,765 kms",Petrol
Mini Cooper D,Mini,2016,"7,39,000","1,21,164 kms",Petrol
Mahindra Jeep CL550 MDI,Mahindra,2003,"25,000","1,29,795 kms",Petrol
Ford Endeavour 4x4 AT,Ford,2008,"42,000","41,927 kms",Diesel
Fiat Punto Active,Fiat,2003,"25,000","1,62,992 kms",Diesel
Mini Cooper S,Mini,2006,"3,92,000","72,726 kms",Diesel
Fiat Linea Active,Fiat,2006,"25,000","1,02,277 kms",Diesel
Tata Nano Lx,Tata,2007,"26,000","97,930 kms",Petrol
Honda Amaze S i-Dtech,Honda,2011,"82,000","3,767 kms",Diesel
Jaguar XE Prestige,Jaguar,2007,"4,59,000","1,09,994 kms",Petrol
Hyundai Santro Xing XO eRLX Euro III,Hyundai,2008,"36,000","80,179 kms",Diesel
Datsun GO T,Datsun,2003,"25,000","1,24,589 kms",Petrol
Land Rover Freelander 2,Land,2003,"4,82,000","39,800 kms",Petrol
Renault Lodgy 110PS RxZ 8 Str,Renault,2015,"75,000","35,631 kms",Petrol
Fiat Punto Active,Fiat,2002,"25,000","88,957 kms",Diesel
Hyundai Grand i10 Magna 1.2 Kappa VTVT,Hyundai,2017,"83,000","63,904 kms",Petrol
Maruti Suzuki Alto 800 Vxi,Maruti,2016,"68,000","56,772 kms",CNG
Hyundai Venue SX,Hyundai,2007,"34,000","42,107 kms",Petrol
Datsun GO Plus T,Datsun,2003,"25,000","1,33,614 kms",Diesel
Mercedes C-Class C220d,Mercedes,2007,"7,81,000","31,544 kms",Petrol
Land Rover Discovery Sport,Land,2015,"16,82,000","29,427 kms",Diesel
Mahindra TUV300 T8,Mahindra,2002,"25,000","1,19,319 kms",Diesel
Honda Amaze S i-Dtech,Honda,2011,"47,000","76,943 kms",Petrol
Mini Cooper D,Mini,2002,"3,35,000","37,867 kms",Diesel
Volkswagen Polo Highline 1.2L,Volkswagen,2006,"26,000","1,74,247 kms",Petrol
Audi A8,Audi,2007,"4,28,000","98,620 kms",Petrol
Mini Cooper D,Mini,2012,"10,37,000","24,839 kms",Petrol
Mahindra TUV300 T8,Mahindra,2021,"1,37,000","78,771 kms",Petrol
Jaguar XE Prestige,Jaguar,2010,"8,21,000","90,525 kms",Diesel
Datsun GO T,Datsun,2006,"25,000","27,826 kms",Petrol
Fiat Punto Active,Fiat,2007,"25,000","1,12,787 kms",Diesel
Volvo XC60 D5,Volvo,2010,"5,94,000","1,25,658 kms",Diesel
Jeep Compass Limited,Jeep,2006,"51,000","56,171 kms",Diesel
Maruti Suzuki Alto K10 VXi,Maruti,2018,Ask For Price,"70,678 kms",Diesel
Renault Lodgy 110PS RxZ 8 Str,Renault,2023,"1,12,000","1,46,242 kms",Petrol
Hyundai Venue SX,Hyundai,2011,"33,000","1,62,553 kms",Petrol
Hyundai i10 Sportz,Hyundai,2020,"83,000","1,38,796 kms",Petrol
Mini Cooper S,Mini,2008,"4,46,000","85,568 kms",Petrol
BMW 5 Series 520d,BMW,2016,"16,21,000","10,342 kms",Petrol
Jeep Compass Limited,Jeep,2012,"78,000","72,011 kms",Diesel
Maruti Suzuki Swift Dzire Vdi,Maruti,2004,"28,000","43,746 kms",Petrol
Honda City 1.5 S MT,Honda,2013,"63,000","86,306 kms",Petrol
Maruti Suzuki Alto 800 Vxi,Maruti,2002,"25,000","4,864 kms",CNG
Land Rover Discovery Sport,Land,2016,Ask For Price,"62,823 kms",Petrol
Jeep Compass Longitude,Jeep,2005,Ask For Price,"66,192 kms",Petrol
Mitsubishi Pajero Sport 4x2,Mitsubishi,2014,"63,000","1,48,923 kms",Petrol
Mercedes C-Class C220d,Mercedes,2016,"11,89,000","1,52,660 kms",Diesel
Datsun GO T,Datsun,2019,"64,000","88,400 kms",Diesel
Mahindra KUV100 K8,Mahindra,2017,"97,000","67,736 kms",Diesel
Volvo XC60 D5,Volvo,2023,"24,82,000","57,540 kms",Petrol
Renault Lodgy 110PS RxZ 8 Str,Renault,2004,"26,000","25,297 kms",Petrol
Fiat Linea Active,Fiat,2010,"32,000","86,535 kms",Petrol
Skoda Fabia Classic 1.2 MPI,Skoda,2002,"28,000","49,674 kms",Diesel
Mahindra Thar CRDe 4x4,Mahindra,2008,"38,000","85,019 kms",Diesel
Audi Q3 35 TDI,Audi,2014,"8,06,000","1,50,768 kms",Diesel
Volkswagen Jetta Comfortline TDI,Volkswagen,2015,"62,000","1,15,867 kms",Petrol
Fiat Punto Active,Fiat,2010,"28,000","1,68,910 kms",Petrol
Fiat Punto Active,Fiat,2018,"87,000","40,000 kms",Petrol
Volvo XC60 D5,Volvo,2002,"3,66,000","39,235 kms",Diesel
Jeep Compass Longitude,Jeep,2017,"1,51,000","68,802 kms",Diesel
Nissan Terrano XL,Nissan,2008,"25,000","1,07,994 kms",Diesel
Nissan Sunny XL,Nissan,2002,"25,000","2,307 kms",Diesel
Fiat Punto Active,Fiat,2019,"72,000","87,135 kms",Petrol
Mahindra Scorpio S10,Mahindra,2022,"1,52,000","85,916 kms",Diesel
Datsun GO T,Datsun,2003,"25,000","16,046 kms",Diesel
Volkswagen Jetta Comfortline TDI,Volkswagen,2015,"94,000","6,268 kms",Petrol
Jeep Compass Longitude,Jeep,2016,"1,35,000","22,818 kms",Petrol
Toyota Etios VXD,Toyota,2006,"27,000","1,48,944 kms",Diesel
Maruti Suzuki Eeco 5 Seater,Maruti,2010,"29,000","1,39,652 kms",Diesel
BMW 5 Series 520d,BMW,2009,"7,15,000","67,877 kms",Diesel
Skoda Octavia Elegance 1.8 TSI,Skoda,2007,"44,000","37,934 kms",Diesel
Mini Cooper D,Mini,2014,"12,64,000","6,693 kms",Petrol
Maruti Suzuki Celerio VXI,Maruti,2017,"67,000","1,64,181 kms",Petrol
Honda Jazz V,Honda,2009,"36,000","91,777 kms",Diesel
Fiat Punto Active,Fiat,2007,"25,000","83,422 kms",Petrol
Audi A6 2.0 TDI,Audi,2014,"8,11,000","1,18,867 kms",Petrol
Land Rover Discovery Sport,Land,2013,"10,44,000","1,05,007 kms",Petrol
Mahindra TUV300 T8,Mahindra,2015,"65,000","1,43,172 kms",Diesel
Volvo XC60 D5,Volvo,2017,"10,63,000","1,22,542 kms",Petrol
Mini Cooper S,Mini,2013,"11,06,000","4,043 kms",Petrol
Jeep Compass Limited,Jeep,2018,"1,28,000","1,48,375 kms",Diesel
Honda Amaze S i-Dtech,Honda,2012,"55,000","71,370 kms",Petrol
BMW X1 sDrive20d,BMW,2014,"9,39,000","1,43,672 kms",Petrol
Chevrolet Tavera Neo 3,Chevrolet,2010,"25,000","1,58,592 kms",Diesel
Toyota Innova 2.5 G,Toyota,2014,"69,000","1,73,095 kms",Diesel
Mahindra Scorpio SLE BS IV,Mahindra,2005,"25,000","1,75,888 kms",Petrol
Fiat Punto Active,Fiat,2018,"83,000","38,570 kms",Diesel
BMW 3 Series 320d,BMW,2011,"9,71,000","59,173 kms",Diesel
Jeep Compass Longitude,Jeep,2004,"31,000","1,38,573 kms",Diesel
Maruti Suzuki Ertiga VDI,Maruti,2014,"58,000","68,171 kms",Petrol
Ford EcoSport Titanium 1.5L TDCi,Ford,2007,"44,000","23,983 kms",Petrol
Tata Tigor XZ,Tata,2010,Ask For Price,"21,664 kms",Petrol
Land Rover Discovery Sport,Land,2003,"4,02,000","81,615 kms",Diesel
Mercedes C-Class C220d,Mercedes,2005,"3,56,000","1,68,359 kms",Diesel
Toyota Innova 2.5 G,Toyota,2008,"60,000","27,634 kms",Diesel
Volvo S60 D4,Volvo,2004,Ask For Price,"23,552 kms",Diesel
Skoda Rapid Elegance 1.6 MPI,Skoda,2005,"33,000","63,198 kms",Petrol
Ford Endeavour 4x4 AT,Ford,2016,"54,000","1,71,078 kms",Diesel
Mini Cooper D,Mini,2006,"3,92,000","93,103 kms",Petrol
Mitsubishi Lancer 1.8 GLX,Mitsubishi,2022,"1,43,000","1,22,431 kms",Diesel
Mini Cooper S,Mini,2004,"3,89,000","54,110 kms",Diesel
Toyota Yaris VX,Toyota,2005,"54,000","6,033 kms",Diesel
Jaguar XF Portfolio,Jaguar,2018,"24,40,000","1,007 kms",Diesel
Hyundai Eon Era Plus,Hyundai,2016,Ask For Price,"29,447 kms",Diesel
Land Rover Freelander 2,Land,2021,"17,67,000","1,23,302 kms",Petrol
Volvo XC60 D5,Volvo,2010,"5,92,000","1,26,223 kms",Diesel
Mercedes E-Class E220d,Mercedes,2009,"11,03,000","10,669 kms",Diesel
Ford EcoSport Titanium 1.5L TDCi,Ford,2007,"33,000","75,281 kms",Petrol
Nissan Sunny XL,Nissan,2016,"46,000","1,31,303 kms",Petrol
Jaguar XF Portfolio,Jaguar,2008,"9,31,000","35,477 kms",Petrol
Toyota Innova 2.5 G,Toyota,2014,"66,000","1,53,475 kms",Petrol
Jaguar XF Portfolio,Jaguar,2019,"17,51,000","92,482 kms",Diesel
Maruti Suzuki Ertiga VDI,Maruti,2016,"52,000","1,78,945 kms",Diesel
Ford Figo,Ford,2020,"86,000","95,697 kms",Petrol
Ford Freestyle Titanium,Ford,2015,Ask For Price,"78,269 kms",Petrol
Maruti Suzuki Baleno Delta,Maruti,2008,"32,000","95,514 kms",Petrol
Mini Cooper D,Mini,2007,"4,81,000","74,042 kms",Petrol
Volvo S60 D4,Volvo,2020,"22,41,000","36,001 kms",Diesel
Mahindra XUV500 W8,Mahindra,2002,"38,000","2,778 kms",Diesel
Volvo S60 D4,Volvo,2002,"2,69,000","83,040 kms",Petrol
Mahindra KUV100 K8,Mahindra,2017,"85,000","95,711 kms",Petrol
Skoda Rapid Elegance 1.6 MPI,Skoda,2009,"45,000","60,678 kms",Diesel
Mahindra Jeep CL550 MDI,Mahindra,2012,"95,000","4,576 kms",Diesel
Mercedes E-Class E220d,Mercedes,2010,"9,72,000","40,855 kms",Diesel
BMW 3 Series 320d,BMW,2012,"7,11,000","1,23,952 kms",Petrol
Ford Figo,Ford,2019,"1,49,000","20,117 kms",Diesel
Ford Figo,Ford,2009,"34,000","1,55,361 kms",Diesel
Ford EcoSport Ambiente 1.5L TDCi,Ford,2013,"56,000","68,151 kms",Petrol
Hyundai Tucson 2WD AT GLS,Hyundai,2016,Ask For Price,"42,246 kms",Petrol
Skoda Rapid Elegance 1.6 MPI,Skoda,2015,"67,000","97,043 kms",Diesel
Honda City 1.5 S MT,Honda,2013,"78,000","17,049 kms",Diesel
Hyundai Xcent S,Hyundai,2016,"94,000","32,213 kms",Diesel
Mini Cooper D,Mini,2019,"11,07,000","1,68,191 kms",Petrol
Tata Indica V2 DLS,Tata,2017,"76,000","83,474 kms",Diesel
Toyota Fortuner 3.0 4x4 AT,Toyota,2011,"82,000","19,209 kms",Diesel
Audi A6 2.0 TDI,Audi,2014,"14,15,000","13,157 kms",Petrol
Datsun GO Plus T,Datsun,2018,"54,000","1,05,698 kms",Petrol
Jeep Compass Limited,Jeep,2003,"27,000","1,17,722 kms",Diesel
Audi A8,Audi,2023,"26,78,000","54,330 kms",Petrol
Land Rover Freelander 2,Land,2012,"12,31,000","54,690 kms",Diesel
Nissan Terrano XL,Nissan,2006,"31,000","57,218 kms",Diesel
Volvo S60 D4,Volvo,2015,"9,08,000","1,76,214 kms",Petrol
Jeep Compass Limited,Jeep,2020,"1,22,000","1,78,206 kms",Petrol
Nissan Micra XV,Nissan,2010,"60,000","1,679 kms",Diesel
Volvo S60 D4,Volvo,2017,"16,33,000","52,532 kms",Diesel
Chevrolet Tavera Neo 3,Chevrolet,2015,"48,000","67,568 kms",Petrol
Chevrolet Tavera Neo 3,Chevrolet,2016,"75,000","15,244 kms",Diesel
Mercedes GLA 200d,Mercedes,2012,"8,22,000","90,346 kms",Diesel
Mitsubishi Pajero Sport 4x2,Mitsubishi,2009,"35,000","1,38,241 kms",Diesel
Tata Nexon XZ Plus,Tata,2006,"25,000","1,19,491 kms",Petrol
Toyota Yaris VX,Toyota,2006,"26,000","1,26,491 kms",Petrol
Audi Q3 35 TDI,Audi,2022,"18,54,000","1,28,575 kms",Diesel
Ford Figo Aspire Titanium,Ford,2007,"41,000","15,096 kms",Diesel
Nissan Micra XV,Nissan,2011,"45,000","70,408 kms",Diesel
Nissan Micra XV,Nissan,2005,"25,000","1,11,466 kms",Petrol
Toyota Etios VXD,Toyota,2002,"34,000","47,333 kms",Diesel
Fiat Punto Active,Fiat,2005,"25,000","69,867 kms",Petrol
Mahindra Jeep CL550 MDI,Mahindra,2015,"71,000","1,43,326 kms",Diesel
Maruti Suzuki Baleno Delta,Maruti,2004,"25,000","1,04,973 kms",Petrol
Chevrolet Beat LT,Chevrolet,2003,"25,000","76,437 kms",Petrol
Audi A6 2.0 TDI,Audi,2010,"7,63,000","73,411 kms",Diesel
Audi A6 2.0 TDI,Audi,2020,"18,95,000","73,143 kms",Diesel
Fiat Punto Active,Fiat,2019,"89,000","58,372 kms",Petrol
Chevrolet Sail UVA LS,Chevrolet,2003,"25,000","41,066 kms",Diesel
Fiat Linea Active,Fiat,2005,"25,000","1,58,336 kms",Petrol
Audi A6 2.0 TDI,Audi,2017,"14,54,000","47,333 kms",Petrol
Datsun GO T,Datsun,2013,"28,000","1,71,074 kms",Petrol
BMW 3 Series 320d,BMW,2006,"4,14,000","1,12,939 kms",Diesel
Toyota Fortuner 3.0 4x4 AT,Toyota,2007,"32,000","1,45,056 kms",Diesel
Mercedes E-Class E220d,Mercedes,2021,"15,96,000","1,64,359 kms",Diesel
Jeep Compass Limited,Jeep,2011,"1,14,000",831 kms,Diesel
BMW 3 Series 320d,BMW,2007,"7,89,000","11,790 kms",Petrol
Mitsubishi Pajero Sport 4x2,Mitsubishi,2021,"1,82,000","12,278 kms",Petrol
Nissan Sunny XL,Nissan,2009,"25,000","1,62,549 kms",Petrol
Hyundai Tucson 2WD AT GLS,Hyundai,2009,"43,000","45,543 kms",Petrol
Tata Nano Lx,Tata,2002,"25,000","44,080 kms",Petrol
Nissan Terrano XL,Nissan,2012,"37,000","90,291 kms",Petrol
Renault Triber RXZ,Renault,2011,"36,000","86,230 kms",Petrol
Jeep Compass Limited,Jeep,2008,"45,000","1,63,620 kms",Petrol
Toyota Corolla Altis G,Toyota,2009,"42,000","1,03,414 kms",Petrol
Fiat Punto Active,Fiat,2013,"31,000","1,48,035 kms",Petrol
Volkswagen Ameo Highline 1.5,Volkswagen,2004,"31,000","42,486 kms",Petrol
Volvo XC60 D5,Volvo,2012,"7,08,000","1,60,460 kms",Petrol
Renault Lodgy 110PS RxZ 8 Str,Renault,2014,"61,000","52,027 kms",Petrol
Nissan Sunny XL,Nissan,2007,"36,000","17,287 kms",Petrol
Volkswagen Polo Highline 1.2L,Volkswagen,2020,"1,36,000","53,354 kms",Diesel
Ford Endeavour 4x4 AT,Ford,2006,"35,000","47,498 kms",Diesel
Ford Figo Aspire Titanium,Ford,2013,"58,000","60,948 kms",Diesel
Volkswagen Jetta Comfortline TDI,Volkswagen,2012,"67,000","39,721 kms",Diesel
Honda Brio S MT,Honda,2002,"25,000","1,62,841 kms",Diesel
Renault Duster 110 PS RxL,Renault,2002,"25,000","1,49,805 kms",Petrol
Volkswagen Ameo Highline 1.5,Volkswagen,2006,"30,000","71,005 kms",Petrol
Mahindra Thar CRDe 4x4,Mahindra,2009,"39,000","87,096 kms",Diesel
Tata Tigor XZ,Tata,2006,"29,000","26,410 kms",Petrol
Hyundai Xcent S,Hyundai,2016,"63,000","1,27,269 kms",Diesel
Volvo S60 D4,Volvo,2013,"8,61,000","65,983 kms",Petrol
Fiat Punto Active,Fiat,2010,"28,000","1,64,800 kms",Diesel
Ford Endeavour 4x4 AT,Ford,2007,"50,000","2,046 kms",Diesel
Hyundai i10 Sportz,Hyundai,2017,"72,000","1,66,311 kms",Diesel
Tata Nano Lx,Tata,2007,"25,000","1,54,479 kms",Diesel
Volvo S60 D4,Volvo,2007,"5,14,000","89,305 kms",Diesel
BMW 5 Series 520d,BMW,2003,"3,26,000","1,36,353 kms",Diesel
Nissan Terrano XL,Nissan,2018,"67,000","1,39,142 kms",Petrol
Chevrolet Tavera Neo 3,Chevrolet,2017,Ask For Price,"35,483 kms",Diesel
Jeep Compass Limited,Jeep,2014,"78,000","1,26,520 kms",Petrol
Nissan Sunny XL,Nissan,2008,"27,000","1,67,255 kms",Diesel
Mitsubishi Lancer 1.8 GLX,Mitsubishi,2007,"28,000","1,45,707 kms",Petrol
Maruti Suzuki Swift Vdi,Maruti,2019,"1,19,000","48,164 kms",Diesel
Mini Cooper D,Mini,2007,"4,32,000","78,710 kms",Diesel
Mitsubishi Lancer 1.8 GLX,Mitsubishi,2007,"27,000","1,69,476 kms",Petrol
Toyota Etios VXD,Toyota,2010,"74,000","22,956 kms",Diesel
Maruti Suzuki Alto 800 Vxi,Maruti,2021,"84,000","1,71,836 kms",CNG
Audi A4 35 TDI,Audi,2006,"3,64,000","1,07,555 kms",Diesel
Chevrolet Beat LT,Chevrolet,2020,"67,000","94,814 kms",Diesel
Skoda Octavia Elegance 1.8 TSI,Skoda,2003,"35,000","5,018 kms",Petrol
Mahindra XUV500 W8,Mahindra,2009,"41,000","97,286 kms",Diesel
Toyota Corolla Altis G,Toyota,2016,"1,35,000","24,648 kms",Petrol
Maruti Suzuki Omni E STD,Maruti,2003,"25,000","1,10,166 kms",Petrol
Mercedes GLA 200d,Mercedes,2003,"3,77,000","84,083 kms",Diesel
Jaguar XF Portfolio,Jaguar,2003,"3,90,000","1,24,356 kms",Diesel
Tata Tigor XZ,Tata,2018,"59,000","92,895 kms",Petrol
Audi A6 2.0 TDI,Audi,2008,"5,66,000","71,239 kms",Diesel
Jaguar XE Prestige,Jaguar,2009,"5,59,000","1,76,600 kms",Petrol
Tata Nexon XZ Plus,Tata,2005,"31,000","3,358 kms",Diesel
BMW 5 Series 520d,BMW,2006,"5,58,000","52,541 kms",Petrol
Skoda Fabia Classic 1.2 MPI,Skoda,2008,"30,000","1,20,625 kms",Petrol
Datsun GO Plus T,Datsun,2013,"34,000","1,25,040 kms",Diesel
BMW X1 sDrive20d,BMW,2008,"6,25,000","65,900 kms",Diesel
Volkswagen Jetta Comfortline TDI,Volkswagen,2004,"25,000","1,24,194 kms",Diesel
Fiat Linea Active,Fiat,2002,"25,000","22,786 kms",Diesel
Toyota Corolla Altis G,Toyota,2007,"53,000","10,894 kms",Petrol
Skoda Rapid Elegance 1.6 MPI,Skoda,2010,"59,000","20,486 kms",Diesel
BMW 5 Series 520d,BMW,2008,"5,15,000","1,31,429 kms",Diesel
Maruti Suzuki Swift Dzire Vdi,Maruti,2013,"58,000","77,018 kms",Diesel
Honda WR-V i-VTEC VX,Honda,2019,"81,000","1,48,950 kms",Petrol
Tata Bolt XT,Tata,2015,"60,000","69,888 kms",Petrol
Maruti Suzuki Ciaz VDi,Maruti,2012,"56,000","59,642 kms",Diesel
Volkswagen Vento Highline Diesel,Volkswagen,2004,"25,000","1,02,549 kms",Diesel
Volvo S60 D4,Volvo,2003,"2,72,000","1,52,550 kms",Petrol
Jaguar XF Portfolio,Jaguar,2003,"4,80,000","79,981 kms",Diesel
Ford EcoSport Ambiente 1.5L TDCi,Ford,2009,"30,000","1,19,535 kms",Diesel
Datsun GO Plus T,Datsun,2014,"61,000","21,688 kms",Diesel
Nissan Sunny XL,Nissan,2010,"29,000","1,08,652 kms",Diesel
Renault Lodgy 110PS RxZ 8 Str,Renault,2019,"1,26,000","17,701 kms",Diesel
Mahindra Thar CRDe 4x4,Mahindra,2018,"73,000","1,59,727 kms",Petrol
Audi A8,Audi,2007,"3,69,000","1,51,321 kms",Petrol
Chevrolet Beat LT,Chevrolet,2016,"39,000","1,70,444 kms",Diesel
Nissan Sunny XL,Nissan,2015,"95,000","8,820 kms",Diesel
Renault Lodgy 110PS RxZ 8 Str,Renault,2010,"28,000","1,11,460 kms",Petrol
Mini Cooper D,Mini,2023,"24,70,000","55,409 kms",Petrol
Ford Endeavour 4x4 AT,Ford,2006,"33,000","48,081 kms",Petrol
Mercedes GLA 200d,Mercedes,2022,"24,82,000","73,817 kms",Petrol
Audi Q7,Audi,2022,"17,34,000","1,33,024 kms",Diesel
Chevrolet Beat LT,Chevrolet,2014,"35,000","1,23,498 kms",Petrol
Jaguar XE Prestige,Jaguar,2018,Ask For Price,"1,62,083 kms",Diesel
Chevrolet Sail UVA LS,Chevrolet,2002,"25,000","1,75,931 kms",Diesel
Ford Fiesta Classic CLXi,Ford,2016,"1,08,000","15,483 kms",Diesel
Land Rover Freelander 2,Land,2019,"15,74,000","1,05,343 kms",Diesel
Toyota Innova 2.5 G,Toyota,2004,"26,000","1,05,539 kms",Petrol
Maruti Suzuki Vitara Brezza ZDi,Maruti,2008,"27,000","1,52,200 kms",Petrol
Volvo S60 D4,Volvo,2023,"17,98,000","1,48,643 kms",Petrol
BMW X1 sDrive20d,BMW,2012,"9,94,000","53,596 kms",Petrol
Maruti Suzuki Alto K10 VXi,Maruti,2015,"60,000","80,830 kms",Diesel
Toyota Innova 2.5 G,Toyota,2008,"39,000","1,55,121 kms",Petrol
Renault Triber RXZ,Renault,2011,"29,000","1,67,802 kms",Petrol
Mitsubishi Lancer 1.8 GLX,Mitsubishi,2016,"1,35,000","7,121 kms",Diesel
Chevrolet Tavera Neo 3,Chevrolet,2008,"35,000",622 kms,Diesel
Toyota Corolla Altis G,Toyota,2009,"42,000","1,47,270 kms",Diesel
Hyundai Elite i20 Magna 1.2,Hyundai,2023,"2,09,000","19,851 kms",Diesel
Mercedes GLA 200d,Mercedes,2002,"3,60,000","1,01,383 kms",Diesel
Renault Duster 110 PS RxL,Renault,2012,"32,000","1,69,235 kms",Petrol
Volkswagen Vento Highline Diesel,Volkswagen,2022,"1,09,000","1,34,056 kms",Petrol
Audi A4 35 TDI,Audi,2005,"3,83,000","1,24,868 kms",Petrol
BMW X1 sDrive20d,BMW,2011,"12,72,000","11,249 kms",Diesel
Jeep Compass Longitude,Jeep,2018,"1,08,000","1,68,035 kms",Petrol
Jeep Compass Longitude,Jeep,2021,"1,54,000","1,08,789 kms",Petrol
Skoda Octavia Elegance 1.8 TSI,Skoda,2012,"77,000","8,014 kms",Petrol
Jaguar XF Portfolio,Jaguar,2020,"26,97,000","48,295 kms",Diesel
BMW X1 sDrive20d,BMW,2002,"2,91,000","1,10,982 kms",Petrol
Datsun GO T,Datsun,2007,Ask For Price,"1,23,896 kms",Diesel
Hyundai Xcent S,Hyundai,2006,"42,000","4,489 kms",Petrol
Mini Cooper S,Mini,2015,"10,97,000","51,118 kms",Diesel
Volvo XC60 D5,Volvo,2022,"16,95,000","1,70,745 kms",Petrol
Jeep Compass Limited,Jeep,2002,"35,000","21,392 kms",Petrol
Jaguar XE Prestige,Jaguar,2011,"10,71,000","42,647 kms",Diesel
Mitsubishi Pajero Sport 4x2,Mitsubishi,2006,Ask For Price,"58,513 kms",Diesel
Fiat Linea Active,Fiat,2020,"75,000","1,18,418 kms",Diesel
Hyundai Eon Era Plus,Hyundai,2021,"95,000","98,855 kms",Diesel
Skoda Fabia Classic 1.2 MPI,Skoda,2014,"70,000","83,526 kms",Petrol
Skoda Fabia Classic 1.2 MPI,Skoda,2013,"58,000","93,124 kms",Petrol
Jeep Compass Longitude,Jeep,2019,"1,35,000","1,15,342 kms",Diesel
Maruti Suzuki Baleno Delta,Maruti,2014,"54,000","71,397 kms",Petrol
Mitsubishi Lancer 1.8 GLX,Mitsubishi,2017,"1,04,000","65,313 kms",Diesel
BMW 3 Series 320d,BMW,2008,"7,45,000","33,437 kms",Petrol
Audi Q7,Audi,2021,"15,60,000","1,38,758 kms",Diesel
Nissan Terrano XL,Nissan,2011,"38,000","1,48,721 kms",Diesel
Jaguar XE Prestige,Jaguar,2006,"7,57,000","13,337 kms",Diesel
Toyota Etios VXD,Toyota,2015,"60,000","1,47,864 kms",Petrol
Mahindra TUV300 T8,Mahindra,2020,"96,000","1,53,036 kms",Diesel
Datsun GO Plus T,Datsun,2020,"58,000","1,57,600 kms",Petrol
Fiat Punto Active,Fiat,2008,"29,000","84,147 kms",Diesel
Jeep Compass Limited,Jeep,2017,"96,000","1,18,311 kms",Petrol
Maruti Suzuki Wagon R 1.0 VXI,Maruti,2005,"28,000","64,865 kms",Diesel
Volkswagen Vento Highline Diesel,Volkswagen,2005,"28,000","85,918 kms",Petrol
Volvo S60 D4,Volvo,2006,Ask For Price,"33,144 kms",Diesel
Mahindra Bolero SLE,Mahindra,2011,"81,000","13,120 kms",Petrol
Datsun GO T,Datsun,2021,"1,17,000","17,752 kms",Diesel
Hyundai Creta 1.6 SX Option,Hyundai,2020,Ask For Price,"18,638 kms",Petrol
Jeep Compass Limited,Jeep,2012,"91,000","40,026 kms",Diesel
Fiat Linea Active,Fiat,2022,"95,000","85,880 kms",Diesel
Jaguar XE Prestige,Jaguar,2011,"14,09,000","3,077 kms",Diesel
Honda City 1.5 S MT,Honda,2018,"1,10,000","47,980 kms",Petrol
Mitsubishi Lancer 1.8 GLX,Mitsubishi,2015,"67,000","1,12,325 kms",Petrol
Volvo XC60 D5,Volvo,2006,"3,76,000","1,49,098 kms",Petrol
Datsun GO Plus T,Datsun,2006,"27,000","1,230 kms",Petrol
Mini Cooper S,Mini,2016,"8,61,000","1,61,498 kms",Diesel
BMW X1 sDrive20d,BMW,2012,"7,46,000","1,26,005 kms",Petrol
Mini Cooper D,Mini,2002,"2,94,000","81,265 kms",Petrol
Volkswagen Polo Highline 1.2L,Volkswagen,2007,"37,000","83,458 kms",Petrol
Mercedes GLA 200d,Mercedes,2021,"19,78,000","82,871 kms",Diesel
Mercedes E-Class E220d,Mercedes,2008,"4,52,000","1,68,491 kms",Petrol
Nissan Micra XV,Nissan,2009,"29,000","1,09,949 kms",Petrol
Toyota Innova 2.5 G,Toyota,2006,"35,000","87,531 kms",Petrol
Tata Nano Lx,Tata,2016,"80,000","10,668 kms",Petrol
Skoda Rapid Elegance 1.6 MPI,Skoda,2010,Ask For Price,"1,17,685 kms",Diesel
Volkswagen Jetta Comfortline TDI,Volkswagen,2015,"1,16,000","6,829 kms",Diesel
Honda Amaze S i-Dtech,Honda,2012,"78,000","17,319 kms",Petrol
Chevrolet Beat LT,Chevrolet,2021,"1,23,000","18,788 kms",Diesel
Land Rover Discovery Sport,Land,2004,"4,34,000","1,26,799 kms",Petrol
Fiat Linea Active,Fiat,2004,"25,000","70,350 kms",Diesel
Hyundai Tucson 2WD AT GLS,Hyundai,2004,"25,000","1,46,466 kms",Diesel
Fiat Punto Active,Fiat,2005,"25,000","84,237 kms",Diesel
Volvo XC60 D5,Volvo,2023,"20,68,000","95,977 kms",Petrol
Datsun GO T,Datsun,2022,"63,000","1,29,047 kms",Diesel
Mitsubishi Pajero Sport 4x2,Mitsubishi,2002,"27,000","81,753 kms",Diesel
Volkswagen Polo Highline 1.2L,Volkswagen,2009,"31,000","1,58,489 kms",Petrol
Maruti Suzuki Eeco 5 Seater,Maruti,2008,"25,000","1,54,389 kms",CNG
Hyundai Eon Era Plus,Hyundai,2018,"85,000","97,551 kms",Diesel
Land Rover Freelander 2,Land,2023,"21,46,000","1,16,705 kms",Petrol
Volvo XC60 D5,Volvo,2004,"3,59,000","1,00,274 kms",Diesel
Tata Nano Lx,Tata,2009,"28,000","89,896 kms",Diesel
Tata Bolt XT,Tata,2016,"69,000","78,738 kms",Diesel
Jeep Compass Longitude,Jeep,2015,"82,000","1,27,864 kms",Petrol
Fiat Linea Active,Fiat,2003,"25,000","1,56,490 kms",Petrol
Ford Endeavour 4x4 AT,Ford,2021,"1,75,000","24,389 kms",Diesel
Tata Tigor XZ,Tata,2006,"25,000","1,02,283 kms",Diesel
Volkswagen Ameo Highline 1.5,Volkswagen,2019,"1,43,000","12,432 kms",Diesel
Toyota Yaris VX,Toyota,2005,"39,000","29,312 kms",Diesel
Jaguar XE Prestige,Jaguar,2006,"7,93,000","4,842 kms",Diesel
Jaguar XE Prestige,Jaguar,2017,"12,99,000","1,25,249 kms",Diesel
Mercedes GLA 200d,Mercedes,2003,"3,46,000","1,39,514 kms",Petrol
Mahindra TUV300 T8,Mahindra,2004,"31,000","75,931 kms",Diesel
Mitsubishi Lancer 1.8 GLX,Mitsubishi,2009,"38,000","1,51,246 kms",Diesel
Datsun redi-GO T,Datsun,2006,"25,000","1,06,909 kms",Petrol
Mitsubishi Lancer 1.8 GLX,Mitsubishi,2002,"25,000","95,337 kms",Petrol
Datsun GO T,Datsun,2019,"58,000","79,059 kms",Petrol
Fiat Linea Active,Fiat,2002,"25,000","56,744 kms",Diesel
Hyundai i10 Sportz,Hyundai,2009,"54,000","10,986 kms",Diesel
Maruti Suzuki Celerio VXI,Maruti,2003,"26,000","33,986 kms",Petrol
Maruti Suzuki Ciaz VDi,Maruti,2019,"64,000","1,54,179 kms",Petrol
Hyundai Tucson 2WD AT GLS,Hyundai,2005,"33,000","43,329 kms",Petrol
Maruti Suzuki Swift Dzire Vdi,Maruti,2013,"66,000","35,556 kms",Petrol
Land Rover Freelander 2,Land,2016,"14,77,000","97,362 kms",Diesel
Ford Endeavour 4x4 AT,Ford,2022,"1,40,000","49,035 kms",Diesel
Fiat Linea Active,Fiat,2003,"25,000","34,977 kms",Diesel
Mercedes E-Class E220d,Mercedes,2023,"28,16,000","84,426 kms",Diesel
Mitsubishi Pajero Sport 4x2,Mitsubishi,2003,"28,000","83,729 kms",Diesel
Skoda Octavia Elegance 1.8 TSI,Skoda,2011,"48,000","86,444 kms",Petrol
Maruti Suzuki Eeco 5 Seater,Maruti,2019,"1,09,000","31,760 kms",CNG
Tata Tiago Revotron XZ,Tata,2011,"42,000","86,652 kms",Diesel
Toyota Glanza G,Toyota,2023,"1,45,000","97,354 kms",Petrol
Hyundai Verna 1.6 SX,Hyundai,2015,"54,000","99,684 kms",Petrol
Ford Freestyle Titanium,Ford,2015,"87,000","36,679 kms",Diesel
Maruti Suzuki Wagon R 1.0 VXI,Maruti,2016,"58,000","1,67,963 kms",Petrol
Datsun GO T,Datsun,2006,"25,000","51,674 kms",Diesel
Jeep Compass Limited,Jeep,2002,"47,000","18,713 kms",Diesel
Mahindra TUV300 T8,Mahindra,2009,"36,000","1,78,198 kms",Petrol
Mercedes C-Class C220d,Mercedes,2012,"7,15,000","1,11,051 kms",Petrol
Hyundai Verna 1.6 SX,Hyundai,2006,"33,000","47,087 kms",Diesel
Mitsubishi Lancer 1.8 GLX,Mitsubishi,2011,"42,000","1,16,056 kms",Diesel
Volkswagen Ameo Highline 1.5,Volkswagen,2008,"55,000","25,547 kms",Diesel
Audi Q7,Audi,2003,"3,31,000","83,807 kms",Diesel
Mahindra KUV100 K8,Mahindra,2015,"75,000","78,833 kms",Petrol
Chevrolet Tavera Neo 3,Chevrolet,2005,"25,000","1,45,256 kms",Petrol
Volvo XC60 D5,Volvo,2010,"5,41,000","1,64,517 kms",Diesel
Nissan Terrano XL,Nissan,2016,"99,000","12,991 kms",Petrol
Land Rover Discovery Sport,Land,2017,Ask For Price,"23,352 kms",Diesel
Mini Cooper S,Mini,2020,"15,85,000","48,756 kms",Petrol
Mercedes C-Class C220d,Mercedes,2008,"7,67,000","49,816 kms",Petrol
Mercedes C-Class C220d,Mercedes,2023,"32,90,000","35,033 kms",Petrol
Skoda Rapid Elegance 1.6 MPI,Skoda,2003,"27,000","48,870 kms",Petrol
Datsun redi-GO T,Datsun,2014,"30,000","1,61,924 kms",Petrol
Renault Kwid RXT,Renault,2009,"29,000","1,40,325 kms",Diesel
Renault Kwid RXT,Renault,2002,"25,000","1,50,893 kms",Petrol
Mahindra KUV100 K8,Mahindra,2021,"1,77,000","49,618 kms",Diesel
Volkswagen Ameo Highline 1.5,Volkswagen,2006,"37,000","55,784 kms",Diesel
Mitsubishi Pajero Sport 4x2,Mitsubishi,2021,"2,07,000","2,483 kms",Diesel
Mahindra Thar CRDe 4x4,Mahindra,2010,"52,000","89,778 kms",Diesel
Audi Q3 35 TDI,Audi,2015,"8,26,000","1,49,101 kms",Petrol
Ford EcoSport Titanium 1.5L TDCi,Ford,2002,"25,000","1,03,213 kms",Diesel
Honda Amaze S i-Dtech,Honda,2015,"65,000","1,64,049 kms",Petrol
Audi A8,Audi,2008,"6,43,000","53,512 kms",Petrol
Land Rover Freelander 2,Land,2014,Ask For Price,"1,05,431 kms",Diesel
Audi A4 35 TDI,Audi,2008,"4,31,000","1,46,510 kms",Diesel
Hyundai Verna 1.6 SX,Hyundai,2021,"1,17,000","82,201 kms",Petrol
Honda Brio S MT,Honda,2011,"69,000","22,333 kms",Petrol
Skoda Octavia Elegance 1.8 TSI,Skoda,2003,"29,000","34,775 kms",Diesel
BMW 5 Series 520d,BMW,2013,"7,58,000","1,32,833 kms",Petrol
Nissan Terrano XL,Nissan,2002,"25,000","1,12,743 kms",Petrol
Land Rover Discovery Sport,Land,2008,"6,17,000","1,33,362 kms",Diesel
Datsun redi-GO T,Datsun,2015,"63,000","18,705 kms",Diesel
Volvo XC60 D5,Volvo,2022,"14,84,000","1,53,768 kms",Petrol
Mitsubishi Lancer 1.8 GLX,Mitsubishi,2020,"1,18,000","1,42,099 kms",Diesel
Mahindra Bolero SLE,Mahindra,2021,"1,01,000","1,32,767 kms",Diesel
Chevrolet Sail UVA LS,Chevrolet,2002,"25,000","74,049 kms",Petrol
BMW 5 Series 520d,BMW,2008,"8,03,000","33,538 kms",Petrol
Volkswagen Jetta Comfortline TDI,Volkswagen,2005,"33,000","34,378 kms",Petrol
Land Rover Freelander 2,Land,2023,"40,92,000","27,449 kms",Diesel
Chevrolet Spark LT,Chevrolet,2010,"45,000","4,368 kms",Petrol
Audi A8,Audi,2007,"7,00,000","36,137 kms",Petrol
Land Rover Discovery Sport,Land,2017,"17,86,000","78,788 kms",Petrol
Toyota Corolla Altis G,Toyota,2014,"58,000","1,20,973 kms",Diesel
Jeep Compass Longitude,Jeep,2006,"53,000","53,847 kms",Diesel
Mercedes C-Class C220d,Mercedes,2012,"6,91,000","1,72,397 kms",Diesel
Datsun GO Plus T,Datsun,2004,"25,000","52,510 kms",Diesel
Skoda Rapid Elegance 1.6 MPI,Skoda,2020,"96,000","1,57,244 kms",Diesel
Chevrolet Tavera Neo 3,Chevrolet,2023,"87,000","1,16,445 kms",Diesel
Tata Tigor XZ,Tata,2019,"95,000","63,392 kms",Petrol
Audi A6 2.0 TDI,Audi,2008,"4,37,000","1,03,639 kms",Petrol
Mitsubishi Pajero Sport 4x2,Mitsubishi,2015,Ask For Price,"22,034 kms",Diesel
BMW 5 Series 520d,BMW,2013,"10,24,000","83,633 kms",Diesel
Volkswagen Ameo Highline 1.5,Volkswagen,2017,"71,000","1,74,559 kms",Diesel
Nissan Sunny XL,Nissan,2013,"60,000","26,281 kms",Petrol
Maruti Suzuki Alto 800 Vxi,Maruti,2003,"25,000","1,01,396 kms",CNG
BMW X1 sDrive20d,BMW,2006,"4,86,000","76,428 kms",Petrol
Nissan Sunny XL,Nissan,2012,"53,000","28,021 kms",Petrol
Skoda Rapid Elegance 1.6 MPI,Skoda,2004,Ask For Price,"1,34,394 kms",Diesel
Tata Nano Lx,Tata,2018,"57,000","1,06,670 kms",Diesel
Chevrolet Tavera Neo 3,Chevrolet,2003,"25,000","16,752 kms",Diesel
Tata Indica V2 DLS,Tata,2021,"93,000","78,297 kms",Diesel
Mini Cooper D,Mini,2003,"3,92,000","45,544 kms",Petrol
Hyundai Xcent S,Hyundai,2021,"83,000","1,40,261 kms",Petrol
Volkswagen Polo Highline 1.2L,Volkswagen,2008,"40,000","70,646 kms",Petrol
Mahindra TUV300 T8,Mahindra,2021,"1,19,000","1,27,185 kms",Petrol
Volkswagen Ameo Highline 1.5,Volkswagen,2006,"25,000","1,45,652 kms",Diesel
Volvo XC60 D5,Volvo,2018,"20,23,000","3,555 kms",Diesel
Tata Tiago Revotron XZ,Tata,2014,"47,000","1,29,112 kms",Diesel
Maruti Suzuki Ciaz VDi,Maruti,2012,"38,000","1,30,717 kms",Petrol
Chevrolet Beat LT,Chevrolet,2006,"25,000","1,72,554 kms",Diesel
Volkswagen Ameo Highline 1.5,Volkswagen,2006,"27,000","1,70,670 kms",Petrol
Nissan Terrano XL,Nissan,2021,"1,36,000","36,777 kms",Diesel
Maruti Suzuki Vitara Brezza ZDi,Maruti,2008,"28,000","81,935 kms",Petrol
Audi A8,Audi,2017,"14,22,000","74,995 kms",Diesel
Ford Fiesta Classic CLXi,Ford,2011,"68,000","17,583 kms",Diesel
Jaguar XE Prestige,Jaguar,2008,"10,72,000","1,068 kms",Petrol
Mini Cooper D,Mini,2018,"13,28,000","72,570 kms",Petrol
Mini Cooper S,Mini,2007,"3,79,000","1,12,654 kms",Petrol
Fiat Linea Active,Fiat,2021,"92,000","73,487 kms",Petrol
Skoda Octavia Elegance 1.8 TSI,Skoda,2008,Ask For Price,"25,962 kms",Diesel
Datsun GO T,Datsun,2020,"77,000","56,103 kms",Petrol
Jeep Compass Longitude,Jeep,2016,"86,000","1,41,889 kms",Petrol
Datsun redi-GO T,Datsun,2012,"27,000","1,47,720 kms",Diesel
Maruti Suzuki Ertiga VDI,Maruti,2006,"29,000","61,852 kms",Petrol
Mini Cooper D,Mini,2005,"3,31,000","1,18,146 kms",Petrol
Renault Lodgy 110PS RxZ 8 Str,Renault,2023,"89,000","1,50,363 kms",Petrol
BMW 5 Series 520d,BMW,2010,"5,46,000","1,42,222 kms",Diesel
Volkswagen Jetta Comfortline TDI,Volkswagen,2016,"71,000","1,52,385 kms",Diesel
Audi A8,Audi,2017,"12,77,000","82,402 kms",Diesel
Fiat Punto Active,Fiat,2016,"68,000","55,184 kms",Diesel
Mahindra Thar CRDe 4x4,Mahindra,2017,"79,000","1,58,049 kms",Diesel
Jeep Compass Limited,Jeep,2007,"41,000","1,06,264 kms",Petrol
Audi A8,Audi,2008,"5,00,000","1,37,758 kms",Petrol
Jaguar XF Portfolio,Jaguar,2014,"15,05,000","20,881 kms",Petrol
Ford Figo,Ford,2005,"25,000","1,65,669 kms",Petrol
Mahindra Scorpio SLE BS IV,Mahindra,2006,"28,000","1,48,754 kms",Petrol
Datsun GO Plus T,Datsun,2005,Ask For Price,"1,33,988 kms",Petrol
Mercedes C-Class C220d,Mercedes,2014,"10,41,000","1,01,818 kms",Petrol
Mitsubishi Pajero Sport 4x2,Mitsubishi,2009,"38,000","1,26,203 kms",Petrol
Fiat Punto Active,Fiat,2009,"33,000","72,163 kms",Diesel
Audi A4 35 TDI,Audi,2009,"6,02,000","82,985 kms",Petrol
Jeep Compass Limited,Jeep,2018,"1,46,000","59,157 kms",Petrol
Maruti Suzuki Vitara Brezza ZDi,Maruti,2016,"80,000","61,998 kms",Petrol
Jaguar XE Prestige,Jaguar,2005,"5,01,000","84,747 kms",Diesel
Chevrolet Tavera Neo 3,Chevrolet,2023,"1,36,000","8,681 kms",Diesel
Mercedes GLA 200d,Mercedes,2021,"17,23,000","1,77,178 kms",Petrol
Volkswagen Ameo Highline 1.5,Volkswagen,2003,"27,000","81,673 kms",Diesel
Ford EcoSport Titanium 1.5L TDCi,Ford,2011,"71,000","16,848 kms",Diesel
Mini Cooper S,Mini,2006,"5,15,000","59,559 kms",Diesel
Fiat Linea Active,Fiat,2005,"25,000","85,113 kms",Diesel
Volvo S60 D4,Volvo,2003,"3,13,000","1,52,872 kms",Diesel
Audi Q7,Audi,2003,"4,58,000","37,356 kms",Petrol
Mini Cooper D,Mini,2013,"6,28,000","1,11,865 kms",Diesel
Mitsubishi Lancer 1.8 GLX,Mitsubishi,2002,"29,000","60,891 kms",Diesel
Skoda Fabia Classic 1.2 MPI,Skoda,2004,"25,000","1,13,347 kms",Petrol
Mercedes C-Class C220d,Mercedes,2017,"12,81,000","1,32,753 kms",Petrol
Mercedes E-Class E220d,Mercedes,2016,"16,82,000","42,086 kms",Petrol
Jeep Compass Limited,Jeep,2019,"1,56,000","54,724 kms",Petrol
Chevrolet Sail UVA LS,Chevrolet,2023,"1,13,000","79,870 kms",Petrol
Toyota Corolla Altis G,Toyota,2004,"25,000","98,643 kms",Diesel
Volkswagen Vento Highline Diesel,Volkswagen,2020,"88,000","1,13,571 kms",Diesel
Tata Tiago Revotron XZ,Tata,2011,"36,000","1,00,842 kms",Diesel
Ford EcoSport Ambiente 1.5L TDCi,Ford,2022,"1,09,000","1,50,125 kms",Diesel
Mini Cooper D,Mini,2010,"4,67,000","1,59,944 kms",Petrol
Chevrolet Beat LT,Chevrolet,2007,"27,000","43,507 kms",Petrol
Mitsubishi Pajero Sport 4x2,Mitsubishi,2022,"1,49,000","75,251 kms",Petrol
Volkswagen Jetta Comfortline TDI,Volkswagen,2014,"1,03,000","15,454 kms",Diesel
Mercedes E-Class E220d,Mercedes,2011,"12,07,000","6,871 kms",Petrol
Honda Civic 1.8 V MT,Honda,2014,"76,000","75,758 kms",Petrol
Maruti Suzuki Swift Dzire Vdi,Maruti,2015,"58,000","1,66,408 kms",Diesel
Mitsubishi Lancer 1.8 GLX,Mitsubishi,2007,"48,000","30,659 kms",Petrol
Ford Endeavour 4x4 AT,Ford,2014,"51,000","1,09,017 kms",Diesel
Honda Jazz V,Honda,2014,"70,000","63,148 kms",Diesel
Hyundai Elite i20 Magna 1.2,Hyundai,2006,"33,000","35,132 kms",Petrol
Hyundai Grand i10 Magna 1.2 Kappa VTVT,Hyundai,2008,"29,000","1,14,845 kms",Diesel
Mercedes E-Class E220d,Mercedes,2021,"30,47,000","4,332 kms",Petrol
Mahindra Thar CRDe 4x4,Mahindra,2006,"26,000","1,66,735 kms",Diesel
Volkswagen Ameo Highline 1.5,Volkswagen,2002,"25,000","1,61,785 kms",Petrol
Nissan Micra XV,Nissan,2016,"74,000","79,803 kms",Diesel
Skoda Fabia Classic 1.2 MPI,Skoda,2014,"93,000","13,874 kms",Petrol
Honda WR-V i-VTEC VX,Honda,2008,"57,000","17,528 kms",Diesel
Volvo XC60 D5,Volvo,2013,"7,25,000","1,52,837 kms",Petrol
Audi A8,Audi,2010,Ask For Price,"24,395 kms",Diesel
Fiat Linea Active,Fiat,2002,"25,000","46,997 kms",Diesel
Tata Tiago Revotron XZ,Tata,2011,"35,000","1,79,235 kms",Diesel
Honda Amaze S i-Dtech,Honda,2019,"87,000","1,40,594 kms",Petrol
Renault Kwid RXT,Renault,2004,"25,000","66,341 kms",Diesel
Land Rover Freelander 2,Land,2013,"9,76,000","1,26,506 kms",Diesel
Nissan Micra XV,Nissan,2005,"26,000","68,444 kms",Diesel
Chevrolet Spark LT,Chevrolet,2004,"25,000","35,230 kms",Petrol
Skoda Fabia Classic 1.2 MPI,Skoda,2016,"67,000","1,30,004 kms",Diesel
Hyundai Xcent S,Hyundai,2013,"39,000","1,31,708 kms",Petrol
Fiat Linea Active,Fiat,2009,"38,000","22,585 kms",Diesel
Mahindra Scorpio SLE BS IV,Mahindra,2010,"56,000","60,089 kms",Diesel
Mini Cooper S,Mini,2002,"2,26,000","1,27,471 kms",Petrol
Volvo XC60 D5,Volvo,2022,"16,90,000","1,37,595 kms",Diesel
Audi A4 35 TDI,Audi,2015,"8,13,000","1,68,478 kms",Petrol
Mitsubishi Pajero Sport 4x2,Mitsubishi,2009,"72,000","19,001 kms",Diesel
Tata Indica V2 DLS,Tata,2014,"65,000","8,813 kms",Petrol
Jeep Compass Limited,Jeep,2012,Ask For Price,"1,69,715 kms",Diesel
Chevrolet Spark LT,Chevrolet,2007,"25,000","75,677 kms",Petrol
Maruti Suzuki Ertiga VDI,Maruti,2015,"45,000","1,26,033 kms",Petrol
Chevrolet Spark LT,Chevrolet,2002,"25,000","25,121 kms",Diesel
Jeep Compass Longitude,Jeep,2006,"52,000","35,668 kms",Petrol
Chevrolet Spark LT,Chevrolet,2020,"1,00,000","34,307 kms",Petrol
Datsun GO T,Datsun,2022,"1,34,000","7,317 kms",Petrol
Hyundai Grand i10 Magna 1.2 Kappa VTVT,Hyundai,2005,"31,000","54,556 kms",Diesel
Mitsubishi Pajero Sport 4x2,Mitsubishi,2008,"45,000","59,822 kms",Petrol
Ford Freestyle Titanium,Ford,2008,"44,000","41,603 kms",Petrol
BMW X1 sDrive20d,BMW,2011,"7,04,000","87,461 kms",Petrol
Datsun redi-GO T,Datsun,2011,Ask For Price,"1,59,853 kms",Diesel
Volkswagen Jetta Comfortline TDI,Volkswagen,2015,"83,000","50,779 kms",Diesel
Mitsubishi Lancer 1.8 GLX,Mitsubishi,2009,"40,000","1,14,726 kms",Diesel
Renault Triber RXZ,Renault,2023,"97,000","1,50,268 kms",Diesel
Renault Triber RXZ,Renault,2014,"77,000","24,247 kms",Diesel
Datsun redi-GO T,Datsun,2012,"25,000","1,47,613 kms",Petrol
Datsun GO T,Datsun,2013,"41,000","64,662 kms",Petrol
Skoda Fabia Classic 1.2 MPI,Skoda,2010,"36,000","1,24,023 kms",Diesel
Mitsubishi Lancer 1.8 GLX,Mitsubishi,2007,"43,000","75,739 kms",Diesel
Datsun redi-GO T,Datsun,2012,"26,000","1,74,929 kms",Petrol
Land Rover Discovery Sport,Land,2006,"5,24,000","1,66,244 kms",Diesel
Tata Tigor XZ,Tata,2014,"38,000","1,29,560 kms",Petrol
Mahindra Scorpio S10,Mahindra,2022,"1,25,000","1,20,074 kms",Petrol
Tata Tigor XZ,Tata,2022,"82,000","1,43,506 kms",Petrol
Jaguar XF Portfolio,Jaguar,2015,"11,12,000","1,43,893 kms",Diesel
Jaguar XE Prestige,Jaguar,2015,"19,06,000","26,646 kms",Diesel
Mitsubishi Lancer 1.8 GLX,Mitsubishi,2020,"1,07,000","1,67,587 kms",Petrol
Fiat Punto Active,Fiat,2015,"77,000","25,313 kms",Diesel
Jeep Compass Longitude,Jeep,2005,"36,000","1,03,293 kms",Petrol
Renault Duster 110 PS RxL,Renault,2017,"77,000","54,683 kms",Diesel
Land Rover Freelander 2,Land,2002,"5,60,000","25,113 kms",Diesel
Mercedes GLA 200d,Mercedes,2002,"2,78,000","1,45,834 kms",Petrol
Tata Indica V2 DLS,Tata,2006,"31,000","32,208 kms",Diesel
Skoda Rapid Elegance 1.6 MPI,Skoda,2014,"85,000","48,319 kms",Diesel
Mitsubishi Pajero Sport 4x2,Mitsubishi,2014,"82,000","77,835 kms",Diesel
Tata Bolt XT,Tata,2005,"25,000","1,20,688 kms",Petrol
Mitsubishi Lancer 1.8 GLX,Mitsubishi,2002,"30,000","56,521 kms",Diesel
Jaguar XE Prestige,Jaguar,2023,"37,45,000","28,893 kms",Petrol
Datsun GO Plus T,Datsun,2011,"25,000","1,48,776 kms",Diesel
Jaguar XE Prestige,Jaguar,2015,"9,88,000","1,78,863 kms",Petrol
Ford EcoSport Titanium 1.5L TDCi,Ford,2005,"25,000","1,02,239 kms",Petrol
Mitsubishi Pajero Sport 4x2,Mitsubishi,2005,"27,000","1,05,312 kms",Petrol
Mitsubishi Pajero Sport 4x2,Mitsubishi,2004,"31,000","51,136 kms",Petrol
Tata Nexon XZ Plus,Tata,2023,"1,04,000","1,10,007 kms",Diesel
Jaguar XF Portfolio,Jaguar,2019,"23,49,000","26,416 kms",Diesel
Land Rover Discovery Sport,Land,2004,"7,21,000","16,372 kms",Petrol
Tata Indica V2 DLS,Tata,2004,Ask For Price,"65,910 kms",Petrol
Skoda Octavia Elegance 1.8 TSI,Skoda,2022,"1,21,000","1,54,847 kms",Petrol
Skoda Octavia Elegance 1.8 TSI,Skoda,2007,"49,000","10,232 kms",Petrol
BMW 5 Series 520d,BMW,2005,"4,03,000","1,06,058 kms",Petrol
Volvo S60 D4,Volvo,2009,"5,52,000","76,640 kms",Petrol
Tata Tiago Revotron XZ,Tata,2018,"74,000","86,378 kms",Diesel
Hyundai Eon Era Plus,Hyundai,2012,"56,000","51,868 kms",Petrol
Mitsubishi Pajero Sport 4x2,Mitsubishi,2017,"73,000","1,55,204 kms",Petrol
Hyundai Grand i10 Magna 1.2 Kappa VTVT,Hyundai,2012,"43,000","1,26,073 kms",Petrol
Mercedes C-Class C220d,Mercedes,2008,"8,01,000","35,550 kms",Petrol
Maruti Suzuki Swift Dzire Vdi,Maruti,2011,"32,000","1,21,716 kms",Petrol
Fiat Punto Active,Fiat,2011,"42,000","24,221 kms",Petrol
Mini Cooper D,Mini,2012,"10,37,000","35,939 kms",Diesel
Volvo S60 D4,Volvo,2015,"8,88,000","1,24,995 kms",Diesel
BMW 3 Series 320d,BMW,2021,"27,94,000","18,908 kms",Petrol
Hyundai Venue SX,Hyundai,2011,"38,000","1,61,231 kms",Petrol
Mitsubishi Lancer 1.8 GLX,Mitsubishi,2007,"37,000","65,505 kms",Petrol
Hyundai Grand i10 Magna 1.2 Kappa VTVT,Hyundai,2009,"49,000","21,700 kms",Diesel
Volvo XC60 D5,Volvo,2023,"24,81,000","48,739 kms",Diesel
Nissan Sunny XL,Nissan,2007,"28,000","84,818 kms",Petrol
Skoda Fabia Classic 1.2 MPI,Skoda,2002,"27,000","36,519 kms",Diesel
Mahindra TUV300 T8,Mahindra,2020,"1,04,000","1,42,392 kms",Petrol
Jeep Compass Limited,Jeep,2015,"93,000","1,02,448 kms",Diesel
Volvo S60 D4,Volvo,2003,"4,57,000","8,128 kms",Diesel
Land Rover Discovery Sport,Land,2015,"12,78,000","1,18,436 kms",Diesel
Tata Tiago Revotron XZ,Tata,2013,"42,000","1,32,447 kms",Diesel
Toyota Fortuner 3.0 4x4 AT,Toyota,2022,"2,08,000","22,755 kms",Diesel
Mini Cooper D,Mini,2014,"7,31,000","96,295 kms",Petrol
Mercedes C-Class C220d,Mercedes,2023,"34,19,000","11,328 kms",Petrol
Volkswagen Polo Highline 1.2L,Volkswagen,2009,"64,000","1,435 kms",Diesel
BMW 3 Series 320d,BMW,2010,"11,34,000","10,723 kms",Diesel
Maruti Suzuki Alto 800 Vxi,Maruti,2022,"99,000","1,08,064 kms",CNG
Volkswagen Polo Highline 1.2L,Volkswagen,2017,"98,000","35,640 kms",Petrol
Tata Bolt XT,Tata,2005,"31,000","32,006 kms",Diesel
Honda Amaze S i-Dtech,Honda,2006,"25,000","1,44,859 kms",Petrol
Skoda Fabia Classic 1.2 MPI,Skoda,2019,"1,11,000","72,902 kms",Diesel
Tata Tiago Revotron XZ,Tata,2021,"72,000","1,55,041 kms",Diesel
Hyundai Xcent S,Hyundai,2010,"31,000","1,18,686 kms",Petrol
Ford Fiesta Classic CLXi,Ford,2005,"30,000","64,659 kms",Diesel
Chevrolet Spark LT,Chevrolet,2012,"27,000","1,16,228 kms",Petrol
Mitsubishi Pajero Sport 4x2,Mitsubishi,2002,"25,000","1,14,573 kms",Diesel
Jaguar XF Portfolio,Jaguar,2017,"13,09,000","1,45,989 kms",Petrol
Renault Duster 110 PS RxL,Renault,2006,Ask For Price,"1,41,775 kms",Petrol
Skoda Fabia Classic 1.2 MPI,Skoda,2021,"1,30,000","75,518 kms",Diesel
Chevrolet Spark LT,Chevrolet,2018,"83,000","25,162 kms",Diesel
Audi Q3 35 TDI,Audi,2022,"24,95,000","33,888 kms",Petrol
Jaguar XE Prestige,Jaguar,2002,"3,57,000","1,01,163 kms",Petrol
Fiat Punto Active,Fiat,2023,"1,29,000","59,696 kms",Diesel
Jaguar XE Prestige,Jaguar,2005,"5,68,000","58,274 kms",Diesel
Renault Lodgy 110PS RxZ 8 Str,Renault,2021,"79,000","1,51,018 kms",Petrol
Chevrolet Sail UVA LS,Chevrolet,2017,Ask For Price,"97,638 kms",Diesel
Volkswagen Vento Highline Diesel,Volkswagen,2020,"1,84,000",273 kms,Diesel
Mini Cooper S,Mini,2011,"5,95,000","94,284 kms",Petrol
BMW 3 Series 320d,BMW,2014,"13,95,000","17,579 kms",Petrol
Renault Kwid RXT,Renault,2016,"69,000","71,761 kms",Diesel
Datsun redi-GO T,Datsun,2006,"25,000","1,16,533 kms",Diesel
Jaguar XE Prestige,Jaguar,2011,"6,64,000","1,54,174 kms",Petrol
Maruti Suzuki Alto K10 VXi,Maruti,2010,"47,000","51,074 kms",CNG
Toyota Yaris VX,Toyota,2021,"1,25,000","1,04,372 kms",Diesel
Mercedes C-Class C220d,Mercedes,2012,"14,46,000","2,498 kms",Diesel
Honda Jazz V,Honda,2007,"41,000","55,829 kms",Diesel
Volkswagen Polo Highline 1.2L,Volkswagen,2016,"97,000","33,135 kms",Diesel
Renault Lodgy 110PS RxZ 8 Str,Renault,2021,"1,41,000","28,414 kms",Diesel
Skoda Octavia Elegance 1.8 TSI,Skoda,2002,"25,000","1,00,808 kms",Petrol
Datsun GO T,Datsun,2007,"25,000","72,858 kms",Petrol
Tata Nano Lx,Tata,2023,"1,58,000","37,953 kms",Diesel
Toyota Etios VXD,Toyota,2004,"29,000","84,551 kms",Petrol
Volkswagen Polo Highline 1.2L,Volkswagen,2006,"26,000","1,58,723 kms",Diesel
Land Rover Freelander 2,Land,2016,"18,29,000","41,500 kms",Petrol
Volvo S60 D4,Volvo,2006,"6,06,000","7,031 kms",Diesel
Toyota Innova 2.5 G,Toyota,2013,"57,000","1,79,536 kms",Petrol
Datsun GO Plus T,Datsun,2008,"25,000","1,24,576 kms",Petrol
Nissan Micra XV,Nissan,2008,"39,000","31,848 kms",Petrol
Skoda Octavia Elegance 1.8 TSI,Skoda,2013,"80,000","2,089 kms",Petrol
Jaguar XE Prestige,Jaguar,2005,"4,27,000","1,51,214 kms",Petrol
Volvo S60 D4,Volvo,2017,"9,67,000","1,58,486 kms",Diesel
Hyundai Santro Xing XO eRLX Euro III,Hyundai,2007,"26,000","1,52,606 kms",Diesel
Toyota Corolla Altis G,Toyota,2014,"68,000","1,77,575 kms",Diesel
Nissan Sunny XL,Nissan,2021,"1,07,000","81,129 kms",Petrol
Volvo S60 D4,Volvo,2009,"9,82,000",223 kms,Diesel
Tata Nano Lx,Tata,2009,"45,000","21,817 kms",Diesel
Fiat Punto Active,Fiat,2011,"33,000","87,000 kms",Diesel
Renault Lodgy 110PS RxZ 8 Str,Renault,2002,"26,000","31,103 kms",Diesel
Jaguar XE Prestige,Jaguar,2004,"4,39,000","1,75,757 kms",Diesel
BMW X1 sDrive20d,BMW,2015,"10,49,000","89,224 kms",Petrol
Mini Cooper D,Mini,2004,"4,56,000","32,873 kms",Petrol
Mahindra Thar CRDe 4x4,Mahindra,2017,"77,000","1,43,608 kms",Diesel
Volvo S60 D4,Volvo,2006,"5,09,000","34,714 kms",Petrol
Mercedes GLA 200d,Mercedes,2019,"13,22,000","1,78,293 kms",Diesel
Mercedes GLA 200d,Mercedes,2015,"13,72,000","53,707 kms",Diesel
Jaguar XF Portfolio,Jaguar,2005,"4,42,000","1,41,435 kms",Diesel
Honda WR-V i-VTEC VX,Honda,2022,"1,24,000","1,35,580 kms",Diesel
Renault Lodgy 110PS RxZ 8 Str,Renault,2004,"31,000","21,891 kms",Diesel
Tata Indica V2 DLS,Tata,2003,"25,000","7,680 kms",Petrol
Renault Kwid RXT,Renault,2009,"41,000","19,275 kms",Petrol
Volvo XC60 D5,Volvo,2014,"7,02,000","1,60,690 kms",Petrol
Fiat Linea Active,Fiat,2005,"25,000","1,28,783 kms",Petrol
Chevrolet Beat LT,Chevrolet,2012,"36,000","55,231 kms",Petrol
Volkswagen Polo Highline 1.2L,Volkswagen,2014,"64,000","92,662 kms",Petrol
Toyota Fortuner 3.0 4x4 AT,Toyota,2016,"98,000","57,857 kms",Diesel
Toyota Corolla Altis G,Toyota,2012,"66,000","90,651 kms",Petrol
Mercedes E-Class E220d,Mercedes,2023,"25,68,000","1,02,926 kms",Diesel
Mercedes E-Class E220d,Mercedes,2010,"6,40,000","1,38,757 kms",Diesel
Toyota Etios VXD,Toyota,2010,"47,000","1,51,555 kms",Diesel
Maruti Suzuki Wagon R 1.0 VXI,Maruti,2015,"48,000","1,64,064 kms",Petrol
Mitsubishi Pajero Sport 4x2,Mitsubishi,2020,"1,08,000","1,09,887 kms",Diesel
Ford Figo,Ford,2023,"2,16,000","14,317 kms",Diesel
BMW X1 sDrive20d,BMW,2017,"17,56,000","47,108 kms",Petrol
Volvo XC60 D5,Volvo,2020,"20,94,000","56,594 kms",Diesel
Honda City 1.5 S MT,Honda,2006,"25,000","1,50,971 kms",Petrol
Jaguar XF Portfolio,Jaguar,2002,"4,86,000","48,870 kms",Petrol
Mercedes E-Class E220d,Mercedes,2019,"13,48,000","1,75,246 kms",Petrol
Mercedes GLA 200d,Mercedes,2020,"15,14,000","1,21,640 kms",Petrol
Skoda Octavia Elegance 1.8 TSI,Skoda,2022,"1,82,000","13,715 kms",Diesel
Volvo S60 D4,Volvo,2004,"4,02,000","76,804 kms",Diesel
Honda Amaze S i-Dtech,Honda,2008,"32,000","1,16,677 kms",Petrol
Land Rover Discovery Sport,Land,2012,"14,73,000","16,885 kms",Diesel
Audi A4 35 TDI,Audi,2014,"12,64,000","51,776 kms",Diesel
Jeep Compass Limited,Jeep,2008,"69,000","1,238 kms",Petrol
Honda City 1.5 S MT,Honda,2003,"25,000","1,77,280 kms",Diesel
Datsun redi-GO T,Datsun,2019,"82,000","53,456 kms",Petrol
Audi Q7,Audi,2014,"15,87,000","6,113 kms",Petrol
Volvo XC60 D5,Volvo,2017,"10,72,000","1,67,383 kms",Petrol
Chevrolet Sail UVA LS,Chevrolet,2021,"98,000","75,083 kms",Diesel
Maruti Suzuki Alto K10 VXi,Maruti,2013,"45,000","1,10,018 kms",Diesel
Ford Freestyle Titanium,Ford,2008,"46,000","38,260 kms",Diesel
Mahindra XUV500 W8,Mahindra,2013,"98,000","13,185 kms",Petrol
Mahindra Scorpio SLE BS IV,Mahindra,2012,"56,000","76,586 kms",Diesel
Jeep Compass Longitude,Jeep,2019,"2,30,000","12,889 kms",Petrol
Mitsubishi Pajero Sport 4x2,Mitsubishi,2011,"53,000","67,020 kms",Petrol
Renault Duster 110 PS RxL,Renault,2013,"47,000","1,06,443 kms",Diesel
Jaguar XE Prestige,Jaguar,2012,"10,97,000","50,151 kms",Petrol
Mercedes E-Class E220d,Mercedes,2016,"13,60,000","83,912 kms",Diesel
Volvo S60 D4,Volvo,2005,"3,53,000","1,05,826 kms",Diesel
Mercedes E-Class E220d,Mercedes,2019,"16,88,000","68,850 kms",Petrol
Hyundai Elite i20 Magna 1.2,Hyundai,2016,"57,000","1,72,343 kms",Petrol
Land Rover Freelander 2,Land,2017,"20,44,000","27,056 kms",Diesel
Datsun redi-GO T,Datsun,2018,"43,000","1,10,828 kms",Petrol
Datsun redi-GO T,Datsun,2013,"30,000","1,51,918 kms",Petrol
Mahindra TUV300 T8,Mahindra,2003,"25,000","84,208 kms",Diesel
Tata Tiago Revotron XZ,Tata,2008,"33,000","67,099 kms",Diesel
Nissan Sunny XL,Nissan,2012,"36,000","1,15,373 kms",Petrol
Renault Kwid RXT,Renault,2020,"71,000","1,72,101 kms",Petrol
Jaguar XE Prestige,Jaguar,2005,"4,16,000","1,22,816 kms",Diesel
Jaguar XF Portfolio,Jaguar,2019,"20,83,000","70,271 kms",Diesel
Tata Indica V2 DLS,Tata,2008,"44,000","1,793 kms",Petrol
Toyota Fortuner 3.0 4x4 AT,Toyota,2007,"33,000","1,25,664 kms",Diesel
Mini Cooper S,Mini,2010,"5,97,000","83,109 kms",Petrol
Land Rover Freelander 2,Land,2007,"6,82,000","83,969 kms",Petrol
Skoda Rapid Elegance 1.6 MPI,Skoda,2005,"33,000","62,635 kms",Petrol
Tata Indica V2 DLS,Tata,2019,"61,000","1,48,028 kms",Diesel
Maruti Suzuki Eeco 5 Seater,Maruti,2016,"85,000","58,757 kms",Petrol
Mercedes E-Class E220d,Mercedes,2005,"5,78,000","31,785 kms",Diesel
Mercedes GLA 200d,Mercedes,2018,"12,22,000","1,02,319 kms",Petrol
Maruti Suzuki Vitara Brezza ZDi,Maruti,2004,"25,000","38,484 kms",Petrol
Volkswagen Vento Highline Diesel,Volkswagen,2008,"40,000","77,485 kms",Diesel
Hyundai Verna 1.6 SX,Hyundai,2023,"1,32,000","1,26,827 kms",Diesel
Volvo XC60 D5,Volvo,2005,"3,14,000","1,77,795 kms",Diesel
Volvo XC60 D5,Volvo,2013,"8,29,000","1,04,632 kms",Diesel
Hyundai Tucson 2WD AT GLS,Hyundai,2021,"98,000","1,78,688 kms",Diesel
Skoda Rapid Elegance 1.6 MPI,Skoda,2002,"30,000","4,678 kms",Diesel
Skoda Fabia Classic 1.2 MPI,Skoda,2023,"1,33,000","99,678 kms",Diesel
Tata Tigor XZ,Tata,2007,"33,000","33,440 kms",Petrol
Renault Duster 110 PS RxL,Renault,2016,"1,01,000","5,670 kms",Diesel
Renault Lodgy 110PS RxZ 8 Str,Renault,2003,"25,000","29,989 kms",Diesel
Ford EcoSport Titanium 1.5L TDCi,Ford,2012,"62,000","9,836 kms",Petrol
Honda WR-V i-VTEC VX,Honda,2002,"28,000","8,155 kms",Petrol
Mitsubishi Pajero Sport 4x2,Mitsubishi,2023,"2,09,000","68,691 kms",Diesel
Fiat Punto Active,Fiat,2009,"30,000","83,630 kms",Diesel
Nissan Sunny XL,Nissan,2004,"25,000","1,57,418 kms",Petrol
Mercedes GLA 200d,Mercedes,2004,"4,55,000","66,199 kms",Diesel
Jeep Compass Limited,Jeep,2022,"1,88,000","1,01,638 kms",Diesel
Honda City 1.5 S MT,Honda,2008,"55,000","24,117 kms",Diesel
BMW 5 Series 520d,BMW,2013,"11,33,000","38,439 kms",Petrol
Volkswagen Vento Highline Diesel,Volkswagen,2017,"67,000","1,75,686 kms",Petrol
Hyundai Elite i20 Magna 1.2,Hyundai,2002,"25,000","1,43,257 kms",Diesel
Jaguar XF Portfolio,Jaguar,2002,"3,84,000","83,888 kms",Petrol
Chevrolet Sail UVA LS,Chevrolet,2008,"35,000","37,649 kms",Diesel
Mini Cooper S,Mini,2003,"2,75,000","1,69,173 kms",Petrol
BMW X1 sDrive20d,BMW,2008,"5,64,000","1,00,078 kms",Petrol
Hyundai Santro Xing XO eRLX Euro III,Hyundai,2003,"25,000","1,54,590 kms",Petrol
Renault Duster 110 PS RxL,Renault,2019,"72,000","1,16,326 kms",Petrol
Skoda Octavia Elegance 1.8 TSI,Skoda,2003,"27,000","45,579 kms",Petrol
Mahindra Thar CRDe 4x4,Mahindra,2019,"97,000","1,57,422 kms",Diesel
Renault Duster 110 PS RxL,Renault,2010,"42,000","57,935 kms",Diesel
BMW 5 Series 520d,BMW,2007,"4,40,000","1,40,029 kms",Petrol
Honda Amaze S i-Dtech,Honda,2023,"1,32,000","1,66,611 kms",Diesel
Mitsubishi Lancer 1.8 GLX,Mitsubishi,2016,"1,07,000","67,322 kms",Diesel
Land Rover Freelander 2,Land,2004,"7,18,000","23,241 kms",Petrol
Tata Tigor XZ,Tata,2009,"47,000","2,293 kms",Diesel
Audi Q7,Audi,2018,"13,47,000","76,178 kms",Petrol
Ford Fiesta Classic CLXi,Ford,2011,"61,000","36,782 kms",Diesel
BMW X1 sDrive20d,BMW,2013,"8,20,000","1,69,874 kms",Petrol
Mercedes E-Class E220d,Mercedes,2017,"20,04,000","25,867 kms",Diesel
Honda Brio S MT,Honda,2018,"76,000","1,42,363 kms",Petrol
Fiat Linea Active,Fiat,2002,"25,000","23,111 kms",Diesel
Toyota Fortuner 3.0 4x4 AT,Toyota,2014,"85,000","45,161 kms",Petrol
Audi Q7,Audi,2018,"20,94,000","3,034 kms",Petrol
Datsun redi-GO T,Datsun,2007,"25,000","49,189 kms",Petrol
Renault Triber RXZ,Renault,2020,"69,000","1,40,467 kms",Petrol
Mercedes E-Class E220d,Mercedes,2016,"16,44,000","40,022 kms",Diesel
Mercedes E-Class E220d,Mercedes,2011,"13,00,000","6,637 kms",Petrol
Fiat Punto Active,Fiat,2012,"60,000","7,787 kms",Petrol
Skoda Fabia Classic 1.2 MPI,Skoda,2016,"1,05,000","28,768 kms",Diesel
Tata Bolt XT,Tata,2004,"28,000","36,557 kms",Diesel
Mahindra TUV300 T8,Mahindra,2004,"25,000","1,70,044 kms",Diesel
BMW 3 Series 320d,BMW,2003,Ask For Price,"1,70,883 kms",Diesel
Volvo S60 D4,Volvo,2010,"6,93,000","70,818 kms",Petrol
Mercedes E-Class E220d,Mercedes,2022,"19,43,000","1,21,487 kms",Petrol
Honda Civic 1.8 V MT,Honda,2008,"49,000","4,823 kms",Petrol
Chevrolet Beat LT,Chevrolet,2004,"25,000","1,68,854 kms",Diesel
Volkswagen Vento Highline Diesel,Volkswagen,2020,"1,82,000","6,118 kms",Diesel
Honda Amaze S i-Dtech,Honda,2007,"37,000","59,622 kms",Petrol
Ford Fiesta Classic CLXi,Ford,2019,"1,33,000","4,209 kms",Diesel
Mercedes GLA 200d,Mercedes,2008,"9,63,000","5,293 kms",Petrol
Datsun GO Plus T,Datsun,2015,"60,000","36,509 kms",Diesel
Nissan Micra XV,Nissan,2017,"67,000","1,66,576 kms",Diesel
Chevrolet Tavera Neo 3,Chevrolet,2004,"25,000","1,68,396 kms",Diesel
Volvo XC60 D5,Volvo,2015,"8,38,000","1,77,909 kms",Diesel
Fiat Linea Active,Fiat,2008,"25,000","94,966 kms",Diesel
Volkswagen Ameo Highline 1.5,Volkswagen,2004,"29,000","73,680 kms",Diesel
Fiat Linea Active,Fiat,2013,"35,000","1,34,871 kms",Petrol
Jeep Compass Longitude,Jeep,2011,"59,000","1,47,310 kms",Petrol
Mini Cooper D,Mini,2022,"25,30,000","42,048 kms",Diesel
Datsun redi-GO T,Datsun,2018,"52,000","82,200 kms",Petrol
Audi A8,Audi,2013,"6,82,000","1,37,601 kms",Diesel
Volvo XC60 D5,Volvo,2009,"8,15,000","41,798 kms",Diesel
Tata Tigor XZ,Tata,2022,"1,13,000","66,113 kms",Diesel
BMW X1 sDrive20d,BMW,2012,"6,78,000","1,40,496 kms",Petrol
Skoda Rapid Elegance 1.6 MPI,Skoda,2003,"25,000","94,780 kms",Petrol
Datsun redi-GO T,Datsun,2007,"30,000","2,247 kms",Petrol
Volvo S60 D4,Volvo,2020,"24,35,000","12,074 kms",Diesel
Mercedes C-Class C220d,Mercedes,2020,"20,61,000","82,605 kms",Diesel
Jaguar XE Prestige,Jaguar,2009,"5,38,000","1,47,484 kms",Petrol
Fiat Linea Active,Fiat,2005,"25,000","92,990 kms",Petrol
Mini Cooper S,Mini,2011,"6,31,000","90,145 kms",Petrol
Ford EcoSport Ambiente 1.5L TDCi,Ford,2008,"35,000","90,124 kms",Petrol
Audi Q7,Audi,2010,"5,98,000","1,79,348 kms",Petrol
Volvo XC60 D5,Volvo,2008,"6,62,000","20,722 kms",Petrol
Nissan Terrano XL,Nissan,2002,"25,000","72,129 kms",Petrol
Audi Q3 35 TDI,Audi,2006,"4,32,000","1,44,635 kms",Diesel
Toyota Yaris VX,Toyota,2013,"90,000","29,200 kms",Petrol
Jeep Compass Longitude,Jeep,2019,"1,22,000","1,77,544 kms",Diesel
Mahindra Bolero SLE,Mahindra,2022,"1,35,000","1,13,186 kms",Diesel
Mini Cooper S,Mini,2020,"15,92,000","60,956 kms",Diesel
Skoda Rapid Elegance 1.6 MPI,Skoda,2013,"62,000","82,063 kms",Petrol
BMW 3 Series 320d,BMW,2017,"16,12,000","48,983 kms",Petrol
Audi Q3 35 TDI,Audi,2014,"14,34,000","25,126 kms",Petrol
Mercedes E-Class E220d,Mercedes,2015,"14,45,000","43,821 kms",Diesel
BMW 3 Series 320d,BMW,2018,"16,45,000","67,612 kms",Petrol
Audi A8,Audi,2007,"7,35,000","3,800 kms",Petrol
Volvo XC60 D5,Volvo,2009,"9,43,000","5,389 kms",Petrol
Mahindra KUV100 K8,Mahindra,2017,"1,28,000","15,649 kms",Diesel
Volvo S60 D4,Volvo,2006,"3,75,000","1,77,618 kms",Diesel
Ford Figo,Ford,2008,"38,000","73,604 kms",Petrol
Fiat Punto Active,Fiat,2011,"32,000","1,31,717 kms",Diesel
Skoda Octavia Elegance 1.8 TSI,Skoda,2006,"42,000","15,090 kms",Petrol
Datsun redi-GO T,Datsun,2013,"51,000","12,210 kms",Petrol
Renault Duster 110 PS RxL,Renault,2009,"35,000","67,038 kms",Petrol
Audi A8,Audi,2016,"12,98,000","48,545 kms",Petrol
Mitsubishi Pajero Sport 4x2,Mitsubishi,2011,"43,000","1,64,912 kms",Diesel
Land Rover Freelander 2,Land,2022,"26,17,000","78,521 kms",Petrol
Renault Duster 110 PS RxL,Renault,2003,"25,000","1,79,845 kms",Petrol
Mercedes C-Class C220d,Mercedes,2023,"19,83,000","1,68,531 kms",Petrol
Jaguar XE Prestige,Jaguar,2023,"21,93,000","1,22,704 kms",Petrol
Chevrolet Beat LT,Chevrolet,2016,"59,000","56,101 kms",Petrol
Honda Brio S MT,Honda,2021,"1,81,000","21,957 kms",Petrol
Volvo S60 D4,Volvo,2007,"6,34,000","25,777 kms",Petrol
Chevrolet Tavera Neo 3,Chevrolet,2008,"25,000","1,78,199 kms",Diesel
Maruti Suzuki Celerio VXI,Maruti,2006,"25,000","1,48,179 kms",CNG
Skoda Rapid Elegance 1.6 MPI,Skoda,2021,"1,00,000","1,62,301 kms",Petrol
Volkswagen Ameo Highline 1.5,Volkswagen,2012,"82,000","13,500 kms",Petrol
Honda Brio S MT,Honda,2014,"54,000","1,36,609 kms",Petrol
Hyundai Eon Era Plus,Hyundai,2011,"42,000","1,67,335 kms",Diesel
Chevrolet Tavera Neo 3,Chevrolet,2016,"42,000","1,04,066 kms",Petrol
Volkswagen Polo Highline 1.2L,Volkswagen,2021,"1,52,000","54,027 kms",Diesel
Jaguar XF Portfolio,Jaguar,2011,"7,33,000","1,64,053 kms",Petrol
Renault Lodgy 110PS RxZ 8 Str,Renault,2019,"61,000","1,32,479 kms",Petrol
Fiat Punto Active,Fiat,2016,"60,000","45,325 kms",Petrol
Ford Figo,Ford,2009,"36,000","73,714 kms",Diesel
Toyota Etios VXD,Toyota,2002,"33,000","25,931 kms",Petrol
Nissan Micra XV,Nissan,2007,"41,000","8,364 kms",Petrol
Jaguar XF Portfolio,Jaguar,2018,"21,84,000","31,965 kms",Diesel
Renault Duster 110 PS RxL,Renault,2022,"96,000","1,25,636 kms",Petrol
Audi Q7,Audi,2020,"18,15,000","80,383 kms",Diesel
Hyundai Santro Xing XO eRLX Euro III,Hyundai,2013,"65,000","34,021 kms",Petrol
Hyundai Venue SX,Hyundai,2002,"25,000","1,19,834 kms",Petrol
Nissan Micra XV,Nissan,2022,"87,000","1,76,075 kms",Diesel
Maruti Suzuki Alto K10 VXi,Maruti,2013,"75,000","21,314 kms",Petrol
Mahindra Bolero SLE,Mahindra,2022,"1,46,000","79,774 kms",Diesel
Volvo XC60 D5,Volvo,2006,"3,66,000","1,61,799 kms",Diesel
Ford Endeavour 4x4 AT,Ford,2007,"26,000","1,18,987 kms",Diesel
Audi A4 35 TDI,Audi,2023,"21,06,000","1,31,440 kms",Diesel
Renault Triber RXZ,Renault,2014,"73,000","28,031 kms",Petrol
Datsun redi-GO T,Datsun,2019,"70,000","57,446 kms",Petrol
Audi A4 35 TDI,Audi,2008,"5,11,000","1,42,829 kms",Diesel
Hyundai Elite i20 Magna 1.2,Hyundai,2006,"35,000","57,094 kms",Diesel
Skoda Rapid Elegance 1.6 MPI,Skoda,2014,"58,000","1,00,045 kms",Petrol
Tata Indica V2 DLS,Tata,2011,"27,000","1,78,351 kms",Petrol
Ford Fiesta Classic CLXi,Ford,2011,"52,000","45,743 kms",Petrol
Renault Duster 110 PS RxL,Renault,2021,"86,000","1,04,114 kms",Diesel
Volkswagen Jetta Comfortline TDI,Volkswagen,2002,"25,000","65,702 kms",Diesel
Mitsubishi Lancer 1.8 GLX,Mitsubishi,2020,"1,20,000","1,33,928 kms",Diesel
Fiat Punto Active,Fiat,2002,"25,000","7,520 kms",Diesel
Volvo S60 D4,Volvo,2014,"11,36,000","59,610 kms",Petrol
Toyota Yaris VX,Toyota,2006,"30,000","1,55,776 kms",Petrol
Hyundai i10 Sportz,Hyundai,2012,"38,000","1,56,943 kms",Petrol
Volkswagen Polo Highline 1.2L,Volkswagen,2014,"55,000","1,79,823 kms",Petrol
Audi A6 2.0 TDI,Audi,2006,"3,61,000","1,34,727 kms",Petrol
Tata Indica V2 DLS,Tata,2004,"25,000","1,40,733 kms",Petrol
Datsun GO Plus T,Datsun,2003,"25,000","1,26,049 kms",Diesel
Jeep Compass Limited,Jeep,2020,"1,41,000","1,25,159 kms",Diesel
Volvo S60 D4,Volvo,2012,"8,73,000","42,365 kms",Petrol
Volkswagen Jetta Comfortline TDI,Volkswagen,2012,"48,000","1,09,547 kms",Diesel
Volvo S60 D4,Volvo,2002,"2,48,000","1,13,521 kms",Petrol
Jaguar XF Portfolio,Jaguar,2015,"16,03,000","63,867 kms",Petrol
Ford Figo,Ford,2021,"1,06,000","1,20,947 kms",Diesel
Toyota Yaris VX,Toyota,2015,"1,18,000","27,194 kms",Diesel
Tata Nexon XZ Plus,Tata,2019,"58,000","1,33,037 kms",Petrol
Tata Bolt XT,Tata,2020,"69,000","1,70,040 kms",Petrol
Toyota Yaris VX,Toyota,2003,Ask For Price,"29,939 kms",Petrol
Mahindra KUV100 K8,Mahindra,2017,"97,000","91,341 kms",Diesel
Ford Figo Aspire Titanium,Ford,2009,"50,000","51,079 kms",Diesel
Renault Duster 110 PS RxL,Renault,2017,"56,000","1,61,035 kms",Diesel
Hyundai Creta 1.6 SX Option,Hyundai,2021,"1,59,000","14,854 kms",Petrol
Nissan Terrano XL,Nissan,2011,"38,000","97,505 kms",Diesel
BMW 3 Series 320d,BMW,2023,"18,17,000","1,56,783 kms",Petrol
Tata Bolt XT,Tata,2022,"1,43,000","40,503 kms",Petrol
Chevrolet Beat LT,Chevrolet,2016,"59,000","71,489 kms",Petrol
Toyota Corolla Altis G,Toyota,2019,"1,89,000","17,603 kms",Diesel
Toyota Innova 2.5 G,Toyota,2007,"52,000","49,348 kms",Diesel
Fiat Linea Active,Fiat,2009,"25,000","1,49,901 kms",Diesel
Tata Tigor XZ,Tata,2019,"85,000","66,078 kms",Diesel
Tata Indica V2 DLS,Tata,2021,"1,15,000","63,633 kms",Petrol
Volvo XC60 D5,Volvo,2018,"12,59,000","1,73,502 kms",Diesel
Mini Cooper D,Mini,2023,"22,94,000","80,277 kms",Diesel
Audi A6 2.0 TDI,Audi,2022,"22,51,000","72,862 kms",Petrol
Volvo S60 D4,Volvo,2005,"3,58,000","1,20,922 kms",Diesel
Chevrolet Beat LT,Chevrolet,2015,"36,000","1,05,078 kms",Petrol
Volvo XC60 D5,Volvo,2008,"4,08,000","1,12,505 kms",Diesel
Ford Figo Aspire Titanium,Ford,2023,"1,83,000","59,439 kms",Diesel
Toyota Corolla Altis G,Toyota,2006,"30,000","1,70,613 kms",Petrol
Volkswagen Polo Highline 1.2L,Volkswagen,2021,"1,11,000","1,37,780 kms",Petrol
Jaguar XE Prestige,Jaguar,2007,"6,84,000","61,622 kms",Diesel
Ford Endeavour 4x4 AT,Ford,2005,"25,000","1,70,182 kms",Diesel
Fiat Linea Active,Fiat,2006,"25,000","1,75,579 kms",Petrol
Nissan Micra XV,Nissan,2021,"1,05,000","80,748 kms",Diesel
Mahindra Scorpio SLE BS IV,Mahindra,2023,"1,43,000","1,35,039 kms",Diesel
BMW 5 Series 520d,BMW,2002,"2,60,000","1,60,712 kms",Diesel
Tata Bolt XT,Tata,2019,"70,000","1,62,640 kms",Petrol
Chevrolet Sail UVA LS,Chevrolet,2022,"1,31,000","35,288 kms",Diesel
Jaguar XE Prestige,Jaguar,2018,"23,67,000","47,045 kms",Diesel
Mahindra Jeep CL550 MDI,Mahindra,2022,"1,75,000","52,432 kms",Diesel
Toyota Yaris VX,Toyota,2020,"96,000","1,55,717 kms",Petrol
Renault Lodgy 110PS RxZ 8 Str,Renault,2014,"50,000","1,00,135 kms",Diesel
BMW X1 sDrive20d,BMW,2007,"6,45,000","44,108 kms",Diesel
Mahindra Bolero SLE,Mahindra,2004,"40,000","17,250 kms",Petrol
Tata Bolt XT,Tata,2023,"1,79,000","4,357 kms",Petrol
Volkswagen Vento Highline Diesel,Volkswagen,2011,"75,000",676 kms,Diesel
Tata Tiago Revotron XZ,Tata,2015,"69,000","50,252 kms",Petrol
Fiat Punto Active,Fiat,2009,"31,000","67,563 kms",Petrol
Jeep Compass Limited,Jeep,2015,"91,000","1,60,609 kms",Diesel
Nissan Sunny XL,Nissan,2007,"30,000","74,621 kms",Petrol
Volvo S60 D4,Volvo,2019,"13,65,000","86,547 kms",Diesel
Chevrolet Beat LT,Chevrolet,2020,"79,000","91,167 kms",Petrol
Mini Cooper D,Mini,2021,"19,83,000","71,397 kms",Diesel
Renault Lodgy 110PS RxZ 8 Str,Renault,2021,"85,000","1,10,711 kms",Diesel
Ford Freestyle Titanium,Ford,2017,"63,000","1,06,230 kms",Diesel
Fiat Punto Active,Fiat,2002,"25,000","9,965 kms",Diesel
Audi A6 2.0 TDI,Audi,2010,"7,73,000","74,759 kms",Diesel
BMW 5 Series 520d,BMW,2016,"10,64,000","1,54,514 kms",Diesel
Ford Figo Aspire Titanium,Ford,2022,"1,95,000","5,932 kms",Diesel
Volkswagen Jetta Comfortline TDI,Volkswagen,2004,"39,000","21,279 kms",Petrol
Jeep Compass Limited,Jeep,2016,"1,50,000","27,003 kms",Diesel
BMW 5 Series 520d,BMW,2012,"12,04,000",113 kms,Diesel
BMW 3 Series 320d,BMW,2023,"33,95,000","25,245 kms",Diesel
Mitsubishi Pajero Sport 4x2,Mitsubishi,2008,"47,000","74,571 kms",Petrol
Mini Cooper D,Mini,2020,"11,35,000","1,35,660 kms",Diesel
Volkswagen Ameo Highline 1.5,Volkswagen,2002,"25,000","1,69,369 kms",Diesel
Land Rover Freelander 2,Land,2017,"14,47,000","90,056 kms",Diesel
Volkswagen Vento Highline Diesel,Volkswagen,2019,"85,000","1,14,036 kms",Petrol
Mitsubishi Pajero Sport 4x2,Mitsubishi,2012,"46,000","1,16,938 kms",Petrol
Honda Jazz V,Honda,2003,"25,000","1,79,010 kms",Petrol
Mercedes E-Class E220d,Mercedes,2007,"5,31,000","98,768 kms",Diesel
Mini Cooper D,Mini,2009,"4,63,000","1,35,707 kms",Diesel
BMW X1 sDrive20d,BMW,2003,"2,93,000","1,76,044 kms",Diesel
Renault Duster 110 PS RxL,Renault,2004,"32,000","5,797 kms",Petrol
Fiat Linea Active,Fiat,2021,"95,000","87,515 kms",Petrol
Tata Indica V2 DLS,Tata,2011,"29,000","1,68,580 kms",Diesel
Land Rover Discovery Sport,Land,2016,"15,52,000","91,923 kms",Diesel
Tata Nexon XZ Plus,Tata,2012,"30,000","1,08,877 kms",Petrol
BMW 3 Series 320d,BMW,2010,"7,04,000","79,803 kms",Diesel
Datsun GO Plus T,Datsun,2021,"64,000","99,064 kms",Petrol
Jaguar XE Prestige,Jaguar,2008,"7,89,000","58,387 kms",Diesel
Mercedes GLA 200d,Mercedes,2003,"3,40,000","1,17,669 kms",Petrol
Skoda Rapid Elegance 1.6 MPI,Skoda,2013,"56,000","1,20,944 kms",Diesel
BMW 3 Series 320d,BMW,2014,"11,87,000","64,326 kms",Diesel
Hyundai Xcent S,Hyundai,2021,"1,05,000","1,45,398 kms",Diesel
Mercedes E-Class E220d,Mercedes,2021,"24,22,000","71,564 kms",Diesel
Jeep Compass Limited,Jeep,2006,"40,000","1,54,092 kms",Diesel
Audi Q3 35 TDI,Audi,2002,"3,63,000","63,021 kms",Diesel
Mercedes E-Class E220d,Mercedes,2002,"3,32,000","69,604 kms",Petrol
BMW 5 Series 520d,BMW,2013,"13,80,000","21,207 kms",Diesel
Skoda Fabia Classic 1.2 MPI,Skoda,2004,"28,000","83,223 kms",Diesel
Tata Indica V2 DLS,Tata,2021,"83,000","1,54,335 kms",Petrol
Hyundai Tucson 2WD AT GLS,Hyundai,2010,"59,000","8,881 kms",Diesel
Jeep Compass Longitude,Jeep,2009,"60,000","76,254 kms",Diesel
Chevrolet Tavera Neo 3,Chevrolet,2013,"50,000","64,587 kms",Diesel
Jaguar XE Prestige,Jaguar,2015,"10,93,000","1,12,779 kms",Petrol
Jaguar XE Prestige,Jaguar,2003,"4,20,000","68,317 kms",Diesel
Mahindra Scorpio SLE BS IV,Mahindra,2003,"29,000","64,460 kms",Diesel
Nissan Sunny XL,Nissan,2004,"32,000","20,721 kms",Diesel
Mahindra Scorpio SLE BS IV,Mahindra,2023,"1,48,000","83,535 kms",Petrol
Volkswagen Jetta Comfortline TDI,Volkswagen,2015,"1,09,000","20,154 kms",Diesel
BMW 3 Series 320d,BMW,2018,"13,02,000","1,68,615 kms",Diesel
Volkswagen Jetta Comfortline TDI,Volkswagen,2020,"1,06,000","1,08,000 kms",Diesel
Datsun GO Plus T,Datsun,2006,"25,000","1,61,085 kms",Petrol
Nissan Sunny XL,Nissan,2012,"33,000","1,57,490 kms",Diesel
Mahindra Bolero SLE,Mahindra,2007,"37,000","61,093 kms",Petrol
Mitsubishi Pajero Sport 4x2,Mitsubishi,2017,"90,000","1,10,937 kms",Diesel
Mercedes GLA 200d,Mercedes,2009,"5,36,000","1,63,452 kms",Diesel
Volkswagen Polo Highline 1.2L,Volkswagen,2013,"90,000","17,724 kms",Petrol
Datsun GO T,Datsun,2011,"25,000","1,27,122 kms",Diesel
Fiat Punto Active,Fiat,2010,"25,000","1,19,056 kms",Diesel
Skoda Fabia Classic 1.2 MPI,Skoda,2002,"27,000","49,377 kms",Diesel
Maruti Suzuki Omni E STD,Maruti,2023,"1,70,000","43,742 kms",Petrol
Renault Triber RXZ,Renault,2004,"25,000","1,40,942 kms",Diesel
Mercedes E-Class E220d,Mercedes,2011,"9,85,000","25,137 kms",Petrol
Nissan Micra XV,Nissan,2018,"55,000","1,76,867 kms",Petrol
Nissan Micra XV,Nissan,2010,"32,000","1,09,783 kms",Diesel
Tata Bolt XT,Tata,2018,"64,000","1,41,124 kms",Diesel
Mercedes GLA 200d,Mercedes,2021,"23,43,000","86,048 kms",Diesel
Hyundai Tucson 2WD AT GLS,Hyundai,2018,"96,000","79,683 kms",Petrol
Fiat Linea Active,Fiat,2012,"34,000","94,735 kms",Petrol
Volvo S60 D4,Volvo,2008,"4,84,000","1,41,143 kms",Petrol
Renault Triber RXZ,Renault,2019,"69,000","1,50,030 kms",Petrol
Hyundai Santro Xing XO eRLX Euro III,Hyundai,2008,"29,000","1,39,788 kms",Petrol
Tata Tiago Revotron XZ,Tata,2006,"25,000","1,59,142 kms",Petrol
Land Rover Discovery Sport,Land,2020,"19,68,000","1,21,554 kms",Petrol
Mitsubishi Pajero Sport 4x2,Mitsubishi,2007,"50,000","16,697 kms",Diesel
Skoda Fabia Classic 1.2 MPI,Skoda,2004,"25,000","77,621 kms",Diesel
Chevrolet Sail UVA LS,Chevrolet,2013,"51,000","51,421 kms",Petrol
Hyundai Eon Era Plus,Hyundai,2003,"25,000","80,659 kms",Diesel
Mahindra Scorpio SLE BS IV,Mahindra,2003,"25,000","1,61,748 kms",Petrol
Skoda Octavia Elegance 1.8 TSI,Skoda,2012,"55,000","83,924 kms",Diesel
BMW 3 Series 320d,BMW,2011,"7,30,000","85,437 kms",Diesel
Toyota Glanza G,Toyota,2020,"1,73,000","25,863 kms",Petrol
Volvo XC60 D5,Volvo,2012,"9,55,000","40,129 kms",Petrol
Volvo S60 D4,Volvo,2002,"2,78,000","1,10,030 kms",Petrol
Mini Cooper D,Mini,2021,"19,69,000","24,553 kms",Petrol
Land Rover Freelander 2,Land,2007,"4,96,000","1,74,203 kms",Diesel
Datsun GO Plus T,Datsun,2006,"25,000","1,09,519 kms",Petrol
Mercedes E-Class E220d,Mercedes,2022,"20,53,000","1,05,510 kms",Petrol
Volvo XC60 D5,Volvo,2006,"6,58,000","8,089 kms",Petrol
Land Rover Freelander 2,Land,2002,"6,20,000","3,015 kms",Diesel
Mini Cooper D,Mini,2017,"14,64,000","34,049 kms",Petrol
Land Rover Freelander 2,Land,2007,"7,11,000","38,312 kms",Petrol
Audi Q3 35 TDI,Audi,2019,"16,84,000","89,124 kms",Diesel
Tata Bolt XT,Tata,2016,"79,000","32,106 kms",Petrol
Chevrolet Spark LT,Chevrolet,2003,"25,000","86,917 kms",Petrol
Mini Cooper D,Mini,2002,Ask For Price,"99,741 kms",Petrol
Toyota Corolla Altis G,Toyota,2002,"25,000","1,09,809 kms",Diesel
Volkswagen Jetta Comfortline TDI,Volkswagen,2014,"50,000","1,59,218 kms",Diesel
Volkswagen Polo Highline 1.2L,Volkswagen,2022,"1,18,000","1,31,873 kms",Diesel
Volkswagen Vento Highline Diesel,Volkswagen,2003,"31,000","24,680 kms",Diesel
BMW 3 Series 320d,BMW,2009,"5,60,000","1,35,057 kms",Diesel
Audi A8,Audi,2013,"6,65,000","1,11,660 kms",Petrol
Hyundai i10 Sportz,Hyundai,2022,Ask For Price,"33,648 kms",Petrol
Mahindra Scorpio SLE BS IV,Mahindra,2008,"30,000","1,45,855 kms",Diesel
Mitsubishi Lancer 1.8 GLX,Mitsubishi,2023,"1,46,000","1,17,335 kms",Petrol
Tata Bolt XT,Tata,2002,"25,000","54,446 kms",Diesel
Volkswagen Ameo Highline 1.5,Volkswagen,2009,"37,000","1,46,931 kms",Petrol
Skoda Fabia Classic 1.2 MPI,Skoda,2020,"1,55,000","32,090 kms",Diesel
Hyundai Verna 1.6 SX,Hyundai,2009,"35,000","80,742 kms",Diesel
Nissan Micra XV,Nissan,2015,"49,000","1,24,417 kms",Petrol
Chevrolet Spark LT,Chevrolet,2006,"25,000","1,72,461 kms",Diesel
Volkswagen Jetta Comfortline TDI,Volkswagen,2022,"1,29,000","1,38,700 kms",Diesel
Land Rover Freelander 2,Land,2020,"29,62,000","43,825 kms",Diesel
Fiat Punto Active,Fiat,2007,"25,000","1,37,866 kms",Petrol
Ford Endeavour 4x4 AT,Ford,2008,"40,000","40,538 kms",Petrol
Jeep Compass Limited,Jeep,2015,"90,000","1,40,393 kms",Diesel
Mercedes E-Class E220d,Mercedes,2022,"19,36,000","1,29,916 kms",Petrol
Chevrolet Spark LT,Chevrolet,2017,"64,000","70,564 kms",Diesel
Mercedes E-Class E220d,Mercedes,2006,"6,71,000","20,900 kms",Petrol
Mercedes E-Class E220d,Mercedes,2013,"8,68,000","1,79,322 kms",Diesel
Jeep Compass Limited,Jeep,2010,"60,000","1,40,989 kms",Diesel
Jaguar XE Prestige,Jaguar,2022,"28,37,000","76,418 kms",Diesel
Toyota Fortuner 3.0 4x4 AT,Toyota,2016,"97,000","84,832 kms",Petrol
Volvo XC60 D5,Volvo,2015,"11,03,000","67,516 kms",Diesel
Nissan Sunny XL,Nissan,2004,"25,000","93,997 kms",Diesel
Datsun redi-GO T,Datsun,2018,"46,000","1,57,085 kms",Diesel
Hyundai Tucson 2WD AT GLS,Hyundai,2008,"28,000","92,102 kms",Petrol
Tata Indica V2 DLS,Tata,2004,"25,000","85,894 kms",Diesel
Volkswagen Vento Highline Diesel,Volkswagen,2006,"28,000","1,37,548 kms",Diesel
Tata Tiago Revotron XZ,Tata,2023,"93,000","1,57,439 kms",Petrol
Hyundai Tucson 2WD AT GLS,Hyundai,2022,"1,06,000","1,36,388 kms",Diesel
Mahindra Jeep CL550 MDI,Mahindra,2010,"68,000","2,225 kms",Diesel
Maruti Suzuki Swift Vdi,Maruti,2012,"55,000","57,555 kms",CNG
Jeep Compass Limited,Jeep,2014,"83,000","1,27,494 kms",Petrol
Volkswagen Jetta Comfortline TDI,Volkswagen,2002,"25,000","90,552 kms",Petrol
Hyundai Tucson 2WD AT GLS,Hyundai,2015,"61,000","1,27,123 kms",Diesel
Datsun GO Plus T,Datsun,2006,"25,000","1,30,063 kms",Petrol
Tata Nexon XZ Plus,Tata,2011,"27,000","1,63,691 kms",Petrol
Land Rover Discovery Sport,Land,2015,"11,82,000","1,16,609 kms",Petrol
Hyundai Elite i20 Magna 1.2,Hyundai,2004,"25,000","93,794 kms",Diesel
Mini Cooper S,Mini,2019,"15,62,000","64,561 kms",Petrol
Chevrolet Spark LT,Chevrolet,2004,"25,000","41,706 kms",Diesel
Volvo XC60 D5,Volvo,2014,"7,69,000","1,25,324 kms",Diesel
Audi Q7,Audi,2021,"31,51,000","5,965 kms",Diesel
Mitsubishi Pajero Sport 4x2,Mitsubishi,2021,"1,13,000","1,32,449 kms",Petrol
Mahindra Scorpio S10,Mahindra,2020,"94,000","1,77,725 kms",Petrol
Skoda Octavia Elegance 1.8 TSI,Skoda,2007,"34,000","88,980 kms",Petrol
Volkswagen Vento Highline Diesel,Volkswagen,2018,"78,000","1,76,513 kms",Petrol
Jaguar XF Portfolio,Jaguar,2010,"6,83,000","1,15,436 kms",Diesel
Chevrolet Beat LT,Chevrolet,2017,"83,000","5,013 kms",Diesel
Volkswagen Vento Highline Diesel,Volkswagen,2022,"1,57,000","80,294 kms",Petrol
Mercedes GLA 200d,Mercedes,2017,"21,79,000","26,798 kms",Diesel
Toyota Etios VXD,Toyota,2002,"25,000","1,52,736 kms",Diesel
Hyundai Venue SX,Hyundai,2014,"75,000","63,274 kms",Diesel
Nissan Terrano XL,Nissan,2016,"58,000","1,22,421 kms",Petrol
Ford EcoSport Titanium 1.5L TDCi,Ford,2012,"42,000","1,68,776 kms",Diesel
Skoda Octavia Elegance 1.8 TSI,Skoda,2010,"54,000","63,117 kms",Petrol
Land Rover Discovery Sport,Land,2006,"8,15,000","45,437 kms",Diesel
Jeep Compass Limited,Jeep,2014,"93,000","66,831 kms",Petrol
Mini Cooper D,Mini,2011,"9,06,000","25,064 kms",Diesel
Nissan Sunny XL,Nissan,2008,"25,000","1,62,517 kms",Diesel
Fiat Linea Active,Fiat,2013,"42,000","91,724 kms",Petrol
Mitsubishi Lancer 1.8 GLX,Mitsubishi,2017,"89,000","1,56,810 kms",Diesel
Jeep Compass Longitude,Jeep,2022,"1,55,000","1,07,260 kms",Diesel
Jeep Compass Limited,Jeep,2022,"1,70,000","1,67,944 kms",Petrol
Renault Kwid RXT,Renault,2022,"94,000","1,67,369 kms",Diesel
Audi A4 35 TDI,Audi,2010,"6,34,000","1,05,074 kms",Diesel
Mercedes GLA 200d,Mercedes,2020,"17,39,000","1,28,325 kms",Petrol
Nissan Terrano XL,Nissan,2012,"42,000","1,50,021 kms",Diesel
Tata Nexon XZ Plus,Tata,2011,"31,000","97,843 kms",Diesel
Tata Bolt XT,Tata,2014,"59,000","26,517 kms",Petrol
Jaguar XE Prestige,Jaguar,2023,"38,66,000","10,405 kms",Petrol
Datsun redi-GO T,Datsun,2020,"60,000","1,69,498 kms",Diesel
BMW X1 sDrive20d,BMW,2021,"24,33,000","46,787 kms",Diesel
Land Rover Freelander 2,Land,2005,"5,00,000","95,825 kms",Petrol
Mitsubishi Lancer 1.8 GLX,Mitsubishi,2016,"72,000","1,05,430 kms",Petrol
BMW 5 Series 520d,BMW,2009,"6,50,000","96,572 kms",Diesel
Hyundai Venue SX,Hyundai,2003,"25,000","1,19,232 kms",Petrol
Volkswagen Polo Highline 1.2L,Volkswagen,2008,"47,000","60,519 kms",Diesel
Volvo S60 D4,Volvo,2004,"3,48,000","71,430 kms",Petrol
Skoda Fabia Classic 1.2 MPI,Skoda,2017,"83,000","1,66,627 kms",Diesel
Datsun GO Plus T,Datsun,2009,"27,000","82,321 kms",Diesel
BMW 5 Series 520d,BMW,2004,"4,00,000","70,362 kms",Petrol
Jaguar XE Prestige,Jaguar,2023,"42,35,000","13,613 kms",Diesel
Nissan Terrano XL,Nissan,2015,Ask For Price,"95,718 kms",Petrol
Toyota Corolla Altis G,Toyota,2007,"31,000","1,75,576 kms",Diesel
Mitsubishi Lancer 1.8 GLX,Mitsubishi,2004,"37,000","37,190 kms",Diesel
Mahindra Scorpio S10,Mahindra,2023,"2,32,000","33,765 kms",Diesel
Volkswagen Vento Highline Diesel,Volkswagen,2012,"63,000","41,798 kms",Diesel
Mercedes GLA 200d,Mercedes,2019,"15,38,000","1,48,895 kms",Petrol
Skoda Rapid Elegance 1.6 MPI,Skoda,2012,"48,000","1,18,459 kms",Diesel
Nissan Terrano XL,Nissan,2008,"39,000","47,512 kms",Diesel
Skoda Fabia Classic 1.2 MPI,Skoda,2005,"25,000","1,36,617 kms",Petrol
Jaguar XF Portfolio,Jaguar,2004,"6,12,000","56,154 kms",Diesel
Maruti Suzuki Eeco 5 Seater,Maruti,2012,"54,000","37,949 kms",Petrol
Mini Cooper S,Mini,2020,"19,49,000","56,824 kms",Diesel
Jeep Compass Limited,Jeep,2005,"37,000","1,40,886 kms",Diesel
Volkswagen Jetta Comfortline TDI,Volkswagen,2023,"1,73,000","35,379 kms",Petrol
Jaguar XE Prestige,Jaguar,2008,"7,35,000","63,783 kms",Diesel
Ford EcoSport Titanium 1.5L TDCi,Ford,2007,"25,000","1,16,207 kms",Petrol
Maruti Suzuki Baleno Delta,Maruti,2002,"25,000","1,33,310 kms",CNG
Skoda Rapid Elegance 1.6 MPI,Skoda,2017,"1,37,000","12,213 kms",Petrol
Mercedes E-Class E220d,Mercedes,2005,"4,05,000","1,42,565 kms",Petrol
Volvo XC60 D5,Volvo,2002,"2,71,000","1,26,763 kms",Diesel
Mahindra KUV100 K8,Mahindra,2007,"46,000","24,691 kms",Diesel
Jeep Compass Limited,Jeep,2019,"1,97,000","13,030 kms",Diesel
Mitsubishi Pajero Sport 4x2,Mitsubishi,2003,"28,000","59,393 kms",Petrol
Chevrolet Tavera Neo 3,Chevrolet,2010,"25,000","1,61,255 kms",Diesel
Volvo S60 D4,Volvo,2014,"14,88,000","9,800 kms",Diesel
Renault Duster 110 PS RxL,Renault,2014,"64,000","65,681 kms",Petrol
Mercedes GLA 200d,Mercedes,2002,"3,78,000","60,253 kms",Diesel
Ford Fiesta Classic CLXi,Ford,2021,"85,000","1,18,229 kms",Petrol
Nissan Terrano XL,Nissan,2020,"1,20,000","26,272 kms",Petrol
Mitsubishi Lancer 1.8 GLX,Mitsubishi,2016,"1,27,000","2,924 kms",Diesel
Chevrolet Spark LT,Chevrolet,2004,"25,000","1,56,956 kms",Petrol
Honda Jazz V,Honda,2007,"27,000","1,05,358 kms",Petrol
Mitsubishi Pajero Sport 4x2,Mitsubishi,2019,"96,000","1,33,804 kms",Diesel
Maruti Suzuki Swift Dzire Vdi,Maruti,2021,"1,29,000","60,892 kms",Petrol
Renault Triber RXZ,Renault,2008,"25,000","1,78,998 kms",Petrol
Renault Triber RXZ,Renault,2004,"25,000","1,25,933 kms",Diesel
Mitsubishi Pajero Sport 4x2,Mitsubishi,2013,"93,000","32,112 kms",Petrol
Skoda Fabia Classic 1.2 MPI,Skoda,2004,"30,000","39,563 kms",Petrol
Nissan Terrano XL,Nissan,2022,Ask For Price,"1,52,905 kms",Diesel
Renault Triber RXZ,Renault,2021,"83,000","1,19,059 kms",Petrol
Mercedes GLA 200d,Mercedes,2002,"3,99,000","50,496 kms",Petrol
Hyundai Tucson 2WD AT GLS,Hyundai,2011,"57,000","19,423 kms",Petrol
Datsun GO T,Datsun,2012,"43,000","24,537 kms",Diesel
Mini Cooper D,Mini,2008,"5,48,000","62,770 kms",Diesel
Fiat Linea Active,Fiat,2014,"43,000","1,20,032 kms",Diesel
Hyundai Santro Xing XO eRLX Euro III,Hyundai,2014,"59,000","73,451 kms",Petrol
Mini Cooper D,Mini,2023,"17,55,000","1,66,567 kms",Petrol
Mercedes C-Class C220d,Mercedes,2003,"4,01,000","59,776 kms",Petrol
BMW X1 sDrive20d,BMW,2016,"13,92,000","87,480 kms",Diesel
Chevrolet Beat LT,Chevrolet,2002,"25,000","79,318 kms",Diesel
Mitsubishi Lancer 1.8 GLX,Mitsubishi,2016,"1,01,000","57,042 kms",Petrol
Datsun GO T,Datsun,2012,"34,000","75,993 kms",Petrol
Mitsubishi Lancer 1.8 GLX,Mitsubishi,2020,"1,33,000","78,453 kms",Diesel
Ford EcoSport Titanium 1.5L TDCi,Ford,2017,"65,000","1,51,129 kms",Diesel
Nissan Sunny XL,Nissan,2023,"1,16,000","92,137 kms",Diesel
Mitsubishi Lancer 1.8 GLX,Mitsubishi,2006,"46,000","43,725 kms",Diesel
Jeep Compass Limited,Jeep,2010,"55,000","1,78,436 kms",Petrol
Volvo XC60 D5,Volvo,2023,Ask For Price,"99,773 kms",Diesel
BMW 5 Series 520d,BMW,2020,"16,45,000","1,56,720 kms",Petrol
Land Rover Discovery Sport,Land,2004,"6,03,000","57,374 kms",Petrol
Mercedes C-Class C220d,Mercedes,2021,"19,70,000","1,16,192 kms",Diesel
Nissan Sunny XL,Nissan,2003,"25,000","1,71,608 kms",Petrol
BMW 3 Series 320d,BMW,2014,"12,31,000","58,511 kms",Diesel
Audi A4 35 TDI,Audi,2023,"34,66,000","22,486 kms",Petrol
Nissan Micra XV,Nissan,2006,"25,000","1,45,301 kms",Diesel
Hyundai i10 Sportz,Hyundai,2019,"73,000","1,71,321 kms",Petrol
Tata Tigor XZ,Tata,2009,"40,000","13,701 kms",Petrol
Renault Triber RXZ,Renault,2010,"34,000","99,474 kms",Petrol
Maruti Suzuki Ertiga VDI,Maruti,2020,Ask For Price,"67,887 kms",Petrol
Volvo XC60 D5,Volvo,2022,"24,74,000","34,313 kms",Petrol
Datsun redi-GO T,Datsun,2006,"25,000","1,57,068 kms",Diesel
Renault Lodgy 110PS RxZ 8 Str,Renault,2003,"30,000","8,752 kms",Diesel
Jeep Compass Limited,Jeep,2011,"63,000","1,39,484 kms",Diesel
Ford EcoSport Titanium 1.5L TDCi,Ford,2020,"80,000","1,65,709 kms",Petrol
Skoda Fabia Classic 1.2 MPI,Skoda,2018,"1,39,000","1,793 kms",Diesel
Skoda Fabia Classic 1.2 MPI,Skoda,2013,"57,000","87,399 kms",Petrol
BMW X1 sDrive20d,BMW,2018,Ask For Price,"1,67,227 kms",Diesel
Toyota Innova 2.5 G,Toyota,2009,"35,000","1,54,789 kms",Petrol
Mahindra TUV300 T8,Mahindra,2003,"36,000","24,487 kms",Petrol
Fiat Linea Active,Fiat,2015,"59,000","54,848 kms",Petrol
Jeep Compass Limited,Jeep,2007,"38,000","1,36,256 kms",Diesel
Mahindra Bolero SLE,Mahindra,2007,"34,000","81,289 kms",Petrol
Mitsubishi Pajero Sport 4x2,Mitsubishi,2017,"78,000","1,74,827 kms",Diesel
Maruti Suzuki Baleno Delta,Maruti,2008,Ask For Price,"48,007 kms",Petrol
Mahindra Jeep CL550 MDI,Mahindra,2007,"29,000","1,38,268 kms",Diesel
Honda City 1.5 S MT,Honda,2006,"27,000","1,78,647 kms",Petrol
Maruti Suzuki Swift Vdi,Maruti,2017,"69,000","94,695 kms",Diesel
Datsun redi-GO T,Datsun,2018,"49,000","1,30,723 kms",Petrol
Hyundai Creta 1.6 SX Option,Hyundai,2014,"54,000","1,08,903 kms",Petrol
Maruti Suzuki Swift Vdi,Maruti,2013,"63,000","44,957 kms",CNG
Volkswagen Ameo Highline 1.5,Volkswagen,2007,"52,000","13,417 kms",Petrol
Mercedes GLA 200d,Mercedes,2012,"8,59,000","76,739 kms",Petrol
Nissan Terrano XL,Nissan,2017,"92,000","37,261 kms",Petrol
Fiat Punto Active,Fiat,2015,"77,000","12,938 kms",Petrol
Volvo S60 D4,Volvo,2009,"7,86,000","35,379 kms",Diesel
Jaguar XF Portfolio,Jaguar,2018,"21,17,000","26,241 kms",Diesel
Ford Endeavour 4x4 AT,Ford,2015,Ask For Price,"1,30,215 kms",Diesel
Honda Jazz V,Honda,2004,"25,000","1,49,904 kms",Petrol
Honda Civic 1.8 V MT,Honda,2013,"72,000","33,216 kms",Petrol
Mitsubishi Lancer 1.8 GLX,Mitsubishi,2002,"26,000","70,525 kms",Petrol
Jeep Compass Longitude,Jeep,2020,"2,27,000","27,137 kms",Diesel
Nissan Sunny XL,Nissan,2005,"35,000","20,370 kms",Diesel
Mini Cooper D,Mini,2004,"3,85,000","74,135 kms",Petrol
Audi Q3 35 TDI,Audi,2016,"13,57,000","79,452 kms",Petrol
Toyota Corolla Altis G,Toyota,2019,"1,01,000","1,22,716 kms",Petrol
Honda Jazz V,Honda,2021,"1,81,000","21,000 kms",Petrol
Mini Cooper D,Mini,2016,"12,64,000","61,870 kms",Diesel
Toyota Corolla Altis G,Toyota,2011,"66,000","50,240 kms",Diesel
Skoda Octavia Elegance 1.8 TSI,Skoda,2016,"62,000","1,36,124 kms",Diesel
Datsun redi-GO T,Datsun,2017,"79,000","29,019 kms",Diesel
Skoda Fabia Classic 1.2 MPI,Skoda,2018,"84,000","1,77,400 kms",Petrol
Mitsubishi Pajero Sport 4x2,Mitsubishi,2009,"49,000","70,934 kms",Petrol
Mercedes GLA 200d,Mercedes,2015,"17,66,000","13,355 kms",Petrol
Maruti Suzuki Ciaz VDi,Maruti,2004,"25,000","1,09,925 kms",Diesel
Honda Jazz V,Honda,2007,"32,000","1,06,403 kms",Diesel
Honda Amaze S i-Dtech,Honda,2013,"71,000","68,702 kms",Petrol
Volvo S60 D4,Volvo,2003,"2,88,000","1,56,189 kms",Petrol
Mini Cooper S,Mini,2005,"2,85,000","1,78,035 kms",Diesel
Land Rover Freelander 2,Land,2016,"17,30,000","48,425 kms",Petrol
Volkswagen Jetta Comfortline TDI,Volkswagen,2012,"49,000","1,10,489 kms",Petrol
Jeep Compass Limited,Jeep,2006,"33,000","1,60,106 kms",Petrol
Jeep Compass Limited,Jeep,2016,"1,03,000","80,361 kms",Petrol
Renault Triber RXZ,Renault,2021,"98,000","1,09,481 kms",Diesel
Mercedes C-Class C220d,Mercedes,2013,"11,58,000","65,425 kms",Petrol
Toyota Yaris VX,Toyota,2011,Ask For Price,"1,21,989 kms",Petrol
Tata Nano Lx,Tata,2021,"79,000","1,47,626 kms",Petrol
Mini Cooper S,Mini,2015,"9,74,000","78,904 kms",Diesel
Mini Cooper D,Mini,2011,"8,46,000","38,281 kms",Diesel
Land Rover Discovery Sport,Land,2012,"11,54,000","68,207 kms",Petrol
Mini Cooper S,Mini,2005,"3,36,000","1,05,102 kms",Diesel
Hyundai i10 Sportz,Hyundai,2016,"76,000","95,437 kms",Diesel
Tata Tiago Revotron XZ,Tata,2009,"27,000","1,79,382 kms",Diesel
Tata Tigor XZ,Tata,2023,"1,00,000","1,54,755 kms",Petrol
Toyota Glanza G,Toyota,2017,"78,000","1,46,359 kms",Petrol
Jeep Compass Longitude,Jeep,2009,"70,000","64,659 kms",Petrol
Chevrolet Spark LT,Chevrolet,2022,"66,000","1,78,151 kms",Petrol
BMW 5 Series 520d,BMW,2005,"5,09,000","46,948 kms",Petrol
Volkswagen Polo Highline 1.2L,Volkswagen,2022,"1,11,000","1,49,536 kms",Diesel
Toyota Innova 2.5 G,Toyota,2009,"50,000","60,432 kms",Diesel
Datsun GO T,Datsun,2006,"25,000","65,252 kms",Petrol
Mercedes GLA 200d,Mercedes,2004,"3,89,000","95,949 kms",Diesel
Hyundai Tucson 2WD AT GLS,Hyundai,2010,"31,000","1,66,312 kms",Petrol
Mini Cooper D,Mini,2012,"5,78,000","1,03,193 kms",Diesel
Toyota Corolla Altis G,Toyota,2013,"89,000","23,064 kms",Petrol
Hyundai Venue SX,Hyundai,2018,"1,27,000","19,857 kms",Petrol
Nissan Micra XV,Nissan,2013,"58,000","58,614 kms",Diesel
Mahindra TUV300 T8,Mahindra,2005,"28,000","87,441 kms",Petrol
Nissan Sunny XL,Nissan,2005,"25,000","1,02,947 kms",Diesel
Jeep Compass Longitude,Jeep,2010,"47,000","1,07,468 kms",Petrol
Ford Fiesta Classic CLXi,Ford,2015,"86,000","35,260 kms",Petrol
Jaguar XF Portfolio,Jaguar,2015,"13,83,000","62,345 kms",Diesel
Maruti Suzuki Vitara Brezza ZDi,Maruti,2015,"78,000","19,277 kms",Diesel
Chevrolet Tavera Neo 3,Chevrolet,2018,"62,000","94,078 kms",Diesel
Mahindra Bolero SLE,Mahindra,2008,"35,000","1,79,888 kms",Diesel
Jeep Compass Longitude,Jeep,2020,"2,05,000","10,046 kms",Petrol
BMW X1 sDrive20d,BMW,2005,"6,40,000","13,221 kms",Petrol
Jeep Compass Longitude,Jeep,2019,"1,07,000","1,55,786 kms",Petrol
Datsun GO Plus T,Datsun,2005,"25,000","1,01,254 kms",Petrol
Jeep Compass Limited,Jeep,2019,"1,39,000","92,457 kms",Petrol
BMW X1 sDrive20d,BMW,2003,"3,59,000","91,986 kms",Petrol
Datsun GO Plus T,Datsun,2019,"81,000","42,124 kms",Diesel
Maruti Suzuki Vitara Brezza ZDi,Maruti,2006,"25,000","1,28,098 kms",Petrol
Fiat Punto Active,Fiat,2023,"91,000","1,75,412 kms",Diesel
Audi A6 2.0 TDI,Audi,2013,"6,96,000","1,10,193 kms",Diesel
Land Rover Freelander 2,Land,2019,"23,84,000","58,281 kms",Petrol
Jeep Compass Limited,Jeep,2005,"32,000","1,68,276 kms",Diesel
Fiat Punto Active,Fiat,2015,"39,000","1,21,066 kms",Petrol
Mitsubishi Pajero Sport 4x2,Mitsubishi,2015,"74,000","99,431 kms",Diesel
Fiat Linea Active,Fiat,2017,"79,000","26,570 kms",Petrol
Hyundai Verna 1.6 SX,Hyundai,2023,"1,27,000","1,59,383 kms",Diesel
Skoda Fabia Classic 1.2 MPI,Skoda,2004,"25,000","1,32,163 kms",Petrol
Tata Bolt XT,Tata,2006,"31,000","4,361 kms",Petrol
Nissan Sunny XL,Nissan,2012,"53,000","56,179 kms",Petrol
Mercedes C-Class C220d,Mercedes,2002,"2,58,000","1,77,573 kms",Petrol
Fiat Linea Active,Fiat,2005,"25,000","1,55,263 kms",Petrol
Skoda Octavia Elegance 1.8 TSI,Skoda,2017,"63,000","1,76,600 kms",Petrol
Volkswagen Polo Highline 1.2L,Volkswagen,2006,Ask For Price,"98,390 kms",Diesel
Hyundai Verna 1.6 SX,Hyundai,2011,"36,000","1,54,726 kms",Petrol
Hyundai Tucson 2WD AT GLS,Hyundai,2020,"86,000","1,44,426 kms",Petrol
Mini Cooper D,Mini,2009,"4,15,000","1,36,527 kms",Diesel
Datsun GO T,Datsun,2002,"25,000","53,104 kms",Diesel
Jaguar XE Prestige,Jaguar,2002,"5,20,000","7,940 kms",Petrol
Volvo XC60 D5,Volvo,2021,"20,65,000","59,351 kms",Petrol
Volkswagen Polo Highline 1.2L,Volkswagen,2016,"65,000","1,49,034 kms",Diesel
Datsun GO T,Datsun,2018,"51,000","1,62,418 kms",Diesel
Jeep Compass Limited,Jeep,2007,"57,000","38,182 kms",Diesel
Mini Cooper D,Mini,2003,"4,05,000","1,195 kms",Petrol
Renault Triber RXZ,Renault,2003,"25,000","97,691 kms",Diesel
Ford Figo,Ford,2013,"77,000","20,760 kms",Diesel
Volkswagen Polo Highline 1.2L,Volkswagen,2018,"83,000","1,64,997 kms",Petrol
Maruti Suzuki Celerio VXI,Maruti,2004,"25,000","1,08,317 kms",CNG
Ford Freestyle Titanium,Ford,2007,"35,000","57,118 kms",Petrol
Volkswagen Jetta Comfortline TDI,Volkswagen,2022,"1,16,000","1,61,111 kms",Petrol
Tata Nexon XZ Plus,Tata,2004,"25,000","85,659 kms",Petrol
Fiat Linea Active,Fiat,2011,"31,000","79,511 kms",Petrol
Volkswagen Vento Highline Diesel,Volkswagen,2010,"36,000","1,40,790 kms",Diesel
Audi A6 2.0 TDI,Audi,2016,"16,61,000","20,235 kms",Diesel
Mahindra Scorpio SLE BS IV,Mahindra,2019,"1,45,000","8,374 kms",Petrol
Mini Cooper S,Mini,2010,"7,85,000","31,956 kms",Petrol
Datsun GO T,Datsun,2002,"25,000","69,225 kms",Diesel
Jeep Compass Longitude,Jeep,2005,"34,000","1,52,185 kms",Petrol
Datsun GO Plus T,Datsun,2023,"82,000","1,57,189 kms",Petrol
BMW X1 sDrive20d,BMW,2019,"12,90,000","1,75,495 kms",Petrol
Renault Triber RXZ,Renault,2004,"25,000","73,737 kms",Petrol
Ford EcoSport Titanium 1.5L TDCi,Ford,2019,"74,000","1,66,165 kms",Petrol
Chevrolet Beat LT,Chevrolet,2009,"36,000","41,144 kms",Diesel
Mitsubishi Pajero Sport 4x2,Mitsubishi,2011,"51,000","81,841 kms",Diesel
Maruti Suzuki Ciaz VDi,Maruti,2010,"52,000","12,621 kms",CNG
Jeep Compass Limited,Jeep,2018,"1,37,000","55,852 kms",Petrol
Nissan Sunny XL,Nissan,2010,"34,000","82,597 kms",Diesel
Audi Q3 35 TDI,Audi,2023,"21,25,000","1,23,935 kms",Diesel
Volkswagen Polo Highline 1.2L,Volkswagen,2009,"47,000","56,407 kms",Diesel
Mitsubishi Lancer 1.8 GLX,Mitsubishi,2002,"25,000","1,58,505 kms",Petrol
Renault Lodgy 110PS RxZ 8 Str,Renault,2021,"97,000","75,841 kms",Petrol
Skoda Fabia Classic 1.2 MPI,Skoda,2002,"25,000","1,01,106 kms",Petrol
Audi Q3 35 TDI,Audi,2009,"8,24,000","17,235 kms",Petrol
Datsun GO T,Datsun,2004,"25,000","1,79,785 kms",Petrol
Volvo XC60 D5,Volvo,2022,"19,93,000","87,207 kms",Diesel
Chevrolet Spark LT,Chevrolet,2014,Ask For Price,"9,917 kms",Diesel
Volkswagen Jetta Comfortline TDI,Volkswagen,2011,"42,000","1,36,691 kms",Diesel
Fiat Linea Active,Fiat,2022,"84,000","1,66,862 kms",Diesel
Audi A4 35 TDI,Audi,2022,Ask For Price,"64,707 kms",Diesel
Hyundai Venue SX,Hyundai,2016,"1,04,000","1,129 kms",Petrol
Renault Lodgy 110PS RxZ 8 Str,Renault,2012,"38,000","1,50,602 kms",Diesel
Hyundai Venue SX,Hyundai,2018,"1,26,000","27,169 kms",Petrol
Ford Endeavour 4x4 AT,Ford,2015,Ask For Price,"13,750 kms",Petrol
Mahindra Bolero SLE,Mahindra,2011,"62,000","77,098 kms",Diesel
Chevrolet Tavera Neo 3,Chevrolet,2016,"51,000","73,321 kms",Petrol
Jeep Compass Limited,Jeep,2023,"2,05,000","1,48,118 kms",Diesel
Nissan Micra XV,Nissan,2009,"27,000","1,48,879 kms",Petrol
Tata Tigor XZ,Tata,2009,"31,000","94,522 kms",Petrol
Hyundai Creta 1.6 SX Option,Hyundai,2021,"91,000","1,53,628 kms",Petrol
Nissan Micra XV,Nissan,2014,"75,000","29,373 kms",Diesel
Ford Figo Aspire Titanium,Ford,2008,"31,000","1,48,978 kms",Diesel
Honda Jazz V,Honda,2018,"86,000","1,29,942 kms",Petrol
Fiat Linea Active,Fiat,2018,"70,000","98,696 kms",Diesel
Volvo S60 D4,Volvo,2017,"10,88,000","1,72,814 kms",Diesel
Volkswagen Polo Highline 1.2L,Volkswagen,2009,"46,000","71,791 kms",Petrol
Mercedes GLA 200d,Mercedes,2014,"8,72,000","1,15,526 kms",Petrol
Fiat Punto Active,Fiat,2017,"71,000","60,129 kms",Diesel
Land Rover Freelander 2,Land,2014,"14,52,000","35,816 kms",Diesel
Mitsubishi Pajero Sport 4x2,Mitsubishi,2013,"71,000","69,036 kms",Diesel
Mitsubishi Lancer 1.8 GLX,Mitsubishi,2002,"34,000","26,740 kms",Diesel
Chevrolet Sail UVA LS,Chevrolet,2017,"85,000","1,385 kms",Petrol
Jaguar XE Prestige,Jaguar,2017,"21,33,000","26,067 kms",Diesel
Honda Jazz V,Honda,2012,"67,000","33,167 kms",Petrol
Toyota Fortuner 3.0 4x4 AT,Toyota,2003,"41,000","1,958 kms",Petrol
Ford Fiesta Classic CLXi,Ford,2003,"29,000","21,900 kms",Diesel
Mitsubishi Lancer 1.8 GLX,Mitsubishi,2008,"38,000","1,47,385 kms",Diesel
Volvo S60 D4,Volvo,2006,"5,27,000","23,095 kms",Petrol
Fiat Punto Active,Fiat,2022,"1,26,000","50,750 kms",Diesel
Mitsubishi Pajero Sport 4x2,Mitsubishi,2023,"1,44,000","1,47,079 kms",Diesel
Tata Indica V2 DLS,Tata,2003,"25,000","69,226 kms",Diesel
Audi A6 2.0 TDI,Audi,2022,"20,73,000","1,08,284 kms",Diesel
Mahindra Scorpio S10,Mahindra,2006,"45,000","18,927 kms",Petrol
Maruti Suzuki Ertiga VDI,Maruti,2008,"45,000","21,493 kms",CNG
Datsun GO T,Datsun,2022,"74,000","1,65,170 kms",Petrol
BMW 5 Series 520d,BMW,2005,"3,91,000","1,64,671 kms",Diesel
Tata Tiago Revotron XZ,Tata,2022,"84,000","1,59,873 kms",Petrol
Volkswagen Polo Highline 1.2L,Volkswagen,2009,"55,000","38,724 kms",Petrol
Land Rover Freelander 2,Land,2023,"33,14,000","47,203 kms",Diesel
Honda Brio S MT,Honda,2014,"49,000","1,19,169 kms",Petrol
Renault Lodgy 110PS RxZ 8 Str,Renault,2020,"1,13,000","68,267 kms",Diesel
Toyota Corolla Altis G,Toyota,2007,"36,000","1,61,292 kms",Diesel
Jaguar XF Portfolio,Jaguar,2009,"6,72,000","1,65,196 kms",Diesel
BMW X1 sDrive20d,BMW,2005,"5,53,000","30,547 kms",Petrol
Renault Duster 110 PS RxL,Renault,2015,"64,000","67,603 kms",Petrol
Chevrolet Tavera Neo 3,Chevrolet,2017,"77,000","22,427 kms",Diesel
Jaguar XE Prestige,Jaguar,2022,"23,55,000","1,01,983 kms",Petrol
Volvo S60 D4,Volvo,2007,Ask For Price,"93,509 kms",Petrol
Volkswagen Jetta Comfortline TDI,Volkswagen,2009,"30,000","1,22,773 kms",Petrol
Datsun redi-GO T,Datsun,2002,"25,000","56,818 kms",Petrol
Mahindra Jeep CL550 MDI,Mahindra,2007,"29,000","1,63,281 kms",Diesel
Mitsubishi Lancer 1.8 GLX,Mitsubishi,2016,"1,15,000","59,705 kms",Diesel
Tata Bolt XT,Tata,2013,"41,000","1,28,252 kms",Diesel
Mini Cooper S,Mini,2010,"5,22,000","1,18,442 kms",Diesel
Mercedes GLA 200d,Mercedes,2008,"5,00,000","1,02,732 kms",Diesel
BMW 3 Series 320d,BMW,2013,"9,41,000","1,03,108 kms",Diesel
Toyota Corolla Altis G,Toyota,2019,"1,16,000","76,557 kms",Petrol
Maruti Suzuki Alto K10 VXi,Maruti,2003,"25,000","94,863 kms",CNG
Jeep Compass Longitude,Jeep,2020,"2,33,000","43,649 kms",Diesel
Jeep Compass Limited,Jeep,2009,"62,000","45,000 kms",Petrol
Land Rover Freelander 2,Land,2004,"5,71,000","45,127 kms",Diesel
Nissan Sunny XL,Nissan,2019,"73,000","91,571 kms",Petrol
Maruti Suzuki Swift Vdi,Maruti,2021,"89,000","1,17,852 kms",Petrol
Mercedes E-Class E220d,Mercedes,2023,"38,27,000","18,280 kms",Diesel
Volvo XC60 D5,Volvo,2008,"4,41,000","1,65,049 kms",Diesel
Chevrolet Sail UVA LS,Chevrolet,2012,"42,000","24,053 kms",Petrol
Mahindra Jeep CL550 MDI,Mahindra,2018,"1,25,000","30,200 kms",Petrol
Volkswagen Vento Highline Diesel,Volkswagen,2006,"25,000","1,12,631 kms",Petrol
Tata Nexon XZ Plus,Tata,2002,"25,000","1,18,535 kms",Petrol
Honda Brio S MT,Honda,2022,"1,00,000","1,38,760 kms",Petrol
Jaguar XF Portfolio,Jaguar,2023,"33,91,000","37,415 kms",Diesel
Tata Bolt XT,Tata,2005,"25,000","1,14,064 kms",Petrol
Volvo S60 D4,Volvo,2015,"8,18,000","1,04,012 kms",Petrol
BMW X1 sDrive20d,BMW,2014,"9,39,000","1,46,416 kms",Diesel
Renault Kwid RXT,Renault,2002,"25,000","66,747 kms",Diesel
Maruti Suzuki Ertiga VDI,Maruti,2005,"25,000","1,14,367 kms",CNG
Maruti Suzuki Eeco 5 Seater,Maruti,2019,"1,04,000","75,438 kms",Diesel
Maruti Suzuki Swift Vdi,Maruti,2012,"38,000","1,72,037 kms",Petrol
Mitsubishi Lancer 1.8 GLX,Mitsubishi,2007,"31,000","1,35,294 kms",Petrol
Ford EcoSport Ambiente 1.5L TDCi,Ford,2002,"25,000","83,422 kms",Petrol
BMW X1 sDrive20d,BMW,2020,"16,16,000","1,09,073 kms",Petrol
Ford EcoSport Ambiente 1.5L TDCi,Ford,2007,"28,000","86,978 kms",Diesel
Toyota Etios VXD,Toyota,2023,"1,38,000","1,44,980 kms",Petrol
Tata Nexon XZ Plus,Tata,2022,"84,000","1,16,768 kms",Diesel
Hyundai Creta 1.6 SX Option,Hyundai,2017,"74,000","1,06,161 kms",Petrol
Jaguar XE Prestige,Jaguar,2021,"22,31,000","95,555 kms",Petrol
Chevrolet Spark LT,Chevrolet,2012,"40,000","83,813 kms",Diesel
Land Rover Freelander 2,Land,2014,"15,70,000","10,684 kms",Petrol
Fiat Punto Active,Fiat,2009,"48,000","5,309 kms",Diesel
Fiat Punto Active,Fiat,2020,"71,000","1,23,540 kms",Petrol
Skoda Fabia Classic 1.2 MPI,Skoda,2007,"27,000","1,59,785 kms",Petrol
Land Rover Discovery Sport,Land,2023,"23,42,000","95,642 kms",Petrol
Nissan Terrano XL,Nissan,2015,"49,000","1,16,217 kms",Diesel
Mahindra Scorpio SLE BS IV,Mahindra,2023,"2,25,000","49,479 kms",Diesel
Renault Duster 110 PS RxL,Renault,2011,"39,000","86,963 kms",Diesel
Volkswagen Ameo Highline 1.5,Volkswagen,2023,Ask For Price,"27,383 kms",Petrol
Mitsubishi Lancer 1.8 GLX,Mitsubishi,2018,"99,000","1,49,637 kms",Diesel
Ford EcoSport Ambiente 1.5L TDCi,Ford,2023,"1,53,000","44,110 kms",Petrol
Datsun GO Plus T,Datsun,2018,"44,000","1,56,105 kms",Diesel
Tata Tiago Revotron XZ,Tata,2016,"44,000","1,13,509 kms",Petrol
Mitsubishi Pajero Sport 4x2,Mitsubishi,2002,"25,000","1,30,082 kms",Diesel
Ford Fiesta Classic CLXi,Ford,2009,"32,000","1,50,110 kms",Diesel
Volvo S60 D4,Volvo,2016,"16,55,000","27,659 kms",Diesel
Renault Kwid RXT,Renault,2018,"69,000","1,77,508 kms",Diesel
Jaguar XF Portfolio,Jaguar,2006,"5,03,000","1,34,675 kms",Diesel
Fiat Linea Active,Fiat,2018,"55,000","1,71,007 kms",Petrol
Renault Lodgy 110PS RxZ 8 Str,Renault,2014,"61,000","63,725 kms",Petrol
Maruti Suzuki Eeco 5 Seater,Maruti,2002,"25,000","1,23,376 kms",Petrol
Mitsubishi Lancer 1.8 GLX,Mitsubishi,2010,"54,000","82,054 kms",Diesel
Volkswagen Ameo Highline 1.5,Volkswagen,2010,"58,000","29,019 kms",Petrol
Toyota Yaris VX,Toyota,2015,"1,15,000","35,604 kms",Diesel
Skoda Octavia Elegance 1.8 TSI,Skoda,2009,"47,000","78,145 kms",Diesel
Ford Fiesta Classic CLXi,Ford,2014,"84,000","8,224 kms",Diesel
Jeep Compass Longitude,Jeep,2021,"1,69,000","1,35,294 kms",Diesel
Mitsubishi Pajero Sport 4x2,Mitsubishi,2016,"72,000","1,58,951 kms",Diesel
Audi Q7,Audi,2009,"5,09,000","1,76,242 kms",Diesel
Fiat Punto Active,Fiat,2014,"44,000","1,25,129 kms",Diesel
Skoda Octavia Elegance 1.8 TSI,Skoda,2003,"25,000","1,28,237 kms",Petrol
Jaguar XE Prestige,Jaguar,2023,"26,24,000","1,22,251 kms",Diesel
Jaguar XE Prestige,Jaguar,2012,Ask For Price,"1,72,482 kms",Petrol
Jeep Compass Longitude,Jeep,2014,"69,000","1,53,157 kms",Petrol
Land Rover Discovery Sport,Land,2011,"14,84,000","3,679 kms",Petrol
Mitsubishi Lancer 1.8 GLX,Mitsubishi,2006,"30,000","1,45,413 kms",Diesel
Toyota Etios VXD,Toyota,2004,"37,000","36,339 kms",Diesel
Renault Triber RXZ,Renault,2023,"1,13,000","86,873 kms",Petrol
Volkswagen Polo Highline 1.2L,Volkswagen,2008,"44,000","36,709 kms",Petrol
Mahindra Bolero SLE,Mahindra,2015,"71,000","1,60,630 kms",Diesel
Land Rover Discovery Sport,Land,2012,"10,18,000","96,606 kms",Diesel
Hyundai Elite i20 Magna 1.2,Hyundai,2003,"28,000","10,835 kms",Diesel
Tata Nexon XZ Plus,Tata,2011,"42,000","69,691 kms",Diesel
Datsun GO T,Datsun,2007,"30,000","28,352 kms",Petrol
Mini Cooper S,Mini,2017,"9,97,000","1,77,571 kms",Petrol
Audi A8,Audi,2005,"5,75,000","40,423 kms",Petrol
Fiat Punto Active,Fiat,2022,"77,000","1,65,859 kms",Petrol
BMW X1 sDrive20d,BMW,2013,"11,46,000","65,198 kms",Petrol
Chevrolet Sail UVA LS,Chevrolet,2020,"66,000","87,385 kms",Petrol
Land Rover Discovery Sport,Land,2015,"20,87,000","1,834 kms",Diesel
Volvo XC60 D5,Volvo,2008,"6,00,000","60,940 kms",Petrol
Tata Bolt XT,Tata,2021,"1,45,000","16,278 kms",Diesel
Maruti Suzuki Alto K10 VXi,Maruti,2007,"32,000","64,114 kms",CNG
Honda WR-V i-VTEC VX,Honda,2020,"1,86,000","4,653 kms",Petrol
Hyundai Tucson 2WD AT GLS,Hyundai,2016,"70,000","98,279 kms",Diesel
Audi Q7,Audi,2003,"2,67,000","1,13,258 kms",Diesel
Chevrolet Beat LT,Chevrolet,2007,"29,000","10,237 kms",Petrol
Volkswagen Ameo Highline 1.5,Volkswagen,2021,"1,88,000","8,793 kms",Diesel
Toyota Innova 2.5 G,Toyota,2014,"92,000","47,894 kms",Petrol
Renault Kwid RXT,Renault,2020,"80,000","1,66,612 kms",Petrol
Datsun GO Plus T,Datsun,2021,"84,000","38,558 kms",Petrol
Maruti Suzuki Vitara Brezza ZDi,Maruti,2004,"30,000","41,942 kms",Petrol
Hyundai Xcent S,Hyundai,2006,"36,000","38,194 kms",Petrol
Volkswagen Vento Highline Diesel,Volkswagen,2016,"1,10,000","14,292 kms",Diesel
Mercedes GLA 200d,Mercedes,2019,"15,96,000","1,40,464 kms",Diesel
Honda City 1.5 S MT,Honda,2014,"71,000","50,828 kms",Petrol
Land Rover Freelander 2,Land,2004,"6,84,000","43,985 kms",Diesel
Skoda Rapid Elegance 1.6 MPI,Skoda,2015,"63,000","1,09,960 kms",Diesel
Volkswagen Jetta Comfortline TDI,Volkswagen,2015,"1,19,000","3,544 kms",Diesel
Mini Cooper D,Mini,2010,"4,98,000","1,15,433 kms",Petrol
Chevrolet Spark LT,Chevrolet,2013,"31,000","1,20,956 kms",Petrol
Volkswagen Jetta Comfortline TDI,Volkswagen,2017,Ask For Price,"1,43,612 kms",Diesel
Land Rover Discovery Sport,Land,2015,"13,90,000","83,482 kms",Diesel
Hyundai i10 Sportz,Hyundai,2004,"34,000","37,397 kms",Diesel
Skoda Fabia Classic 1.2 MPI,Skoda,2014,"57,000","1,37,057 kms",Petrol
Honda WR-V i-VTEC VX,Honda,2023,"2,08,000","18,764 kms",Diesel
Maruti Suzuki Celerio VXI,Maruti,2008,"27,000","1,29,256 kms",Petrol
Hyundai Verna 1.6 SX,Hyundai,2014,"55,000","1,04,384 kms",Petrol
Mini Cooper D,Mini,2014,"10,01,000","80,214 kms",Diesel
Nissan Terrano XL,Nissan,2004,"28,000","37,939 kms",Diesel
Ford Figo,Ford,2010,"51,000","35,105 kms",Diesel
Jaguar XF Portfolio,Jaguar,2004,"3,57,000","1,04,671 kms",Petrol
Volvo XC60 D5,Volvo,2019,"20,34,000","5,269 kms",Diesel
Mercedes C-Class C220d,Mercedes,2018,"13,53,000","1,79,709 kms",Diesel
Nissan Micra XV,Nissan,2003,"25,000","1,25,808 kms",Diesel
Hyundai Venue SX,Hyundai,2011,"61,000","15,360 kms",Diesel
Fiat Linea Active,Fiat,2016,"47,000","1,56,626 kms",Diesel
Skoda Rapid Elegance 1.6 MPI,Skoda,2004,"25,000","1,75,655 kms",Petrol
Hyundai Tucson 2WD AT GLS,Hyundai,2002,"25,000","13,532 kms",Diesel
Fiat Linea Active,Fiat,2002,"25,000","46,397 kms",Petrol
Jaguar XF Portfolio,Jaguar,2020,"17,73,000","1,24,239 kms",Petrol
Renault Kwid RXT,Renault,2003,"28,000","21,571 kms",Petrol
Mercedes E-Class E220d,Mercedes,2021,"17,02,000","1,58,184 kms",Diesel
Land Rover Discovery Sport,Land,2022,"29,54,000","60,410 kms",Diesel
Audi Q3 35 TDI,Audi,2010,"8,01,000","43,877 kms",Diesel
Jaguar XF Portfolio,Jaguar,2023,"20,12,000","1,70,086 kms",Petrol
Skoda Fabia Classic 1.2 MPI,Skoda,2013,"69,000","55,461 kms",Diesel
Jaguar XF Portfolio,Jaguar,2004,"5,42,000","49,292 kms",Petrol
Volvo S60 D4,Volvo,2016,"10,44,000","1,11,183 kms",Diesel
Jaguar XF Portfolio,Jaguar,2014,"10,20,000","1,39,973 kms",Petrol
Maruti Suzuki Alto K10 VXi,Maruti,2012,"46,000","90,147 kms",CNG
Audi Q3 35 TDI,Audi,2021,"16,79,000","1,72,407 kms",Petrol
Volvo XC60 D5,Volvo,2018,"10,64,000","1,33,567 kms",Petrol
Hyundai Xcent S,Hyundai,2003,"25,000","55,527 kms",Diesel
Hyundai Verna 1.6 SX,Hyundai,2016,"78,000","67,075 kms",Diesel
Mitsubishi Lancer 1.8 GLX,Mitsubishi,2008,"50,000","47,982 kms",Diesel
Honda WR-V i-VTEC VX,Honda,2020,"1,66,000","28,747 kms",Petrol
Hyundai Xcent S,Hyundai,2013,"76,000","18,665 kms",Diesel
Jeep Compass Limited,Jeep,2021,"1,82,000","58,393 kms",Petrol
Mitsubishi Lancer 1.8 GLX,Mitsubishi,2005,"25,000","1,31,192 kms",Petrol
Land Rover Freelander 2,Land,2022,"30,06,000","72,189 kms",Petrol
Honda Amaze S i-Dtech,Honda,2023,"1,23,000","1,09,831 kms",Diesel
Mercedes GLA 200d,Mercedes,2006,"8,55,000","2,368 kms",Diesel
Toyota Glanza G,Toyota,2018,"94,000","1,27,048 kms",Petrol
Mahindra Bolero SLE,Mahindra,2017,"80,000","1,79,167 kms",Diesel
Audi Q3 35 TDI,Audi,2014,"14,17,000","1,389 kms",Diesel
Audi A4 35 TDI,Audi,2017,"11,77,000","1,43,661 kms",Diesel
Toyota Innova 2.5 G,Toyota,2010,"42,000","1,12,764 kms",Petrol
Fiat Punto Active,Fiat,2010,"31,000","90,313 kms",Petrol
BMW 5 Series 520d,BMW,2015,"10,00,000","1,62,543 kms",Diesel
Audi A8,Audi,2012,"8,50,000","76,959 kms",Diesel
Audi Q3 35 TDI,Audi,2004,"3,99,000","61,861 kms",Diesel
Honda Brio S MT,Honda,2020,"1,56,000","55,944 kms",Diesel
Land Rover Discovery Sport,Land,2021,"20,31,000","1,14,123 kms",Petrol
Mahindra XUV500 W8,Mahindra,2010,Ask For Price,"98,896 kms",Diesel
Honda Jazz V,Honda,2018,"1,04,000","75,163 kms",Diesel
Jaguar XF Portfolio,Jaguar,2015,"18,80,000","31,250 kms",Petrol
Datsun GO T,Datsun,2006,"25,000","63,012 kms",Petrol
Maruti Suzuki Eeco 5 Seater,Maruti,2015,"62,000","87,993 kms",Diesel
Renault Duster 110 PS RxL,Renault,2014,"79,000","9,307 kms",Petrol
Skoda Fabia Classic 1.2 MPI,Skoda,2009,"62,000","13,956 kms",Petrol
Toyota Yaris VX,Toyota,2017,"1,50,000","17,770 kms",Diesel
Skoda Rapid Elegance 1.6 MPI,Skoda,2013,"54,000","1,09,773 kms",Petrol
Ford Figo,Ford,2022,Ask For Price,"20,153 kms",Petrol
Fiat Punto Active,Fiat,2019,"66,000","1,28,097 kms",Petrol
Chevrolet Sail UVA LS,Chevrolet,2013,"33,000","1,63,306 kms",Diesel
Nissan Sunny XL,Nissan,2012,Ask For Price,"77,813 kms",Petrol
Mini Cooper S,Mini,2012,"9,85,000","36,671 kms",Petrol
Jeep Compass Limited,Jeep,2015,"91,000","1,53,192 kms",Petrol
Volvo XC60 D5,Volvo,2014,"7,47,000","1,54,589 kms",Diesel
Toyota Yaris VX,Toyota,2019,"1,44,000","75,219 kms",Diesel
Hyundai Eon Era Plus,Hyundai,2004,"25,000","1,75,696 kms",Petrol
Volvo XC60 D5,Volvo,2004,"4,76,000","44,031 kms",Petrol
Tata Nexon XZ Plus,Tata,2014,"47,000","1,37,189 kms",Diesel
Audi A8,Audi,2019,"13,71,000","1,02,126 kms",Petrol
Jaguar XF Portfolio,Jaguar,2007,"5,02,000","1,23,621 kms",Petrol
Maruti Suzuki Omni E STD,Maruti,2009,"44,000","39,301 kms",Petrol
Audi Q7,Audi,2009,"7,71,000","70,521 kms",Diesel
Maruti Suzuki Ertiga VDI,Maruti,2007,"25,000","1,74,645 kms",Petrol
Mini Cooper D,Mini,2022,"16,21,000","96,643 kms",Diesel
Toyota Etios VXD,Toyota,2022,"2,16,000","33,933 kms",Diesel
Hyundai Santro Xing XO eRLX Euro III,Hyundai,2010,"38,000","86,762 kms",Petrol
Mitsubishi Lancer 1.8 GLX,Mitsubishi,2008,"61,000","16,063 kms",Petrol
Mini Cooper S,Mini,2007,"4,05,000","1,44,476 kms",Diesel
Maruti Suzuki Wagon R 1.0 VXI,Maruti,2007,"33,000","66,834 kms",Petrol
Chevrolet Sail UVA LS,Chevrolet,2012,"38,000","76,214 kms",Diesel
Land Rover Freelander 2,Land,2020,"19,20,000","1,18,030 kms",Diesel
Ford Figo Aspire Titanium,Ford,2017,"62,000","1,46,354 kms",Petrol
Mini Cooper D,Mini,2014,"6,82,000","1,69,162 kms",Diesel
Chevrolet Tavera Neo 3,Chevrolet,2021,"1,41,000","2,763 kms",Diesel
Jaguar XF Portfolio,Jaguar,2023,"25,05,000","1,13,145 kms",Diesel
Land Rover Freelander 2,Land,2021,"30,95,000","18,595 kms",Petrol
Nissan Terrano XL,Nissan,2016,"46,000","1,14,841 kms",Petrol
Toyota Etios VXD,Toyota,2023,"1,67,000","1,61,308 kms",Diesel
Mitsubishi Lancer 1.8 GLX,Mitsubishi,2007,"29,000","1,10,658 kms",Diesel
Mini Cooper D,Mini,2008,"6,12,000","15,607 kms",Petrol
Renault Kwid RXT,Renault,2020,"79,000","1,34,226 kms",Petrol
Jeep Compass Limited,Jeep,2004,"32,000","98,645 kms",Petrol
BMW X1 sDrive20d,BMW,2021,"32,34,000","14,083 kms",Diesel
Mahindra Jeep CL550 MDI,Mahindra,2019,"1,05,000","1,76,695 kms",Diesel
Tata Nano Lx,Tata,2016,"60,000","73,553 kms",Petrol
Honda Brio S MT,Honda,2022,"1,10,000","1,18,025 kms",Diesel
Mahindra Thar CRDe 4x4,Mahindra,2014,"62,000","95,996 kms",Petrol
Audi Q7,Audi,2023,"27,65,000","77,646 kms",Diesel
Chevrolet Sail UVA LS,Chevrolet,2013,"56,000","6,763 kms",Diesel
Land Rover Discovery Sport,Land,2006,"4,65,000","1,47,725 kms",Petrol
Nissan Sunny XL,Nissan,2004,"25,000","1,46,678 kms",Petrol
Land Rover Discovery Sport,Land,2006,"4,53,000","1,73,850 kms",Diesel
Audi Q7,Audi,2022,"18,35,000","1,31,335 kms",Petrol
Mini Cooper D,Mini,2005,"4,53,000","17,690 kms",Petrol
Nissan Sunny XL,Nissan,2011,"39,000","77,655 kms",Diesel
Hyundai Elite i20 Magna 1.2,Hyundai,2017,"71,000","1,65,427 kms",Diesel
Audi A6 2.0 TDI,Audi,2002,"2,49,000","1,34,551 kms",Petrol
Nissan Terrano XL,Nissan,2009,"43,000","45,268 kms",Petrol
Skoda Rapid Elegance 1.6 MPI,Skoda,2002,"29,000","45,417 kms",Petrol
Skoda Octavia Elegance 1.8 TSI,Skoda,2002,"25,000","1,51,062 kms",Diesel
Mahindra Jeep CL550 MDI,Mahindra,2013,"52,000","1,73,124 kms",Diesel
Mitsubishi Pajero Sport 4x2,Mitsubishi,2002,"26,000","74,106 kms",Diesel
Honda Brio S MT,Honda,2009,Ask For Price,"40,434 kms",Diesel
Fiat Punto Active,Fiat,2005,"25,000","53,563 kms",Diesel
Renault Triber RXZ,Renault,2018,"66,000","96,277 kms",Diesel
Jaguar XF Portfolio,Jaguar,2007,"5,29,000","1,21,126 kms",Diesel
Mercedes C-Class C220d,Mercedes,2011,"11,18,000","33,765 kms",Petrol
Toyota Glanza G,Toyota,2004,"38,000","53,529 kms",Petrol
Skoda Octavia Elegance 1.8 TSI,Skoda,2011,"37,000","1,47,027 kms",Petrol
Volvo S60 D4,Volvo,2019,"12,59,000","1,42,977 kms",Petrol
Skoda Rapid Elegance 1.6 MPI,Skoda,2007,"44,000","49,450 kms",Petrol
Mitsubishi Pajero Sport 4x2,Mitsubishi,2018,"1,36,000","40,491 kms",Petrol
Datsun GO Plus T,Datsun,2008,"35,000","24,767 kms",Diesel
BMW X1 sDrive20d,BMW,2014,"9,48,000","1,28,303 kms",Petrol
Land Rover Freelander 2,Land,2017,"23,91,000","22,402 kms",Petrol
Fiat Punto Active,Fiat,2021,"1,16,000","30,286 kms",Diesel
Maruti Suzuki Swift Vdi,Maruti,2009,"36,000","54,087 kms",Petrol
Renault Triber RXZ,Renault,2010,"30,000","1,55,402 kms",Diesel
Mahindra Bolero SLE,Mahindra,2018,"83,000","1,24,552 kms",Diesel
Mercedes E-Class E220d,Mercedes,2013,"13,56,000","40,338 kms",Diesel
Honda Amaze S i-Dtech,Honda,2004,Ask For Price,"99,013 kms",Petrol
Tata Tigor XZ,Tata,2017,"48,000","1,68,524 kms",Petrol
Jaguar XE Prestige,Jaguar,2012,"8,85,000","1,15,310 kms",Petrol
Mitsubishi Lancer 1.8 GLX,Mitsubishi,2008,"58,000","15,940 kms",Diesel
Maruti Suzuki Celerio VXI,Maruti,2021,"90,000","1,59,361 kms",Diesel
Datsun redi-GO T,Datsun,2023,"82,000","1,58,591 kms",Petrol
Renault Kwid RXT,Renault,2016,"88,000","15,636 kms",Petrol
Chevrolet Beat LT,Chevrolet,2002,"25,000","1,52,142 kms",Diesel
Mini Cooper S,Mini,2019,"10,61,000","1,10,424 kms",Petrol
Tata Indica V2 DLS,Tata,2014,"47,000","88,611 kms",Diesel
Fiat Punto Active,Fiat,2021,"68,000","1,70,779 kms",Petrol
Maruti Suzuki Ciaz VDi,Maruti,2017,"89,000","48,990 kms",Petrol
Fiat Punto Active,Fiat,2023,"1,08,000","98,098 kms",Diesel
Ford Figo,Ford,2021,"1,67,000","30,070 kms",Diesel
Skoda Octavia Elegance 1.8 TSI,Skoda,2007,"40,000","61,758 kms",Diesel
Tata Bolt XT,Tata,2017,"88,000","51,336 kms",Diesel
Tata Nano Lx,Tata,2009,"25,000","1,39,531 kms",Petrol
BMW 5 Series 520d,BMW,2016,"11,83,000","95,544 kms",Diesel
Volkswagen Jetta Comfortline TDI,Volkswagen,2017,"91,000","69,764 kms",Petrol
Mahindra Scorpio S10,Mahindra,2003,"25,000","1,05,042 kms",Diesel
Toyota Glanza G,Toyota,2016,"69,000","1,26,135 kms",Diesel
Jeep Compass Limited,Jeep,2002,"25,000","1,34,546 kms",Petrol
Volkswagen Polo Highline 1.2L,Volkswagen,2013,"49,000","1,15,289 kms",Petrol
Land Rover Freelander 2,Land,2014,"16,56,000","18,041 kms",Petrol
Ford EcoSport Ambiente 1.5L TDCi,Ford,2014,"92,000","8,238 kms",Petrol
Jeep Compass Longitude,Jeep,2014,"1,34,000","5,902 kms",Diesel
Volkswagen Jetta Comfortline TDI,Volkswagen,2013,"68,000","67,786 kms",Petrol
Renault Lodgy 110PS RxZ 8 Str,Renault,2018,"83,000","67,074 kms",Petrol
Volkswagen Polo Highline 1.2L,Volkswagen,2008,"42,000","76,139 kms",Diesel
Chevrolet Sail UVA LS,Chevrolet,2023,"78,000","1,07,650 kms",Diesel
Maruti Suzuki Swift Vdi,Maruti,2004,"25,000","1,57,641 kms",CNG
Mercedes C-Class C220d,Mercedes,2009,"6,23,000","1,37,112 kms",Diesel
Volkswagen Vento Highline Diesel,Volkswagen,2005,"25,000","1,70,921 kms",Diesel
Datsun GO Plus T,Datsun,2009,"25,000","1,40,367 kms",Diesel
Mitsubishi Lancer 1.8 GLX,Mitsubishi,2023,"1,28,000","1,65,507 kms",Diesel
Tata Tiago Revotron XZ,Tata,2002,"25,000","1,58,581 kms",Petrol
Nissan Micra XV,Nissan,2019,"1,02,000","29,853 kms",Petrol
Volkswagen Polo Highline 1.2L,Volkswagen,2009,"46,000","72,214 kms",Diesel
Mercedes E-Class E220d,Mercedes,2003,"5,43,000","4,188 kms",Diesel
Mitsubishi Lancer 1.8 GLX,Mitsubishi,2023,"1,58,000","1,51,200 kms",Diesel
Toyota Glanza G,Toyota,2013,"80,000","66,968 kms",Diesel
Mitsubishi Lancer 1.8 GLX,Mitsubishi,2011,"77,000","36,325 kms",Petrol
Mercedes GLA 200d,Mercedes,2013,"8,02,000","1,14,164 kms",Petrol
Maruti Suzuki Alto 800 Vxi,Maruti,2005,"25,000","1,08,865 kms",Petrol
Volkswagen Ameo Highline 1.5,Volkswagen,2016,"71,000","1,52,132 kms",Diesel
Toyota Etios VXD,Toyota,2012,"55,000","1,76,826 kms",Petrol
Fiat Punto Active,Fiat,2007,"25,000","1,10,872 kms",Diesel
Mercedes GLA 200d,Mercedes,2004,"3,08,000","1,79,279 kms",Petrol
Audi Q7,Audi,2005,"5,93,000","32,985 kms",Diesel
Datsun GO T,Datsun,2009,"40,000","10,835 kms",Diesel
Mitsubishi Lancer 1.8 GLX,Mitsubishi,2019,"1,27,000","73,983 kms",Petrol
Toyota Yaris VX,Toyota,2022,"1,95,000","64,383 kms",Diesel
Fiat Punto Active,Fiat,2022,"1,09,000","56,006 kms",Diesel
Mercedes GLA 200d,Mercedes,2013,"9,01,000","1,06,368 kms",Diesel
Jaguar XE Prestige,Jaguar,2003,"6,09,000","36,412 kms",Diesel
Mini Cooper D,Mini,2017,"14,48,000","25,228 kms",Petrol
Mahindra TUV300 T8,Mahindra,2003,"25,000","1,77,082 kms",Petrol
Maruti Suzuki Vitara Brezza ZDi,Maruti,2020,"1,42,000","31,772 kms",Petrol
Skoda Rapid Elegance 1.6 MPI,Skoda,2010,"54,000","66,836 kms",Diesel
Ford Endeavour 4x4 AT,Ford,2018,"1,01,000","63,307 kms",Petrol
Skoda Fabia Classic 1.2 MPI,Skoda,2011,"45,000","1,28,412 kms",Petrol
Jaguar XF Portfolio,Jaguar,2007,"7,95,000","63,322 kms",Diesel
Skoda Octavia Elegance 1.8 TSI,Skoda,2023,"1,16,000","1,30,012 kms",Diesel
Fiat Punto Active,Fiat,2022,"1,21,000","38,643 kms",Diesel
Ford Figo,Ford,2004,"25,000","1,70,441 kms",Petrol
Toyota Fortuner 3.0 4x4 AT,Toyota,2017,"84,000","1,49,981 kms",Petrol
BMW X1 sDrive20d,BMW,2002,"4,26,000","39,002 kms",Diesel
Tata Bolt XT,Tata,2008,"25,000","1,49,808 kms",Diesel
Datsun GO Plus T,Datsun,2018,Ask For Price,"35,121 kms",Petrol
Maruti Suzuki Baleno Delta,Maruti,2023,"1,15,000","1,23,933 kms",Petrol
Maruti Suzuki Vitara Brezza ZDi,Maruti,2003,"25,000","64,578 kms",CNG
Mini Cooper D,Mini,2015,"7,01,000","1,52,154 kms",Petrol
Land Rover Freelander 2,Land,2020,"16,69,000","1,35,064 kms",Petrol
Honda Brio S MT,Honda,2015,"62,000","1,28,998 kms",Diesel
Jaguar XE Prestige,Jaguar,2021,"18,14,000","1,07,538 kms",Diesel
Skoda Octavia Elegance 1.8 TSI,Skoda,2010,"43,000","89,311 kms",Diesel
Mercedes E-Class E220d,Mercedes,2013,"7,64,000","1,77,566 kms",Diesel
Toyota Glanza G,Toyota,2005,"28,000","1,17,212 kms",Diesel
Maruti Suzuki Alto 800 Vxi,Maruti,2008,"36,000","80,665 kms",Diesel
Hyundai Elite i20 Magna 1.2,Hyundai,2015,"84,000","47,168 kms",Diesel
Hyundai Eon Era Plus,Hyundai,2006,"25,000","1,02,058 kms",Diesel
Nissan Sunny XL,Nissan,2009,"37,000","63,413 kms",Petrol
Hyundai Venue SX,Hyundai,2010,"57,000","10,381 kms",Diesel
Jeep Compass Limited,Jeep,2006,"33,000","1,69,784 kms",Petrol
Mercedes E-Class E220d,Mercedes,2005,"6,60,000","32,905 kms",Diesel
Mini Cooper S,Mini,2003,"2,72,000","93,989 kms",Petrol
BMW X1 sDrive20d,BMW,2008,"6,96,000","50,988 kms",Petrol
Volkswagen Vento Highline Diesel,Volkswagen,2006,"28,000","1,39,767 kms",Diesel
Jeep Compass Longitude,Jeep,2016,"1,40,000","36,751 kms",Petrol
Chevrolet Spark LT,Chevrolet,2005,"28,000","9,365 kms",Petrol
Land Rover Freelander 2,Land,2002,"3,10,000","1,42,501 kms",Diesel
Hyundai Eon Era Plus,Hyundai,2016,"1,02,000","3,020 kms",Diesel
Tata Tigor XZ,Tata,2005,"25,000","1,65,842 kms",Petrol
Mini Cooper S,Mini,2006,"4,24,000","94,484 kms",Diesel
Maruti Suzuki Wagon R 1.0 VXI,Maruti,2016,"68,000","57,541 kms",CNG
Land Rover Discovery Sport,Land,2023,"23,30,000","1,77,710 kms",Petrol
Jaguar XF Portfolio,Jaguar,2019,"27,54,000","4,441 kms",Diesel
Nissan Sunny XL,Nissan,2011,"48,000","37,869 kms",Petrol
Fiat Punto Active,Fiat,2016,"45,000","1,62,819 kms",Petrol
Tata Tigor XZ,Tata,2006,"25,000","1,65,051 kms",Diesel
Volvo XC60 D5,Volvo,2018,"12,14,000","1,38,857 kms",Diesel
Honda Civic 1.8 V MT,Honda,2019,"1,13,000","56,037 kms",Petrol
Volvo XC60 D5,Volvo,2023,"18,79,000","1,76,294 kms",Petrol
Nissan Micra XV,Nissan,2009,"41,000","43,348 kms",Petrol
Mitsubishi Lancer 1.8 GLX,Mitsubishi,2013,"63,000","95,207 kms",Petrol
Honda Jazz V,Honda,2002,"25,000","1,03,941 kms",Diesel
Mini Cooper D,Mini,2022,"14,41,000","1,76,023 kms",Petrol
Skoda Rapid Elegance 1.6 MPI,Skoda,2015,"64,000","1,23,578 kms",Petrol
Mitsubishi Lancer 1.8 GLX,Mitsubishi,2009,"63,000","37,409 kms",Diesel
Maruti Suzuki Baleno Delta,Maruti,2018,"75,000","87,904 kms",Petrol
Datsun GO T,Datsun,2006,"25,000","27,143 kms",Diesel
Renault Lodgy 110PS RxZ 8 Str,Renault,2011,"45,000","54,074 kms",Diesel
Volvo XC60 D5,Volvo,2021,"17,54,000","75,867 kms",Petrol
Chevrolet Sail UVA LS,Chevrolet,2015,"48,000","95,073 kms",Diesel
Tata Indica V2 DLS,Tata,2017,"89,000","15,358 kms",Diesel
Mahindra Jeep CL550 MDI,Mahindra,2023,"2,17,000","38,496 kms",Petrol
Tata Nexon XZ Plus,Tata,2023,"1,08,000","98,677 kms",Petrol
Nissan Terrano XL,Nissan,2014,"42,000","1,72,279 kms",Diesel
Toyota Etios VXD,Toyota,2008,"44,000","74,832 kms",Diesel
Mahindra KUV100 K8,Mahindra,2023,"1,58,000","1,02,712 kms",Diesel
Hyundai Tucson 2WD AT GLS,Hyundai,2002,"25,000","79,362 kms",Diesel
Maruti Suzuki Omni E STD,Maruti,2016,"76,000","54,592 kms",Petrol
Audi Q7,Audi,2020,"14,82,000","1,64,713 kms",Petrol
Volvo XC60 D5,Volvo,2022,"20,99,000","73,341 kms",Petrol
Hyundai Tucson 2WD AT GLS,Hyundai,2023,"1,99,000","6,184 kms",Petrol
Skoda Octavia Elegance 1.8 TSI,Skoda,2023,"1,36,000","1,73,601 kms",Diesel
Maruti Suzuki Wagon R 1.0 VXI,Maruti,2013,"44,000","1,28,771 kms",Petrol
Mitsubishi Lancer 1.8 GLX,Mitsubishi,2010,"42,000","1,29,535 kms",Petrol
Fiat Linea Active,Fiat,2019,"98,000","15,031 kms",Diesel
Maruti Suzuki Eeco 5 Seater,Maruti,2012,"38,000","1,02,071 kms",CNG
Fiat Punto Active,Fiat,2016,"50,000","1,42,266 kms",Diesel
Mitsubishi Pajero Sport 4x2,Mitsubishi,2016,"99,000","71,780 kms",Petrol
Volvo XC60 D5,Volvo,2018,"13,61,000","83,700 kms",Petrol
Chevrolet Beat LT,Chevrolet,2006,"25,000","62,947 kms",Petrol
Mitsubishi Lancer 1.8 GLX,Mitsubishi,2010,"41,000","1,03,196 kms",Petrol
Renault Triber RXZ,Renault,2010,"32,000","1,38,614 kms",Diesel
Ford Figo,Ford,2005,"25,000","1,79,938 kms",Diesel
Jeep Compass Limited,Jeep,2004,"49,000","1,439 kms",Petrol
BMW X1 sDrive20d,BMW,2011,"6,44,000","1,00,176 kms",Diesel
Hyundai Eon Era Plus,Hyundai,2017,"70,000","1,05,576 kms",Diesel
Mitsubishi Pajero Sport 4x2,Mitsubishi,2023,"2,16,000","21,574 kms",Diesel
Chevrolet Beat LT,Chevrolet,2009,"25,000","1,50,715 kms",Diesel
Fiat Linea Active,Fiat,2018,"82,000","18,484 kms",Petrol
Ford EcoSport Ambiente 1.5L TDCi,Ford,2018,"65,000","1,57,957 kms",Petrol
Fiat Linea Active,Fiat,2023,"83,000","1,05,244 kms",Petrol
Chevrolet Sail UVA LS,Chevrolet,2002,"25,000","6,892 kms",Petrol
Mercedes C-Class C220d,Mercedes,2018,"25,95,000","3,130 kms",Petrol
Mahindra Scorpio S10,Mahindra,2011,"46,000","92,851 kms",Diesel
Nissan Terrano XL,Nissan,2003,"25,000","1,00,964 kms",Petrol
Mitsubishi Pajero Sport 4x2,Mitsubishi,2008,"33,000","1,05,264 kms",Diesel
Ford Endeavour 4x4 AT,Ford,2005,"25,000","1,76,219 kms",Petrol
Fiat Linea Active,Fiat,2004,"25,000","1,31,608 kms",Diesel
Mercedes C-Class C220d,Mercedes,2019,"27,50,000","3,106 kms",Diesel
Tata Tigor XZ,Tata,2007,"25,000","1,46,507 kms",Diesel
Land Rover Freelander 2,Land,2021,"18,00,000","1,10,872 kms",Petrol
Tata Nano Lx,Tata,2004,"25,000","51,142 kms",Diesel
Honda City 1.5 S MT,Honda,2020,"1,29,000","69,617 kms",Petrol
Tata Nexon XZ Plus,Tata,2023,"1,65,000","19,247 kms",Diesel
Nissan Sunny XL,Nissan,2006,"25,000","1,17,793 kms",Diesel
Ford EcoSport Titanium 1.5L TDCi,Ford,2007,"27,000","1,08,762 kms",Petrol
Hyundai i10 Sportz,Hyundai,2020,"93,000","97,250 kms",Petrol
Mahindra Scorpio S10,Mahindra,2005,"38,000","31,001 kms",Petrol
Mahindra Scorpio SLE BS IV,Mahindra,2005,"25,000","1,75,009 kms",Petrol
Mini Cooper S,Mini,2023,"15,03,000","1,61,208 kms",Petrol
Nissan Terrano XL,Nissan,2018,"56,000","1,29,945 kms",Petrol
Renault Duster 110 PS RxL,Renault,2011,"35,000","1,73,835 kms",Diesel
Land Rover Freelander 2,Land,2002,"3,50,000","1,52,845 kms",Diesel
Datsun GO Plus T,Datsun,2003,"25,000","75,651 kms",Diesel
Mahindra Scorpio S10,Mahindra,2003,"26,000","57,025 kms",Diesel
Volkswagen Polo Highline 1.2L,Volkswagen,2019,"1,52,000","3,594 kms",Diesel
BMW 3 Series 320d,BMW,2019,"26,22,000","19,859 kms",Diesel
Fiat Punto Active,Fiat,2010,"26,000","1,11,472 kms",Diesel
Nissan Micra XV,Nissan,2014,"87,000","3,129 kms",Diesel
Hyundai i10 Sportz,Hyundai,2006,"25,000","1,19,829 kms",Diesel
Fiat Punto Active,Fiat,2023,"94,000","1,62,167 kms",Diesel
Volkswagen Vento Highline Diesel,Volkswagen,2021,"1,28,000","71,974 kms",Petrol
Jaguar XE Prestige,Jaguar,2011,"7,54,000","1,62,707 kms",Diesel
Mini Cooper D,Mini,2015,"12,80,000","47,060 kms",Diesel
Mini Cooper D,Mini,2016,"9,41,000","1,06,592 kms",Diesel
Nissan Micra XV,Nissan,2003,"29,000","25,194 kms",Diesel
Mercedes C-Class C220d,Mercedes,2018,"12,35,000","1,65,254 kms",Diesel
Jaguar XF Portfolio,Jaguar,2018,"15,48,000","84,030 kms",Petrol
Jaguar XF Portfolio,Jaguar,2006,"5,28,000","1,59,680 kms",Diesel
Datsun redi-GO T,Datsun,2006,"25,000","1,41,695 kms",Diesel
Skoda Octavia Elegance 1.8 TSI,Skoda,2018,"1,39,000","33,516 kms",Diesel
Fiat Linea Active,Fiat,2017,"45,000","1,70,615 kms",Petrol
Toyota Fortuner 3.0 4x4 AT,Toyota,2017,"76,000","1,79,358 kms",Diesel
Nissan Sunny XL,Nissan,2006,"30,000","54,175 kms",Petrol
Honda Jazz V,Honda,2007,"38,000","53,335 kms",Diesel
Datsun GO T,Datsun,2002,"25,000","1,36,676 kms",Diesel
Volvo XC60 D5,Volvo,2021,"15,83,000","1,02,461 kms",Petrol
Hyundai Verna 1.6 SX,Hyundai,2006,"47,000","2,263 kms",Diesel
Chevrolet Spark LT,Chevrolet,2004,"25,000","49,492 kms",Petrol
BMW 3 Series 320d,BMW,2012,"6,67,000","1,60,694 kms",Petrol
Honda Amaze S i-Dtech,Honda,2005,"45,000","1,837 kms",Petrol
Mitsubishi Lancer 1.8 GLX,Mitsubishi,2010,"60,000","59,402 kms",Petrol
Land Rover Freelander 2,Land,2010,"12,73,000","8,218 kms",Diesel
Tata Tigor XZ,Tata,2022,"92,000","1,22,148 kms",Diesel
Land Rover Discovery Sport,Land,2003,"6,01,000","39,051 kms",Petrol
Jeep Compass Longitude,Jeep,2009,"77,000","24,408 kms",Petrol
Jaguar XE Prestige,Jaguar,2018,"25,12,000","28,686 kms",Petrol
Mitsubishi Lancer 1.8 GLX,Mitsubishi,2006,"38,000","81,556 kms",Petrol
Audi Q7,Audi,2021,"16,34,000","1,14,190 kms",Petrol
Mercedes E-Class E220d,Mercedes,2011,"7,57,000","91,018 kms",Petrol
Skoda Octavia Elegance 1.8 TSI,Skoda,2018,"72,000","1,39,871 kms",Petrol
Mercedes GLA 200d,Mercedes,2006,"5,07,000","82,561 kms",Diesel
Mini Cooper D,Mini,2008,"4,22,000","85,804 kms",Petrol
Jeep Compass Longitude,Jeep,2019,"1,99,000","6,717 kms",Diesel
Chevrolet Sail UVA LS,Chevrolet,2009,"25,000","1,45,332 kms",Petrol
Maruti Suzuki Wagon R 1.0 VXI,Maruti,2016,"56,000","1,04,095 kms",CNG
Land Rover Freelander 2,Land,2019,"25,24,000","33,786 kms",Diesel
Jeep Compass Limited,Jeep,2004,"26,000","1,74,458 kms",Petrol
Tata Indica V2 DLS,Tata,2023,"1,41,000","56,499 kms",Diesel
Ford EcoSport Ambiente 1.5L TDCi,Ford,2006,"25,000","1,03,943 kms",Petrol
Mercedes E-Class E220d,Mercedes,2004,"4,49,000","67,451 kms",Diesel
Ford EcoSport Titanium 1.5L TDCi,Ford,2014,"93,000","21,496 kms",Diesel
Mitsubishi Lancer 1.8 GLX,Mitsubishi,2011,"51,000","92,512 kms",Diesel
Tata Indica V2 DLS,Tata,2021,"74,000","1,60,618 kms",Diesel
Nissan Micra XV,Nissan,2009,"41,000","63,811 kms",Diesel
Toyota Glanza G,Toyota,2015,Ask For Price,"1,61,387 kms",Diesel
Hyundai Eon Era Plus,Hyundai,2022,"1,21,000","79,410 kms",Petrol
Mercedes E-Class E220d,Mercedes,2019,"17,51,000","93,408 kms",Diesel
Jeep Compass Longitude,Jeep,2017,"93,000","1,34,248 kms",Diesel
Honda City 1.5 S MT,Honda,2013,"49,000","1,50,226 kms",Petrol
Audi A8,Audi,2009,"5,04,000","1,35,096 kms",Petrol
Hyundai Eon Era Plus,Hyundai,2008,"40,000","30,908 kms",Petrol
Volvo XC60 D5,Volvo,2010,"5,83,000","1,46,048 kms",Petrol
Skoda Rapid Elegance 1.6 MPI,Skoda,2008,"34,000","1,79,868 kms",Petrol
Jeep Compass Longitude,Jeep,2014,"75,000","1,45,740 kms",Diesel
Mercedes E-Class E220d,Mercedes,2002,"2,67,000","1,20,435 kms",Petrol
Nissan Sunny XL,Nissan,2002,"25,000","1,078 kms",Diesel
Toyota Glanza G,Toyota,2006,"49,000","31,595 kms",Petrol
Honda City 1.5 S MT,Honda,2020,"1,52,000","55,812 kms",Diesel
Mercedes GLA 200d,Mercedes,2010,"5,97,000","1,15,538 kms",Petrol
Tata Bolt XT,Tata,2008,"36,000","51,889 kms",Petrol
Nissan Terrano XL,Nissan,2020,"78,000","1,13,054 kms",Petrol
Datsun redi-GO T,Datsun,2023,"87,000","1,04,195 kms",Petrol
Renault Duster 110 PS RxL,Renault,2007,"34,000","53,153 kms",Diesel
Chevrolet Sail UVA LS,Chevrolet,2020,"56,000","1,47,535 kms",Petrol
Skoda Rapid Elegance 1.6 MPI,Skoda,2013,"88,000","25,810 kms",Petrol
Maruti Suzuki Ertiga VDI,Maruti,2009,"28,000","1,22,700 kms",Petrol
Skoda Octavia Elegance 1.8 TSI,Skoda,2009,"40,000","98,735 kms",Diesel
Mahindra KUV100 K8,Mahindra,2012,"54,000","1,51,982 kms",Diesel
Fiat Linea Active,Fiat,2020,"79,000","67,735 kms",Petrol
Mitsubishi Pajero Sport 4x2,Mitsubishi,2005,"35,000","54,776 kms",Diesel
Chevrolet Tavera Neo 3,Chevrolet,2007,"25,000","1,28,252 kms",Diesel
Mercedes E-Class E220d,Mercedes,2013,"7,80,000","1,48,986 kms",Petrol
Mahindra XUV500 W8,Mahindra,2011,"69,000","23,509 kms",Diesel
Mitsubishi Lancer 1.8 GLX,Mitsubishi,2009,"41,000","1,45,694 kms",Petrol
Skoda Fabia Classic 1.2 MPI,Skoda,2015,"54,000","1,28,914 kms",Petrol
Maruti Suzuki Eeco 5 Seater,Maruti,2017,Ask For Price,"1,06,541 kms",Petrol
Ford EcoSport Titanium 1.5L TDCi,Ford,2004,"25,000","58,805 kms",Petrol
Maruti Suzuki Wagon R 1.0 VXI,Maruti,2011,"49,000","48,184 kms",Petrol
Volvo S60 D4,Volvo,2004,"3,57,000","68,663 kms",Petrol
Jeep Compass Limited,Jeep,2005,"39,000","1,00,887 kms",Diesel
Maruti Suzuki Wagon R 1.0 VXI,Maruti,2022,"93,000","1,72,767 kms",Petrol
Renault Duster 110 PS RxL,Renault,2014,"45,000","1,19,163 kms",Diesel
Audi A6 2.0 TDI,Audi,2003,"2,74,000","1,53,200 kms",Diesel
Tata Nexon XZ Plus,Tata,2007,"25,000","1,13,437 kms",Diesel
Nissan Terrano XL,Nissan,2014,"50,000","1,48,896 kms",Diesel
Nissan Terrano XL,Nissan,2017,"93,000","27,247 kms",Diesel
Volvo S60 D4,Volvo,2007,"3,69,000","1,28,260 kms",Diesel
Chevrolet Sail UVA LS,Chevrolet,2023,"88,000","1,62,256 kms",Petrol
Mercedes C-Class C220d,Mercedes,2022,"25,62,000","48,042 kms",Diesel
BMW X1 sDrive20d,BMW,2012,"8,16,000","1,06,609 kms",Diesel
Jeep Compass Limited,Jeep,2023,"1,71,000","1,58,684 kms",Diesel
Datsun redi-GO T,Datsun,2020,"79,000","76,998 kms",Petrol
BMW 5 Series 520d,BMW,2010,"5,35,000","1,30,171 kms",Petrol
Mercedes E-Class E220d,Mercedes,2017,"13,50,000","1,72,552 kms",Diesel
Nissan Terrano XL,Nissan,2014,"59,000","69,263 kms",Diesel
Datsun redi-GO T,Datsun,2021,"96,000","68,069 kms",Diesel
Nissan Sunny XL,Nissan,2022,"1,41,000","62,651 kms",Diesel
Chevrolet Beat LT,Chevrolet,2022,"1,08,000","34,102 kms",Diesel
Audi A8,Audi,2007,"4,24,000","1,57,521 kms",Petrol
Jeep Compass Limited,Jeep,2012,Ask For Price,"59,604 kms",Diesel
Audi Q3 35 TDI,Audi,2010,"5,92,000","1,45,318 kms",Petrol
Maruti Suzuki Celerio VXI,Maruti,2009,"26,000","1,39,585 kms",Petrol
Datsun GO Plus T,Datsun,2008,"25,000","48,997 kms",Petrol
Skoda Octavia Elegance 1.8 TSI,Skoda,2018,Ask For Price,"11,345 kms",Diesel
Renault Lodgy 110PS RxZ 8 Str,Renault,2008,Ask For Price,"14,612 kms",Diesel
Datsun GO T,Datsun,2007,"25,000","67,619 kms",Petrol
Honda WR-V i-VTEC VX,Honda,2013,"53,000","1,35,504 kms",Petrol
Mitsubishi Lancer 1.8 GLX,Mitsubishi,2008,"55,000","53,076 kms",Diesel
Mini Cooper D,Mini,2010,"5,64,000","1,03,409 kms",Diesel
Honda WR-V i-VTEC VX,Honda,2008,"30,000","1,49,620 kms",Diesel
Honda City 1.5 S MT,Honda,2020,"1,07,000","74,464 kms",Petrol
Toyota Yaris VX,Toyota,2017,"81,000","1,14,450 kms",Petrol
Jaguar XF Portfolio,Jaguar,2005,"5,17,000","1,02,792 kms",Diesel
Audi A8,Audi,2020,"13,90,000","1,66,259 kms",Diesel
Renault Duster 110 PS RxL,Renault,2015,"77,000","22,957 kms",Diesel
Audi Q3 35 TDI,Audi,2010,Ask For Price,"1,24,109 kms",Petrol
Nissan Terrano XL,Nissan,2022,"89,000","1,79,998 kms",Petrol
Audi A4 35 TDI,Audi,2014,"8,16,000","1,38,474 kms",Diesel
Hyundai Venue SX,Hyundai,2004,"25,000","1,66,956 kms",Petrol
Renault Lodgy 110PS RxZ 8 Str,Renault,2005,"25,000","57,357 kms",Petrol
Volkswagen Ameo Highline 1.5,Volkswagen,2021,"1,21,000","1,69,080 kms",Diesel
Tata Nano Lx,Tata,2017,"51,000","1,07,900 kms",Diesel
Jeep Compass Longitude,Jeep,2017,"1,06,000","1,51,823 kms",Petrol
Datsun GO Plus T,Datsun,2013,"50,000","31,322 kms",Petrol
Mercedes C-Class C220d,Mercedes,2016,"11,38,000","1,38,436 kms",Petrol
Skoda Rapid Elegance 1.6 MPI,Skoda,2018,"1,09,000","70,591 kms",Petrol
Jeep Compass Limited,Jeep,2016,"1,48,000","55,954 kms",Diesel
Skoda Octavia Elegance 1.8 TSI,Skoda,2023,"2,58,000","1,997 kms",Diesel
Mercedes C-Class C220d,Mercedes,2018,"20,43,000","15,240 kms",Petrol
Fiat Punto Active,Fiat,2023,"93,000","1,02,325 kms",Diesel
BMW 5 Series 520d,BMW,2018,"17,21,000","85,459 kms",Diesel
Hyundai Xcent S,Hyundai,2019,"91,000","1,72,850 kms",Diesel
Maruti Suzuki Baleno Delta,Maruti,2007,"25,000","1,64,101 kms",Petrol
BMW 3 Series 320d,BMW,2012,"11,55,000","40,605 kms",Diesel
Ford Fiesta Classic CLXi,Ford,2013,"72,000","41,768 kms",Petrol
Honda Civic 1.8 V MT,Honda,2021,"1,06,000","1,72,694 kms",Diesel
Volvo S60 D4,Volvo,2009,"5,53,000","94,004 kms",Diesel
Renault Duster 110 PS RxL,Renault,2016,"55,000","1,56,663 kms",Petrol
Hyundai Elite i20 Magna 1.2,Hyundai,2023,Ask For Price,"1,21,449 kms",Petrol
Honda Brio S MT,Honda,2021,"1,06,000","93,759 kms",Petrol
Chevrolet Beat LT,Chevrolet,2002,"25,000","76,700 kms",Petrol
Fiat Punto Active,Fiat,2003,"25,000","1,00,896 kms",Petrol
Jeep Compass Longitude,Jeep,2003,"29,000","1,48,634 kms",Petrol
Nissan Sunny XL,Nissan,2018,"78,000","75,567 kms",Diesel
Audi A8,Audi,2021,"15,99,000","1,17,296 kms",Petrol
Honda Jazz V,Honda,2012,"44,000","1,67,370 kms",Diesel
Nissan Micra XV,Nissan,2019,"1,00,000","41,207 kms",Diesel
Jeep Compass Longitude,Jeep,2015,"1,09,000","72,055 kms",Petrol
Ford Endeavour 4x4 AT,Ford,2012,"59,000","48,509 kms",Diesel
BMW X1 sDrive20d,BMW,2018,"11,88,000","1,73,477 kms",Petrol
Hyundai Eon Era Plus,Hyundai,2003,"25,000","1,34,659 kms",Petrol
Volvo XC60 D5,Volvo,2011,"7,83,000","68,729 kms",Diesel
Chevrolet Beat LT,Chevrolet,2011,"28,000","1,34,448 kms",Diesel
Land Rover Discovery Sport,Land,2002,"3,35,000","1,33,903 kms",Petrol
Land Rover Discovery Sport,Land,2003,"4,51,000","62,313 kms",Diesel
BMW X1 sDrive20d,BMW,2013,"9,60,000","90,977 kms",Diesel
Tata Tiago Revotron XZ,Tata,2012,"36,000","1,33,348 kms",Petrol
Land Rover Freelander 2,Land,2023,"36,99,000","40,088 kms",Diesel
Audi A8,Audi,2022,"17,09,000","1,30,294 kms",Diesel
Toyota Corolla Altis G,Toyota,2011,"69,000","30,894 kms",Petrol
Skoda Octavia Elegance 1.8 TSI,Skoda,2020,"1,36,000","65,195 kms",Diesel
Maruti Suzuki Vitara Brezza ZDi,Maruti,2003,"25,000","74,817 kms",Diesel
Skoda Octavia Elegance 1.8 TSI,Skoda,2011,"42,000","1,49,309 kms",Diesel
Ford Figo Aspire Titanium,Ford,2015,"86,000","34,852 kms",Petrol
BMW X1 sDrive20d,BMW,2017,"17,20,000","30,879 kms",Petrol
Chevrolet Beat LT,Chevrolet,2007,"25,000","1,18,170 kms",Diesel
Maruti Suzuki Ertiga VDI,Maruti,2011,"60,000","32,586 kms",Petrol
Mercedes C-Class C220d,Mercedes,2023,"21,03,000","1,26,630 kms",Diesel
Skoda Rapid Elegance 1.6 MPI,Skoda,2005,"25,000","1,64,625 kms",Petrol
Mini Cooper S,Mini,2003,"3,36,000","88,962 kms",Diesel
Renault Triber RXZ,Renault,2013,"51,000","93,330 kms",Diesel
BMW 3 Series 320d,BMW,2005,"3,40,000","1,11,239 kms",Petrol
Jaguar XF Portfolio,Jaguar,2015,"11,03,000","1,08,827 kms",Petrol
Nissan Micra XV,Nissan,2011,"29,000","1,52,282 kms",Petrol
Land Rover Freelander 2,Land,2011,"10,77,000","52,770 kms",Petrol
Chevrolet Tavera Neo 3,Chevrolet,2019,"61,000","84,263 kms",Petrol
Audi Q7,Audi,2009,"7,48,000","58,575 kms",Diesel
Volvo S60 D4,Volvo,2004,"2,80,000","1,75,272 kms",Diesel
Jeep Compass Limited,Jeep,2022,"1,78,000","1,78,152 kms",Petrol
Nissan Terrano XL,Nissan,2008,"25,000","1,56,656 kms",Petrol
Tata Nano Lx,Tata,2003,"25,000","42,505 kms",Diesel
Land Rover Freelander 2,Land,2023,"24,59,000","1,77,798 kms",Petrol
BMW 3 Series 320d,BMW,2017,Ask For Price,"1,54,092 kms",Petrol
Jaguar XE Prestige,Jaguar,2019,"16,29,000","1,47,035 kms",Diesel
Mahindra XUV500 W8,Mahindra,2018,"1,19,000","77,997 kms",Diesel
Ford Freestyle Titanium,Ford,2015,"54,000","1,18,800 kms",Diesel
Volkswagen Vento Highline Diesel,Volkswagen,2002,"25,000","1,42,621 kms",Petrol
Toyota Corolla Altis G,Toyota,2007,"33,000","1,06,204 kms",Diesel
BMW 5 Series 520d,BMW,2010,"10,65,000","7,960 kms",Diesel
Jaguar XE Prestige,Jaguar,2017,"13,13,000","1,57,195 kms",Diesel
Mini Cooper D,Mini,2018,"17,19,000","24,459 kms",Diesel
Volkswagen Vento Highline Diesel,Volkswagen,2011,"47,000","1,01,856 kms",Diesel
Volkswagen Jetta Comfortline TDI,Volkswagen,2021,"1,43,000","57,044 kms",Diesel
Chevrolet Tavera Neo 3,Chevrolet,2014,"40,000","81,614 kms",Petrol
Honda Brio S MT,Honda,2014,"58,000","1,53,018 kms",Petrol
Datsun redi-GO T,Datsun,2020,"63,000","1,01,969 kms",Diesel
Jeep Compass Longitude,Jeep,2005,"35,000","1,73,452 kms",Petrol
Honda Amaze S i-Dtech,Honda,2023,"1,18,000","1,70,474 kms",Petrol
Honda Amaze S i-Dtech,Honda,2003,"26,000","59,490 kms",Diesel
Fiat Linea Active,Fiat,2003,"25,000","1,01,498 kms",Petrol
Skoda Octavia Elegance 1.8 TSI,Skoda,2018,"98,000","85,763 kms",Diesel
Volkswagen Ameo Highline 1.5,Volkswagen,2012,"49,000","1,53,223 kms",Diesel
Chevrolet Tavera Neo 3,Chevrolet,2023,"97,000","1,04,798 kms",Diesel
Datsun GO Plus T,Datsun,2023,"1,49,000",658 kms,Petrol
Honda WR-V i-VTEC VX,Honda,2022,"1,13,000","1,25,661 kms",Diesel
Volvo XC60 D5,Volvo,2008,"4,14,000","1,08,688 kms",Petrol
BMW 3 Series 320d,BMW,2010,"5,66,000","1,13,973 kms",Diesel
Volkswagen Vento Highline Diesel,Volkswagen,2003,"31,000","16,209 kms",Diesel
Jeep Compass Limited,Jeep,2016,"1,34,000","65,651 kms",Diesel
Honda City 1.5 S MT,Honda,2009,"41,000","85,505 kms",Petrol
Jeep Compass Limited,Jeep,2023,"1,88,000","1,72,432 kms",Petrol
Mini Cooper S,Mini,2009,"6,90,000","58,767 kms",Diesel
Hyundai Xcent S,Hyundai,2004,"25,000","1,64,178 kms",Diesel
Toyota Yaris VX,Toyota,2020,"1,25,000","1,31,356 kms",Diesel
Tata Nano Lx,Tata,2017,"57,000","1,76,160 kms",Petrol
Tata Bolt XT,Tata,2005,"29,000",509 kms,Diesel
Jeep Compass Longitude,Jeep,2017,"1,67,000","11,429 kms",Petrol
Mahindra Bolero SLE,Mahindra,2013,"55,000","1,20,457 kms",Petrol
Mitsubishi Lancer 1.8 GLX,Mitsubishi,2013,"51,000","1,62,140 kms",Petrol
Maruti Suzuki Omni E STD,Maruti,2007,"25,000","92,203 kms",CNG
Skoda Fabia Classic 1.2 MPI,Skoda,2012,"39,000","1,32,168 kms",Petrol
Maruti Suzuki Eeco 5 Seater,Maruti,2017,"58,000","1,25,702 kms",Diesel
Mahindra Jeep CL550 MDI,Mahindra,2021,"1,58,000","40,245 kms",Diesel
Audi Q3 35 TDI,Audi,2012,"9,15,000","52,834 kms",Diesel
Renault Kwid RXT,Renault,2003,"25,000","74,396 kms",Petrol
Skoda Fabia Classic 1.2 MPI,Skoda,2004,"32,000","47,185 kms",Diesel
Hyundai Elite i20 Magna 1.2,Hyundai,2009,"41,000","52,855 kms",Diesel
Nissan Sunny XL,Nissan,2018,"1,24,000","5,911 kms",Diesel
Chevrolet Sail UVA LS,Chevrolet,2012,"46,000","39,366 kms",Diesel
Hyundai Eon Era Plus,Hyundai,2014,"54,000","1,65,003 kms",Diesel
Chevrolet Beat LT,Chevrolet,2002,"25,000","2,119 kms",Diesel
Jaguar XF Portfolio,Jaguar,2019,Ask For Price,"1,27,876 kms",Petrol
Audi A4 35 TDI,Audi,2004,"4,88,000","46,717 kms",Petrol
Datsun redi-GO T,Datsun,2021,"99,000","53,212 kms",Petrol
Tata Bolt XT,Tata,2009,"36,000","60,746 kms",Petrol
Jeep Compass Limited,Jeep,2020,"1,74,000","83,900 kms",Petrol
Mercedes C-Class C220d,Mercedes,2016,"10,40,000","1,52,584 kms",Diesel
Land Rover Freelander 2,Land,2003,"5,28,000","38,872 kms",Diesel
BMW X1 sDrive20d,BMW,2018,"16,20,000","87,742 kms",Diesel
Honda Brio S MT,Honda,2003,"25,000","79,945 kms",Petrol
Mahindra Thar CRDe 4x4,Mahindra,2011,"38,000","1,42,804 kms",Petrol
Hyundai Tucson 2WD AT GLS,Hyundai,2009,"45,000","50,002 kms",Diesel
Renault Kwid RXT,Renault,2015,"59,000","53,336 kms",Petrol
Nissan Terrano XL,Nissan,2011,"51,000","50,826 kms",Diesel
Mitsubishi Lancer 1.8 GLX,Mitsubishi,2005,"26,000","1,06,430 kms",Diesel
Hyundai Elite i20 Magna 1.2,Hyundai,2005,"25,000","1,21,321 kms",Petrol
Audi A4 35 TDI,Audi,2005,"5,60,000","48,317 kms",Diesel
Toyota Glanza G,Toyota,2023,"2,20,000","58,813 kms",Petrol
Mitsubishi Lancer 1.8 GLX,Mitsubishi,2004,"25,000","1,17,823 kms",Diesel
Datsun GO Plus T,Datsun,2016,"41,000","98,397 kms",Petrol
Renault Kwid RXT,Renault,2002,"25,000","18,237 kms",Petrol
Mitsubishi Pajero Sport 4x2,Mitsubishi,2014,"55,000","1,59,110 kms",Petrol
Mercedes GLA 200d,Mercedes,2008,Ask For Price,"98,611 kms",Diesel
Volvo XC60 D5,Volvo,2011,"10,21,000","11,414 kms",Diesel
Mini Cooper D,Mini,2013,"10,34,000","39,222 kms",Diesel
Nissan Sunny XL,Nissan,2002,"25,000","1,74,149 kms",Diesel
Nissan Micra XV,Nissan,2020,Ask For Price,"68,509 kms",Diesel
Fiat Linea Active,Fiat,2015,"63,000","38,688 kms",Petrol
Toyota Fortuner 3.0 4x4 AT,Toyota,2002,"35,000","33,830 kms",Diesel
Mahindra Scorpio SLE BS IV,Mahindra,2019,Ask For Price,"1,14,423 kms",Petrol
Ford EcoSport Titanium 1.5L TDCi,Ford,2021,"1,48,000","57,845 kms",Diesel
Mahindra Bolero SLE,Mahindra,2020,"1,61,000","1,014 kms",Petrol
Hyundai Eon Era Plus,Hyundai,2006,"25,000","1,31,065 kms",Diesel
Nissan Terrano XL,Nissan,2023,"1,04,000","1,37,432 kms",Diesel
Mercedes C-Class C220d,Mercedes,2004,"4,26,000","72,852 kms",Diesel
Honda City 1.5 S MT,Honda,2005,"25,000","1,47,731 kms",Diesel
Volvo XC60 D5,Volvo,2011,"6,46,000","1,13,874 kms",Petrol
Mini Cooper D,Mini,2021,"16,64,000","95,000 kms",Diesel
Ford Endeavour 4x4 AT,Ford,2007,"37,000","39,237 kms",Petrol
Ford Figo,Ford,2013,"50,000","1,05,290 kms",Petrol
Mitsubishi Lancer 1.8 GLX,Mitsubishi,2011,"43,000","1,39,205 kms",Petrol
Nissan Micra XV,Nissan,2015,"54,000","1,22,514 kms",Diesel
BMW X1 sDrive20d,BMW,2017,"17,39,000","49,681 kms",Diesel
Ford Figo Aspire Titanium,Ford,2017,"98,000","68,818 kms",Diesel
Audi Q7,Audi,2009,"6,08,000","98,093 kms",Diesel
Fiat Punto Active,Fiat,2013,"41,000","1,01,452 kms",Diesel
Honda City 1.5 S MT,Honda,2004,"25,000","1,60,436 kms",Petrol
Volkswagen Jetta Comfortline TDI,Volkswagen,2022,"1,04,000","1,51,600 kms",Petrol
Ford Endeavour 4x4 AT,Ford,2004,"25,000","1,49,154 kms",Diesel
Tata Tiago Revotron XZ,Tata,2009,"25,000","1,77,897 kms",Petrol
Fiat Linea Active,Fiat,2019,"81,000","56,919 kms",Petrol
Honda Civic 1.8 V MT,Honda,2017,"74,000","98,118 kms",Petrol
Toyota Fortuner 3.0 4x4 AT,Toyota,2007,"56,000","14,062 kms",Petrol
Fiat Linea Active,Fiat,2010,"25,000","1,25,943 kms",Petrol
Datsun GO Plus T,Datsun,2023,"71,000","1,54,564 kms",Petrol
Audi A6 2.0 TDI,Audi,2020,"19,56,000","43,406 kms",Petrol
Audi A8,Audi,2018,Ask For Price,"1,13,215 kms",Diesel
Renault Triber RXZ,Renault,2023,"1,14,000","1,15,280 kms",Diesel
Hyundai Verna 1.6 SX,Hyundai,2012,"44,000","1,26,546 kms",Diesel
Mitsubishi Pajero Sport 4x2,Mitsubishi,2016,"79,000","78,915 kms",Petrol
Skoda Fabia Classic 1.2 MPI,Skoda,2011,"39,000","1,68,065 kms",Diesel
Land Rover Freelander 2,Land,2004,"4,69,000","86,719 kms",Diesel
Honda WR-V i-VTEC VX,Honda,2007,"50,000","13,250 kms",Diesel
Tata Nexon XZ Plus,Tata,2020,"85,000","97,921 kms",Diesel
Toyota Glanza G,Toyota,2010,"62,000","51,763 kms",Petrol
Datsun redi-GO T,Datsun,2002,"25,000","1,36,638 kms",Diesel
Volkswagen Vento Highline Diesel,Volkswagen,2020,"93,000","1,68,715 kms",Diesel
Land Rover Freelander 2,Land,2002,"4,37,000","78,701 kms",Petrol
Mitsubishi Lancer 1.8 GLX,Mitsubishi,2010,"39,000","1,63,214 kms",Petrol
Honda City 1.5 S MT,Honda,2002,"28,000","28,098 kms",Petrol
Volvo XC60 D5,Volvo,2021,"13,90,000","1,63,271 kms",Petrol
Mini Cooper S,Mini,2013,"6,17,000","1,17,618 kms",Diesel
Jeep Compass Longitude,Jeep,2005,"58,000","23,470 kms",Diesel
Tata Tiago Revotron XZ,Tata,2016,"51,000","96,944 kms",Diesel
BMW 5 Series 520d,BMW,2023,"29,06,000","42,402 kms",Diesel
Chevrolet Sail UVA LS,Chevrolet,2011,"25,000","1,09,211 kms",Petrol
Ford Freestyle Titanium,Ford,2009,"39,000","89,670 kms",Diesel
Land Rover Freelander 2,Land,2006,Ask For Price,"1,74,061 kms",Petrol
Mahindra TUV300 T8,Mahindra,2009,"34,000","1,74,794 kms",Diesel
Hyundai Tucson 2WD AT GLS,Hyundai,2012,"58,000","68,044 kms",Diesel
Hyundai i10 Sportz,Hyundai,2003,"25,000","65,592 kms",Petrol
Nissan Micra XV,Nissan,2014,"60,000","49,877 kms",Diesel
Mahindra Scorpio S10,Mahindra,2002,"27,000","44,784 kms",Diesel
Chevrolet Tavera Neo 3,Chevrolet,2004,"25,000","1,00,493 kms",Petrol
Volkswagen Polo Highline 1.2L,Volkswagen,2018,"88,000","88,121 kms",Diesel
Tata Nexon XZ Plus,Tata,2014,"42,000","94,381 kms",Petrol
Volvo S60 D4,Volvo,2012,"6,79,000","1,13,108 kms",Diesel
Volvo S60 D4,Volvo,2023,"21,17,000","97,934 kms",Diesel
Land Rover Discovery Sport,Land,2007,"5,90,000","79,796 kms",Petrol
Ford Fiesta Classic CLXi,Ford,2023,"1,76,000","27,007 kms",Diesel
Volvo XC60 D5,Volvo,2018,Ask For Price,"29,696 kms",Diesel
Mahindra XUV500 W8,Mahindra,2018,"97,000","94,948 kms",Petrol
Mitsubishi Pajero Sport 4x2,Mitsubishi,2020,"1,88,000","31,818 kms",Diesel
Honda City 1.5 S MT,Honda,2005,"31,000","42,643 kms",Petrol
Hyundai Elite i20 Magna 1.2,Hyundai,2003,"25,000","1,62,440 kms",Diesel
Jeep Compass Limited,Jeep,2014,"89,000","95,517 kms",Diesel
Honda WR-V i-VTEC VX,Honda,2007,"26,000","1,57,349 kms",Petrol
Jaguar XF Portfolio,Jaguar,2021,"30,36,000","26,781 kms",Diesel
Mini Cooper S,Mini,2012,"8,79,000","50,271 kms",Petrol
Maruti Suzuki Swift Vdi,Maruti,2005,"28,000","50,087 kms",Petrol
Tata Indica V2 DLS,Tata,2013,"42,000","1,05,650 kms",Petrol
Toyota Glanza G,Toyota,2010,"69,000","3,342 kms",Petrol
Volkswagen Jetta Comfortline TDI,Volkswagen,2007,"34,000","1,03,139 kms",Diesel
Toyota Innova 2.5 G,Toyota,2006,"39,000","82,186 kms",Petrol
Volkswagen Vento Highline Diesel,Volkswagen,2009,"35,000","1,40,844 kms",Diesel
Audi A8,Audi,2014,"15,95,000","7,869 kms",Diesel
Tata Tigor XZ,Tata,2022,"93,000","1,73,407 kms",Diesel
BMW X1 sDrive20d,BMW,2014,"7,95,000","1,23,246 kms",Diesel
Mercedes E-Class E220d,Mercedes,2006,"6,90,000","19,770 kms",Petrol
Skoda Octavia Elegance 1.8 TSI,Skoda,2003,"36,000","5,464 kms",Petrol
Nissan Micra XV,Nissan,2002,"25,000","1,76,579 kms",Diesel
Audi A6 2.0 TDI,Audi,2013,"9,35,000","72,585 kms",Petrol
Mahindra KUV100 K8,Mahindra,2023,"1,37,000","1,39,521 kms",Petrol
Mercedes E-Class E220d,Mercedes,2009,"6,09,000","1,52,387 kms",Diesel
Jaguar XE Prestige,Jaguar,2019,"25,35,000","44,470 kms",Petrol
Jaguar XE Prestige,Jaguar,2016,"12,27,000","1,44,090 kms",Diesel
Hyundai Creta 1.6 SX Option,Hyundai,2007,"25,000","1,70,680 kms",Petrol
Mini Cooper S,Mini,2004,"2,89,000","1,36,693 kms",Diesel
Mahindra KUV100 K8,Mahindra,2023,"1,22,000","1,51,775 kms",Petrol
Tata Tiago Revotron XZ,Tata,2009,"34,000","82,009 kms",Diesel
Mercedes GLA 200d,Mercedes,2002,"2,91,000","1,30,023 kms",Diesel
Fiat Linea Active,Fiat,2020,"82,000","74,169 kms",Diesel
Datsun GO Plus T,Datsun,2015,"39,000","1,08,785 kms",Petrol
Maruti Suzuki Celerio VXI,Maruti,2020,"93,000","94,053 kms",Petrol
Fiat Linea Active,Fiat,2013,"40,000","72,950 kms",Petrol
Chevrolet Sail UVA LS,Chevrolet,2005,"25,000","51,518 kms",Petrol
Volvo S60 D4,Volvo,2013,"8,99,000","77,208 kms",Petrol
Land Rover Discovery Sport,Land,2005,"7,14,000","26,183 kms",Petrol
Chevrolet Beat LT,Chevrolet,2023,"1,10,000","60,496 kms",Diesel
Volvo S60 D4,Volvo,2012,"10,56,000","8,079 kms",Diesel
Honda Amaze S i-Dtech,Honda,2009,"43,000","68,471 kms",Petrol
Jeep Compass Limited,Jeep,2003,"36,000","52,193 kms",Petrol
Ford Figo,Ford,2018,"1,10,000","21,118 kms",Diesel
Jeep Compass Longitude,Jeep,2013,"93,000","80,632 kms",Diesel
Chevrolet Spark LT,Chevrolet,2005,"25,000","18,608 kms",Petrol
Mitsubishi Lancer 1.8 GLX,Mitsubishi,2009,"33,000","1,30,659 kms",Petrol
Tata Nano Lx,Tata,2005,"30,000","4,333 kms",Diesel
BMW X1 sDrive20d,BMW,2012,Ask For Price,"1,52,527 kms",Diesel
Renault Duster 110 PS RxL,Renault,2018,"1,17,000","5,005 kms",Petrol
Nissan Terrano XL,Nissan,2004,"25,000","1,77,705 kms",Petrol
Jeep Compass Longitude,Jeep,2011,"88,000","19,971 kms",Diesel
Hyundai Elite i20 Magna 1.2,Hyundai,2018,"87,000","68,726 kms",Diesel
Mercedes GLA 200d,Mercedes,2016,"9,89,000","1,68,273 kms",Petrol
Mitsubishi Lancer 1.8 GLX,Mitsubishi,2002,"30,000","55,051 kms",Petrol
Mini Cooper D,Mini,2023,"15,85,000","1,30,012 kms",Diesel
Skoda Fabia Classic 1.2 MPI,Skoda,2005,"40,000","11,473 kms",Diesel
Maruti Suzuki Wagon R 1.0 VXI,Maruti,2014,"73,000",609 kms,Petrol
Tata Indica V2 DLS,Tata,2009,"30,000","88,240 kms",Diesel
Mitsubishi Lancer 1.8 GLX,Mitsubishi,2006,"53,000","12,505 kms",Diesel
Jaguar XE Prestige,Jaguar,2023,"31,92,000","60,923 kms",Diesel
Land Rover Discovery Sport,Land,2006,"4,70,000","1,72,311 kms",Petrol
Mahindra TUV300 T8,Mahindra,2019,"93,000","1,19,101 kms",Diesel
Nissan Micra XV,Nissan,2008,"25,000","1,31,198 kms",Diesel
Tata Bolt XT,Tata,2019,"1,10,000","22,126 kms",Petrol
Toyota Innova 2.5 G,Toyota,2010,"41,000","1,32,922 kms",Diesel
Ford Endeavour 4x4 AT,Ford,2010,"44,000","83,746 kms",Diesel
Jeep Compass Longitude,Jeep,2022,"1,51,000","1,19,701 kms",Petrol
Jaguar XE Prestige,Jaguar,2017,"14,33,000","1,51,812 kms",Diesel
Hyundai Eon Era Plus,Hyundai,2022,"99,000","1,66,215 kms",Petrol
Chevrolet Sail UVA LS,Chevrolet,2021,"1,04,000","50,616 kms",Petrol
Chevrolet Spark LT,Chevrolet,2023,"77,000","1,02,676 kms",Petrol
Skoda Octavia Elegance 1.8 TSI,Skoda,2008,"41,000","61,844 kms",Petrol
Chevrolet Sail UVA LS,Chevrolet,2002,"25,000","1,07,730 kms",Petrol
Audi A4 35 TDI,Audi,2006,"7,61,000","14,398 kms",Diesel
Nissan Micra XV,Nissan,2016,"50,000","1,46,618 kms",Diesel
Nissan Sunny XL,Nissan,2023,"1,11,000","1,70,200 kms",Diesel
Jaguar XF Portfolio,Jaguar,2010,"8,35,000","74,133 kms",Petrol
Jeep Compass Limited,Jeep,2016,"94,000","1,22,779 kms",Petrol
Honda City 1.5 S MT,Honda,2003,"37,000","10,244 kms",Diesel
Maruti Suzuki Wagon R 1.0 VXI,Maruti,2002,"25,000","1,62,249 kms",Diesel
Ford Freestyle Titanium,Ford,2007,"30,000","77,444 kms",Diesel
Jaguar XF Portfolio,Jaguar,2019,"26,17,000","4,195 kms",Diesel
Land Rover Discovery Sport,Land,2019,"16,84,000","1,12,172 kms",Diesel
Volkswagen Ameo Highline 1.5,Volkswagen,2006,"27,000","1,13,714 kms",Petrol
Mercedes C-Class C220d,Mercedes,2010,"6,34,000","1,47,674 kms",Diesel
Maruti Suzuki Swift Vdi,Maruti,2018,"69,000","1,21,521 kms",CNG
Toyota Corolla Altis G,Toyota,2016,"1,40,000","12,422 kms",Diesel
Maruti Suzuki Vitara Brezza ZDi,Maruti,2009,"50,000","35,385 kms",Diesel
Jeep Compass Limited,Jeep,2023,"2,47,000","67,305 kms",Petrol
Hyundai Creta 1.6 SX Option,Hyundai,2009,"32,000","1,34,691 kms",Petrol
Volvo S60 D4,Volvo,2010,Ask For Price,"1,05,991 kms",Petrol
Jeep Compass Longitude,Jeep,2005,"29,000","1,78,380 kms",Petrol
Skoda Fabia Classic 1.2 MPI,Skoda,2006,"36,000","64,970 kms",Petrol
Land Rover Discovery Sport,Land,2013,"13,70,000","25,501 kms",Petrol
Mahindra TUV300 T8,Mahindra,2003,"35,000","5,755 kms",Diesel
Audi Q3 35 TDI,Audi,2008,"8,04,000","40,616 kms",Diesel
Mercedes E-Class E220d,Mercedes,2002,"3,30,000","86,765 kms",Petrol
Mini Cooper S,Mini,2008,"6,72,000","32,467 kms",Petrol
Mini Cooper S,Mini,2005,Ask For Price,"1,55,255 kms",Petrol
Maruti Suzuki Vitara Brezza ZDi,Maruti,2005,"27,000","65,071 kms",CNG
Hyundai Verna 1.6 SX,Hyundai,2006,"37,000","46,377 kms",Petrol
Toyota Yaris VX,Toyota,2015,"72,000","1,14,850 kms",Petrol
Tata Bolt XT,Tata,2010,"26,000","1,75,677 kms",Petrol
Ford Freestyle Titanium,Ford,2015,"93,000","28,586 kms",Diesel
Land Rover Discovery Sport,Land,2010,"11,95,000","37,237 kms",Diesel
Volkswagen Ameo Highline 1.5,Volkswagen,2012,"70,000","55,059 kms",Diesel
Chevrolet Spark LT,Chevrolet,2014,"37,000","1,39,027 kms",Petrol
Hyundai Xcent S,Hyundai,2005,"31,000","70,803 kms",Diesel
Tata Nano Lx,Tata,2008,"28,000","91,152 kms",Diesel
Jeep Compass Longitude,Jeep,2008,"49,000","1,75,648 kms",Diesel
Jeep Compass Longitude,Jeep,2012,"1,10,000","7,444 kms",Diesel
Land Rover Freelander 2,Land,2020,"19,91,000","1,79,963 kms",Diesel
Skoda Fabia Classic 1.2 MPI,Skoda,2013,"79,000","47,504 kms",Diesel
Mercedes E-Class E220d,Mercedes,2010,"8,26,000","74,882 kms",Diesel
Mitsubishi Pajero Sport 4x2,Mitsubishi,2003,"26,000","80,347 kms",Diesel
BMW 3 Series 320d,BMW,2014,"8,26,000","1,49,076 kms",Petrol
Honda Brio S MT,Honda,2023,"1,41,000","1,20,024 kms",Diesel
Mercedes E-Class E220d,Mercedes,2020,"24,87,000","59,834 kms",Diesel
Mini Cooper D,Mini,2002,Ask For Price,"1,52,880 kms",Petrol
Volkswagen Polo Highline 1.2L,Volkswagen,2016,"97,000","41,298 kms",Diesel
Tata Bolt XT,Tata,2015,"81,000","11,509 kms",Petrol
Volvo S60 D4,Volvo,2006,"3,78,000","1,65,836 kms",Diesel
Honda WR-V i-VTEC VX,Honda,2006,"30,000","94,620 kms",Petrol
Ford Fiesta Classic CLXi,Ford,2014,"75,000","14,982 kms",Petrol
Renault Triber RXZ,Renault,2009,"31,000","1,76,781 kms",Diesel
Audi Q7,Audi,2020,"16,92,000","93,813 kms",Petrol
Mahindra TUV300 T8,Mahindra,2020,"1,27,000","69,462 kms",Petrol
Skoda Octavia Elegance 1.8 TSI,Skoda,2013,"55,000","1,63,462 kms",Diesel
Ford Figo,Ford,2016,"84,000","50,705 kms",Petrol
Jaguar XE Prestige,Jaguar,2016,"17,13,000","28,010 kms",Petrol
Jaguar XF Portfolio,Jaguar,2002,"4,80,000","42,410 kms",Petrol
Jaguar XE Prestige,Jaguar,2017,"13,67,000","1,01,671 kms",Petrol
Volkswagen Polo Highline 1.2L,Volkswagen,2023,"1,53,000","72,654 kms",Petrol
Chevrolet Sail UVA LS,Chevrolet,2005,"25,000","21,273 kms",Petrol
Mahindra Scorpio SLE BS IV,Mahindra,2002,"25,000","91,906 kms",Diesel
Honda Civic 1.8 V MT,Honda,2021,"1,55,000","42,550 kms",Petrol
Jaguar XF Portfolio,Jaguar,2020,"20,67,000","93,556 kms",Petrol
Land Rover Freelander 2,Land,2016,"12,86,000","1,10,200 kms",Diesel
Tata Bolt XT,Tata,2008,"27,000","83,552 kms",Diesel
Mini Cooper D,Mini,2008,"6,50,000","35,015 kms",Diesel
BMW X1 sDrive20d,BMW,2020,"23,52,000","49,148 kms",Petrol
Hyundai Santro Xing XO eRLX Euro III,Hyundai,2006,"25,000","99,545 kms",Petrol
Mahindra Bolero SLE,Mahindra,2008,"30,000","1,64,734 kms",Petrol
Jeep Compass Limited,Jeep,2020,"1,54,000","1,74,814 kms",Diesel
Chevrolet Spark LT,Chevrolet,2017,"90,000","18,000 kms",Diesel
Ford EcoSport Titanium 1.5L TDCi,Ford,2013,"65,000","47,683 kms",Petrol
Mahindra TUV300 T8,Mahindra,2009,"66,000","8,048 kms",Petrol
Hyundai Venue SX,Hyundai,2021,"1,31,000","55,043 kms",Petrol
Renault Duster 110 PS RxL,Renault,2006,"25,000","1,60,610 kms",Diesel
Volkswagen Polo Highline 1.2L,Volkswagen,2011,"38,000","1,35,679 kms",Diesel
Toyota Yaris VX,Toyota,2016,"80,000","1,75,694 kms",Diesel
Land Rover Freelander 2,Land,2018,Ask For Price,"39,258 kms",Diesel
Volvo S60 D4,Volvo,2017,"13,88,000","39,616 kms",Petrol
Mercedes C-Class C220d,Mercedes,2007,"7,35,000","31,881 kms",Diesel
Mini Cooper D,Mini,2020,"11,46,000","1,08,503 kms",Petrol
Chevrolet Tavera Neo 3,Chevrolet,2013,"51,000","30,243 kms",Diesel
Maruti Suzuki Baleno Delta,Maruti,2007,"37,000","51,640 kms",Petrol
Fiat Punto Active,Fiat,2015,"87,000",893 kms,Diesel
Maruti Suzuki Swift Dzire Vdi,Maruti,2010,"55,000","32,019 kms",Petrol
Jeep Compass Limited,Jeep,2017,"1,05,000","1,70,395 kms",Diesel
Chevrolet Sail UVA LS,Chevrolet,2023,Ask For Price,"1,41,974 kms",Diesel
Chevrolet Beat LT,Chevrolet,2011,"29,000","87,985 kms",Petrol
Audi A6 2.0 TDI,Audi,2009,"5,86,000","1,02,552 kms",Diesel
Honda WR-V i-VTEC VX,Honda,2007,"32,000","1,31,618 kms",Diesel
Ford EcoSport Ambiente 1.5L TDCi,Ford,2006,"44,000","10,418 kms",Diesel
Mini Cooper D,Mini,2023,"20,31,000","85,022 kms",Petrol
Datsun GO T,Datsun,2005,"25,000","1,27,762 kms",Diesel
Skoda Octavia Elegance 1.8 TSI,Skoda,2008,"29,000","1,50,569 kms",Diesel
Land Rover Discovery Sport,Land,2016,"15,86,000","67,316 kms",Petrol
Fiat Linea Active,Fiat,2020,"70,000","1,33,988 kms",Diesel
Volvo S60 D4,Volvo,2004,"5,59,000","14,413 kms",Diesel
Audi A6 2.0 TDI,Audi,2015,"11,27,000","76,042 kms",Petrol
Mini Cooper D,Mini,2019,"10,88,000","1,60,309 kms",Diesel
Mahindra Scorpio S10,Mahindra,2010,"44,000","1,50,830 kms",Diesel
Volkswagen Ameo Highline 1.5,Volkswagen,2023,"1,38,000","1,75,735 kms",Petrol
Renault Lodgy 110PS RxZ 8 Str,Renault,2019,"1,27,000","3,924 kms",Diesel
Mercedes GLA 200d,Mercedes,2020,"22,64,000","52,766 kms",Diesel
Audi Q3 35 TDI,Audi,2014,"9,04,000","1,52,118 kms",Petrol
Mitsubishi Pajero Sport 4x2,Mitsubishi,2003,"29,000","57,922 kms",Petrol
Chevrolet Tavera Neo 3,Chevrolet,2005,"25,000","37,057 kms",Diesel
Toyota Innova 2.5 G,Toyota,2006,"34,000","65,417 kms",Petrol
Audi Q7,Audi,2020,"15,90,000","91,568 kms",Petrol
Skoda Fabia Classic 1.2 MPI,Skoda,2012,"44,000","1,01,906 kms",Diesel
Maruti Suzuki Celerio VXI,Maruti,2017,"59,000","1,41,052 kms",Petrol
Land Rover Freelander 2,Land,2002,"4,36,000","53,101 kms",Diesel
Renault Lodgy 110PS RxZ 8 Str,Renault,2012,"32,000","1,71,604 kms",Petrol
BMW X1 sDrive20d,BMW,2019,"20,31,000","70,083 kms",Diesel
Maruti Suzuki Omni E STD,Maruti,2017,"91,000","11,505 kms",CNG
Datsun GO T,Datsun,2010,"33,000","62,913 kms",Petrol
Hyundai Creta 1.6 SX Option,Hyundai,2020,"1,66,000","20,899 kms",Diesel
Skoda Fabia Classic 1.2 MPI,Skoda,2014,"51,000","1,46,853 kms",Diesel
Datsun GO T,Datsun,2018,"45,000","1,20,275 kms",Diesel
Nissan Sunny XL,Nissan,2017,"75,000","79,018 kms",Petrol
Nissan Terrano XL,Nissan,2015,"47,000","1,12,581 kms",Petrol
Fiat Linea Active,Fiat,2011,"46,000","17,681 kms",Diesel
Renault Duster 110 PS RxL,Renault,2010,"46,000","28,628 kms",Diesel
Volkswagen Vento Highline Diesel,Volkswagen,2004,"25,000","1,66,035 kms",Petrol
Mitsubishi Pajero Sport 4x2,Mitsubishi,2005,"27,000","82,424 kms",Petrol
Ford Figo,Ford,2006,"25,000","1,73,591 kms",Petrol
Jeep Compass Limited,Jeep,2013,"80,000","1,10,176 kms",Diesel
Nissan Terrano XL,Nissan,2010,"51,000","29,057 kms",Diesel
Maruti Suzuki Wagon R 1.0 VXI,Maruti,2012,"39,000","1,09,594 kms",Petrol
Datsun GO Plus T,Datsun,2011,"29,000","97,246 kms",Diesel
Jaguar XF Portfolio,Jaguar,2014,"11,80,000","97,733 kms",Diesel
Volkswagen Jetta Comfortline TDI,Volkswagen,2014,"88,000","12,386 kms",Diesel
Chevrolet Spark LT,Chevrolet,2020,"62,000","1,14,339 kms",Diesel
Toyota Innova 2.5 G,Toyota,2017,"87,000","95,456 kms",Petrol
Jeep Compass Limited,Jeep,2018,"2,01,000","35,321 kms",Diesel
Skoda Octavia Elegance 1.8 TSI,Skoda,2010,"50,000","37,257 kms",Petrol
Land Rover Discovery Sport,Land,2003,"3,73,000","1,08,668 kms",Petrol
Jaguar XE Prestige,Jaguar,2022,"22,99,000","1,38,036 kms",Diesel
Hyundai i10 Sportz,Hyundai,2017,"1,02,000","36,719 kms",Diesel
Tata Bolt XT,Tata,2003,"25,000","64,522 kms",Petrol
Renault Duster 110 PS RxL,Renault,2008,"45,000","23,420 kms",Petrol
Renault Kwid RXT,Renault,2002,"25,000","20,804 kms",Petrol
Jeep Compass Limited,Jeep,2023,"3,15,000","5,723 kms",Diesel
Chevrolet Sail UVA LS,Chevrolet,2018,"52,000","1,30,687 kms",Diesel
Nissan Micra XV,Nissan,2020,"78,000","1,03,042 kms",Petrol
BMW X1 sDrive20d,BMW,2016,"14,20,000","66,409 kms",Diesel
Tata Tiago Revotron XZ,Tata,2004,"25,000","1,18,868 kms",Petrol
Mahindra XUV500 W8,Mahindra,2012,"62,000","91,613 kms",Diesel
BMW 3 Series 320d,BMW,2023,"31,26,000","53,402 kms",Diesel
BMW X1 sDrive20d,BMW,2010,"10,68,000","18,002 kms",Diesel
Chevrolet Tavera Neo 3,Chevrolet,2003,"25,000","32,256 kms",Petrol
BMW 3 Series 320d,BMW,2010,"6,35,000","1,11,398 kms",Diesel
Toyota Glanza G,Toyota,2008,"36,000","1,03,210 kms",Diesel
Nissan Micra XV,Nissan,2017,"55,000","1,54,726 kms",Diesel
Volvo S60 D4,Volvo,2004,"5,64,000","1,128 kms",Petrol
Mercedes C-Class C220d,Mercedes,2021,"33,38,000","15,337 kms",Diesel
Honda City 1.5 S MT,Honda,2008,"29,000","1,41,664 kms",Diesel
Ford Freestyle Titanium,Ford,2013,"45,000","1,67,070 kms",Petrol
Nissan Terrano XL,Nissan,2014,"72,000","45,063 kms",Diesel
BMW X1 sDrive20d,BMW,2007,"6,05,000","39,553 kms",Petrol
BMW 3 Series 320d,BMW,2022,"27,54,000","61,919 kms",Petrol
Jeep Compass Longitude,Jeep,2011,"80,000","49,543 kms",Petrol
Jaguar XE Prestige,Jaguar,2010,"10,56,000","3,899 kms",Petrol
Chevrolet Sail UVA LS,Chevrolet,2004,"25,000","1,76,408 kms",Diesel
Skoda Octavia Elegance 1.8 TSI,Skoda,2011,"55,000","49,809 kms",Diesel
Maruti Suzuki Omni E STD,Maruti,2021,"1,38,000","55,768 kms",Petrol
Mitsubishi Lancer 1.8 GLX,Mitsubishi,2002,"29,000","36,725 kms",Diesel
Tata Indica V2 DLS,Tata,2002,"25,000","1,62,559 kms",Petrol
Fiat Punto Active,Fiat,2009,"26,000","1,77,749 kms",Diesel
Honda WR-V i-VTEC VX,Honda,2017,"71,000","1,65,145 kms",Petrol
Volkswagen Jetta Comfortline TDI,Volkswagen,2014,"87,000","17,105 kms",Diesel
Renault Triber RXZ,Renault,2012,"41,000","81,360 kms",Petrol
Toyota Fortuner 3.0 4x4 AT,Toyota,2015,"65,000","1,12,295 kms",Petrol
Mitsubishi Pajero Sport 4x2,Mitsubishi,2020,"1,58,000","33,533 kms",Diesel
Honda City 1.5 S MT,Honda,2013,"77,000","15,532 kms",Petrol
Renault Kwid RXT,Renault,2020,"1,25,000","13,348 kms",Diesel
Fiat Linea Active,Fiat,2018,"91,000","47,531 kms",Diesel
Tata Tigor XZ,Tata,2020,"1,22,000","18,416 kms",Petrol
Hyundai Eon Era Plus,Hyundai,2016,"85,000","29,439 kms",Petrol
Volvo S60 D4,Volvo,2020,"15,91,000","95,161 kms",Diesel
Skoda Fabia Classic 1.2 MPI,Skoda,2004,"40,000","23,580 kms",Diesel
Toyota Innova 2.5 G,Toyota,2014,"66,000","1,71,396 kms",Diesel
Land Rover Discovery Sport,Land,2010,"9,88,000","49,799 kms",Diesel
Volkswagen Ameo Highline 1.5,Volkswagen,2010,"55,000","55,219 kms",Petrol
BMW X1 sDrive20d,BMW,2004,"4,05,000","66,391 kms",Petrol
Land Rover Freelander 2,Land,2022,"39,46,000","14,878 kms",Diesel
Audi A8,Audi,2018,"15,49,000","62,746 kms",Diesel
Mini Cooper D,Mini,2019,"12,77,000","83,883 kms",Diesel
Tata Nano Lx,Tata,2019,"63,000","97,652 kms",Petrol
Hyundai Santro Xing XO eRLX Euro III,Hyundai,2023,"1,18,000","1,10,985 kms",Petrol
Jeep Compass Limited,Jeep,2022,"1,83,000","1,24,839 kms",Diesel
Nissan Terrano XL,Nissan,2015,"72,000","31,713 kms",Diesel
Audi A4 35 TDI,Audi,2009,"7,20,000","75,936 kms",Diesel
Renault Kwid RXT,Renault,2011,"38,000","99,332 kms",Diesel
Jaguar XF Portfolio,Jaguar,2018,"17,19,000","74,823 kms",Petrol
Tata Tiago Revotron XZ,Tata,2005,"25,000","1,22,138 kms",Diesel
Mahindra Thar CRDe 4x4,Mahindra,2005,"26,000","1,31,092 kms",Diesel
Land Rover Discovery Sport,Land,2020,Ask For Price,"1,07,156 kms",Diesel
Mini Cooper S,Mini,2009,"4,17,000","1,17,462 kms",Diesel
Datsun GO Plus T,Datsun,2010,"25,000","1,35,323 kms",Diesel
Mitsubishi Pajero Sport 4x2,Mitsubishi,2007,"45,000","33,623 kms",Diesel
Nissan Sunny XL,Nissan,2020,"86,000","1,66,272 kms",Diesel
Mini Cooper S,Mini,2009,"4,45,000","1,27,154 kms",Diesel
Skoda Fabia Classic 1.2 MPI,Skoda,2015,"65,000","80,548 kms",Petrol
Mercedes C-Class C220d,Mercedes,2019,"25,38,000","20,410 kms",Petrol
Mitsubishi Pajero Sport 4x2,Mitsubishi,2005,"44,000","4,331 kms",Petrol
Skoda Octavia Elegance 1.8 TSI,Skoda,2008,"28,000","1,58,988 kms",Petrol
Hyundai Grand i10 Magna 1.2 Kappa VTVT,Hyundai,2023,"1,20,000","1,74,962 kms",Diesel
Fiat Linea Active,Fiat,2002,"25,000","1,20,913 kms",Diesel
Chevrolet Spark LT,Chevrolet,2021,"1,22,000","14,369 kms",Diesel
Jaguar XF Portfolio,Jaguar,2017,Ask For Price,"1,05,711 kms",Diesel
Audi Q7,Audi,2006,"4,78,000","81,549 kms",Diesel
Datsun GO Plus T,Datsun,2011,"25,000","1,47,427 kms",Petrol
Maruti Suzuki Eeco 5 Seater,Maruti,2020,"78,000","1,66,242 kms",Diesel
Toyota Yaris VX,Toyota,2013,"1,01,000","4,399 kms",Diesel
Mini Cooper D,Mini,2007,"4,03,000","1,49,748 kms",Diesel
Mitsubishi Pajero Sport 4x2,Mitsubishi,2008,"54,000","37,521 kms",Diesel
Mercedes C-Class C220d,Mercedes,2022,"26,98,000","79,836 kms",Diesel
Volvo S60 D4,Volvo,2017,"18,26,000","14,479 kms",Diesel
Jaguar XE Prestige,Jaguar,2010,"7,56,000","1,67,356 kms",Diesel
BMW 5 Series 520d,BMW,2005,"5,96,000","12,151 kms",Diesel
Volvo XC60 D5,Volvo,2004,"3,35,000","1,43,452 kms",Petrol
Datsun GO T,Datsun,2018,"52,000","1,43,990 kms",Diesel
Land Rover Discovery Sport,Land,2021,"33,88,000","44,509 kms",Diesel
Volkswagen Polo Highline 1.2L,Volkswagen,2009,"32,000","1,78,405 kms",Diesel
Volvo XC60 D5,Volvo,2015,"14,56,000","22,822 kms",Petrol
Fiat Punto Active,Fiat,2022,"1,10,000","61,791 kms",Petrol
Ford Figo Aspire Titanium,Ford,2020,"1,29,000","50,068 kms",Diesel
Honda Brio S MT,Honda,2008,"33,000","1,29,588 kms",Diesel
Mini Cooper S,Mini,2004,"2,48,000","1,76,640 kms",Petrol
Mahindra KUV100 K8,Mahindra,2008,"56,000","25,213 kms",Petrol
Maruti Suzuki Eeco 5 Seater,Maruti,2006,"28,000","63,135 kms",Petrol
Tata Nano Lx,Tata,2014,"42,000","1,67,127 kms",Petrol
Maruti Suzuki Ciaz VDi,Maruti,2019,"99,000","46,613 kms",Petrol
Renault Duster 110 PS RxL,Renault,2019,"72,000","1,56,024 kms",Diesel
Ford Figo,Ford,2021,"1,18,000","91,243 kms",Petrol
Ford Fiesta Classic CLXi,Ford,2016,"60,000","1,27,490 kms",Diesel
Land Rover Freelander 2,Land,2002,"6,06,000","1,595 kms",Petrol
Mahindra TUV300 T8,Mahindra,2014,"74,000","89,950 kms",Diesel
Skoda Rapid Elegance 1.6 MPI,Skoda,2018,"1,25,000","62,610 kms",Diesel
Jeep Compass Limited,Jeep,2005,"34,000","97,805 kms",Petrol
Skoda Rapid Elegance 1.6 MPI,Skoda,2021,"1,64,000","30,317 kms",Petrol
Land Rover Discovery Sport,Land,2002,"4,85,000","35,063 kms",Diesel
Hyundai Creta 1.6 SX Option,Hyundai,2003,"31,000","12,312 kms",Petrol
Jeep Compass Longitude,Jeep,2019,"1,86,000","53,080 kms",Diesel
Ford Figo,Ford,2008,"40,000","44,069 kms",Petrol
Maruti Suzuki Celerio VXI,Maruti,2021,"1,17,000","56,380 kms",Petrol
Renault Kwid RXT,Renault,2023,"1,21,000","91,929 kms",Petrol
Nissan Micra XV,Nissan,2022,"1,42,000","11,354 kms",Petrol
BMW 5 Series 520d,BMW,2020,"16,69,000","90,886 kms",Diesel
Tata Nano Lx,Tata,2014,"36,000","1,29,627 kms",Petrol
Datsun redi-GO T,Datsun,2018,"81,000","29,149 kms",Petrol
Audi Q7,Audi,2015,"12,80,000","35,672 kms",Petrol
Tata Bolt XT,Tata,2014,"52,000","67,363 kms",Petrol
Maruti Suzuki Swift Dzire Vdi,Maruti,2007,"39,000","10,794 kms",Diesel
Chevrolet Spark LT,Chevrolet,2022,Ask For Price,"6,170 kms",Diesel
Tata Indica V2 DLS,Tata,2021,"87,000","1,36,914 kms",Diesel
Chevrolet Beat LT,Chevrolet,2016,"47,000","84,602 kms",Diesel
Chevrolet Spark LT,Chevrolet,2019,"82,000","76,439 kms",Diesel
Renault Lodgy 110PS RxZ 8 Str,Renault,2018,"87,000","65,767 kms",Diesel
Maruti Suzuki Alto K10 VXi,Maruti,2022,"1,39,000","59,664 kms",Petrol
Jaguar XF Portfolio,Jaguar,2003,"3,82,000","89,161 kms",Petrol
Maruti Suzuki Swift Vdi,Maruti,2017,"82,000","42,939 kms",CNG
Audi A6 2.0 TDI,Audi,2006,"3,87,000","1,43,885 kms",Petrol
Land Rover Freelander 2,Land,2006,"8,06,000","2,952 kms",Diesel
Mahindra XUV500 W8,Mahindra,2010,"78,000","7,358 kms",Diesel
Fiat Punto Active,Fiat,2004,"25,000","1,62,092 kms",Petrol
Hyundai i10 Sportz,Hyundai,2012,"70,000","16,933 kms",Petrol
Volkswagen Jetta Comfortline TDI,Volkswagen,2004,"32,000","23,356 kms",Diesel
Fiat Linea Active,Fiat,2016,"52,000","1,48,667 kms",Diesel
Tata Tigor XZ,Tata,2023,"1,69,000","23,578 kms",Petrol
Volkswagen Polo Highline 1.2L,Volkswagen,2016,"62,000","1,73,179 kms",Petrol
Jaguar XE Prestige,Jaguar,2009,"6,13,000","1,42,289 kms",Petrol
Ford Freestyle Titanium,Ford,2010,"41,000","87,988 kms",Diesel
Audi A8,Audi,2015,"14,31,000","18,771 kms",Diesel
Maruti Suzuki Swift Vdi,Maruti,2017,"1,13,000","10,326 kms",Petrol
Skoda Rapid Elegance 1.6 MPI,Skoda,2004,"25,000","1,26,760 kms",Diesel
Honda Brio S MT,Honda,2008,"29,000","1,45,621 kms",Petrol
Renault Triber RXZ,Renault,2016,"51,000","1,32,430 kms",Petrol
Chevrolet Spark LT,Chevrolet,2006,"30,000","15,650 kms",Diesel
Toyota Glanza G,Toyota,2010,"47,000","1,37,498 kms",Diesel
Jeep Compass Limited,Jeep,2007,"40,000","1,20,313 kms",Petrol
Tata Nano Lx,Tata,2022,"1,15,000","89,084 kms",Diesel
Toyota Yaris VX,Toyota,2010,"76,000","7,967 kms",Petrol
BMW 3 Series 320d,BMW,2021,"18,33,000","1,38,645 kms",Diesel
Skoda Rapid Elegance 1.6 MPI,Skoda,2006,"25,000","1,77,657 kms",Diesel
Chevrolet Tavera Neo 3,Chevrolet,2023,"99,000","91,012 kms",Petrol
Fiat Linea Active,Fiat,2023,"85,000","1,19,106 kms",Diesel
Mercedes C-Class C220d,Mercedes,2012,"11,06,000","59,278 kms",Petrol
Datsun GO Plus T,Datsun,2007,"28,000","14,916 kms",Petrol
Volkswagen Polo Highline 1.2L,Volkswagen,2005,"27,000","68,730 kms",Petrol
Tata Tiago Revotron XZ,Tata,2012,"48,000","46,513 kms",Diesel
Jeep Compass Limited,Jeep,2007,"53,000","57,024 kms",Petrol
Volkswagen Ameo Highline 1.5,Volkswagen,2013,"58,000","95,276 kms",Petrol
Skoda Fabia Classic 1.2 MPI,Skoda,2010,"42,000","76,250 kms",Petrol
Chevrolet Sail UVA LS,Chevrolet,2020,"94,000","69,562 kms",Diesel
Mini Cooper D,Mini,2007,"5,78,000","21,347 kms",Diesel
Skoda Rapid Elegance 1.6 MPI,Skoda,2009,"37,000","1,32,657 kms",Petrol
Volvo S60 D4,Volvo,2005,"3,82,000","1,07,020 kms",Diesel
Toyota Corolla Altis G,Toyota,2023,"1,50,000","1,01,653 kms",Diesel
Jeep Compass Limited,Jeep,2007,"57,000","66,471 kms",Diesel
Mini Cooper D,Mini,2013,"6,10,000","1,69,221 kms",Petrol
Hyundai Venue SX,Hyundai,2012,"65,000","31,355 kms",Diesel
Mahindra XUV500 W8,Mahindra,2010,"36,000","1,25,957 kms",Petrol
Renault Duster 110 PS RxL,Renault,2012,"33,000","1,22,137 kms",Petrol
Mahindra Jeep CL550 MDI,Mahindra,2018,"1,33,000","24,162 kms",Diesel
Renault Lodgy 110PS RxZ 8 Str,Renault,2019,"80,000","1,67,859 kms",Diesel
Hyundai Grand i10 Magna 1.2 Kappa VTVT,Hyundai,2010,"31,000","1,65,749 kms",Diesel
Mitsubishi Lancer 1.8 GLX,Mitsubishi,2005,"50,000","7,042 kms",Diesel
BMW 3 Series 320d,BMW,2016,"13,72,000","81,236 kms",Petrol
Mahindra TUV300 T8,Mahindra,2021,Ask For Price,"1,64,942 kms",Diesel
Mahindra Bolero SLE,Mahindra,2016,"1,21,000","21,995 kms",Diesel
Toyota Corolla Altis G,Toyota,2002,"28,000","36,483 kms",Petrol
Volkswagen Polo Highline 1.2L,Volkswagen,2007,"28,000","1,26,085 kms",Petrol
Fiat Linea Active,Fiat,2018,"69,000","59,563 kms",Petrol
Fiat Linea Active,Fiat,2004,"25,000","69,377 kms",Diesel
Audi Q7,Audi,2014,"9,29,000","99,905 kms",Diesel
Hyundai Santro Xing XO eRLX Euro III,Hyundai,2022,"1,64,000","17,781 kms",Diesel
Honda Jazz V,Honda,2014,"94,000","3,728 kms",Diesel
Renault Lodgy 110PS RxZ 8 Str,Renault,2004,"25,000","92,889 kms",Diesel
Chevrolet Sail UVA LS,Chevrolet,2016,"55,000","84,947 kms",Diesel
Mercedes GLA 200d,Mercedes,2021,Ask For Price,"1,32,179 kms",Petrol
Chevrolet Tavera Neo 3,Chevrolet,2017,"50,000","1,50,775 kms",Diesel
Fiat Punto Active,Fiat,2014,"35,000","1,16,381 kms",Diesel
Mini Cooper S,Mini,2003,"2,81,000","96,823 kms",Petrol
Fiat Punto Active,Fiat,2012,"63,000","1,264 kms",Diesel
Hyundai Eon Era Plus,Hyundai,2012,"43,000","1,13,778 kms",Petrol
Fiat Linea Active,Fiat,2021,Ask For Price,"1,65,965 kms",Diesel
Volvo XC60 D5,Volvo,2008,"5,45,000","93,744 kms",Diesel
Datsun GO T,Datsun,2017,"55,000","85,730 kms",Petrol
Mahindra Bolero SLE,Mahindra,2006,"31,000","1,02,184 kms",Diesel
Mini Cooper D,Mini,2005,"3,24,000","1,38,091 kms",Petrol
Volkswagen Ameo Highline 1.5,Volkswagen,2020,"1,19,000","77,011 kms",Petrol
Volvo S60 D4,Volvo,2012,"6,57,000","1,06,341 kms",Diesel
Volkswagen Vento Highline Diesel,Volkswagen,2017,"66,000","1,18,892 kms",Diesel
BMW X1 sDrive20d,BMW,2013,"10,67,000","84,705 kms",Diesel
Volkswagen Ameo Highline 1.5,Volkswagen,2006,"28,000","86,675 kms",Petrol
Fiat Linea Active,Fiat,2015,"37,000","1,20,152 kms",Petrol
Chevrolet Spark LT,Chevrolet,2007,"25,000","1,26,006 kms",Petrol
BMW 5 Series 520d,BMW,2007,"6,52,000","54,894 kms",Diesel
Mitsubishi Pajero Sport 4x2,Mitsubishi,2006,"49,000","15,886 kms",Petrol
Hyundai Venue SX,Hyundai,2002,"30,000","15,527 kms",Diesel
Land Rover Freelander 2,Land,2006,"5,90,000","74,252 kms",Petrol
Mercedes E-Class E220d,Mercedes,2009,"5,21,000","1,42,537 kms",Diesel
Jaguar XF Portfolio,Jaguar,2014,"12,51,000","65,021 kms",Diesel
Mahindra Bolero SLE,Mahindra,2006,"25,000","1,13,971 kms",Petrol
Jeep Compass Limited,Jeep,2006,"70,000","5,977 kms",Diesel
BMW 3 Series 320d,BMW,2004,"3,49,000","1,38,304 kms",Diesel
Honda Civic 1.8 V MT,Honda,2007,"32,000","1,70,678 kms",Diesel
Tata Tigor XZ,Tata,2008,"25,000","1,33,161 kms",Petrol
Volvo S60 D4,Volvo,2017,"15,86,000","22,389 kms",Diesel
Jaguar XE Prestige,Jaguar,2003,"3,41,000","1,32,378 kms",Diesel
Mini Cooper D,Mini,2009,"4,13,000","1,10,105 kms",Diesel
Maruti Suzuki Eeco 5 Seater,Maruti,2021,"1,18,000","52,323 kms",Petrol
Fiat Punto Active,Fiat,2007,"25,000","1,79,446 kms",Petrol
BMW 5 Series 520d,BMW,2015,"10,45,000","1,30,823 kms",Diesel
BMW 5 Series 520d,BMW,2016,"11,40,000","99,052 kms",Diesel
Volvo S60 D4,Volvo,2008,"6,03,000","65,686 kms",Petrol
Land Rover Discovery Sport,Land,2008,"5,85,000","94,007 kms",Petrol
Datsun GO Plus T,Datsun,2008,"25,000","1,50,622 kms",Diesel
Hyundai Xcent S,Hyundai,2021,"1,52,000","35,566 kms",Petrol
Mahindra XUV500 W8,Mahindra,2013,"57,000","1,78,021 kms",Petrol
Mini Cooper D,Mini,2012,"9,42,000","7,568 kms",Diesel
Maruti Suzuki Ertiga VDI,Maruti,2006,"25,000","1,10,878 kms",Petrol
Ford EcoSport Ambiente 1.5L TDCi,Ford,2022,"1,62,000","32,421 kms",Diesel
BMW 3 Series 320d,BMW,2005,"3,93,000","1,10,217 kms",Diesel
Volkswagen Vento Highline Diesel,Volkswagen,2016,"64,000","1,51,854 kms",Diesel
Skoda Fabia Classic 1.2 MPI,Skoda,2015,"67,000","1,48,679 kms",Diesel
Nissan Micra XV,Nissan,2023,"1,64,000","8,902 kms",Petrol
Nissan Terrano XL,Nissan,2021,"1,23,000","54,165 kms",Diesel
Nissan Terrano XL,Nissan,2007,"25,000","1,40,874 kms",Diesel
Volvo S60 D4,Volvo,2020,"15,39,000","1,75,709 kms",Diesel
Mahindra KUV100 K8,Mahindra,2023,"1,58,000","87,607 kms",Petrol
Land Rover Discovery Sport,Land,2012,"10,41,000","1,03,275 kms",Diesel
Chevrolet Spark LT,Chevrolet,2009,"25,000","1,53,238 kms",Petrol
Nissan Micra XV,Nissan,2011,"51,000","41,049 kms",Diesel
Volkswagen Jetta Comfortline TDI,Volkswagen,2002,"32,000","18,221 kms",Diesel
Nissan Micra XV,Nissan,2005,"25,000","1,79,630 kms",Diesel
Volvo S60 D4,Volvo,2015,"9,00,000","1,28,574 kms",Petrol
Hyundai Elite i20 Magna 1.2,Hyundai,2018,"1,33,000","7,403 kms",Petrol
Mahindra TUV300 T8,Mahindra,2017,"1,31,000","8,607 kms",Petrol
BMW 3 Series 320d,BMW,2023,"26,09,000","65,161 kms",Petrol
Skoda Fabia Classic 1.2 MPI,Skoda,2017,"76,000","1,54,084 kms",Petrol
Datsun redi-GO T,Datsun,2013,"33,000","1,26,304 kms",Diesel
Skoda Octavia Elegance 1.8 TSI,Skoda,2007,"30,000","1,31,915 kms",Petrol
Datsun redi-GO T,Datsun,2023,"87,000","1,31,728 kms",Diesel
Jaguar XE Prestige,Jaguar,2015,"10,93,000","1,02,666 kms",Petrol
Ford Fiesta Classic CLXi,Ford,2012,"49,000","95,731 kms",Diesel
BMW 5 Series 520d,BMW,2019,"15,92,000","1,52,737 kms",Diesel
BMW X1 sDrive20d,BMW,2009,Ask For Price,"1,01,814 kms",Diesel
Mitsubishi Lancer 1.8 GLX,Mitsubishi,2012,"74,000","31,404 kms",Diesel
Renault Kwid RXT,Renault,2020,"1,04,000","87,714 kms",Diesel
Volkswagen Ameo Highline 1.5,Volkswagen,2004,"25,000","1,33,992 kms",Petrol
Mahindra Scorpio S10,Mahindra,2004,"35,000","38,195 kms",Petrol
Audi Q3 35 TDI,Audi,2019,"14,87,000","1,01,768 kms",Diesel
Mitsubishi Lancer 1.8 GLX,Mitsubishi,2008,"64,000","22,454 kms",Diesel
Toyota Fortuner 3.0 4x4 AT,Toyota,2022,"2,48,000","13,456 kms",Diesel
Toyota Etios VXD,Toyota,2013,"55,000","1,47,791 kms",Petrol
Maruti Suzuki Swift Vdi,Maruti,2006,"25,000","1,26,630 kms",Diesel
Maruti Suzuki Swift Vdi,Maruti,2017,"72,000","1,02,454 kms",Petrol
Mahindra KUV100 K8,Mahindra,2009,"36,000","1,22,440 kms",Petrol
Nissan Terrano XL,Nissan,2013,"50,000","59,402 kms",Diesel
Toyota Etios VXD,Toyota,2002,"25,000","1,08,425 kms",Petrol
Mini Cooper D,Mini,2017,"9,42,000","1,19,316 kms",Diesel
Toyota Glanza G,Toyota,2018,"97,000","81,204 kms",Petrol
Maruti Suzuki Omni E STD,Maruti,2003,Ask For Price,"57,008 kms",Petrol
Honda Jazz V,Honda,2018,"1,16,000","45,743 kms",Diesel
Datsun GO T,Datsun,2012,"45,000","33,477 kms",Petrol
Mahindra Scorpio SLE BS IV,Mahindra,2019,Ask For Price,"1,35,065 kms",Petrol
Renault Duster 110 PS RxL,Renault,2023,"1,05,000","1,12,629 kms",Diesel
Honda Brio S MT,Honda,2004,"25,000","1,47,472 kms",Diesel
Jaguar XE Prestige,Jaguar,2005,"6,76,000","24,711 kms",Petrol
Mercedes GLA 200d,Mercedes,2002,"4,18,000","54,913 kms",Diesel
Datsun GO Plus T,Datsun,2021,"75,000","79,717 kms",Diesel
Renault Kwid RXT,Renault,2015,"57,000","85,655 kms",Diesel
Jaguar XF Portfolio,Jaguar,2021,"33,44,000","13,010 kms",Petrol
Maruti Suzuki Baleno Delta,Maruti,2017,"66,000","94,793 kms",Petrol
Jaguar XE Prestige,Jaguar,2023,"33,94,000","52,756 kms",Petrol
Honda Brio S MT,Honda,2016,"80,000","86,613 kms",Diesel
Mini Cooper D,Mini,2003,"3,20,000","65,511 kms",Petrol
Fiat Punto Active,Fiat,2016,"80,000","17,679 kms",Petrol
Chevrolet Spark LT,Chevrolet,2011,"29,000","1,63,307 kms",Diesel
Jeep Compass Limited,Jeep,2007,"39,000","1,57,227 kms",Petrol
Maruti Suzuki Omni E STD,Maruti,2004,"25,000","86,084 kms",Petrol
Mercedes E-Class E220d,Mercedes,2010,"5,71,000","1,50,660 kms",Petrol
BMW 5 Series 520d,BMW,2016,"10,10,000","1,08,609 kms",Diesel
Toyota Etios VXD,Toyota,2014,"1,08,000","28,548 kms",Diesel
Mitsubishi Pajero Sport 4x2,Mitsubishi,2006,"30,000","1,47,614 kms",Diesel
Skoda Fabia Classic 1.2 MPI,Skoda,2023,"1,73,000","67,215 kms",Diesel
BMW 5 Series 520d,BMW,2004,"4,55,000","62,415 kms",Diesel
Hyundai Tucson 2WD AT GLS,Hyundai,2004,"25,000","96,438 kms",Diesel
Jeep Compass Longitude,Jeep,2006,"58,000","54,701 kms",Diesel
Tata Nexon XZ Plus,Tata,2002,"25,000","30,776 kms",Diesel
Maruti Suzuki Ertiga VDI,Maruti,2014,"80,000","27,907 kms",Diesel
Land Rover Discovery Sport,Land,2019,"26,75,000","11,002 kms",Diesel
Maruti Suzuki Baleno Delta,Maruti,2022,"1,51,000","56,372 kms",Petrol
Mitsubishi Lancer 1.8 GLX,Mitsubishi,2014,"69,000","1,25,073 kms",Diesel
Maruti Suzuki Baleno Delta,Maruti,2022,"92,000","1,16,439 kms",Petrol
Renault Lodgy 110PS RxZ 8 Str,Renault,2013,"37,000","1,10,338 kms",Diesel
Mitsubishi Pajero Sport 4x2,Mitsubishi,2013,"59,000","1,06,433 kms",Diesel
Tata Bolt XT,Tata,2015,"41,000","1,28,319 kms",Diesel
Audi A6 2.0 TDI,Audi,2021,"20,64,000","64,060 kms",Petrol
Maruti Suzuki Ciaz VDi,Maruti,2012,"53,000","71,022 kms",CNG
Mercedes GLA 200d,Mercedes,2009,"5,87,000","1,73,398 kms",Petrol
Jeep Compass Limited,Jeep,2019,"2,06,000","32,740 kms",Petrol
Ford Figo,Ford,2020,"1,43,000","46,262 kms",Diesel
Chevrolet Sail UVA LS,Chevrolet,2017,"48,000","1,33,371 kms",Petrol
Jeep Compass Longitude,Jeep,2011,"1,08,000","3,803 kms",Petrol
Chevrolet Tavera Neo 3,Chevrolet,2002,"25,000","10,817 kms",Petrol
Hyundai Santro Xing XO eRLX Euro III,Hyundai,2016,"82,000","55,054 kms",Diesel
Land Rover Freelander 2,Land,2022,"26,06,000","81,110 kms",Diesel
Mitsubishi Pajero Sport 4x2,Mitsubishi,2020,"1,05,000","1,66,883 kms",Petrol
Tata Indica V2 DLS,Tata,2020,"82,000","1,39,332 kms",Diesel
Mahindra XUV500 W8,Mahindra,2006,"50,000","28,728 kms",Diesel
Honda Brio S MT,Honda,2019,"93,000","1,67,190 kms",Diesel
Nissan Terrano XL,Nissan,2004,"30,000","27,248 kms",Petrol
Hyundai Eon Era Plus,Hyundai,2013,Ask For Price,"1,57,691 kms",Diesel
Skoda Fabia Classic 1.2 MPI,Skoda,2023,"1,18,000","1,51,465 kms",Diesel
Mitsubishi Lancer 1.8 GLX,Mitsubishi,2021,"1,20,000","1,63,902 kms",Petrol
Honda Amaze S i-Dtech,Honda,2019,"94,000","1,42,245 kms",Diesel
Datsun redi-GO T,Datsun,2003,"25,000","1,65,973 kms",Diesel
Jeep Compass Limited,Jeep,2004,"39,000","53,056 kms",Diesel
Volvo XC60 D5,Volvo,2019,"17,26,000","57,212 kms",Diesel
Mini Cooper S,Mini,2002,"2,24,000","1,38,524 kms",Petrol
Toyota Yaris VX,Toyota,2020,"1,12,000","1,74,297 kms",Petrol
Audi A4 35 TDI,Audi,2007,"4,47,000","1,00,980 kms",Diesel
Maruti Suzuki Vitara Brezza ZDi,Maruti,2005,"25,000","91,391 kms",Diesel
Ford Figo,Ford,2009,"52,000","27,740 kms",Petrol
Hyundai Verna 1.6 SX,Hyundai,2016,"66,000","1,17,822 kms",Diesel
Mitsubishi Pajero Sport 4x2,Mitsubishi,2023,"1,46,000","1,46,555 kms",Petrol
Hyundai Elite i20 Magna 1.2,Hyundai,2018,"79,000","1,16,468 kms",Diesel
Nissan Terrano XL,Nissan,2021,Ask For Price,"48,780 kms",Petrol
BMW 3 Series 320d,BMW,2014,"8,97,000","1,14,894 kms",Diesel
Mini Cooper S,Mini,2010,"5,19,000","1,56,625 kms",Diesel
Chevrolet Sail UVA LS,Chevrolet,2016,"78,000","16,915 kms",Petrol
BMW 5 Series 520d,BMW,2010,"6,85,000","95,386 kms",Petrol
Renault Lodgy 110PS RxZ 8 Str,Renault,2013,"60,000","46,682 kms",Diesel
Skoda Octavia Elegance 1.8 TSI,Skoda,2018,"87,000","1,39,519 kms",Petrol
BMW X1 sDrive20d,BMW,2021,"17,23,000","1,50,425 kms",Petrol
Nissan Micra XV,Nissan,2005,"33,000","29,517 kms",Diesel
Renault Kwid RXT,Renault,2019,"76,000","90,361 kms",Petrol
BMW 5 Series 520d,BMW,2003,"2,82,000","1,70,233 kms",Diesel
Fiat Punto Active,Fiat,2021,"73,000","1,42,862 kms",Petrol
Mahindra XUV500 W8,Mahindra,2010,"42,000","1,13,848 kms",Diesel
Mercedes E-Class E220d,Mercedes,2018,"12,16,000","1,12,383 kms",Petrol
Nissan Sunny XL,Nissan,2008,"35,000","63,288 kms",Petrol
Renault Triber RXZ,Renault,2021,"89,000","94,357 kms",Petrol
Hyundai Verna 1.6 SX,Hyundai,2004,"25,000","83,145 kms",Diesel
Mini Cooper S,Mini,2014,"10,85,000","50,530 kms",Petrol
Toyota Corolla Altis G,Toyota,2023,"2,10,000","38,201 kms",Diesel
Jeep Compass Limited,Jeep,2007,"41,000","1,34,120 kms",Diesel
Volkswagen Jetta Comfortline TDI,Volkswagen,2015,Ask For Price,"47,250 kms",Petrol
Jaguar XF Portfolio,Jaguar,2022,"28,06,000","73,266 kms",Diesel
Land Rover Freelander 2,Land,2015,"11,20,000","1,38,147 kms",Petrol
Ford Freestyle Titanium,Ford,2021,"1,50,000","40,736 kms",Petrol
Mahindra Scorpio S10,Mahindra,2009,Ask For Price,"36,668 kms",Petrol
Datsun GO T,Datsun,2013,"45,000","63,185 kms",Diesel
Jeep Compass Limited,Jeep,2010,"60,000","89,681 kms",Diesel
Volvo S60 D4,Volvo,2012,"5,75,000","1,41,335 kms",Petrol
Hyundai Eon Era Plus,Hyundai,2013,"41,000","1,05,570 kms",Petrol
Toyota Glanza G,Toyota,2006,"28,000","1,13,108 kms",Diesel
Volvo S60 D4,Volvo,2011,"5,90,000","1,17,219 kms",Diesel
Jeep Compass Limited,Jeep,2022,"2,29,000","36,611 kms",Petrol
Nissan Micra XV,Nissan,2018,"69,000","1,09,630 kms",Petrol
Fiat Linea Active,Fiat,2014,"45,000","76,691 kms",Petrol
Jaguar XE Prestige,Jaguar,2008,"10,56,000","5,417 kms",Petrol
Toyota Glanza G,Toyota,2021,"1,22,000","1,70,773 kms",Diesel
Jaguar XE Prestige,Jaguar,2014,"13,33,000","54,976 kms",Petrol
Fiat Linea Active,Fiat,2014,"65,000","11,078 kms",Petrol
Honda Civic 1.8 V MT,Honda,2002,"25,000","61,865 kms",Petrol
Volvo S60 D4,Volvo,2018,"14,27,000","74,544 kms",Diesel
Mahindra KUV100 K8,Mahindra,2009,"49,000","66,717 kms",Petrol
Jaguar XE Prestige,Jaguar,2009,"10,35,000","25,008 kms",Petrol
Datsun redi-GO T,Datsun,2009,"25,000","98,494 kms",Diesel
Honda Civic 1.8 V MT,Honda,2010,"41,000","95,214 kms",Diesel
Maruti Suzuki Alto K10 VXi,Maruti,2022,"1,16,000","86,945 kms",CNG
Datsun GO T,Datsun,2007,"25,000","1,50,816 kms",Diesel
Mini Cooper S,Mini,2018,"11,68,000","81,941 kms",Diesel
BMW X1 sDrive20d,BMW,2003,"2,78,000","1,73,068 kms",Petrol
Maruti Suzuki Wagon R 1.0 VXI,Maruti,2015,"52,000","1,55,063 kms",Petrol
Volvo XC60 D5,Volvo,2008,"4,81,000","1,34,085 kms",Petrol
Honda Jazz V,Honda,2010,"60,000","19,129 kms",Petrol
Fiat Linea Active,Fiat,2012,"34,000","1,23,475 kms",Petrol
Mahindra KUV100 K8,Mahindra,2013,"1,01,000","14,774 kms",Diesel
Tata Bolt XT,Tata,2020,"1,01,000","51,229 kms",Diesel
Maruti Suzuki Vitara Brezza ZDi,Maruti,2004,"31,000","17,839 kms",Petrol
Volvo XC60 D5,Volvo,2002,Ask For Price,"44,384 kms",Petrol
Nissan Terrano XL,Nissan,2002,"25,000","1,11,681 kms",Diesel
Chevrolet Spark LT,Chevrolet,2009,"25,000","1,72,343 kms",Petrol
Mahindra Bolero SLE,Mahindra,2016,"69,000","1,50,809 kms",Diesel
Mahindra Scorpio S10,Mahindra,2020,"91,000","1,44,909 kms",Petrol
Mitsubishi Pajero Sport 4x2,Mitsubishi,2007,"55,000","1,616 kms",Petrol
Fiat Punto Active,Fiat,2013,"30,000","1,71,430 kms",Petrol
Jaguar XF Portfolio,Jaguar,2006,"8,33,000","29,109 kms",Diesel
Ford Freestyle Titanium,Ford,2007,"25,000","1,09,428 kms",Diesel
Chevrolet Beat LT,Chevrolet,2017,"60,000","59,861 kms",Petrol
Mahindra XUV500 W8,Mahindra,2021,"1,28,000","77,523 kms",Diesel
Land Rover Freelander 2,Land,2013,"15,73,000","12,113 kms",Petrol
Honda Amaze S i-Dtech,Honda,2019,"1,18,000","60,485 kms",Diesel
Jaguar XE Prestige,Jaguar,2017,"12,96,000","1,68,490 kms",Diesel
Mitsubishi Lancer 1.8 GLX,Mitsubishi,2006,Ask For Price,"1,47,462 kms",Diesel
Renault Duster 110 PS RxL,Renault,2018,"73,000","1,07,811 kms",Diesel
BMW X1 sDrive20d,BMW,2009,"8,36,000","33,665 kms",Petrol
Chevrolet Beat LT,Chevrolet,2010,"26,000","1,76,017 kms",Diesel
Maruti Suzuki Celerio VXI,Maruti,2005,"25,000","1,46,138 kms",Petrol
Toyota Innova 2.5 G,Toyota,2003,"25,000","1,61,132 kms",Petrol
Mercedes GLA 200d,Mercedes,2009,"5,79,000","1,48,997 kms",Petrol
Mercedes E-Class E220d,Mercedes,2002,"5,29,000","7,849 kms",Petrol
Jeep Compass Limited,Jeep,2018,"1,27,000","1,03,942 kms",Diesel
Tata Nexon XZ Plus,Tata,2011,"40,000","73,011 kms",Diesel
Audi A6 2.0 TDI,Audi,2009,"5,97,000","1,03,321 kms",Diesel
Mercedes E-Class E220d,Mercedes,2005,"5,91,000","38,892 kms",Petrol
Tata Nexon XZ Plus,Tata,2018,"59,000","1,55,869 kms",Petrol
Honda Civic 1.8 V MT,Honda,2023,"1,16,000","1,53,619 kms",Diesel
Renault Triber RXZ,Renault,2005,"25,000","1,05,522 kms",Petrol
Land Rover Discovery Sport,Land,2017,"12,73,000","1,15,746 kms",Diesel
BMW X1 sDrive20d,BMW,2011,"5,96,000","1,46,617 kms",Petrol
BMW 3 Series 320d,BMW,2014,"8,40,000","1,23,276 kms",Petrol
Mini Cooper S,Mini,2009,"5,06,000","88,784 kms",Petrol
Toyota Glanza G,Toyota,2018,"1,09,000","60,402 kms",Petrol
Nissan Micra XV,Nissan,2021,"98,000","96,226 kms",Petrol
Datsun GO T,Datsun,2018,"46,000","1,71,401 kms",Diesel
Fiat Linea Active,Fiat,2009,"27,000","76,195 kms",Petrol
Volvo XC60 D5,Volvo,2011,"5,77,000","1,19,453 kms",Diesel
Jaguar XF Portfolio,Jaguar,2016,"22,69,000","9,783 kms",Diesel
Hyundai Tucson 2WD AT GLS,Hyundai,2015,"54,000","1,20,377 kms",Petrol
Datsun redi-GO T,Datsun,2020,"56,000","1,25,739 kms",Diesel
Hyundai Eon Era Plus,Hyundai,2023,"1,45,000","65,850 kms",Petrol
Datsun GO Plus T,Datsun,2020,"93,000","25,415 kms",Petrol
Skoda Fabia Classic 1.2 MPI,Skoda,2023,"1,29,000","1,30,362 kms",Diesel
Tata Indica V2 DLS,Tata,2017,"88,000","42,448 kms",Petrol
Jeep Compass Limited,Jeep,2023,"1,83,000","1,19,093 kms",Petrol
Mitsubishi Pajero Sport 4x2,Mitsubishi,2014,"69,000","84,058 kms",Diesel
Skoda Fabia Classic 1.2 MPI,Skoda,2005,"43,000","8,501 kms",Diesel
Fiat Linea Active,Fiat,2016,"71,000","29,034 kms",Petrol
Land Rover Freelander 2,Land,2019,"29,37,000","17,578 kms",Petrol
Ford Figo,Ford,2017,"74,000","1,47,480 kms",Diesel
Mitsubishi Pajero Sport 4x2,Mitsubishi,2021,"1,23,000","1,06,093 kms",Petrol
Land Rover Discovery Sport,Land,2023,"26,81,000","1,46,968 kms",Diesel
Land Rover Freelander 2,Land,2003,"4,52,000","73,002 kms",Petrol
Ford Endeavour 4x4 AT,Ford,2012,Ask For Price,"96,676 kms",Diesel
Ford Figo Aspire Titanium,Ford,2021,"1,32,000","67,065 kms",Diesel
Ford EcoSport Ambiente 1.5L TDCi,Ford,2011,"59,000",694 kms,Petrol
Hyundai Venue SX,Hyundai,2013,"42,000","1,07,657 kms",Petrol
Ford EcoSport Titanium 1.5L TDCi,Ford,2015,"64,000","81,980 kms",Petrol
Mercedes C-Class C220d,Mercedes,2020,"14,89,000","1,07,873 kms",Petrol
Jaguar XF Portfolio,Jaguar,2011,"12,81,000","40,435 kms",Diesel
Volkswagen Jetta Comfortline TDI,Volkswagen,2020,"1,03,000","1,57,178 kms",Petrol
Mini Cooper D,Mini,2008,"4,41,000","1,07,853 kms",Diesel
Volkswagen Jetta Comfortline TDI,Volkswagen,2013,"55,000","1,33,460 kms",Diesel
Jaguar XE Prestige,Jaguar,2023,"24,74,000","1,27,060 kms",Petrol
Chevrolet Spark LT,Chevrolet,2020,"1,03,000","37,553 kms",Diesel
BMW X1 sDrive20d,BMW,2017,"11,41,000","1,20,578 kms",Petrol
Datsun GO T,Datsun,2022,"1,10,000","28,101 kms",Diesel
Maruti Suzuki Wagon R 1.0 VXI,Maruti,2003,"25,000","41,467 kms",Diesel
Hyundai Creta 1.6 SX Option,Hyundai,2005,"29,000","52,785 kms",Petrol
Mercedes E-Class E220d,Mercedes,2013,Ask For Price,"38,808 kms",Diesel
Ford Figo,Ford,2016,"55,000","1,51,004 kms",Diesel
Chevrolet Beat LT,Chevrolet,2015,"54,000","77,597 kms",Petrol
Mitsubishi Pajero Sport 4x2,Mitsubishi,2011,"63,000","55,323 kms",Petrol
Audi A8,Audi,2006,"5,32,000","44,127 kms",Diesel
Skoda Fabia Classic 1.2 MPI,Skoda,2004,"25,000","1,03,978 kms",Petrol
Skoda Rapid Elegance 1.6 MPI,Skoda,2010,"35,000","1,26,582 kms",Petrol
Skoda Rapid Elegance 1.6 MPI,Skoda,2016,"72,000","1,34,415 kms",Petrol
Tata Nexon XZ Plus,Tata,2021,"1,52,000","5,721 kms",Diesel
Land Rover Discovery Sport,Land,2003,"3,46,000","1,73,933 kms",Petrol
Volkswagen Polo Highline 1.2L,Volkswagen,2021,"94,000","1,23,639 kms",Petrol
Jaguar XE Prestige,Jaguar,2015,"11,89,000","1,00,731 kms",Diesel
Skoda Octavia Elegance 1.8 TSI,Skoda,2002,"25,000","85,119 kms",Petrol
Toyota Yaris VX,Toyota,2022,"2,45,000","29,963 kms",Diesel
Chevrolet Spark LT,Chevrolet,2007,"25,000","1,31,323 kms",Diesel
Jaguar XE Prestige,Jaguar,2013,"8,22,000","1,45,333 kms",Petrol
Hyundai Verna 1.6 SX,Hyundai,2016,"73,000","58,912 kms",Petrol
Audi Q7,Audi,2022,"17,19,000","1,46,924 kms",Diesel
Nissan Micra XV,Nissan,2015,"72,000","28,991 kms",Diesel
Nissan Terrano XL,Nissan,2013,"38,000","1,30,575 kms",Petrol
Volvo XC60 D5,Volvo,2003,"2,89,000","1,47,458 kms",Diesel
Volkswagen Ameo Highline 1.5,Volkswagen,2004,"32,000","33,315 kms",Petrol
Mitsubishi Lancer 1.8 GLX,Mitsubishi,2022,"1,98,000","45,538 kms",Diesel
Datsun GO T,Datsun,2012,"25,000","1,13,054 kms",Petrol
Chevrolet Sail UVA LS,Chevrolet,2004,"25,000","96,098 kms",Petrol
Mitsubishi Lancer 1.8 GLX,Mitsubishi,2013,"89,000","19,906 kms",Petrol
Mitsubishi Lancer 1.8 GLX,Mitsubishi,2008,"56,000","17,641 kms",Petrol
Volkswagen Ameo Highline 1.5,Volkswagen,2018,"81,000","1,69,540 kms",Petrol
Mercedes E-Class E220d,Mercedes,2007,"8,12,000","29,459 kms",Petrol
Mahindra KUV100 K8,Mahindra,2010,"36,000","1,79,208 kms",Diesel
Land Rover Discovery Sport,Land,2012,"11,99,000","65,180 kms",Petrol
Jaguar XF Portfolio,Jaguar,2016,Ask For Price,"10,356 kms",Petrol
Volkswagen Polo Highline 1.2L,Volkswagen,2007,"26,000","1,52,892 kms",Diesel
Volkswagen Polo Highline 1.2L,Volkswagen,2019,"85,000","1,57,672 kms",Diesel
Skoda Octavia Elegance 1.8 TSI,Skoda,2023,"1,34,000","1,69,938 kms",Petrol
Jeep Compass Longitude,Jeep,2017,Ask For Price,"1,57,772 kms",Petrol
Maruti Suzuki Celerio VXI,Maruti,2018,"64,000","1,42,140 kms",Petrol
Jeep Compass Longitude,Jeep,2019,"1,77,000","31,750 kms",Diesel
Land Rover Freelander 2,Land,2012,"15,24,000","8,837 kms",Petrol
Chevrolet Tavera Neo 3,Chevrolet,2009,"29,000","89,563 kms",Diesel
Hyundai Elite i20 Magna 1.2,Hyundai,2005,"25,000","61,943 kms",Petrol
Mitsubishi Lancer 1.8 GLX,Mitsubishi,2015,"1,28,000","5,877 kms",Petrol
Skoda Rapid Elegance 1.6 MPI,Skoda,2016,"63,000","1,10,731 kms",Diesel
Land Rover Discovery Sport,Land,2020,"17,21,000","1,37,380 kms",Petrol
Audi Q3 35 TDI,Audi,2021,"16,78,000","1,33,596 kms",Diesel
Chevrolet Beat LT,Chevrolet,2007,"25,000","1,02,019 kms",Petrol
Renault Kwid RXT,Renault,2004,"25,000","68,183 kms",Diesel
Nissan Sunny XL,Nissan,2005,"25,000","1,10,087 kms",Diesel
Jeep Compass Longitude,Jeep,2008,"88,000","6,050 kms",Diesel
Hyundai Creta 1.6 SX Option,Hyundai,2009,"30,000","1,31,515 kms",Diesel
Volkswagen Ameo Highline 1.5,Volkswagen,2003,"25,000","1,38,607 kms",Diesel
Mitsubishi Lancer 1.8 GLX,Mitsubishi,2008,Ask For Price,"34,226 kms",Petrol
Honda Jazz V,Honda,2019,"85,000","1,28,340 kms",Diesel
BMW 3 Series 320d,BMW,2008,"5,44,000","1,75,605 kms",Diesel
Nissan Sunny XL,Nissan,2010,"34,000","84,142 kms",Diesel
Land Rover Discovery Sport,Land,2018,"20,04,000","52,549 kms",Petrol
Jeep Compass Longitude,Jeep,2013,"1,01,000","71,218 kms",Diesel
Mercedes GLA 200d,Mercedes,2018,Ask For Price,"92,602 kms",Petrol
Volvo XC60 D5,Volvo,2013,"7,06,000","99,948 kms",Petrol
Volvo XC60 D5,Volvo,2006,"3,98,000","1,20,288 kms",Diesel
BMW X1 sDrive20d,BMW,2009,"8,72,000","21,833 kms",Petrol
Volkswagen Polo Highline 1.2L,Volkswagen,2019,"1,43,000","54,065 kms",Diesel
Mercedes GLA 200d,Mercedes,2003,Ask For Price,"42,304 kms",Petrol
Audi A8,Audi,2004,"3,09,000","1,77,818 kms",Petrol
Nissan Micra XV,Nissan,2006,"25,000","1,01,438 kms",Diesel
Nissan Terrano XL,Nissan,2008,"35,000","72,864 kms",Petrol
Skoda Octavia Elegance 1.8 TSI,Skoda,2009,"30,000","1,62,966 kms",Petrol
Renault Duster 110 PS RxL,Renault,2018,"73,000","1,13,132 kms",Diesel
Mini Cooper S,Mini,2015,"9,00,000","1,10,732 kms",Diesel
Mercedes GLA 200d,Mercedes,2022,"30,89,000","35,684 kms",Petrol
Jaguar XE Prestige,Jaguar,2011,"13,21,000",502 kms,Petrol
Audi Q7,Audi,2007,"4,77,000","1,03,458 kms",Petrol
Audi A8,Audi,2017,"11,67,000","1,62,858 kms",Diesel
Skoda Fabia Classic 1.2 MPI,Skoda,2006,"31,000","85,166 kms",Petrol
Honda Amaze S i-Dtech,Honda,2010,"66,000","33,693 kms",Diesel
Audi A6 2.0 TDI,Audi,2016,"9,93,000","1,19,686 kms",Diesel
Hyundai Elite i20 Magna 1.2,Hyundai,2005,"25,000","1,72,687 kms",Diesel
Skoda Octavia Elegance 1.8 TSI,Skoda,2011,"38,000","1,13,339 kms",Petrol
Jeep Compass Longitude,Jeep,2020,"1,49,000","1,03,970 kms",Diesel
Skoda Fabia Classic 1.2 MPI,Skoda,2002,"25,000","1,74,990 kms",Diesel
Mini Cooper S,Mini,2013,"6,55,000","1,74,002 kms",Diesel
Datsun GO Plus T,Datsun,2009,"25,000","1,79,005 kms",Petrol
Mini Cooper S,Mini,2006,"4,06,000","83,260 kms",Diesel
Land Rover Discovery Sport,Land,2020,"24,83,000","76,072 kms",Diesel
Audi Q7,Audi,2023,"31,23,000","17,990 kms",Diesel
Mahindra XUV500 W8,Mahindra,2020,"1,25,000","85,445 kms",Petrol
Chevrolet Spark LT,Chevrolet,2004,"25,000","30,185 kms",Diesel
Mini Cooper D,Mini,2022,"26,09,000","13,642 kms",Petrol
Mercedes E-Class E220d,Mercedes,2020,"15,43,000","1,10,861 kms",Petrol
Mitsubishi Lancer 1.8 GLX,Mitsubishi,2013,"74,000","76,661 kms",Diesel
Land Rover Discovery Sport,Land,2019,"17,26,000","1,64,475 kms",Petrol
Maruti Suzuki Alto 800 Vxi,Maruti,2019,"65,000","1,69,131 kms",Petrol
Volkswagen Vento Highline Diesel,Volkswagen,2018,"87,000","1,07,002 kms",Diesel
Chevrolet Beat LT,Chevrolet,2012,"31,000","1,28,142 kms",Diesel
Mitsubishi Pajero Sport 4x2,Mitsubishi,2020,"1,04,000","1,04,312 kms",Diesel
Jaguar XE Prestige,Jaguar,2023,"19,83,000","1,34,121 kms",Petrol
Nissan Terrano XL,Nissan,2017,"80,000","48,175 kms",Diesel
Jaguar XF Portfolio,Jaguar,2020,"18,31,000","1,03,405 kms",Diesel
Volvo XC60 D5,Volvo,2018,"17,93,000","52,102 kms",Petrol
Audi A4 35 TDI,Audi,2020,"15,09,000","1,21,931 kms",Petrol
Mini Cooper S,Mini,2010,"6,50,000","54,015 kms",Petrol
Audi Q3 35 TDI,Audi,2023,"19,85,000","1,17,408 kms",Diesel
Honda WR-V i-VTEC VX,Honda,2012,"45,000","1,39,569 kms",Diesel
Mahindra Jeep CL550 MDI,Mahindra,2011,"42,000","1,69,721 kms",Petrol
Maruti Suzuki Vitara Brezza ZDi,Maruti,2017,Ask For Price,"19,764 kms",Petrol
BMW 3 Series 320d,BMW,2023,"19,73,000","1,51,205 kms",Petrol
Datsun redi-GO T,Datsun,2015,"40,000","1,58,499 kms",Diesel
Honda Brio S MT,Honda,2004,"25,000","1,20,545 kms",Petrol
Renault Triber RXZ,Renault,2014,"46,000","1,11,038 kms",Petrol
Tata Nano Lx,Tata,2013,"61,000","51,801 kms",Diesel
Mitsubishi Lancer 1.8 GLX,Mitsubishi,2006,"33,000","95,102 kms",Diesel
Datsun redi-GO T,Datsun,2008,"25,000","84,032 kms",Petrol
Mahindra Jeep CL550 MDI,Mahindra,2023,"1,39,000","1,30,967 kms",Diesel
Volvo XC60 D5,Volvo,2016,"11,71,000","1,01,289 kms",Diesel
Jaguar XE Prestige,Jaguar,2007,"4,71,000","1,78,322 kms",Diesel
Mini Cooper S,Mini,2023,"15,36,000","1,06,237 kms",Petrol
Toyota Fortuner 3.0 4x4 AT,Toyota,2012,"54,000","1,03,506 kms",Diesel
Hyundai Tucson 2WD AT GLS,Hyundai,2012,"69,000","16,781 kms",Diesel
Tata Indica V2 DLS,Tata,2003,"25,000","1,71,003 kms",Diesel
Ford Freestyle Titanium,Ford,2003,"25,000","94,131 kms",Petrol
Jeep Compass Limited,Jeep,2022,"3,10,000","14,641 kms",Diesel
Mahindra XUV500 W8,Mahindra,2022,"1,54,000","95,506 kms",Diesel
Mercedes GLA 200d,Mercedes,2022,"19,33,000","1,75,952 kms",Petrol
Toyota Fortuner 3.0 4x4 AT,Toyota,2022,"2,11,000","42,878 kms",Diesel
Audi A8,Audi,2017,"18,54,000","16,140 kms",Diesel
Mitsubishi Pajero Sport 4x2,Mitsubishi,2017,"1,35,000","23,475 kms",Petrol
Datsun GO Plus T,Datsun,2021,"1,01,000","25,291 kms",Diesel
Mercedes C-Class C220d,Mercedes,2003,"3,20,000","1,72,291 kms",Petrol
Land Rover Freelander 2,Land,2008,"9,42,000","33,835 kms",Diesel
Volkswagen Jetta Comfortline TDI,Volkswagen,2002,"25,000","41,152 kms",Petrol
Fiat Linea Active,Fiat,2004,"25,000","94,394 kms",Diesel
Volvo S60 D4,Volvo,2018,"15,44,000","69,807 kms",Petrol
Mahindra Thar CRDe 4x4,Mahindra,2015,"1,06,000","22,375 kms",Diesel
Nissan Sunny XL,Nissan,2019,"63,000","1,57,395 kms",Petrol
Nissan Micra XV,Nissan,2019,"90,000","84,815 kms",Diesel
BMW 3 Series 320d,BMW,2002,"2,91,000","1,74,923 kms",Petrol
Land Rover Freelander 2,Land,2021,"26,09,000","58,504 kms",Petrol
Audi Q7,Audi,2021,"15,20,000","1,30,609 kms",Petrol
Nissan Terrano XL,Nissan,2022,"99,000","1,07,563 kms",Diesel
Jeep Compass Limited,Jeep,2017,"1,30,000","69,851 kms",Diesel
Hyundai Venue SX,Hyundai,2023,Ask For Price,"39,655 kms",Petrol
Ford Endeavour 4x4 AT,Ford,2013,"44,000","1,79,483 kms",Petrol
Fiat Linea Active,Fiat,2012,"37,000","1,05,775 kms",Diesel
Maruti Suzuki Omni E STD,Maruti,2023,"1,29,000","88,814 kms",Petrol
Maruti Suzuki Swift Vdi,Maruti,2002,"25,000","1,47,428 kms",CNG
Volkswagen Ameo Highline 1.5,Volkswagen,2017,"73,000","1,14,196 kms",Petrol
Fiat Linea Active,Fiat,2014,"61,000","50,919 kms",Diesel
Chevrolet Spark LT,Chevrolet,2009,"34,000","61,433 kms",Diesel
Mitsubishi Lancer 1.8 GLX,Mitsubishi,2009,"57,000","52,170 kms",Diesel
Honda Brio S MT,Honda,2015,"90,000","44,734 kms",Petrol
Maruti Suzuki Swift Dzire Vdi,Maruti,2008,"25,000","1,27,219 kms",Diesel
Mercedes C-Class C220d,Mercedes,2011,"7,81,000","82,209 kms",Petrol
Volvo XC60 D5,Volvo,2002,"2,83,000","83,852 kms",Petrol
BMW 3 Series 320d,BMW,2021,"15,84,000","1,25,457 kms",Diesel
Nissan Terrano XL,Nissan,2017,"63,000","1,18,299 kms",Petrol
Maruti Suzuki Ciaz VDi,Maruti,2019,"91,000","83,221 kms",Petrol
Skoda Rapid Elegance 1.6 MPI,Skoda,2009,"37,000","1,02,039 kms",Diesel
Mini Cooper D,Mini,2018,"10,64,000","1,18,169 kms",Diesel
Jaguar XF Portfolio,Jaguar,2022,"22,02,000","95,050 kms",Diesel
Mini Cooper D,Mini,2010,"5,88,000","69,291 kms",Diesel
Mitsubishi Lancer 1.8 GLX,Mitsubishi,2007,"35,000","88,953 kms",Diesel
Volkswagen Vento Highline Diesel,Volkswagen,2016,"58,000","1,67,927 kms",Petrol
Volkswagen Jetta Comfortline TDI,Volkswagen,2016,"83,000","96,881 kms",Diesel
Volvo S60 D4,Volvo,2019,"12,45,000","1,47,630 kms",Diesel
Jaguar XE Prestige,Jaguar,2006,Ask For Price,"49,225 kms",Petrol
Hyundai Verna 1.6 SX,Hyundai,2020,"1,52,000","3,323 kms",Diesel
Audi A6 2.0 TDI,Audi,2014,"9,70,000","84,532 kms",Diesel
Mitsubishi Pajero Sport 4x2,Mitsubishi,2020,"1,44,000","58,850 kms",Diesel
BMW 3 Series 320d,BMW,2023,"22,11,000","1,23,136 kms",Petrol
Renault Kwid RXT,Renault,2003,"25,000","1,06,640 kms",Diesel
Tata Tigor XZ,Tata,2013,"37,000","1,60,671 kms",Diesel
Mitsubishi Pajero Sport 4x2,Mitsubishi,2020,"1,10,000","1,03,896 kms",Petrol
Ford Endeavour 4x4 AT,Ford,2014,"93,000",124 kms,Diesel
Chevrolet Tavera Neo 3,Chevrolet,2018,"54,000","1,70,923 kms",Petrol
Tata Nexon XZ Plus,Tata,2015,"61,000","64,993 kms",Petrol
Renault Kwid RXT,Renault,2015,"47,000","1,00,978 kms",Diesel
Mitsubishi Lancer 1.8 GLX,Mitsubishi,2018,"1,20,000","85,533 kms",Diesel
Hyundai Creta 1.6 SX Option,Hyundai,2010,"37,000","95,467 kms",Petrol
Datsun GO T,Datsun,2021,"97,000","7,230 kms",Petrol
Renault Kwid RXT,Renault,2006,"25,000","1,06,205 kms",Diesel
Nissan Sunny XL,Nissan,2014,"56,000","62,385 kms",Petrol
Mahindra Thar CRDe 4x4,Mahindra,2015,"58,000","1,31,139 kms",Diesel
Tata Bolt XT,Tata,2019,"61,000","1,16,046 kms",Petrol
Fiat Punto Active,Fiat,2020,"72,000","1,45,083 kms",Diesel
Jaguar XF Portfolio,Jaguar,2002,"3,43,000","1,29,820 kms",Diesel
Land Rover Freelander 2,Land,2013,"13,30,000","51,426 kms",Diesel
Honda WR-V i-VTEC VX,Honda,2018,"1,02,000","56,965 kms",Diesel
Land Rover Freelander 2,Land,2013,"16,43,000","21,614 kms",Petrol
BMW 5 Series 520d,BMW,2007,"7,49,000","17,093 kms",Petrol
Fiat Punto Active,Fiat,2019,"65,000","1,18,039 kms",Petrol
Jeep Compass Limited,Jeep,2009,"42,000","1,18,011 kms",Petrol
Mitsubishi Pajero Sport 4x2,Mitsubishi,2011,"73,000","22,243 kms",Petrol
Maruti Suzuki Ertiga VDI,Maruti,2008,"28,000","1,48,567 kms",Petrol
Jeep Compass Longitude,Jeep,2003,"30,000","1,07,053 kms",Diesel
BMW X1 sDrive20d,BMW,2005,"3,54,000","1,11,087 kms",Diesel
BMW 5 Series 520d,BMW,2023,"22,51,000","1,08,565 kms",Petrol
Nissan Sunny XL,Nissan,2020,"96,000","93,351 kms",Diesel
Chevrolet Sail UVA LS,Chevrolet,2005,"31,000",887 kms,Diesel
Jaguar XF Portfolio,Jaguar,2017,Ask For Price,"1,72,837 kms",Petrol
Hyundai Elite i20 Magna 1.2,Hyundai,2012,"35,000","1,39,873 kms",Petrol
Chevrolet Sail UVA LS,Chevrolet,2018,"47,000","1,17,423 kms",Petrol
Skoda Rapid Elegance 1.6 MPI,Skoda,2017,Ask For Price,"1,65,062 kms",Petrol
Skoda Fabia Classic 1.2 MPI,Skoda,2002,"25,000","75,140 kms",Petrol
Skoda Octavia Elegance 1.8 TSI,Skoda,2009,"54,000","30,755 kms",Diesel
Ford Figo Aspire Titanium,Ford,2023,"1,73,000","30,136 kms",Petrol
Datsun redi-GO T,Datsun,2004,"25,000","60,644 kms",Diesel
Jaguar XF Portfolio,Jaguar,2003,"6,46,000","11,134 kms",Petrol
Fiat Linea Active,Fiat,2003,"25,000","1,68,061 kms",Petrol
Datsun GO Plus T,Datsun,2021,"69,000","1,78,822 kms",Petrol
Volvo XC60 D5,Volvo,2021,"20,92,000","63,537 kms",Diesel
Land Rover Freelander 2,Land,2023,"31,77,000","59,151 kms",Diesel
Skoda Rapid Elegance 1.6 MPI,Skoda,2006,"38,000","43,286 kms",Diesel
Ford Figo Aspire Titanium,Ford,2003,"25,000","1,37,457 kms",Petrol
Skoda Octavia Elegance 1.8 TSI,Skoda,2023,"1,82,000","48,328 kms",Diesel
Volvo XC60 D5,Volvo,2014,"11,04,000","65,055 kms",Petrol
Volkswagen Ameo Highline 1.5,Volkswagen,2008,"29,000","1,55,210 kms",Petrol
Fiat Linea Active,Fiat,2017,"54,000","1,65,766 kms",Petrol
Maruti Suzuki Eeco 5 Seater,Maruti,2020,"93,000","98,791 kms",Petrol
Mitsubishi Lancer 1.8 GLX,Mitsubishi,2008,"63,000","19,371 kms",Diesel
Jeep Compass Longitude,Jeep,2014,Ask For Price,"1,06,605 kms",Petrol
Mini Cooper D,Mini,2014,"7,24,000","1,58,104 kms",Petrol
Nissan Micra XV,Nissan,2005,"25,000","99,982 kms",Diesel
Datsun GO T,Datsun,2013,"27,000","1,15,231 kms",Petrol
Renault Lodgy 110PS RxZ 8 Str,Renault,2005,"30,000","33,452 kms",Diesel
Datsun GO T,Datsun,2007,"25,000","1,53,192 kms",Diesel
Mini Cooper D,Mini,2017,"11,03,000","73,525 kms",Diesel
Mitsubishi Lancer 1.8 GLX,Mitsubishi,2005,"26,000","1,22,323 kms",Petrol
Chevrolet Tavera Neo 3,Chevrolet,2005,"25,000","1,11,328 kms",Petrol
Mahindra Bolero SLE,Mahindra,2010,"44,000","1,17,487 kms",Diesel
Volkswagen Ameo Highline 1.5,Volkswagen,2005,"25,000","97,087 kms",Petrol
Nissan Terrano XL,Nissan,2023,"1,02,000","1,31,231 kms",Petrol
Volvo XC60 D5,Volvo,2013,"9,67,000","67,458 kms",Petrol
Ford Freestyle Titanium,Ford,2009,"28,000","1,21,448 kms",Petrol
BMW 3 Series 320d,BMW,2002,"2,94,000","1,58,157 kms",Petrol
Audi A6 2.0 TDI,Audi,2021,"18,59,000","1,02,906 kms",Diesel
Toyota Fortuner 3.0 4x4 AT,Toyota,2023,"1,54,000","1,09,386 kms",Petrol
Jaguar XE Prestige,Jaguar,2011,"8,26,000","1,14,541 kms",Diesel
Maruti Suzuki Swift Dzire Vdi,Maruti,2015,"76,000","32,599 kms",Petrol
Chevrolet Sail UVA LS,Chevrolet,2012,"32,000","1,01,126 kms",Petrol
BMW X1 sDrive20d,BMW,2006,"6,63,000","23,243 kms",Petrol
Land Rover Discovery Sport,Land,2013,"15,60,000","19,077 kms",Petrol
Honda Brio S MT,Honda,2013,"76,000","37,157 kms",Diesel
Fiat Punto Active,Fiat,2018,"74,000","71,893 kms",Petrol
Mercedes C-Class C220d,Mercedes,2006,"4,15,000","1,02,674 kms",Petrol
Jaguar XE Prestige,Jaguar,2023,"22,46,000","1,62,184 kms",Petrol
Renault Kwid RXT,Renault,2015,"47,000","1,23,271 kms",Petrol
BMW 3 Series 320d,BMW,2016,"10,60,000","1,17,319 kms",Diesel
Volvo XC60 D5,Volvo,2018,"11,46,000","1,33,452 kms",Petrol
Datsun GO Plus T,Datsun,2016,"43,000","1,67,915 kms",Diesel
Honda Civic 1.8 V MT,Honda,2011,"56,000","70,482 kms",Petrol
Mercedes E-Class E220d,Mercedes,2022,"21,07,000","1,29,836 kms",Petrol
Datsun redi-GO T,Datsun,2018,"68,000","68,423 kms",Petrol
Datsun GO Plus T,Datsun,2015,"38,000","1,15,217 kms",Petrol
Mahindra KUV100 K8,Mahindra,2005,"36,000","54,204 kms",Diesel
Chevrolet Spark LT,Chevrolet,2011,"46,000","10,908 kms",Petrol
Tata Nano Lx,Tata,2005,"25,000","1,71,590 kms",Diesel
Ford Endeavour 4x4 AT,Ford,2002,"26,000","27,730 kms",Diesel
Maruti Suzuki Swift Dzire Vdi,Maruti,2009,"29,000","1,11,085 kms",Petrol
Volvo S60 D4,Volvo,2018,"13,10,000","1,38,644 kms",Diesel
Nissan Sunny XL,Nissan,2023,"1,44,000","63,268 kms",Diesel
Mercedes C-Class C220d,Mercedes,2010,"10,75,000","22,798 kms",Diesel
Jaguar XF Portfolio,Jaguar,2015,"21,61,000","3,327 kms",Diesel
Datsun redi-GO T,Datsun,2003,"25,000","76,044 kms",Diesel
Mini Cooper S,Mini,2006,"4,25,000","81,610 kms",Diesel
Honda Jazz V,Honda,2005,"25,000","1,67,433 kms",Petrol
Mini Cooper S,Mini,2009,"5,64,000","88,534 kms",Petrol
Hyundai Xcent S,Hyundai,2011,"61,000","8,794 kms",Petrol
Volvo XC60 D5,Volvo,2022,"28,03,000","4,729 kms",Diesel
Jeep Compass Longitude,Jeep,2003,"29,000","1,48,036 kms",Diesel
BMW X1 sDrive20d,BMW,2014,"8,10,000","1,09,780 kms",Diesel
BMW X1 sDrive20d,BMW,2004,"3,21,000","1,02,685 kms",Petrol
Renault Lodgy 110PS RxZ 8 Str,Renault,2008,"39,000","14,233 kms",Diesel
Tata Bolt XT,Tata,2002,"25,000","51,220 kms",Petrol
Maruti Suzuki Alto 800 Vxi,Maruti,2012,"34,000","1,74,415 kms",CNG
Mercedes C-Class C220d,Mercedes,2022,"29,24,000","46,570 kms",Diesel
Chevrolet Tavera Neo 3,Chevrolet,2021,"60,000","1,37,315 kms",Petrol
Renault Duster 110 PS RxL,Renault,2012,"54,000","45,742 kms",Petrol
Toyota Etios VXD,Toyota,2020,"1,21,000","1,18,985 kms",Petrol
Hyundai Grand i10 Magna 1.2 Kappa VTVT,Hyundai,2011,"37,000","1,55,461 kms",Petrol
Skoda Rapid Elegance 1.6 MPI,Skoda,2013,"64,000","76,551 kms",Petrol
Datsun redi-GO T,Datsun,2013,"30,000","1,57,426 kms",Diesel
Mercedes GLA 200d,Mercedes,2020,"25,85,000","45,634 kms",Diesel
BMW X1 sDrive20d,BMW,2018,"19,05,000","63,586 kms",Diesel
Mini Cooper D,Mini,2022,"29,86,000","4,574 kms",Diesel
Renault Lodgy 110PS RxZ 8 Str,Renault,2013,"74,000","10,242 kms",Petrol
Audi A4 35 TDI,Audi,2021,"16,54,000","1,52,420 kms",Petrol
Honda City 1.5 S MT,Honda,2022,"2,02,000","20,495 kms",Petrol
Land Rover Freelander 2,Land,2011,"10,26,000","50,679 kms",Petrol
Nissan Terrano XL,Nissan,2015,"47,000","1,52,323 kms",Diesel
Mahindra Bolero SLE,Mahindra,2014,"1,13,000","8,224 kms",Diesel
Tata Tiago Revotron XZ,Tata,2007,"36,000","1,970 kms",Diesel
Datsun GO T,Datsun,2023,"67,000","1,48,747 kms",Petrol
Volkswagen Vento Highline Diesel,Volkswagen,2014,"53,000","1,04,592 kms",Petrol
Skoda Fabia Classic 1.2 MPI,Skoda,2019,"1,18,000","41,037 kms",Petrol
Mahindra TUV300 T8,Mahindra,2005,"25,000","1,57,927 kms",Petrol
Volkswagen Polo Highline 1.2L,Volkswagen,2012,"66,000","28,971 kms",Diesel
Land Rover Freelander 2,Land,2002,"4,28,000","87,319 kms",Diesel
Renault Triber RXZ,Renault,2007,"25,000","1,09,465 kms",Petrol
Mercedes E-Class E220d,Mercedes,2009,"5,89,000","94,867 kms",Petrol
Maruti Suzuki Swift Dzire Vdi,Maruti,2007,"25,000","1,38,317 kms",CNG
Datsun redi-GO T,Datsun,2012,"25,000","1,11,099 kms",Petrol
Tata Tiago Revotron XZ,Tata,2016,"48,000","1,15,522 kms",Diesel
Mitsubishi Pajero Sport 4x2,Mitsubishi,2013,"54,000","1,23,522 kms",Petrol
Honda Brio S MT,Honda,2017,"78,000","1,78,952 kms",Diesel
Nissan Micra XV,Nissan,2014,"72,000","32,087 kms",Diesel
Jeep Compass Longitude,Jeep,2014,"68,000","1,45,285 kms",Petrol
Chevrolet Beat LT,Chevrolet,2004,"25,000","17,582 kms",Diesel
Toyota Corolla Altis G,Toyota,2018,"1,26,000","81,824 kms",Diesel
Audi A6 2.0 TDI,Audi,2004,"3,11,000","1,76,469 kms",Petrol
Mercedes GLA 200d,Mercedes,2010,"10,42,000","24,324 kms",Petrol
Chevrolet Sail UVA LS,Chevrolet,2012,"29,000","1,71,713 kms",Petrol
Maruti Suzuki Baleno Delta,Maruti,2010,"58,000","2,050 kms",Petrol
Mercedes E-Class E220d,Mercedes,2004,"3,36,000","1,21,081 kms",Petrol
Hyundai Grand i10 Magna 1.2 Kappa VTVT,Hyundai,2005,"25,000","1,76,287 kms",Petrol
Mahindra Scorpio SLE BS IV,Mahindra,2016,"1,19,000","42,654 kms",Diesel
Mercedes GLA 200d,Mercedes,2014,"9,96,000","93,857 kms",Diesel
Mitsubishi Pajero Sport 4x2,Mitsubishi,2023,"1,37,000","1,70,483 kms",Diesel
Datsun GO Plus T,Datsun,2003,"25,000","1,14,837 kms",Petrol
BMW 5 Series 520d,BMW,2008,"5,97,000","71,202 kms",Petrol
Mahindra Scorpio SLE BS IV,Mahindra,2010,"44,000","1,24,101 kms",Diesel
BMW 3 Series 320d,BMW,2010,"5,30,000","1,38,556 kms",Petrol
Hyundai i10 Sportz,Hyundai,2011,"61,000","33,207 kms",Petrol
Jeep Compass Limited,Jeep,2014,"1,29,000","14,469 kms",Petrol
Volvo XC60 D5,Volvo,2005,"3,56,000","1,64,703 kms",Diesel
Land Rover Discovery Sport,Land,2014,"10,86,000","83,619 kms",Petrol
Skoda Rapid Elegance 1.6 MPI,Skoda,2010,"47,000","85,231 kms",Petrol
BMW 5 Series 520d,BMW,2020,"17,89,000","82,537 kms",Petrol
Mini Cooper D,Mini,2005,"4,82,000","25,299 kms",Petrol
Mini Cooper S,Mini,2009,"4,70,000","1,68,359 kms",Diesel
Renault Duster 110 PS RxL,Renault,2023,"1,91,000","3,214 kms",Diesel
Hyundai Venue SX,Hyundai,2019,"80,000","1,12,359 kms",Diesel
Ford Endeavour 4x4 AT,Ford,2018,"92,000","59,717 kms",Petrol
Chevrolet Sail UVA LS,Chevrolet,2022,"95,000","74,412 kms",Diesel
Renault Triber RXZ,Renault,2009,"29,000","97,386 kms",Diesel
Mercedes C-Class C220d,Mercedes,2005,"3,99,000","1,74,387 kms",Diesel
Nissan Micra XV,Nissan,2004,"25,000","1,74,625 kms",Diesel
Volkswagen Polo Highline 1.2L,Volkswagen,2020,"1,23,000","56,268 kms",Diesel
Ford Endeavour 4x4 AT,Ford,2012,"42,000","1,62,990 kms",Diesel
Volkswagen Polo Highline 1.2L,Volkswagen,2021,"1,19,000","94,070 kms",Petrol
Jaguar XF Portfolio,Jaguar,2003,"3,57,000","1,57,114 kms",Diesel
Jeep Compass Longitude,Jeep,2018,"1,58,000","70,066 kms",Diesel
Jeep Compass Longitude,Jeep,2014,"1,01,000","53,967 kms",Petrol
Mini Cooper S,Mini,2004,"3,08,000","1,56,554 kms",Diesel
Land Rover Discovery Sport,Land,2007,"5,19,000","1,28,017 kms",Petrol
Mini Cooper S,Mini,2014,"6,25,000","1,31,775 kms",Petrol
Jaguar XE Prestige,Jaguar,2016,"12,52,000","1,52,816 kms",Diesel
Honda Amaze S i-Dtech,Honda,2008,"38,000","63,385 kms",Petrol
Mercedes C-Class C220d,Mercedes,2013,"14,70,000",705 kms,Petrol
BMW 3 Series 320d,BMW,2015,"15,22,000","45,939 kms",Diesel
Volkswagen Polo Highline 1.2L,Volkswagen,2008,"39,000","73,308 kms",Petrol
Tata Nano Lx,Tata,2008,"27,000","82,819 kms",Diesel
Volkswagen Vento Highline Diesel,Volkswagen,2005,Ask For Price,"1,77,370 kms",Diesel
Volkswagen Vento Highline Diesel,Volkswagen,2003,"25,000","1,15,256 kms",Petrol
Nissan Terrano XL,Nissan,2018,"64,000","1,19,465 kms",Petrol
Honda Jazz V,Honda,2003,"25,000","1,73,773 kms",Diesel
Chevrolet Spark LT,Chevrolet,2022,"1,36,000",672 kms,Diesel
Jaguar XF Portfolio,Jaguar,2017,"12,47,000","1,59,429 kms",Petrol
Toyota Fortuner 3.0 4x4 AT,Toyota,2008,"36,000","1,20,773 kms",Diesel
Mini Cooper S,Mini,2015,"6,94,000","1,78,624 kms",Petrol
Renault Triber RXZ,Renault,2005,"28,000","26,832 kms",Petrol
Ford EcoSport Titanium 1.5L TDCi,Ford,2017,"74,000","86,128 kms",Petrol
Hyundai Elite i20 Magna 1.2,Hyundai,2010,"40,000","1,06,269 kms",Diesel
Skoda Octavia Elegance 1.8 TSI,Skoda,2005,"31,000","44,803 kms",Petrol
Toyota Etios VXD,Toyota,2007,"63,000","8,850 kms",Diesel
Chevrolet Tavera Neo 3,Chevrolet,2003,"25,000","1,50,969 kms",Diesel
Ford Figo,Ford,2017,"1,22,000","3,229 kms",Diesel
Jeep Compass Longitude,Jeep,2017,"90,000","1,62,097 kms",Petrol
Ford Figo Aspire Titanium,Ford,2019,"1,10,000","48,807 kms",Petrol
Maruti Suzuki Ciaz VDi,Maruti,2021,"1,10,000","54,924 kms",CNG
Renault Duster 110 PS RxL,Renault,2016,"51,000","1,42,563 kms",Diesel
Fiat Punto Active,Fiat,2019,"1,07,000",916 kms,Petrol
Mini Cooper D,Mini,2009,"3,91,000","1,42,635 kms",Petrol
Audi A4 35 TDI,Audi,2023,"25,96,000","65,690 kms",Diesel
Nissan Sunny XL,Nissan,2011,"65,000","8,271 kms",Diesel
Maruti Suzuki Alto 800 Vxi,Maruti,2012,"52,000","61,084 kms",Diesel
Jeep Compass Longitude,Jeep,2008,"58,000","69,253 kms",Petrol
Maruti Suzuki Eeco 5 Seater,Maruti,2019,"1,08,000","47,075 kms",Petrol
Honda Brio S MT,Honda,2019,"1,15,000","73,587 kms",Diesel
Toyota Corolla Altis G,Toyota,2018,"88,000","1,27,587 kms",Diesel
Nissan Sunny XL,Nissan,2011,"60,000","26,396 kms",Diesel
Renault Kwid RXT,Renault,2003,"25,000","1,17,081 kms",Petrol
Mercedes C-Class C220d,Mercedes,2022,"18,44,000","1,73,770 kms",Diesel
Mahindra Scorpio SLE BS IV,Mahindra,2020,"1,64,000","18,211 kms",Petrol
Ford Endeavour 4x4 AT,Ford,2012,"42,000","88,431 kms",Petrol
Tata Tigor XZ,Tata,2005,"27,000","49,989 kms",Diesel
Mercedes GLA 200d,Mercedes,2004,"3,68,000","1,22,393 kms",Petrol
Mitsubishi Pajero Sport 4x2,Mitsubishi,2002,"25,000","1,08,671 kms",Petrol
Hyundai Santro Xing XO eRLX Euro III,Hyundai,2011,"36,000","97,373 kms",Petrol
Ford Figo Aspire Titanium,Ford,2007,"38,000","70,957 kms",Diesel
Skoda Rapid Elegance 1.6 MPI,Skoda,2019,"1,10,000","70,883 kms",Diesel
Chevrolet Beat LT,Chevrolet,2015,"46,000","86,207 kms",Petrol
Chevrolet Spark LT,Chevrolet,2014,"32,000","1,15,746 kms",Petrol
Toyota Yaris VX,Toyota,2003,"25,000","1,62,995 kms",Diesel
Volvo S60 D4,Volvo,2009,"5,44,000","82,354 kms",Diesel
Ford Endeavour 4x4 AT,Ford,2021,"95,000","1,08,735 kms",Diesel
Land Rover Discovery Sport,Land,2019,"26,50,000","20,925 kms",Diesel
Hyundai Verna 1.6 SX,Hyundai,2010,"65,000","14,657 kms",Diesel
Nissan Terrano XL,Nissan,2023,"1,25,000","85,514 kms",Diesel
Maruti Suzuki Ciaz VDi,Maruti,2007,"43,000","12,814 kms",Petrol
Chevrolet Spark LT,Chevrolet,2003,"25,000","6,401 kms",Petrol
Mini Cooper S,Mini,2011,"10,18,000","8,821 kms",Diesel
Datsun GO Plus T,Datsun,2017,"82,000","5,108 kms",Petrol
Volkswagen Jetta Comfortline TDI,Volkswagen,2013,"55,000","81,188 kms",Diesel
Hyundai Creta 1.6 SX Option,Hyundai,2003,"33,000","5,997 kms",Diesel
Nissan Sunny XL,Nissan,2021,"88,000","1,21,200 kms",Diesel
Fiat Linea Active,Fiat,2013,"52,000","44,768 kms",Diesel
Fiat Punto Active,Fiat,2011,"29,000","1,03,991 kms",Diesel
Hyundai Grand i10 Magna 1.2 Kappa VTVT,Hyundai,2008,"29,000","1,39,126 kms",Petrol
Mahindra Scorpio SLE BS IV,Mahindra,2018,"1,44,000","29,487 kms",Diesel
Datsun redi-GO T,Datsun,2007,"25,000","1,78,689 kms",Diesel
Nissan Terrano XL,Nissan,2012,"34,000","1,57,822 kms",Petrol
Maruti Suzuki Vitara Brezza ZDi,Maruti,2004,"25,000","1,30,453 kms",Diesel
Volkswagen Jetta Comfortline TDI,Volkswagen,2017,"81,000","1,73,456 kms",Diesel
Ford Fiesta Classic CLXi,Ford,2003,"25,000","60,052 kms",Petrol
Audi A8,Audi,2017,"17,73,000","15,280 kms",Petrol
Ford Figo Aspire Titanium,Ford,2018,"93,000","66,679 kms",Diesel
Skoda Rapid Elegance 1.6 MPI,Skoda,2022,"1,07,000","1,32,502 kms",Petrol
Jaguar XE Prestige,Jaguar,2007,"5,42,000","1,33,397 kms",Petrol
Renault Lodgy 110PS RxZ 8 Str,Renault,2022,"1,67,000","33,391 kms",Diesel
Volkswagen Jetta Comfortline TDI,Volkswagen,2021,"1,75,000","41,287 kms",Diesel
Mitsubishi Pajero Sport 4x2,Mitsubishi,2010,Ask For Price,"78,569 kms",Diesel
Jaguar XF Portfolio,Jaguar,2014,"12,97,000","89,165 kms",Diesel
Mitsubishi Pajero Sport 4x2,Mitsubishi,2022,"1,69,000","75,911 kms",Diesel
Mercedes C-Class C220d,Mercedes,2017,"12,84,000","1,04,249 kms",Diesel
Mitsubishi Lancer 1.8 GLX,Mitsubishi,2008,"32,000","1,18,789 kms",Petrol
Honda Jazz V,Honda,2005,"25,000","1,47,661 kms",Petrol
BMW 3 Series 320d,BMW,2019,"13,61,000","1,49,954 kms",Diesel
Audi A8,Audi,2015,"9,81,000","1,05,030 kms",Petrol
Ford Endeavour 4x4 AT,Ford,2008,"30,000","95,725 kms",Petrol
Chevrolet Spark LT,Chevrolet,2005,"25,000","1,17,625 kms",Diesel
Maruti Suzuki Alto K10 VXi,Maruti,2013,"39,000","1,10,321 kms",CNG
Mini Cooper D,Mini,2022,"15,81,000","1,14,413 kms",Petrol
Mini Cooper D,Mini,2017,"18,14,000","12,265 kms",Diesel
Mercedes E-Class E220d,Mercedes,2005,"4,76,000","71,322 kms",Petrol
Audi A4 35 TDI,Audi,2006,"4,47,000","95,832 kms",Petrol
Skoda Rapid Elegance 1.6 MPI,Skoda,2021,"1,37,000","74,070 kms",Petrol
Land Rover Discovery Sport,Land,2016,"14,07,000","84,974 kms",Petrol
Tata Nexon XZ Plus,Tata,2010,"37,000","70,122 kms",Diesel
Land Rover Discovery Sport,Land,2014,"9,79,000","1,76,552 kms",Diesel
Land Rover Discovery Sport,Land,2007,"8,73,000",945 kms,Diesel
Chevrolet Spark LT,Chevrolet,2002,"25,000","1,79,885 kms",Diesel
Mercedes C-Class C220d,Mercedes,2018,"12,85,000","1,63,947 kms",Petrol
Jaguar XF Portfolio,Jaguar,2003,"3,88,000","1,45,674 kms",Diesel
Mini Cooper D,Mini,2014,"12,04,000","6,090 kms",Petrol
Volvo S60 D4,Volvo,2022,"24,75,000","49,225 kms",Diesel
Volkswagen Vento Highline Diesel,Volkswagen,2022,"1,11,000","1,57,403 kms",Diesel
Hyundai Venue SX,Hyundai,2021,"97,000","1,04,460 kms",Petrol
Mercedes E-Class E220d,Mercedes,2023,"19,87,000","1,37,857 kms",Diesel
BMW 5 Series 520d,BMW,2020,"24,63,000","17,042 kms",Petrol
BMW X1 sDrive20d,BMW,2012,"14,05,000","5,790 kms",Diesel
Toyota Corolla Altis G,Toyota,2003,"38,000","26,080 kms",Diesel
Volvo XC60 D5,Volvo,2018,"20,66,000","16,347 kms",Diesel
Hyundai Venue SX,Hyundai,2023,"1,96,000","12,179 kms",Petrol
Skoda Octavia Elegance 1.8 TSI,Skoda,2020,"1,56,000","4,918 kms",Petrol
Skoda Fabia Classic 1.2 MPI,Skoda,2007,"29,000","1,13,397 kms",Petrol
Skoda Fabia Classic 1.2 MPI,Skoda,2019,"1,63,000","1,091 kms",Petrol
Mini Cooper D,Mini,2021,"12,20,000","1,60,839 kms",Petrol
Mitsubishi Lancer 1.8 GLX,Mitsubishi,2015,"80,000","69,002 kms",Petrol
Fiat Punto Active,Fiat,2019,"57,000","1,21,249 kms",Petrol
Mitsubishi Lancer 1.8 GLX,Mitsubishi,2005,"37,000","21,624 kms",Petrol
Renault Duster 110 PS RxL,Renault,2013,"46,000","1,58,104 kms",Diesel
Mini Cooper D,Mini,2006,"5,19,000","56,944 kms",Diesel
Tata Tigor XZ,Tata,2017,"69,000","93,750 kms",Diesel
Skoda Rapid Elegance 1.6 MPI,Skoda,2009,"33,000","1,24,367 kms",Diesel
Mini Cooper D,Mini,2003,"3,58,000","63,968 kms",Petrol
Audi A8,Audi,2006,"4,26,000","1,79,349 kms",Petrol
Mahindra KUV100 K8,Mahindra,2007,"38,000","93,882 kms",Diesel
Tata Nano Lx,Tata,2015,"42,000","1,16,364 kms",Petrol
Mini Cooper D,Mini,2023,"16,96,000","1,34,062 kms",Petrol
Fiat Linea Active,Fiat,2017,"53,000","1,54,550 kms",Petrol
Jeep Compass Limited,Jeep,2021,"2,62,000","20,877 kms",Petrol
Audi A6 2.0 TDI,Audi,2018,"11,67,000","1,27,919 kms",Diesel
Datsun GO Plus T,Datsun,2004,"25,000","13,733 kms",Diesel
Toyota Glanza G,Toyota,2014,"62,000","1,62,741 kms",Diesel
Skoda Fabia Classic 1.2 MPI,Skoda,2012,"40,000","1,27,522 kms",Petrol
Honda City 1.5 S MT,Honda,2011,"68,000","5,392 kms",Diesel
Audi A4 35 TDI,Audi,2020,"24,58,000","18,204 kms",Petrol
Renault Kwid RXT,Renault,2016,"87,000","14,840 kms",Petrol
Ford EcoSport Ambiente 1.5L TDCi,Ford,2021,"1,06,000","1,03,819 kms",Petrol
Mahindra XUV500 W8,Mahindra,2013,"79,000","54,894 kms",Diesel
Ford Fiesta Classic CLXi,Ford,2012,"41,000","1,34,096 kms",Diesel
Renault Duster 110 PS RxL,Renault,2009,"28,000","1,25,181 kms",Petrol
Land Rover Freelander 2,Land,2023,"24,99,000","1,20,993 kms",Diesel
Audi Q3 35 TDI,Audi,2015,Ask For Price,"7,379 kms",Diesel
Ford Fiesta Classic CLXi,Ford,2016,"80,000","55,965 kms",Diesel
Mercedes GLA 200d,Mercedes,2023,"38,85,000","11,710 kms",Petrol
Ford Fiesta Classic CLXi,Ford,2011,"36,000","1,48,389 kms",Petrol
Fiat Punto Active,Fiat,2007,Ask For Price,"1,77,641 kms",Diesel
Mahindra XUV500 W8,Mahindra,2018,"89,000","1,00,047 kms",Diesel
BMW 5 Series 520d,BMW,2003,"5,11,000","44,945 kms",Diesel
Volkswagen Vento Highline Diesel,Volkswagen,2012,"48,000","1,42,309 kms",Petrol
Mahindra Scorpio SLE BS IV,Mahindra,2019,"1,85,000","8,210 kms",Diesel
Mahindra Thar CRDe 4x4,Mahindra,2009,"54,000","18,463 kms",Petrol
Volvo XC60 D5,Volvo,2003,"4,29,000","39,710 kms",Diesel
Land Rover Discovery Sport,Land,2017,"13,69,000","1,27,170 kms",Diesel
Volkswagen Ameo Highline 1.5,Volkswagen,2014,Ask For Price,"39,334 kms",Diesel
Volkswagen Vento Highline Diesel,Volkswagen,2007,"39,000","81,263 kms",Diesel
Datsun GO Plus T,Datsun,2010,"25,000","1,73,881 kms",Diesel
Mercedes E-Class E220d,Mercedes,2010,"9,82,000","27,859 kms",Petrol
Ford EcoSport Ambiente 1.5L TDCi,Ford,2019,"75,000","1,46,396 kms",Petrol
Fiat Punto Active,Fiat,2004,"25,000","1,48,872 kms",Diesel
Nissan Sunny XL,Nissan,2003,"25,000","1,46,024 kms",Petrol
Datsun redi-GO T,Datsun,2003,"25,000","68,952 kms",Diesel
Skoda Rapid Elegance 1.6 MPI,Skoda,2006,"28,000","1,63,712 kms",Diesel
Mercedes GLA 200d,Mercedes,2002,"3,00,000","1,39,045 kms",Petrol
Mahindra Thar CRDe 4x4,Mahindra,2005,"36,000","59,693 kms",Diesel
Toyota Fortuner 3.0 4x4 AT,Toyota,2018,"1,12,000","66,177 kms",Diesel
Mahindra KUV100 K8,Mahindra,2020,"90,000","1,74,500 kms",Petrol
Maruti Suzuki Vitara Brezza ZDi,Maruti,2014,Ask For Price,"1,72,974 kms",Petrol
BMW X1 sDrive20d,BMW,2004,"4,26,000","69,483 kms",Petrol
Honda Brio S MT,Honda,2009,"34,000","1,56,329 kms",Diesel
Jaguar XE Prestige,Jaguar,2012,"11,61,000","66,048 kms",Petrol
Chevrolet Beat LT,Chevrolet,2002,"25,000","1,29,681 kms",Diesel
Audi Q3 35 TDI,Audi,2005,"3,05,000","1,40,841 kms",Petrol
Mercedes GLA 200d,Mercedes,2010,"10,50,000","47,028 kms",Diesel
BMW 3 Series 320d,BMW,2018,"14,30,000","1,63,974 kms",Diesel
Hyundai i10 Sportz,Hyundai,2015,"55,000","1,28,053 kms",Petrol
Toyota Etios VXD,Toyota,2019,"1,45,000","61,063 kms",Diesel
Tata Indica V2 DLS,Tata,2022,"77,000","1,55,255 kms",Petrol
Toyota Yaris VX,Toyota,2013,"59,000","1,63,195 kms",Diesel
Audi Q3 35 TDI,Audi,2003,"2,64,000","1,37,431 kms",Petrol
Nissan Terrano XL,Nissan,2020,"1,08,000","70,251 kms",Diesel
Datsun GO Plus T,Datsun,2019,"46,000","1,41,526 kms",Petrol
Toyota Corolla Altis G,Toyota,2014,"98,000","33,930 kms",Petrol
Maruti Suzuki Alto K10 VXi,Maruti,2019,"1,23,000","10,140 kms",Petrol
Hyundai Grand i10 Magna 1.2 Kappa VTVT,Hyundai,2014,"51,000","1,70,213 kms",Petrol
Datsun GO Plus T,Datsun,2009,"25,000","1,20,077 kms",Petrol
Chevrolet Sail UVA LS,Chevrolet,2021,"1,04,000","27,784 kms",Diesel
Datsun GO T,Datsun,2015,"41,000","1,08,457 kms",Petrol
Nissan Terrano XL,Nissan,2014,"71,000","50,657 kms",Diesel
Nissan Micra XV,Nissan,2014,"42,000","1,34,693 kms",Diesel
Hyundai Tucson 2WD AT GLS,Hyundai,2006,"38,000","46,706 kms",Diesel
Fiat Punto Active,Fiat,2014,"35,000","1,61,172 kms",Diesel
Audi A6 2.0 TDI,Audi,2022,"19,86,000","1,46,598 kms",Diesel
Fiat Punto Active,Fiat,2022,"1,07,000","75,468 kms",Petrol
Mini Cooper S,Mini,2015,"8,69,000","1,02,207 kms",Diesel
Renault Kwid RXT,Renault,2002,"26,000","1,624 kms",Diesel
Chevrolet Tavera Neo 3,Chevrolet,2002,"25,000","1,40,001 kms",Diesel
Mitsubishi Pajero Sport 4x2,Mitsubishi,2017,"82,000","97,870 kms",Petrol
Volvo S60 D4,Volvo,2022,"17,84,000","82,644 kms",Petrol
Honda WR-V i-VTEC VX,Honda,2022,"1,05,000","1,38,975 kms",Petrol
Volkswagen Ameo Highline 1.5,Volkswagen,2005,"35,000","49,402 kms",Petrol
Chevrolet Beat LT,Chevrolet,2005,"25,000","1,63,463 kms",Diesel
Mercedes C-Class C220d,Mercedes,2019,"14,35,000","1,33,254 kms",Petrol
Skoda Fabia Classic 1.2 MPI,Skoda,2014,"81,000","42,020 kms",Petrol
Audi A6 2.0 TDI,Audi,2013,"8,29,000","82,605 kms",Petrol
Honda Civic 1.8 V MT,Honda,2013,"93,000","19,227 kms",Diesel
Ford Figo,Ford,2012,"63,000","41,256 kms",Diesel
Audi Q7,Audi,2018,"10,95,000","1,24,351 kms",Diesel
Tata Bolt XT,Tata,2005,Ask For Price,"1,39,193 kms",Diesel
Mahindra Bolero SLE,Mahindra,2005,"44,000","33,438 kms",Diesel
Maruti Suzuki Vitara Brezza ZDi,Maruti,2010,"35,000","1,65,761 kms",Petrol
Nissan Micra XV,Nissan,2012,"33,000","1,12,250 kms",Petrol
Mercedes E-Class E220d,Mercedes,2021,"28,16,000","38,215 kms",Diesel
Mitsubishi Lancer 1.8 GLX,Mitsubishi,2016,"1,12,000","59,377 kms",Diesel
Mitsubishi Pajero Sport 4x2,Mitsubishi,2023,"1,66,000","96,996 kms",Petrol
Datsun GO T,Datsun,2013,"29,000","1,08,306 kms",Petrol
Mahindra Scorpio S10,Mahindra,2011,"70,000","32,369 kms",Diesel
Skoda Octavia Elegance 1.8 TSI,Skoda,2004,"34,000","35,988 kms",Diesel
Mitsubishi Pajero Sport 4x2,Mitsubishi,2015,"80,000","1,02,171 kms",Diesel
Tata Nexon XZ Plus,Tata,2013,"33,000","1,77,830 kms",Petrol
Chevrolet Sail UVA LS,Chevrolet,2013,"31,000","1,10,387 kms",Petrol
Mitsubishi Lancer 1.8 GLX,Mitsubishi,2005,"35,000","77,051 kms",Diesel
Ford Endeavour 4x4 AT,Ford,2016,"67,000","1,61,939 kms",Diesel
Renault Duster 110 PS RxL,Renault,2006,"27,000","52,129 kms",Petrol
Tata Nano Lx,Tata,2009,"25,000","1,35,928 kms",Petrol
Maruti Suzuki Swift Dzire Vdi,Maruti,2012,"66,000","7,202 kms",Petrol
Maruti Suzuki Wagon R 1.0 VXI,Maruti,2009,"31,000","1,43,301 kms",CNG
Skoda Rapid Elegance 1.6 MPI,Skoda,2003,"25,000","1,31,078 kms",Petrol
Audi Q3 35 TDI,Audi,2017,"12,51,000","1,32,807 kms",Diesel
Jeep Compass Longitude,Jeep,2013,"95,000","53,881 kms",Diesel
Fiat Punto Active,Fiat,2008,Ask For Price,"49,883 kms",Petrol
Volvo S60 D4,Volvo,2011,"5,44,000","1,21,771 kms",Diesel
Nissan Micra XV,Nissan,2018,"60,000","1,03,954 kms",Petrol
Jaguar XF Portfolio,Jaguar,2008,"6,06,000","1,05,944 kms",Diesel
Toyota Glanza G,Toyota,2022,"1,43,000","1,70,538 kms",Petrol
Mitsubishi Lancer 1.8 GLX,Mitsubishi,2002,"38,000","3,710 kms",Diesel
Jeep Compass Longitude,Jeep,2007,"37,000","1,27,592 kms",Petrol
Nissan Micra XV,Nissan,2019,"70,000","1,76,256 kms",Diesel
Maruti Suzuki Ertiga VDI,Maruti,2019,"1,22,000","19,781 kms",CNG
Skoda Fabia Classic 1.2 MPI,Skoda,2023,"1,47,000","1,60,308 kms",Diesel
Tata Indica V2 DLS,Tata,2003,"25,000","1,46,274 kms",Petrol
Maruti Suzuki Ciaz VDi,Maruti,2019,"84,000","90,735 kms",Diesel
Audi Q7,Audi,2020,"28,41,000","11,772 kms",Diesel
Tata Tiago Revotron XZ,Tata,2015,"62,000","83,545 kms",Diesel
Mini Cooper S,Mini,2014,"10,69,000","15,797 kms",Petrol
Jeep Compass Longitude,Jeep,2015,"83,000","1,10,855 kms",Diesel
Mini Cooper D,Mini,2022,Ask For Price,"1,79,341 kms",Diesel
Mercedes GLA 200d,Mercedes,2019,"25,25,000","2,358 kms",Petrol
Mini Cooper D,Mini,2009,"3,94,000","1,15,132 kms",Petrol
Jeep Compass Limited,Jeep,2002,"29,000","75,422 kms",Petrol
Mercedes GLA 200d,Mercedes,2022,"31,70,000","25,903 kms",Petrol
Land Rover Freelander 2,Land,2011,"12,25,000","43,901 kms",Petrol
Datsun GO T,Datsun,2010,"26,000","1,26,053 kms",Diesel
Tata Indica V2 DLS,Tata,2017,"53,000","1,42,868 kms",Petrol
Hyundai Verna 1.6 SX,Hyundai,2022,"1,05,000","1,61,753 kms",Diesel
Jeep Compass Limited,Jeep,2002,"27,000","1,15,582 kms",Diesel
Maruti Suzuki Swift Vdi,Maruti,2012,"35,000","1,16,024 kms",CNG
Honda City 1.5 S MT,Honda,2021,"1,09,000","1,61,176 kms",Diesel
BMW 5 Series 520d,BMW,2022,"32,79,000","32,924 kms",Diesel
Skoda Fabia Classic 1.2 MPI,Skoda,2010,"44,000","87,682 kms",Diesel
Toyota Glanza G,Toyota,2021,"1,97,000","14,473 kms",Diesel
BMW 5 Series 520d,BMW,2021,Ask For Price,"71,221 kms",Petrol
Chevrolet Sail UVA LS,Chevrolet,2005,"25,000","59,780 kms",Petrol
Renault Lodgy 110PS RxZ 8 Str,Renault,2023,"1,12,000","1,41,014 kms",Petrol
Tata Bolt XT,Tata,2023,"90,000","1,58,912 kms",Diesel
Volkswagen Jetta Comfortline TDI,Volkswagen,2022,"1,11,000","1,31,432 kms",Diesel
BMW 3 Series 320d,BMW,2003,"4,27,000","59,516 kms",Diesel
Mini Cooper S,Mini,2019,"13,56,000","81,929 kms",Petrol
Land Rover Discovery Sport,Land,2020,"25,62,000","42,287 kms",Diesel
Nissan Micra XV,Nissan,2022,"86,000","1,04,640 kms",Petrol
BMW 5 Series 520d,BMW,2011,"7,00,000","1,02,430 kms",Petrol
Skoda Octavia Elegance 1.8 TSI,Skoda,2003,"25,000","1,48,622 kms",Petrol
BMW 5 Series 520d,BMW,2013,"7,73,000","1,74,689 kms",Diesel
Renault Duster 110 PS RxL,Renault,2003,"28,000","25,288 kms",Diesel
Datsun GO T,Datsun,2022,"78,000","1,28,790 kms",Diesel
Toyota Innova 2.5 G,Toyota,2022,"1,72,000","82,620 kms",Petrol
Jaguar XF Portfolio,Jaguar,2023,"32,45,000","51,874 kms",Petrol
Toyota Innova 2.5 G,Toyota,2015,"81,000","1,04,128 kms",Diesel
Mitsubishi Pajero Sport 4x2,Mitsubishi,2003,"25,000","1,17,392 kms",Petrol
Datsun GO T,Datsun,2005,"25,000","1,29,779 kms",Petrol
Maruti Suzuki Eeco 5 Seater,Maruti,2006,"27,000","93,842 kms",Petrol
Toyota Etios VXD,Toyota,2016,"74,000","1,10,338 kms",Diesel
Mini Cooper D,Mini,2023,"16,00,000","1,08,600 kms",Diesel
Jaguar XF Portfolio,Jaguar,2003,"3,91,000","83,954 kms",Petrol
Jaguar XF Portfolio,Jaguar,2004,"5,79,000","21,515 kms",Diesel
Land Rover Discovery Sport,Land,2008,"5,75,000","1,44,130 kms",Diesel
Fiat Linea Active,Fiat,2012,"28,000","1,47,891 kms",Petrol
Jaguar XF Portfolio,Jaguar,2012,"12,77,000","43,000 kms",Petrol
Ford Figo Aspire Titanium,Ford,2010,"50,000","60,653 kms",Petrol
Honda Civic 1.8 V MT,Honda,2017,"71,000","1,20,157 kms",Diesel
Renault Kwid RXT,Renault,2006,"25,000","1,55,588 kms",Diesel
BMW 5 Series 520d,BMW,2022,"21,93,000","74,121 kms",Petrol
Mercedes E-Class E220d,Mercedes,2006,"6,08,000","68,736 kms",Diesel
Mercedes C-Class C220d,Mercedes,2018,"17,38,000","55,435 kms",Diesel
BMW 5 Series 520d,BMW,2022,"15,97,000","1,72,880 kms",Petrol
Audi Q7,Audi,2011,"7,91,000","76,532 kms",Petrol
Mitsubishi Pajero Sport 4x2,Mitsubishi,2004,"25,000","99,523 kms",Diesel
Honda WR-V i-VTEC VX,Honda,2013,"57,000","1,32,724 kms",Diesel
Hyundai Elite i20 Magna 1.2,Hyundai,2011,"32,000","1,35,292 kms",Petrol
Mercedes GLA 200d,Mercedes,2020,"15,10,000","1,48,965 kms",Petrol
Jeep Compass Limited,Jeep,2009,"71,000","69,436 kms",Diesel
Ford Fiesta Classic CLXi,Ford,2006,"31,000","58,546 kms",Diesel
Hyundai Venue SX,Hyundai,2002,"25,000","1,34,871 kms",Petrol
Mahindra XUV500 W8,Mahindra,2020,"1,22,000","86,287 kms",Petrol
Audi Q7,Audi,2022,"24,24,000","70,743 kms",Diesel
Tata Tigor XZ,Tata,2005,"25,000","41,006 kms",Petrol
Mahindra Scorpio S10,Mahindra,2014,"63,000","80,989 kms",Petrol
Jeep Compass Longitude,Jeep,2012,"92,000","67,216 kms",Diesel
Jeep Compass Longitude,Jeep,2016,"85,000","1,66,731 kms",Diesel
Maruti Suzuki Vitara Brezza ZDi,Maruti,2002,"25,000","1,63,079 kms",Diesel
Mini Cooper D,Mini,2006,"3,27,000","1,00,980 kms",Petrol
Volkswagen Vento Highline Diesel,Volkswagen,2006,Ask For Price,"1,12,143 kms",Diesel
Mercedes GLA 200d,Mercedes,2018,"24,65,000","13,882 kms",Diesel
Jeep Compass Longitude,Jeep,2016,"95,000","1,58,504 kms",Diesel
Land Rover Freelander 2,Land,2021,"22,01,000","1,54,481 kms",Diesel
Mitsubishi Pajero Sport 4x2,Mitsubishi,2018,"1,06,000","78,885 kms",Diesel
Jaguar XE Prestige,Jaguar,2018,"18,52,000","95,080 kms",Diesel
Honda Civic 1.8 V MT,Honda,2007,Ask For Price,"1,04,897 kms",Petrol
BMW 5 Series 520d,BMW,2005,"4,26,000","82,853 kms",Diesel
Audi Q7,Audi,2017,"19,01,000","26,015 kms",Diesel
Tata Nano Lx,Tata,2004,"25,000","1,69,864 kms",Diesel
Mahindra XUV500 W8,Mahindra,2022,"1,50,000","78,417 kms",Diesel
Mahindra KUV100 K8,Mahindra,2005,"25,000","1,21,942 kms",Diesel
Ford Freestyle Titanium,Ford,2002,"25,000","5,447 kms",Petrol
Skoda Octavia Elegance 1.8 TSI,Skoda,2021,"1,19,000","1,47,700 kms",Diesel
Jaguar XF Portfolio,Jaguar,2003,"5,89,000","1,410 kms",Diesel
Chevrolet Spark LT,Chevrolet,2018,"55,000","1,70,977 kms",Petrol
Tata Indica V2 DLS,Tata,2021,"1,62,000",833 kms,Diesel
Datsun GO Plus T,Datsun,2008,"30,000","44,822 kms",Diesel
Jaguar XE Prestige,Jaguar,2017,"18,18,000","75,331 kms",Diesel
Jeep Compass Limited,Jeep,2012,"81,000","51,069 kms",Petrol
Toyota Yaris VX,Toyota,2010,"58,000","54,208 kms",Diesel
Audi Q3 35 TDI,Audi,2016,"10,32,000","1,58,065 kms",Petrol
Mini Cooper D,Mini,2010,"5,37,000","1,71,578 kms",Diesel
Mitsubishi Lancer 1.8 GLX,Mitsubishi,2023,"2,09,000","70,922 kms",Diesel
Mini Cooper D,Mini,2007,"3,92,000","1,66,035 kms",Diesel
Maruti Suzuki Ciaz VDi,Maruti,2006,"25,000","1,29,379 kms",CNG
Nissan Sunny XL,Nissan,2009,Ask For Price,"1,74,625 kms",Diesel
Audi A4 35 TDI,Audi,2012,"7,34,000","1,76,760 kms",Petrol
Mahindra Scorpio SLE BS IV,Mahindra,2002,"29,000","50,298 kms",Diesel
Honda City 1.5 S MT,Honda,2017,"77,000","93,194 kms",Petrol
Nissan Sunny XL,Nissan,2015,"89,000","20,330 kms",Diesel
Jaguar XF Portfolio,Jaguar,2002,"4,78,000","24,281 kms",Diesel
Volkswagen Polo Highline 1.2L,Volkswagen,2004,"37,000",364 kms,Petrol
Audi A8,Audi,2011,"6,28,000","1,21,063 kms",Diesel
Datsun redi-GO T,Datsun,2016,"57,000","50,583 kms",Petrol
Skoda Fabia Classic 1.2 MPI,Skoda,2003,"25,000","88,589 kms",Petrol
Maruti Suzuki Omni E STD,Maruti,2006,"26,000","63,356 kms",Petrol
BMW X1 sDrive20d,BMW,2007,"7,69,000","30,844 kms",Diesel
BMW 3 Series 320d,BMW,2014,"10,85,000","87,764 kms",Petrol
Renault Duster 110 PS RxL,Renault,2012,"49,000","53,535 kms",Diesel
Mercedes GLA 200d,Mercedes,2018,"20,93,000","18,529 kms",Diesel
Mitsubishi Lancer 1.8 GLX,Mitsubishi,2005,"29,000","92,274 kms",Petrol
Hyundai i10 Sportz,Hyundai,2014,"82,000","32,017 kms",Diesel
Audi A4 35 TDI,Audi,2012,"6,33,000","1,51,142 kms",Petrol
Jaguar XF Portfolio,Jaguar,2016,"12,73,000","1,59,688 kms",Diesel
Mitsubishi Lancer 1.8 GLX,Mitsubishi,2015,"66,000","1,16,272 kms",Petrol
Jaguar XE Prestige,Jaguar,2019,"16,67,000","1,20,997 kms",Diesel
Honda Amaze S i-Dtech,Honda,2021,"92,000","1,34,126 kms",Petrol
Mercedes GLA 200d,Mercedes,2018,"16,44,000","81,619 kms",Diesel
Jeep Compass Longitude,Jeep,2010,"73,000","56,931 kms",Diesel
Jeep Compass Limited,Jeep,2019,"1,19,000","1,13,032 kms",Petrol
Jeep Compass Longitude,Jeep,2009,"85,000","3,300 kms",Petrol
Chevrolet Sail UVA LS,Chevrolet,2017,"51,000","87,380 kms",Diesel
Tata Nano Lx,Tata,2014,"42,000","1,18,674 kms",Petrol
Chevrolet Tavera Neo 3,Chevrolet,2016,"40,000","1,36,908 kms",Petrol
Fiat Punto Active,Fiat,2011,"34,000","1,06,455 kms",Diesel
Ford Fiesta Classic CLXi,Ford,2009,"29,000","1,17,902 kms",Petrol
Mitsubishi Lancer 1.8 GLX,Mitsubishi,2023,"1,43,000","1,67,839 kms",Petrol
Jaguar XE Prestige,Jaguar,2013,"9,52,000","1,49,537 kms",Diesel
Fiat Punto Active,Fiat,2009,"36,000","31,075 kms",Petrol
Mahindra XUV500 W8,Mahindra,2014,"52,000","1,52,199 kms",Diesel
Volvo S60 D4,Volvo,2011,"5,78,000","1,13,400 kms",Diesel
Nissan Terrano XL,Nissan,2019,"1,10,000","17,115 kms",Diesel
Volvo XC60 D5,Volvo,2006,"4,06,000","1,29,733 kms",Petrol
Mahindra Scorpio S10,Mahindra,2015,"55,000","1,40,322 kms",Petrol
BMW X1 sDrive20d,BMW,2003,"3,40,000","1,68,001 kms",Diesel
Skoda Rapid Elegance 1.6 MPI,Skoda,2004,"25,000","1,12,533 kms",Diesel
Ford Figo Aspire Titanium,Ford,2016,"63,000","1,79,625 kms",Petrol
Maruti Suzuki Ertiga VDI,Maruti,2017,"1,00,000","13,247 kms",Petrol
Nissan Terrano XL,Nissan,2006,"25,000","73,534 kms",Petrol
Mercedes GLA 200d,Mercedes,2023,"22,81,000","1,54,609 kms",Diesel
Maruti Suzuki Alto 800 Vxi,Maruti,2009,"44,000","15,493 kms",Petrol
Jeep Compass Limited,Jeep,2004,"31,000","1,17,363 kms",Diesel
Toyota Etios VXD,Toyota,2023,"1,91,000","81,394 kms",Diesel
Volkswagen Polo Highline 1.2L,Volkswagen,2021,"1,54,000","71,004 kms",Diesel
Toyota Corolla Altis G,Toyota,2004,"25,000","1,57,146 kms",Petrol
Datsun GO T,Datsun,2008,"27,000","68,875 kms",Petrol
Mercedes GLA 200d,Mercedes,2017,"21,55,000","14,482 kms",Diesel
Toyota Fortuner 3.0 4x4 AT,Toyota,2018,"1,37,000","45,268 kms",Petrol
Nissan Sunny XL,Nissan,2008,"33,000","73,043 kms",Diesel
Renault Duster 110 PS RxL,Renault,2005,"32,000","31,744 kms",Diesel
Datsun GO Plus T,Datsun,2010,"41,000","26,223 kms",Diesel
Volvo XC60 D5,Volvo,2013,"10,35,000","65,221 kms",Petrol
Nissan Micra XV,Nissan,2018,"87,000","56,646 kms",Diesel
Toyota Corolla Altis G,Toyota,2006,"27,000","1,78,732 kms",Petrol
Land Rover Freelander 2,Land,2005,"6,89,000","53,712 kms",Diesel
Mitsubishi Lancer 1.8 GLX,Mitsubishi,2012,"49,000","1,14,702 kms",Petrol
Renault Triber RXZ,Renault,2002,"27,000","3,328 kms",Diesel
Chevrolet Sail UVA LS,Chevrolet,2018,"99,000","11,712 kms",Diesel
Skoda Fabia Classic 1.2 MPI,Skoda,2017,"71,000","1,78,027 kms",Petrol
Nissan Terrano XL,Nissan,2016,"83,000","47,207 kms",Petrol
Maruti Suzuki Ertiga VDI,Maruti,2007,"27,000","1,65,260 kms",Diesel
Tata Nexon XZ Plus,Tata,2002,"25,000","1,37,352 kms",Petrol
Jaguar XE Prestige,Jaguar,2015,"18,06,000","37,745 kms",Petrol
BMW 5 Series 520d,BMW,2013,"12,36,000","5,365 kms",Petrol
Honda Brio S MT,Honda,2016,"1,24,000","6,510 kms",Petrol
Skoda Rapid Elegance 1.6 MPI,Skoda,2017,"95,000","88,565 kms",Diesel
Land Rover Discovery Sport,Land,2008,"5,33,000","1,27,909 kms",Petrol
Mitsubishi Lancer 1.8 GLX,Mitsubishi,2002,"25,000","1,37,729 kms",Petrol
Chevrolet Spark LT,Chevrolet,2018,"80,000","48,416 kms",Petrol
Mini Cooper S,Mini,2023,"18,26,000","1,60,464 kms",Diesel
Land Rover Discovery Sport,Land,2008,"6,40,000","1,69,224 kms",Diesel
Skoda Rapid Elegance 1.6 MPI,Skoda,2005,"40,000","41,658 kms",Diesel
Toyota Etios VXD,Toyota,2002,"25,000","1,42,090 kms",Petrol
Volkswagen Ameo Highline 1.5,Volkswagen,2006,"25,000","1,54,263 kms",Diesel
Audi A4 35 TDI,Audi,2019,"12,13,000","1,77,775 kms",Diesel
Mitsubishi Pajero Sport 4x2,Mitsubishi,2021,"1,15,000","1,57,078 kms",Diesel
Datsun GO Plus T,Datsun,2018,"69,000","52,445 kms",Petrol
Honda Civic 1.8 V MT,Honda,2018,"82,000","99,115 kms",Petrol
Jeep Compass Limited,Jeep,2017,"1,51,000","27,837 kms",Petrol
Mini Cooper S,Mini,2013,"7,55,000","98,824 kms",Diesel
BMW 3 Series 320d,BMW,2012,"7,34,000","1,64,346 kms",Petrol
Skoda Fabia Classic 1.2 MPI,Skoda,2006,"34,000","56,266 kms",Diesel
Volvo S60 D4,Volvo,2023,"20,11,000","1,43,867 kms",Diesel
Mahindra Jeep CL550 MDI,Mahindra,2016,"1,19,000","26,173 kms",Diesel
Tata Tigor XZ,Tata,2014,"76,000","6,828 kms",Petrol
Maruti Suzuki Alto K10 VXi,Maruti,2022,"1,13,000","87,575 kms",Diesel
Tata Nexon XZ Plus,Tata,2006,"28,000","29,703 kms",Petrol
Land Rover Discovery Sport,Land,2017,"14,80,000","1,09,329 kms",Petrol
Renault Duster 110 PS RxL,Renault,2020,"1,35,000","20,002 kms",Petrol
Skoda Octavia Elegance 1.8 TSI,Skoda,2009,"62,000","12,330 kms",Diesel
Datsun GO Plus T,Datsun,2010,"33,000","46,388 kms",Petrol
Hyundai Grand i10 Magna 1.2 Kappa VTVT,Hyundai,2018,"73,000","1,23,969 kms",Diesel
Land Rover Freelander 2,Land,2005,"7,55,000","32,354 kms",Petrol
Land Rover Discovery Sport,Land,2011,"7,59,000","1,01,719 kms",Petrol
Tata Indica V2 DLS,Tata,2006,"34,000","19,017 kms",Diesel
Maruti Suzuki Wagon R 1.0 VXI,Maruti,2007,"32,000","64,193 kms",Petrol
Fiat Punto Active,Fiat,2004,"25,000","1,39,839 kms",Diesel
BMW 3 Series 320d,BMW,2002,"3,50,000","68,706 kms",Petrol
Audi A6 2.0 TDI,Audi,2014,"11,76,000","23,543 kms",Petrol
Ford EcoSport Titanium 1.5L TDCi,Ford,2002,"28,000","18,304 kms",Diesel
Chevrolet Beat LT,Chevrolet,2009,"25,000","1,04,159 kms",Petrol
Maruti Suzuki Swift Vdi,Maruti,2008,"28,000","1,73,771 kms",CNG
Mitsubishi Pajero Sport 4x2,Mitsubishi,2021,"1,25,000","81,819 kms",Petrol
Volkswagen Jetta Comfortline TDI,Volkswagen,2021,"1,22,000","1,01,684 kms",Petrol
Datsun GO T,Datsun,2016,"42,000","1,29,948 kms",Petrol
Mini Cooper D,Mini,2013,"10,72,000","12,831 kms",Petrol
Tata Tigor XZ,Tata,2023,"1,01,000","92,068 kms",Petrol
Maruti Suzuki Swift Vdi,Maruti,2014,"59,000","49,250 kms",CNG
Hyundai Creta 1.6 SX Option,Hyundai,2020,"1,28,000","71,430 kms",Diesel
Hyundai Verna 1.6 SX,Hyundai,2023,"1,79,000","19,660 kms",Diesel
Honda City 1.5 S MT,Honda,2020,"98,000","1,03,858 kms",Diesel
Mitsubishi Pajero Sport 4x2,Mitsubishi,2011,"81,000",131 kms,Diesel
Tata Tiago Revotron XZ,Tata,2020,"73,000","1,65,713 kms",Diesel
Mitsubishi Pajero Sport 4x2,Mitsubishi,2009,"41,000","1,00,734 kms",Petrol
Nissan Sunny XL,Nissan,2010,"43,000","52,689 kms",Petrol
Jeep Compass Longitude,Jeep,2002,"41,000","7,352 kms",Diesel
Datsun redi-GO T,Datsun,2013,"53,000","11,581 kms",Petrol
Renault Duster 110 PS RxL,Renault,2010,"29,000","1,02,684 kms",Diesel
Maruti Suzuki Baleno Delta,Maruti,2020,"1,22,000","67,123 kms",Diesel
Land Rover Discovery Sport,Land,2014,"11,37,000","75,485 kms",Petrol
Mini Cooper S,Mini,2006,"4,05,000","56,096 kms",Petrol
Nissan Micra XV,Nissan,2021,Ask For Price,"1,37,018 kms",Petrol
Volvo S60 D4,Volvo,2017,"11,66,000","91,603 kms",Petrol
Mitsubishi Pajero Sport 4x2,Mitsubishi,2014,"64,000","1,21,073 kms",Diesel
Volkswagen Jetta Comfortline TDI,Volkswagen,2005,"25,000","1,02,716 kms",Petrol
Jeep Compass Limited,Jeep,2008,"43,000","1,58,460 kms",Diesel
Mini Cooper D,Mini,2007,"7,05,000","2,762 kms",Petrol
Fiat Linea Active,Fiat,2004,"25,000","7,931 kms",Petrol
Renault Triber RXZ,Renault,2017,"59,000","98,822 kms",Diesel
Honda Brio S MT,Honda,2017,"1,32,000","30,245 kms",Diesel
Mahindra Bolero SLE,Mahindra,2013,"52,000","1,52,266 kms",Diesel
Hyundai Santro Xing XO eRLX Euro III,Hyundai,2006,"25,000","1,64,760 kms",Petrol
Nissan Sunny XL,Nissan,2017,"85,000","51,427 kms",Diesel
Honda WR-V i-VTEC VX,Honda,2006,"25,000","1,55,683 kms",Diesel
Hyundai Tucson 2WD AT GLS,Hyundai,2002,"25,000","1,48,340 kms",Petrol
Jeep Compass Longitude,Jeep,2010,"53,000","1,12,980 kms",Diesel
Tata Nexon XZ Plus,Tata,2002,"25,000","1,15,362 kms",Diesel
BMW 3 Series 320d,BMW,2007,"6,30,000","45,571 kms",Diesel
Tata Tigor XZ,Tata,2023,"1,47,000","21,140 kms",Petrol
BMW 3 Series 320d,BMW,2007,"4,81,000","1,43,227 kms",Petrol
Mahindra TUV300 T8,Mahindra,2013,"60,000","69,804 kms",Petrol
Audi Q7,Audi,2003,"3,50,000","92,111 kms",Diesel
Audi A6 2.0 TDI,Audi,2021,"23,75,000","53,620 kms",Petrol
Datsun GO Plus T,Datsun,2022,"1,18,000","27,185 kms",Petrol
Fiat Punto Active,Fiat,2020,"69,000","1,11,061 kms",Diesel
Hyundai i10 Sportz,Hyundai,2011,"43,000","1,01,409 kms",Diesel
Mercedes E-Class E220d,Mercedes,2010,"6,20,000","1,21,613 kms",Diesel
Hyundai Xcent S,Hyundai,2010,"40,000","92,634 kms",Petrol
Skoda Fabia Classic 1.2 MPI,Skoda,2020,"91,000","1,52,235 kms",Petrol
Mitsubishi Pajero Sport 4x2,Mitsubishi,2018,"76,000","1,13,327 kms",Petrol
Mini Cooper D,Mini,2005,"4,00,000","65,867 kms",Petrol
Chevrolet Sail UVA LS,Chevrolet,2006,"27,000","3,037 kms",Petrol
Fiat Linea Active,Fiat,2012,"31,000","1,48,059 kms",Petrol
Mitsubishi Pajero Sport 4x2,Mitsubishi,2013,"84,000","48,773 kms",Petrol
Hyundai Verna 1.6 SX,Hyundai,2008,"51,000","4,061 kms",Diesel
Jaguar XE Prestige,Jaguar,2003,"4,39,000","59,605 kms",Diesel
Mini Cooper D,Mini,2016,"9,22,000","1,05,442 kms",Petrol
Mitsubishi Pajero Sport 4x2,Mitsubishi,2002,"25,000","86,183 kms",Petrol
Mitsubishi Lancer 1.8 GLX,Mitsubishi,2003,"25,000","1,57,878 kms",Diesel
Skoda Rapid Elegance 1.6 MPI,Skoda,2010,"70,000","6,522 kms",Diesel
Ford EcoSport Ambiente 1.5L TDCi,Ford,2009,"34,000","1,33,750 kms",Diesel
Fiat Linea Active,Fiat,2009,"41,000","30,625 kms",Diesel
Mercedes E-Class E220d,Mercedes,2021,"22,60,000","82,534 kms",Diesel
Toyota Yaris VX,Toyota,2015,"99,000","59,496 kms",Petrol
Volkswagen Vento Highline Diesel,Volkswagen,2017,"1,29,000","11,343 kms",Petrol
Mahindra Jeep CL550 MDI,Mahindra,2012,"54,000","1,07,335 kms",Diesel
Ford EcoSport Ambiente 1.5L TDCi,Ford,2004,Ask For Price,"1,79,728 kms",Petrol
Audi A8,Audi,2018,"10,82,000","1,70,985 kms",Petrol
Jeep Compass Limited,Jeep,2014,"77,000","1,43,573 kms",Petrol
Hyundai Verna 1.6 SX,Hyundai,2022,Ask For Price,"22,840 kms",Petrol
Jaguar XF Portfolio,Jaguar,2007,"7,56,000","62,422 kms",Diesel
Jaguar XE Prestige,Jaguar,2016,"14,00,000","65,474 kms",Petrol
Jeep Compass Limited,Jeep,2008,"50,000","75,398 kms",Petrol
Mercedes GLA 200d,Mercedes,2005,"3,72,000","1,14,772 kms",Petrol
Skoda Rapid Elegance 1.6 MPI,Skoda,2014,"79,000","44,815 kms",Petrol
Fiat Linea Active,Fiat,2009,"26,000","90,227 kms",Diesel
Chevrolet Sail UVA LS,Chevrolet,2015,"54,000","80,137 kms",Diesel
Mahindra Scorpio SLE BS IV,Mahindra,2014,"54,000","1,34,279 kms",Petrol
Datsun GO T,Datsun,2017,"38,000","1,67,108 kms",Petrol
Jeep Compass Limited,Jeep,2009,"42,000","1,43,969 kms",Petrol
Jaguar XF Portfolio,Jaguar,2017,"12,50,000","1,33,033 kms",Petrol
Maruti Suzuki Alto K10 VXi,Maruti,2018,"1,32,000","12,483 kms",Diesel
Volvo S60 D4,Volvo,2023,"28,16,000","34,141 kms",Diesel
Land Rover Freelander 2,Land,2019,"15,80,000","1,38,212 kms",Petrol
Volkswagen Jetta Comfortline TDI,Volkswagen,2003,"25,000","1,42,996 kms",Diesel
Tata Indica V2 DLS,Tata,2010,"29,000","1,47,942 kms",Petrol
Tata Nexon XZ Plus,Tata,2006,"29,000","39,868 kms",Petrol
Skoda Rapid Elegance 1.6 MPI,Skoda,2002,"25,000","1,70,476 kms",Petrol
Jeep Compass Longitude,Jeep,2010,"53,000","1,48,915 kms",Petrol
Mercedes E-Class E220d,Mercedes,2010,"6,41,000","1,52,308 kms",Petrol
Land Rover Discovery Sport,Land,2019,"28,64,000","25,202 kms",Petrol
Mercedes GLA 200d,Mercedes,2006,"7,10,000","42,400 kms",Diesel
Ford Endeavour 4x4 AT,Ford,2004,"25,000","95,462 kms",Diesel
Toyota Corolla Altis G,Toyota,2018,"80,000","1,40,328 kms",Petrol
Tata Nexon XZ Plus,Tata,2017,"85,000","16,735 kms",Diesel
Jeep Compass Limited,Jeep,2004,"30,000","1,24,241 kms",Diesel
Mercedes E-Class E220d,Mercedes,2021,"29,62,000","3,867 kms",Diesel
Jaguar XF Portfolio,Jaguar,2018,"12,38,000","1,33,482 kms",Petrol
Renault Duster 110 PS RxL,Renault,2015,"43,000","1,26,131 kms",Petrol
Renault Lodgy 110PS RxZ 8 Str,Renault,2021,"85,000","1,66,221 kms",Petrol
Mini Cooper S,Mini,2003,"2,73,000","1,45,893 kms",Petrol
Audi Q7,Audi,2005,"4,79,000","71,899 kms",Diesel
Chevrolet Spark LT,Chevrolet,2015,"36,000","1,54,780 kms",Petrol
Toyota Innova 2.5 G,Toyota,2016,"1,26,000","43,981 kms",Diesel
Jaguar XE Prestige,Jaguar,2012,"7,47,000","1,13,297 kms",Petrol
Land Rover Discovery Sport,Land,2017,"11,91,000","1,44,945 kms",Petrol
Datsun redi-GO T,Datsun,2003,"25,000","22,291 kms",Diesel
Honda Civic 1.8 V MT,Honda,2002,"25,000","67,031 kms",Diesel
Toyota Innova 2.5 G,Toyota,2019,"1,35,000","52,934 kms",Diesel
Skoda Octavia Elegance 1.8 TSI,Skoda,2012,"43,000","1,05,663 kms",Petrol
Mini Cooper D,Mini,2004,"2,90,000","1,25,836 kms",Petrol
Audi A8,Audi,2015,"18,41,000","6,741 kms",Diesel
Mini Cooper D,Mini,2022,"24,40,000","17,471 kms",Petrol
Mitsubishi Pajero Sport 4x2,Mitsubishi,2015,"73,000","94,402 kms",Diesel
Mitsubishi Lancer 1.8 GLX,Mitsubishi,2022,"1,80,000","57,589 kms",Diesel
Jaguar XE Prestige,Jaguar,2017,"15,90,000","97,494 kms",Diesel
Jeep Compass Limited,Jeep,2013,"1,00,000","58,146 kms",Diesel
Mercedes GLA 200d,Mercedes,2013,"8,43,000","1,47,649 kms",Petrol
Chevrolet Spark LT,Chevrolet,2015,"63,000","19,422 kms",Petrol
Mitsubishi Pajero Sport 4x2,Mitsubishi,2008,"31,000","1,62,489 kms",Diesel
Volkswagen Ameo Highline 1.5,Volkswagen,2002,"29,000","47,919 kms",Diesel
Mini Cooper S,Mini,2006,"5,85,000","31,699 kms",Diesel
Chevrolet Beat LT,Chevrolet,2014,"62,000","28,523 kms",Petrol
BMW 3 Series 320d,BMW,2007,"4,05,000","1,54,529 kms",Diesel
Jeep Compass Longitude,Jeep,2011,"79,000","56,164 kms",Diesel
BMW X1 sDrive20d,BMW,2019,"24,56,000","2,618 kms",Diesel
Maruti Suzuki Alto K10 VXi,Maruti,2015,Ask For Price,"26,753 kms",CNG
Mercedes GLA 200d,Mercedes,2018,"19,19,000","54,358 kms",Petrol
Volvo XC60 D5,Volvo,2003,"4,61,000","43,738 kms",Diesel
Toyota Corolla Altis G,Toyota,2003,"38,000","17,390 kms",Diesel
Chevrolet Tavera Neo 3,Chevrolet,2011,"26,000","1,36,789 kms",Diesel
Mahindra Jeep CL550 MDI,Mahindra,2023,"1,44,000","1,74,768 kms",Diesel
Chevrolet Tavera Neo 3,Chevrolet,2003,"25,000","88,543 kms",Diesel
Mini Cooper D,Mini,2005,Ask For Price,"13,415 kms",Diesel
BMW 5 Series 520d,BMW,2005,"3,92,000","1,07,060 kms",Petrol
Mahindra TUV300 T8,Mahindra,2014,"66,000","1,06,497 kms",Diesel
Skoda Octavia Elegance 1.8 TSI,Skoda,2013,"59,000","98,824 kms",Diesel
Mahindra Bolero SLE,Mahindra,2008,"48,000","60,430 kms",Petrol
Volvo XC60 D5,Volvo,2012,"7,26,000","1,20,206 kms",Diesel
Datsun GO T,Datsun,2014,"30,000","1,46,007 kms",Petrol
BMW 3 Series 320d,BMW,2013,"12,16,000","51,049 kms",Petrol
Mini Cooper D,Mini,2021,"14,40,000","1,54,455 kms",Diesel
Hyundai Xcent S,Hyundai,2023,"2,01,000","30,329 kms",Diesel
Hyundai Creta 1.6 SX Option,Hyundai,2005,"25,000","75,892 kms",Petrol
Skoda Octavia Elegance 1.8 TSI,Skoda,2016,"81,000","68,283 kms",Diesel
Datsun GO T,Datsun,2020,"83,000","63,311 kms",Diesel
Toyota Yaris VX,Toyota,2021,"1,73,000","54,701 kms",Petrol
Skoda Fabia Classic 1.2 MPI,Skoda,2004,"34,000","42,914 kms",Petrol
Land Rover Discovery Sport,Land,2012,"9,14,000","1,15,319 kms",Petrol
Chevrolet Tavera Neo 3,Chevrolet,2014,"33,000","1,46,118 kms",Diesel
Datsun GO Plus T,Datsun,2008,"25,000","1,09,963 kms",Diesel
Tata Nexon XZ Plus,Tata,2004,"25,000","1,69,799 kms",Diesel
Skoda Fabia Classic 1.2 MPI,Skoda,2009,"37,000","1,04,678 kms",Diesel
Mercedes GLA 200d,Mercedes,2013,"8,54,000","1,52,146 kms",Petrol
Honda Jazz V,Honda,2021,"1,10,000","1,00,509 kms",Diesel
BMW 5 Series 520d,BMW,2012,"8,96,000","86,197 kms",Diesel
Honda City 1.5 S MT,Honda,2021,Ask For Price,"80,247 kms",Diesel
Toyota Glanza G,Toyota,2021,"1,50,000","72,931 kms",Diesel
Jeep Compass Longitude,Jeep,2014,"77,000","1,54,242 kms",Diesel
Ford Figo,Ford,2023,"1,27,000","1,01,983 kms",Diesel
Jeep Compass Limited,Jeep,2018,Ask For Price,"1,58,522 kms",Diesel
Mercedes GLA 200d,Mercedes,2015,"14,97,000","60,903 kms",Petrol
Fiat Punto Active,Fiat,2012,"33,000","1,53,214 kms",Petrol
Skoda Octavia Elegance 1.8 TSI,Skoda,2003,"25,000","73,880 kms",Diesel
Audi A4 35 TDI,Audi,2016,"15,20,000","36,199 kms",Diesel
Honda WR-V i-VTEC VX,Honda,2019,"79,000","1,08,094 kms",Petrol
Audi A6 2.0 TDI,Audi,2019,"14,95,000","1,24,684 kms",Diesel
Mahindra XUV500 W8,Mahindra,2021,Ask For Price,"32,581 kms",Diesel
Audi Q7,Audi,2007,"3,91,000","1,46,599 kms",Petrol
Volvo S60 D4,Volvo,2023,"34,00,000","4,976 kms",Diesel
Maruti Suzuki Omni E STD,Maruti,2017,"62,000","94,007 kms",Petrol
Jaguar XE Prestige,Jaguar,2021,"20,82,000","1,64,706 kms",Petrol
Audi Q7,Audi,2017,"15,01,000","79,917 kms",Diesel
Mercedes E-Class E220d,Mercedes,2004,"3,35,000","1,36,093 kms",Diesel
Audi Q7,Audi,2015,"17,25,000","18,450 kms",Diesel
Fiat Linea Active,Fiat,2008,"25,000","1,40,121 kms",Petrol
Honda Brio S MT,Honda,2015,"1,01,000","34,133 kms",Diesel
BMW 5 Series 520d,BMW,2002,"2,80,000","1,60,018 kms",Diesel
Volkswagen Jetta Comfortline TDI,Volkswagen,2016,"1,12,000","8,046 kms",Diesel
Renault Triber RXZ,Renault,2020,"75,000","1,70,451 kms",Diesel
Mini Cooper D,Mini,2014,"11,36,000","44,765 kms",Petrol
Mahindra Scorpio S10,Mahindra,2018,"94,000","1,61,513 kms",Diesel
Toyota Glanza G,Toyota,2002,"38,000","6,278 kms",Petrol
Datsun redi-GO T,Datsun,2002,"25,000","75,816 kms",Diesel
BMW X1 sDrive20d,BMW,2003,"5,37,000","10,152 kms",Petrol
Tata Indica V2 DLS,Tata,2012,"48,000","34,973 kms",Diesel
Ford EcoSport Ambiente 1.5L TDCi,Ford,2022,"1,08,000","1,19,682 kms",Diesel
Honda WR-V i-VTEC VX,Honda,2015,"69,000","1,35,699 kms",Diesel
Toyota Fortuner 3.0 4x4 AT,Toyota,2016,"80,000","1,49,684 kms",Petrol
Chevrolet Tavera Neo 3,Chevrolet,2021,"73,000","81,551 kms",Petrol
Volkswagen Ameo Highline 1.5,Volkswagen,2016,"65,000","1,03,316 kms",Diesel
Land Rover Freelander 2,Land,2020,"20,93,000","95,520 kms",Petrol
Maruti Suzuki Baleno Delta,Maruti,2004,"25,000","1,40,251 kms",Diesel
Mercedes C-Class C220d,Mercedes,2023,"31,04,000","47,442 kms",Diesel
Volkswagen Jetta Comfortline TDI,Volkswagen,2013,"57,000","94,997 kms",Diesel
Jaguar XE Prestige,Jaguar,2009,"6,68,000","1,42,088 kms",Diesel
Jaguar XE Prestige,Jaguar,2015,"15,31,000","68,338 kms",Diesel
Volvo S60 D4,Volvo,2018,"12,30,000","1,57,809 kms",Petrol
Chevrolet Spark LT,Chevrolet,2012,"33,000","1,68,035 kms",Diesel
Land Rover Discovery Sport,Land,2006,"5,31,000","1,39,809 kms",Diesel
Mercedes GLA 200d,Mercedes,2018,"22,86,000","22,292 kms",Petrol
Skoda Octavia Elegance 1.8 TSI,Skoda,2016,"72,000","87,418 kms",Petrol
Hyundai Venue SX,Hyundai,2023,"1,46,000","71,720 kms",Petrol
Maruti Suzuki Celerio VXI,Maruti,2019,"1,06,000","36,421 kms",Diesel
Chevrolet Sail UVA LS,Chevrolet,2015,"40,000","92,196 kms",Petrol
Maruti Suzuki Eeco 5 Seater,Maruti,2022,"86,000","1,69,099 kms",CNG
Nissan Terrano XL,Nissan,2016,"70,000","57,384 kms",Diesel
Maruti Suzuki Baleno Delta,Maruti,2005,"25,000","82,831 kms",Diesel
Volvo XC60 D5,Volvo,2010,"8,70,000","33,579 kms",Petrol
Maruti Suzuki Alto 800 Vxi,Maruti,2020,"1,09,000","43,329 kms",Petrol
Hyundai Venue SX,Hyundai,2019,"68,000","1,30,257 kms",Petrol
Jaguar XE Prestige,Jaguar,2020,"28,10,000","7,170 kms",Petrol
Mini Cooper S,Mini,2007,"3,91,000","1,63,351 kms",Petrol
Chevrolet Sail UVA LS,Chevrolet,2013,"41,000","90,852 kms",Diesel
Skoda Octavia Elegance 1.8 TSI,Skoda,2017,"89,000","97,477 kms",Diesel
Audi Q7,Audi,2009,"7,14,000","60,245 kms",Petrol
Tata Indica V2 DLS,Tata,2002,"25,000","1,51,711 kms",Diesel
Jeep Compass Limited,Jeep,2016,"96,000","1,43,478 kms",Diesel
Jeep Compass Longitude,Jeep,2023,"1,83,000","1,48,438 kms",Diesel
Jeep Compass Longitude,Jeep,2021,"1,28,000","1,16,937 kms",Petrol
Fiat Linea Active,Fiat,2013,"35,000","1,65,555 kms",Diesel
Land Rover Freelander 2,Land,2016,"17,43,000","76,733 kms",Diesel
Chevrolet Tavera Neo 3,Chevrolet,2022,"81,000","1,22,719 kms",Petrol
Audi A4 35 TDI,Audi,2019,"13,15,000","1,67,574 kms",Diesel
Chevrolet Beat LT,Chevrolet,2020,"64,000","1,44,847 kms",Petrol
Chevrolet Spark LT,Chevrolet,2003,"25,000","66,182 kms",Diesel
Hyundai Venue SX,Hyundai,2011,"53,000","54,667 kms",Petrol
Fiat Linea Active,Fiat,2017,"51,000","1,29,843 kms",Petrol
Skoda Octavia Elegance 1.8 TSI,Skoda,2010,"50,000","70,594 kms",Petrol
Ford Endeavour 4x4 AT,Ford,2017,"97,000","21,256 kms",Petrol
Tata Nexon XZ Plus,Tata,2017,"83,000","47,234 kms",Petrol
Mini Cooper D,Mini,2006,"3,64,000","1,13,754 kms",Petrol
Datsun redi-GO T,Datsun,2023,"80,000","1,10,278 kms",Diesel
Mercedes GLA 200d,Mercedes,2020,"21,18,000","57,738 kms",Diesel
Nissan Micra XV,Nissan,2002,"25,000","1,42,629 kms",Petrol
Tata Indica V2 DLS,Tata,2022,"1,63,000","1,454 kms",Petrol
Jeep Compass Longitude,Jeep,2007,"61,000","23,844 kms",Diesel
Hyundai Santro Xing XO eRLX Euro III,Hyundai,2017,"86,000","77,486 kms",Petrol
Datsun GO Plus T,Datsun,2010,Ask For Price,"55,358 kms",Petrol
Skoda Fabia Classic 1.2 MPI,Skoda,2019,"77,000","1,74,017 kms",Petrol
Tata Nano Lx,Tata,2011,"39,000","1,00,235 kms",Diesel
Hyundai i10 Sportz,Hyundai,2003,"25,000","1,03,241 kms",Petrol
Renault Lodgy 110PS RxZ 8 Str,Renault,2016,"46,000","1,38,607 kms",Petrol
Ford EcoSport Titanium 1.5L TDCi,Ford,2003,Ask For Price,"1,20,458 kms",Petrol
Jaguar XF Portfolio,Jaguar,2017,"13,48,000","1,62,800 kms",Petrol
Audi A4 35 TDI,Audi,2013,"8,23,000","1,02,521 kms",Diesel
BMW X1 sDrive20d,BMW,2012,"7,29,000","1,41,487 kms",Diesel
Mitsubishi Pajero Sport 4x2,Mitsubishi,2009,"55,000","59,061 kms",Diesel
Chevrolet Sail UVA LS,Chevrolet,2017,Ask For Price,"1,58,226 kms",Petrol
Mitsubishi Pajero Sport 4x2,Mitsubishi,2017,"83,000","1,38,840 kms",Diesel
Chevrolet Spark LT,Chevrolet,2008,"33,000","11,367 kms",Petrol
Tata Tiago Revotron XZ,Tata,2008,"44,000","6,602 kms",Diesel
Maruti Suzuki Vitara Brezza ZDi,Maruti,2003,"27,000",662 kms,Petrol
Audi Q3 35 TDI,Audi,2012,"8,94,000","68,753 kms",Diesel
Volvo XC60 D5,Volvo,2011,"9,35,000","23,525 kms",Diesel
Mahindra Scorpio SLE BS IV,Mahindra,2017,"1,07,000","37,079 kms",Petrol
Nissan Terrano XL,Nissan,2007,"41,000","23,622 kms",Diesel
Datsun GO T,Datsun,2023,"1,02,000","65,163 kms",Petrol
Volkswagen Polo Highline 1.2L,Volkswagen,2019,"98,000","1,35,241 kms",Diesel
Toyota Corolla Altis G,Toyota,2018,"1,60,000","5,525 kms",Diesel
Hyundai i10 Sportz,Hyundai,2012,"46,000","1,78,729 kms",Diesel
Ford Figo,Ford,2016,Ask For Price,"28,154 kms",Diesel
Jeep Compass Longitude,Jeep,2023,"2,02,000","1,19,080 kms",Diesel
Nissan Micra XV,Nissan,2004,"25,000","87,610 kms",Petrol
Mini Cooper D,Mini,2005,Ask For Price,"19,155 kms",Petrol
Datsun GO Plus T,Datsun,2015,"35,000","1,37,982 kms",Diesel
Skoda Fabia Classic 1.2 MPI,Skoda,2011,"39,000","1,24,004 kms",Petrol
Skoda Rapid Elegance 1.6 MPI,Skoda,2019,"83,000","1,49,331 kms",Diesel
Toyota Corolla Altis G,Toyota,2007,"40,000","83,332 kms",Diesel
Mitsubishi Lancer 1.8 GLX,Mitsubishi,2017,"1,03,000","58,060 kms",Diesel
Datsun GO T,Datsun,2009,"31,000","42,327 kms",Petrol
Maruti Suzuki Swift Vdi,Maruti,2010,"34,000","1,77,401 kms",Petrol
Mini Cooper S,Mini,2023,"15,64,000","1,15,415 kms",Petrol
Ford Endeavour 4x4 AT,Ford,2021,"93,000","99,709 kms",Petrol
Skoda Rapid Elegance 1.6 MPI,Skoda,2017,"1,20,000","39,669 kms",Diesel
Land Rover Freelander 2,Land,2013,"10,01,000","1,67,513 kms",Diesel
Renault Kwid RXT,Renault,2018,"77,000","76,439 kms",Petrol
Jaguar XE Prestige,Jaguar,2015,"14,84,000","48,644 kms",Petrol
BMW 5 Series 520d,BMW,2003,"2,66,000","1,73,544 kms",Petrol
Fiat Punto Active,Fiat,2013,"53,000","22,080 kms",Petrol
Mitsubishi Pajero Sport 4x2,Mitsubishi,2015,"90,000","65,551 kms",Diesel
Jeep Compass Limited,Jeep,2016,"86,000","1,61,460 kms",Petrol
Land Rover Discovery Sport,Land,2005,"4,42,000","1,11,355 kms",Diesel
Fiat Linea Active,Fiat,2011,"39,000","63,385 kms",Petrol
Skoda Fabia Classic 1.2 MPI,Skoda,2021,"95,000","1,67,945 kms",Petrol
Skoda Octavia Elegance 1.8 TSI,Skoda,2017,"1,28,000","6,438 kms",Petrol
BMW X1 sDrive20d,BMW,2007,"4,44,000","1,46,940 kms",Petrol
Jeep Compass Longitude,Jeep,2014,"1,21,000","36,762 kms",Diesel
Ford Freestyle Titanium,Ford,2007,"27,000","88,604 kms",Petrol
Fiat Linea Active,Fiat,2014,"37,000","1,05,593 kms",Petrol
Ford Endeavour 4x4 AT,Ford,2016,"90,000","66,241 kms",Diesel
Chevrolet Spark LT,Chevrolet,2006,"25,000","79,621 kms",Diesel
Chevrolet Beat LT,Chevrolet,2015,"34,000","1,55,477 kms",Petrol
Audi A4 35 TDI,Audi,2009,"5,78,000","97,503 kms",Petrol
Volkswagen Jetta Comfortline TDI,Volkswagen,2002,Ask For Price,"1,64,249 kms",Diesel
Audi Q3 35 TDI,Audi,2023,"22,31,000","87,269 kms",Petrol
Fiat Linea Active,Fiat,2018,"64,000","78,249 kms",Petrol
Ford Figo,Ford,2016,"58,000","1,14,318 kms",Petrol
Tata Tiago Revotron XZ,Tata,2021,"1,02,000","75,112 kms",Petrol
Honda Jazz V,Honda,2013,"87,000","33,339 kms",Diesel
Fiat Punto Active,Fiat,2014,"73,000","4,154 kms",Petrol
Skoda Fabia Classic 1.2 MPI,Skoda,2017,"72,000","1,11,227 kms",Diesel
Volkswagen Polo Highline 1.2L,Volkswagen,2005,"25,000","1,69,112 kms",Petrol
Jaguar XF Portfolio,Jaguar,2009,"6,20,000","1,49,043 kms",Petrol
Jeep Compass Longitude,Jeep,2012,"62,000","1,36,356 kms",Diesel
Land Rover Freelander 2,Land,2023,"37,77,000","26,065 kms",Petrol
Audi A8,Audi,2005,"4,54,000","84,429 kms",Diesel
Tata Bolt XT,Tata,2002,"25,000","1,54,933 kms",Petrol
Mercedes GLA 200d,Mercedes,2010,Ask For Price,"3,772 kms",Petrol
Fiat Punto Active,Fiat,2007,"25,000","1,48,519 kms",Petrol
Ford Endeavour 4x4 AT,Ford,2021,"1,07,000","1,02,090 kms",Diesel
Honda Brio S MT,Honda,2020,"1,31,000","64,352 kms",Diesel
BMW X1 sDrive20d,BMW,2012,"8,20,000","1,45,615 kms",Diesel
Toyota Etios VXD,Toyota,2019,"1,10,000","1,00,981 kms",Diesel
Hyundai Santro Xing XO eRLX Euro III,Hyundai,2019,Ask For Price,"2,236 kms",Diesel
Ford Freestyle Titanium,Ford,2018,"62,000","1,44,727 kms",Petrol
Maruti Suzuki Celerio VXI,Maruti,2008,"26,000","1,19,654 kms",Petrol
Jeep Compass Limited,Jeep,2022,"2,15,000","42,109 kms",Petrol
Tata Indica V2 DLS,Tata,2016,"91,000","18,586 kms",Petrol
BMW X1 sDrive20d,BMW,2007,"7,16,000","43,695 kms",Petrol
Datsun GO Plus T,Datsun,2014,"47,000","43,965 kms",Petrol
Land Rover Freelander 2,Land,2020,"17,42,000","1,47,243 kms",Petrol
Jaguar XE Prestige,Jaguar,2016,"19,63,000","35,251 kms",Petrol
Skoda Fabia Classic 1.2 MPI,Skoda,2023,"1,22,000","1,46,535 kms",Diesel
Renault Triber RXZ,Renault,2020,"1,10,000","44,007 kms",Diesel
Mini Cooper D,Mini,2022,"15,93,000","1,71,806 kms",Diesel
Mahindra Jeep CL550 MDI,Mahindra,2021,"1,58,000","37,008 kms",Petrol
Nissan Terrano XL,Nissan,2018,"82,000","91,440 kms",Diesel
Jeep Compass Longitude,Jeep,2010,"56,000","1,04,958 kms",Petrol
Ford Figo Aspire Titanium,Ford,2004,"25,000","1,73,799 kms",Petrol
Fiat Linea Active,Fiat,2013,"51,000","54,614 kms",Petrol
BMW 3 Series 320d,BMW,2010,"6,49,000","1,53,503 kms",Petrol
Volvo XC60 D5,Volvo,2004,"3,20,000","1,12,453 kms",Diesel
Toyota Yaris VX,Toyota,2003,"34,000","49,147 kms",Diesel
Volvo S60 D4,Volvo,2010,"7,29,000","86,161 kms",Diesel
Mahindra Scorpio SLE BS IV,Mahindra,2017,"79,000","1,64,289 kms",Diesel
Jeep Compass Limited,Jeep,2019,"1,29,000","1,26,884 kms",Diesel
Hyundai Tucson 2WD AT GLS,Hyundai,2007,"26,000","1,10,433 kms",Petrol
Datsun redi-GO T,Datsun,2019,"1,00,000","5,898 kms",Diesel
Hyundai Xcent S,Hyundai,2022,"99,000","1,73,640 kms",Petrol
Mahindra TUV300 T8,Mahindra,2011,"62,000","55,234 kms",Petrol
Chevrolet Spark LT,Chevrolet,2023,"78,000","1,61,818 kms",Petrol
Land Rover Discovery Sport,Land,2022,"22,65,000","1,10,637 kms",Petrol
BMW X1 sDrive20d,BMW,2002,"4,77,000",476 kms,Petrol
Ford Figo,Ford,2008,"28,000","99,761 kms",Petrol
Volvo XC60 D5,Volvo,2017,"9,02,000","1,77,934 kms",Petrol
Nissan Micra XV,Nissan,2020,"1,51,000","10,529 kms",Diesel
Honda Jazz V,Honda,2010,"38,000","1,11,503 kms",Petrol
Mercedes GLA 200d,Mercedes,2017,"18,85,000","41,868 kms",Diesel
Audi A8,Audi,2009,"8,31,000","14,350 kms",Petrol
Fiat Punto Active,Fiat,2021,"1,06,000","24,870 kms",Petrol
BMW 3 Series 320d,BMW,2010,"5,82,000","1,68,119 kms",Diesel
Mahindra Jeep CL550 MDI,Mahindra,2010,"66,000","35,388 kms",Diesel
Maruti Suzuki Celerio VXI,Maruti,2020,"83,000","1,25,072 kms",Diesel
BMW X1 sDrive20d,BMW,2022,"26,85,000","49,182 kms",Diesel
Nissan Terrano XL,Nissan,2013,"43,000","91,075 kms",Petrol
Chevrolet Tavera Neo 3,Chevrolet,2019,"66,000","94,495 kms",Petrol
Datsun redi-GO T,Datsun,2018,"49,000","1,25,130 kms",Petrol
Jeep Compass Limited,Jeep,2005,"40,000","58,863 kms",Petrol
Nissan Sunny XL,Nissan,2014,"43,000","1,68,153 kms",Diesel
Skoda Rapid Elegance 1.6 MPI,Skoda,2021,"99,000","1,33,718 kms",Diesel
Mini Cooper D,Mini,2011,"4,96,000","1,19,407 kms",Petrol
Land Rover Discovery Sport,Land,2013,"17,43,000","9,334 kms",Diesel
Tata Nexon XZ Plus,Tata,2003,"25,000","1,12,140 kms",Diesel
Jeep Compass Longitude,Jeep,2020,"1,31,000","1,03,358 kms",Petrol
Nissan Terrano XL,Nissan,2021,"1,02,000","91,393 kms",Diesel
Mitsubishi Pajero Sport 4x2,Mitsubishi,2023,"2,19,000","50,157 kms",Petrol
Skoda Fabia Classic 1.2 MPI,Skoda,2021,"1,18,000","1,75,142 kms",Diesel
Mahindra Scorpio SLE BS IV,Mahindra,2018,"1,63,000","1,622 kms",Diesel
Land Rover Discovery Sport,Land,2011,"10,25,000","50,871 kms",Diesel
Volvo S60 D4,Volvo,2020,"14,61,000","1,36,353 kms",Diesel
Volkswagen Vento Highline Diesel,Volkswagen,2023,"1,34,000","1,09,053 kms",Diesel
Tata Tigor XZ,Tata,2011,"33,000","1,25,919 kms",Diesel
Mitsubishi Pajero Sport 4x2,Mitsubishi,2018,"85,000","1,09,653 kms",Petrol
Land Rover Discovery Sport,Land,2016,"15,37,000","1,00,527 kms",Diesel
Jaguar XE Prestige,Jaguar,2019,"17,49,000","76,885 kms",Petrol
Mini Cooper D,Mini,2007,"6,87,000","17,753 kms",Diesel
Mini Cooper S,Mini,2012,"7,59,000","50,881 kms",Petrol
Nissan Sunny XL,Nissan,2017,"65,000","78,531 kms",Petrol
Fiat Linea Active,Fiat,2012,"33,000","1,62,936 kms",Diesel
Audi A8,Audi,2020,"18,33,000","84,247 kms",Diesel
Mini Cooper S,Mini,2015,"7,13,000","1,35,327 kms",Petrol
Renault Lodgy 110PS RxZ 8 Str,Renault,2008,"38,000","28,724 kms",Petrol
Ford Figo,Ford,2009,"42,000","68,692 kms",Diesel
Toyota Corolla Altis G,Toyota,2018,"1,46,000","14,726 kms",Petrol
Mercedes C-Class C220d,Mercedes,2005,"4,43,000","1,00,556 kms",Petrol
Tata Tiago Revotron XZ,Tata,2005,"25,000","74,285 kms",Petrol
Honda WR-V i-VTEC VX,Honda,2003,"26,000","40,433 kms",Petrol
Hyundai Elite i20 Magna 1.2,Hyundai,2018,Ask For Price,"19,568 kms",Petrol
Mini Cooper D,Mini,2014,"9,47,000","61,026 kms",Diesel
Jaguar XF Portfolio,Jaguar,2002,"5,34,000","47,668 kms",Diesel
Nissan Sunny XL,Nissan,2010,"53,000","19,455 kms",Diesel
Fiat Linea Active,Fiat,2003,"25,000","44,941 kms",Diesel
Mahindra Bolero SLE,Mahindra,2023,"1,23,000","1,67,827 kms",Petrol
Ford Figo Aspire Titanium,Ford,2006,"25,000","1,70,394 kms",Petrol
Nissan Micra XV,Nissan,2010,"31,000","1,72,881 kms",Diesel
Hyundai Elite i20 Magna 1.2,Hyundai,2009,"39,000","87,604 kms",Diesel
Toyota Corolla Altis G,Toyota,2003,"30,000","83,869 kms",Diesel
Hyundai i10 Sportz,Hyundai,2004,Ask For Price,"30,488 kms",Petrol
Nissan Terrano XL,Nissan,2018,"62,000","1,58,517 kms",Petrol
Toyota Etios VXD,Toyota,2010,"68,000","13,601 kms",Diesel
Fiat Punto Active,Fiat,2009,"32,000","87,778 kms",Diesel
Jeep Compass Limited,Jeep,2020,"1,33,000","1,45,541 kms",Petrol
Volkswagen Vento Highline Diesel,Volkswagen,2021,"1,03,000","1,47,904 kms",Diesel
Mitsubishi Pajero Sport 4x2,Mitsubishi,2003,"25,000","90,601 kms",Diesel
Tata Bolt XT,Tata,2002,"25,000","1,20,908 kms",Petrol
Mitsubishi Lancer 1.8 GLX,Mitsubishi,2002,"25,000","79,787 kms",Diesel
Maruti Suzuki Swift Vdi,Maruti,2016,"64,000","82,579 kms",Petrol
Datsun redi-GO T,Datsun,2012,"28,000","1,35,320 kms",Petrol
Datsun GO Plus T,Datsun,2017,"62,000","34,983 kms",Petrol
Hyundai Creta 1.6 SX Option,Hyundai,2009,"52,000","4,856 kms",Petrol
Mitsubishi Pajero Sport 4x2,Mitsubishi,2003,"25,000","1,12,713 kms",Diesel
Renault Lodgy 110PS RxZ 8 Str,Renault,2009,"33,000","89,197 kms",Petrol
Mahindra Bolero SLE,Mahindra,2006,"48,000","13,053 kms",Diesel
Honda Amaze S i-Dtech,Honda,2007,"30,000","1,45,268 kms",Diesel
Ford EcoSport Ambiente 1.5L TDCi,Ford,2002,"28,000","34,598 kms",Diesel
Honda Jazz V,Honda,2021,Ask For Price,"41,046 kms",Petrol
Renault Kwid RXT,Renault,2003,"25,000","4,052 kms",Petrol
Jeep Compass Longitude,Jeep,2019,"1,13,000","1,72,929 kms",Petrol
Hyundai Tucson 2WD AT GLS,Hyundai,2017,"67,000","1,48,781 kms",Petrol
Renault Kwid RXT,Renault,2021,"95,000","84,697 kms",Diesel
BMW 3 Series 320d,BMW,2020,"19,67,000","73,677 kms",Diesel
Datsun redi-GO T,Datsun,2003,"25,000","1,40,964 kms",Diesel
Tata Nexon XZ Plus,Tata,2004,Ask For Price,"72,208 kms",Petrol
Audi A4 35 TDI,Audi,2021,"26,49,000","14,191 kms",Diesel
Datsun GO T,Datsun,2006,"25,000","1,27,280 kms",Petrol
Chevrolet Tavera Neo 3,Chevrolet,2017,"65,000","43,056 kms",Diesel
Tata Nexon XZ Plus,Tata,2007,"25,000","1,54,162 kms",Petrol
Jaguar XF Portfolio,Jaguar,2016,"11,76,000","1,19,344 kms",Petrol
Land Rover Discovery Sport,Land,2008,"5,10,000","1,31,814 kms",Petrol
Volvo S60 D4,Volvo,2007,"6,45,000","48,877 kms",Petrol
Tata Bolt XT,Tata,2004,"25,000","51,702 kms",Diesel
Chevrolet Beat LT,Chevrolet,2014,"59,000","37,992 kms",Diesel
Land Rover Discovery Sport,Land,2003,"5,80,000","25,238 kms",Diesel
Chevrolet Spark LT,Chevrolet,2007,"25,000","1,54,833 kms",Petrol
Audi A4 35 TDI,Audi,2018,"12,02,000","1,74,515 kms",Petrol
Land Rover Discovery Sport,Land,2003,"5,26,000","73,380 kms",Diesel
Volvo S60 D4,Volvo,2008,"4,35,000","1,68,585 kms",Diesel
Tata Tiago Revotron XZ,Tata,2019,"93,000","61,517 kms",Petrol
Mini Cooper D,Mini,2021,"21,51,000","20,989 kms",Petrol
Mitsubishi Lancer 1.8 GLX,Mitsubishi,2012,"50,000","1,47,265 kms",Diesel
Jeep Compass Longitude,Jeep,2013,"64,000","1,25,142 kms",Petrol
Jaguar XE Prestige,Jaguar,2002,"5,19,000","1,588 kms",Diesel
Mahindra KUV100 K8,Mahindra,2021,"1,45,000","79,660 kms",Petrol
Audi Q3 35 TDI,Audi,2016,"9,45,000","1,65,278 kms",Diesel
Volkswagen Vento Highline Diesel,Volkswagen,2013,"56,000","1,69,529 kms",Diesel
Mini Cooper D,Mini,2020,"18,84,000","35,850 kms",Petrol
Jaguar XE Prestige,Jaguar,2007,"6,14,000","87,378 kms",Petrol
Mini Cooper D,Mini,2022,"25,33,000","27,180 kms",Petrol
Nissan Sunny XL,Nissan,2015,"81,000","46,745 kms",Diesel
Jaguar XF Portfolio,Jaguar,2016,"12,62,000","1,10,431 kms",Petrol
Volkswagen Polo Highline 1.2L,Volkswagen,2012,"44,000","1,49,108 kms",Diesel
Tata Nexon XZ Plus,Tata,2010,"47,000","44,802 kms",Diesel
Tata Tigor XZ,Tata,2006,"34,000","6,250 kms",Diesel
Renault Kwid RXT,Renault,2015,"45,000","1,66,278 kms",Petrol
Hyundai Eon Era Plus,Hyundai,2017,"1,03,000","18,763 kms",Diesel
Volkswagen Vento Highline Diesel,Volkswagen,2005,"38,000","11,374 kms",Petrol
BMW X1 sDrive20d,BMW,2009,"5,44,000","1,70,636 kms",Petrol
Nissan Micra XV,Nissan,2004,"27,000","48,946 kms",Petrol
Datsun redi-GO T,Datsun,2020,"59,000","1,16,548 kms",Diesel
BMW 5 Series 520d,BMW,2022,"17,99,000","1,64,220 kms",Diesel
BMW X1 sDrive20d,BMW,2009,"10,83,000","9,802 kms",Diesel
Audi Q7,Audi,2004,"5,80,000","10,531 kms",Petrol
Skoda Rapid Elegance 1.6 MPI,Skoda,2018,"1,44,000","2,529 kms",Diesel
Honda City 1.5 S MT,Honda,2005,"25,000","1,33,601 kms",Diesel
Maruti Suzuki Alto 800 Vxi,Maruti,2010,"45,000","67,255 kms",Petrol
Hyundai Venue SX,Hyundai,2007,"38,000","50,521 kms",Petrol
Mitsubishi Pajero Sport 4x2,Mitsubishi,2002,"25,000","74,346 kms",Petrol
Skoda Fabia Classic 1.2 MPI,Skoda,2010,"55,000","22,539 kms",Petrol
Jaguar XF Portfolio,Jaguar,2023,"28,43,000","54,349 kms",Petrol
Maruti Suzuki Baleno Delta,Maruti,2004,"25,000","95,633 kms",CNG
BMW 3 Series 320d,BMW,2015,"10,13,000","1,16,720 kms",Diesel
Volkswagen Vento Highline Diesel,Volkswagen,2013,"84,000","18,967 kms",Diesel
Ford EcoSport Ambiente 1.5L TDCi,Ford,2006,"25,000","1,20,116 kms",Diesel
Chevrolet Spark LT,Chevrolet,2019,"54,000","1,01,885 kms",Petrol
Ford EcoSport Titanium 1.5L TDCi,Ford,2015,"89,000","45,756 kms",Diesel
Nissan Terrano XL,Nissan,2008,"28,000","69,108 kms",Petrol
BMW 5 Series 520d,BMW,2002,"3,18,000","1,65,723 kms",Diesel
Toyota Corolla Altis G,Toyota,2013,"85,000","56,579 kms",Petrol
Tata Nexon XZ Plus,Tata,2004,"25,000","49,092 kms",Petrol
Hyundai Xcent S,Hyundai,2022,"1,43,000","80,363 kms",Diesel
Skoda Fabia Classic 1.2 MPI,Skoda,2019,"95,000","1,35,775 kms",Diesel
Volvo XC60 D5,Volvo,2023,"17,23,000","1,55,546 kms",Petrol
Renault Lodgy 110PS RxZ 8 Str,Renault,2003,"27,000","26,087 kms",Petrol
Mini Cooper S,Mini,2004,"2,99,000","1,54,969 kms",Petrol
Volkswagen Polo Highline 1.2L,Volkswagen,2002,"25,000","1,56,097 kms",Petrol
Volvo XC60 D5,Volvo,2005,"3,43,000","1,54,039 kms",Petrol
Mini Cooper S,Mini,2018,"11,54,000","1,36,621 kms",Diesel
Mahindra Thar CRDe 4x4,Mahindra,2020,"1,20,000","67,443 kms",Petrol
Mini Cooper S,Mini,2011,"5,68,000","86,811 kms",Petrol
Mini Cooper S,Mini,2017,"13,49,000","63,761 kms",Diesel
BMW 5 Series 520d,BMW,2019,"20,52,000","16,497 kms",Petrol
Toyota Glanza G,Toyota,2022,"1,96,000","35,665 kms",Diesel
Maruti Suzuki Omni E STD,Maruti,2015,"49,000","1,29,260 kms",CNG
Jaguar XF Portfolio,Jaguar,2016,Ask For Price,"1,20,364 kms",Petrol
Land Rover Freelander 2,Land,2010,"12,16,000","14,205 kms",Petrol
Land Rover Freelander 2,Land,2008,"9,65,000","25,550 kms",Diesel
Fiat Punto Active,Fiat,2023,"1,20,000","65,360 kms",Diesel
Datsun GO Plus T,Datsun,2007,"29,000","4,334 kms",Petrol
Honda Civic 1.8 V MT,Honda,2012,"69,000","30,806 kms",Petrol
Datsun GO T,Datsun,2023,"87,000","1,47,491 kms",Diesel
Ford EcoSport Titanium 1.5L TDCi,Ford,2002,"25,000","1,45,505 kms",Diesel
Maruti Suzuki Omni E STD,Maruti,2020,"1,13,000","47,424 kms",CNG
BMW 3 Series 320d,BMW,2018,"13,81,000","1,09,524 kms",Petrol
Mitsubishi Lancer 1.8 GLX,Mitsubishi,2003,"25,000","1,02,631 kms",Diesel
Mercedes E-Class E220d,Mercedes,2002,"3,10,000","89,325 kms",Diesel
Mini Cooper S,Mini,2012,"10,03,000","12,857 kms",Petrol
Mini Cooper S,Mini,2013,"10,51,000","12,671 kms",Petrol
Nissan Sunny XL,Nissan,2011,"40,000","81,791 kms",Petrol
Mahindra Scorpio S10,Mahindra,2010,"51,000","55,460 kms",Diesel
Maruti Suzuki Omni E STD,Maruti,2007,"25,000","1,56,397 kms",Petrol
Ford Freestyle Titanium,Ford,2022,"1,08,000","1,32,418 kms",Petrol
Volvo S60 D4,Volvo,2015,"9,13,000","1,29,419 kms",Diesel
Mahindra TUV300 T8,Mahindra,2016,"94,000","73,259 kms",Petrol
Ford Freestyle Titanium,Ford,2017,Ask For Price,"1,14,251 kms",Diesel
Land Rover Freelander 2,Land,2010,"10,12,000","49,455 kms",Diesel
Ford EcoSport Ambiente 1.5L TDCi,Ford,2016,"73,000","93,007 kms",Petrol
Hyundai Xcent S,Hyundai,2009,"28,000","1,46,624 kms",Diesel
Mitsubishi Pajero Sport 4x2,Mitsubishi,2008,"34,000","1,11,380 kms",Diesel
Nissan Sunny XL,Nissan,2017,"68,000","96,365 kms",Petrol
Mahindra Thar CRDe 4x4,Mahindra,2009,"49,000","67,919 kms",Petrol
Skoda Fabia Classic 1.2 MPI,Skoda,2021,"1,49,000","35,916 kms",Diesel
Hyundai Venue SX,Hyundai,2019,"1,24,000","11,834 kms",Petrol
Maruti Suzuki Swift Vdi,Maruti,2002,Ask For Price,"65,394 kms",Petrol
Honda Amaze S i-Dtech,Honda,2010,"56,000","25,485 kms",Diesel
Maruti Suzuki Ciaz VDi,Maruti,2016,"65,000","91,194 kms",CNG
Nissan Micra XV,Nissan,2014,"46,000","1,04,586 kms",Petrol
Datsun redi-GO T,Datsun,2011,"30,000","69,793 kms",Petrol
Skoda Octavia Elegance 1.8 TSI,Skoda,2023,"1,30,000","1,04,611 kms",Petrol
Honda Brio S MT,Honda,2007,"26,000","1,22,321 kms",Diesel
Chevrolet Sail UVA LS,Chevrolet,2022,Ask For Price,"9,957 kms",Petrol
Toyota Glanza G,Toyota,2022,"1,65,000","79,339 kms",Diesel
Honda City 1.5 S MT,Honda,2018,"80,000","1,54,175 kms",Diesel
Datsun redi-GO T,Datsun,2021,"67,000","1,51,129 kms",Petrol
Audi Q3 35 TDI,Audi,2013,"10,80,000","49,957 kms",Petrol
Fiat Linea Active,Fiat,2019,"57,000","1,15,677 kms",Diesel
Skoda Rapid Elegance 1.6 MPI,Skoda,2009,"53,000","58,975 kms",Diesel
Mini Cooper S,Mini,2021,"23,61,000","16,336 kms",Diesel
Audi Q7,Audi,2011,"6,80,000","1,16,174 kms",Diesel
Land Rover Freelander 2,Land,2022,Ask For Price,"66,927 kms",Petrol
Toyota Corolla Altis G,Toyota,2020,"1,72,000","43,600 kms",Diesel
Toyota Etios VXD,Toyota,2011,"47,000","1,04,825 kms",Petrol
Toyota Innova 2.5 G,Toyota,2015,"75,000","1,29,058 kms",Diesel
Volvo XC60 D5,Volvo,2003,"4,37,000","23,332 kms",Petrol
Chevrolet Tavera Neo 3,Chevrolet,2018,"53,000","1,77,748 kms",Petrol
Nissan Sunny XL,Nissan,2013,"41,000","1,44,899 kms",Petrol
Chevrolet Sail UVA LS,Chevrolet,2022,"1,42,000","10,980 kms",Diesel
Maruti Suzuki Omni E STD,Maruti,2009,"26,000","1,50,639 kms",CNG
Tata Tigor XZ,Tata,2010,Ask For Price,"98,931 kms",Diesel
Ford EcoSport Ambiente 1.5L TDCi,Ford,2011,"43,000","1,59,263 kms",Diesel
Land Rover Discovery Sport,Land,2012,"12,04,000","59,116 kms",Petrol
Renault Duster 110 PS RxL,Renault,2013,Ask For Price,"1,73,848 kms",Petrol
Volvo S60 D4,Volvo,2021,"28,55,000","11,227 kms",Diesel
Jeep Compass Limited,Jeep,2002,"38,000","19,945 kms",Diesel
Mini Cooper S,Mini,2009,"5,26,000","72,753 kms",Diesel
Honda Civic 1.8 V MT,Honda,2022,"1,51,000","66,021 kms",Diesel
Tata Nano Lx,Tata,2017,"51,000","1,46,918 kms",Petrol
Land Rover Discovery Sport,Land,2006,"5,37,000","91,865 kms",Petrol
Renault Kwid RXT,Renault,2003,"25,000","52,528 kms",Diesel
Land Rover Freelander 2,Land,2016,"12,55,000","1,33,364 kms",Diesel
Chevrolet Beat LT,Chevrolet,2003,"25,000","84,208 kms",Petrol
Mini Cooper D,Mini,2003,"2,40,000","1,71,099 kms",Petrol
Tata Nexon XZ Plus,Tata,2004,"25,000","70,649 kms",Petrol
Mahindra Thar CRDe 4x4,Mahindra,2004,"25,000","1,14,014 kms",Petrol
BMW 5 Series 520d,BMW,2004,"3,47,000","1,68,203 kms",Diesel
Land Rover Freelander 2,Land,2010,"6,74,000","1,71,170 kms",Petrol
Mahindra TUV300 T8,Mahindra,2018,"1,22,000","42,557 kms",Petrol
Mercedes E-Class E220d,Mercedes,2008,"8,07,000","15,874 kms",Diesel
Datsun GO T,Datsun,2004,"25,000","1,29,232 kms",Diesel
Skoda Fabia Classic 1.2 MPI,Skoda,2003,"31,000","16,196 kms",Petrol
Tata Tigor XZ,Tata,2012,"38,000","1,57,520 kms",Diesel
Renault Lodgy 110PS RxZ 8 Str,Renault,2017,Ask For Price,"1,25,546 kms",Diesel
Renault Triber RXZ,Renault,2017,"91,000","31,926 kms",Diesel
Audi Q3 35 TDI,Audi,2023,"34,41,000","1,806 kms",Petrol
BMW 5 Series 520d,BMW,2022,"17,49,000","1,13,225 kms",Diesel
Jaguar XF Portfolio,Jaguar,2017,"13,97,000","94,981 kms",Diesel
Volkswagen Ameo Highline 1.5,Volkswagen,2023,"1,55,000","67,853 kms",Petrol
Mini Cooper S,Mini,2021,"14,51,000","1,17,787 kms",Diesel
Datsun GO Plus T,Datsun,2011,"25,000","1,64,826 kms",Petrol
Mitsubishi Lancer 1.8 GLX,Mitsubishi,2016,"1,23,000","8,914 kms",Diesel
Datsun redi-GO T,Datsun,2018,"60,000","52,761 kms",Petrol
Mini Cooper D,Mini,2014,"7,50,000","1,59,137 kms",Petrol
Renault Triber RXZ,Renault,2006,"25,000","1,36,275 kms",Diesel
Land Rover Freelander 2,Land,2010,"6,74,000","1,70,870 kms",Diesel
Mitsubishi Lancer 1.8 GLX,Mitsubishi,2009,"37,000","1,44,047 kms",Diesel
Toyota Corolla Altis G,Toyota,2003,"38,000","40,951 kms",Diesel
Maruti Suzuki Wagon R 1.0 VXI,Maruti,2015,"51,000","1,35,251 kms",CNG
Volvo S60 D4,Volvo,2019,"12,04,000","1,18,426 kms",Diesel
Volkswagen Vento Highline Diesel,Volkswagen,2017,"1,10,000","43,499 kms",Diesel
Ford EcoSport Ambiente 1.5L TDCi,Ford,2016,"57,000","1,44,245 kms",Diesel
Fiat Punto Active,Fiat,2012,"35,000","1,06,697 kms",Petrol
Mahindra TUV300 T8,Mahindra,2008,"40,000","99,212 kms",Diesel
Jeep Compass Limited,Jeep,2008,"67,000","16,629 kms",Diesel
Tata Indica V2 DLS,Tata,2020,"1,16,000","30,867 kms",Diesel
Land Rover Freelander 2,Land,2015,"18,30,000","44,563 kms",Diesel
Volvo XC60 D5,Volvo,2017,"12,07,000","1,03,197 kms",Petrol
Honda Amaze S i-Dtech,Honda,2011,"37,000","1,21,850 kms",Petrol
Mini Cooper D,Mini,2016,"13,82,000","11,218 kms",Diesel
Mahindra Bolero SLE,Mahindra,2018,"79,000","1,74,580 kms",Petrol
Chevrolet Tavera Neo 3,Chevrolet,2019,"57,000","97,251 kms",Petrol
Honda Civic 1.8 V MT,Honda,2018,"1,43,000","14,560 kms",Petrol
Mahindra XUV500 W8,Mahindra,2016,"93,000","62,798 kms",Diesel
Skoda Rapid Elegance 1.6 MPI,Skoda,2005,"44,000","17,266 kms",Diesel
Toyota Etios VXD,Toyota,2004,"26,000","1,46,211 kms",Petrol
Audi A4 35 TDI,Audi,2021,"32,15,000",604 kms,Diesel
Mercedes GLA 200d,Mercedes,2015,"10,51,000","1,75,072 kms",Petrol
Ford Freestyle Titanium,Ford,2014,"59,000","78,149 kms",Diesel
Datsun redi-GO T,Datsun,2007,"25,000","91,530 kms",Diesel
Nissan Micra XV,Nissan,2009,"35,000","45,931 kms",Petrol
Skoda Octavia Elegance 1.8 TSI,Skoda,2014,"60,000","1,18,367 kms",Diesel
Skoda Octavia Elegance 1.8 TSI,Skoda,2020,"1,07,000","1,75,349 kms",Diesel
Audi A8,Audi,2003,"4,13,000","61,041 kms",Petrol
Nissan Sunny XL,Nissan,2019,"66,000","1,72,576 kms",Petrol
Hyundai Grand i10 Magna 1.2 Kappa VTVT,Hyundai,2010,"46,000","56,828 kms",Diesel
Tata Nexon XZ Plus,Tata,2017,"52,000","1,61,601 kms",Petrol
BMW X1 sDrive20d,BMW,2011,"7,06,000","1,75,489 kms",Diesel
Jeep Compass Longitude,Jeep,2002,"28,000","1,73,559 kms",Diesel
Honda WR-V i-VTEC VX,Honda,2016,"97,000","50,663 kms",Petrol
Land Rover Freelander 2,Land,2010,"10,23,000","36,958 kms",Diesel
Honda City 1.5 S MT,Honda,2004,"25,000","1,61,110 kms",Petrol
Tata Tigor XZ,Tata,2022,"98,000","89,543 kms",Petrol
Fiat Punto Active,Fiat,2003,"25,000","1,51,055 kms",Petrol
Ford EcoSport Titanium 1.5L TDCi,Ford,2006,"40,000","4,955 kms",Petrol
Volvo S60 D4,Volvo,2020,"12,29,000","1,56,288 kms",Petrol
Jaguar XF Portfolio,Jaguar,2021,"22,49,000","91,686 kms",Diesel
BMW X1 sDrive20d,BMW,2003,"3,17,000","1,64,744 kms",Diesel
Hyundai Creta 1.6 SX Option,Hyundai,2002,"31,000","1,707 kms",Diesel
BMW X1 sDrive20d,BMW,2002,"4,14,000","20,873 kms",Petrol
Volkswagen Vento Highline Diesel,Volkswagen,2009,"38,000","1,09,227 kms",Petrol
Tata Nano Lx,Tata,2005,"30,000","28,338 kms",Petrol
Mitsubishi Lancer 1.8 GLX,Mitsubishi,2021,"1,16,000","1,65,606 kms",Petrol
Mercedes GLA 200d,Mercedes,2005,"4,31,000","1,56,420 kms",Diesel
Volvo S60 D4,Volvo,2021,"24,50,000","17,522 kms",Petrol
Mini Cooper D,Mini,2012,"5,08,000","1,49,255 kms",Petrol
Nissan Terrano XL,Nissan,2011,Ask For Price,"1,42,190 kms",Petrol
Mitsubishi Pajero Sport 4x2,Mitsubishi,2004,"25,000","1,10,343 kms",Petrol
Jaguar XE Prestige,Jaguar,2015,"18,84,000","4,830 kms",Diesel
Nissan Terrano XL,Nissan,2008,"28,000","1,71,862 kms",Diesel
Honda City 1.5 S MT,Honda,2002,"25,000","1,53,032 kms",Diesel
Tata Tiago Revotron XZ,Tata,2008,"25,000","1,65,436 kms",Petrol
Nissan Sunny XL,Nissan,2007,"30,000","80,909 kms",Petrol
Volvo XC60 D5,Volvo,2003,"3,56,000","69,497 kms",Diesel
Chevrolet Sail UVA LS,Chevrolet,2013,"55,000","25,598 kms",Diesel
Land Rover Discovery Sport,Land,2003,"4,68,000","87,395 kms",Diesel
Skoda Fabia Classic 1.2 MPI,Skoda,2004,"25,000","1,67,923 kms",Petrol
Mini Cooper S,Mini,2009,"4,53,000","1,34,604 kms",Petrol
Datsun redi-GO T,Datsun,2016,"66,000","7,061 kms",Diesel
Chevrolet Tavera Neo 3,Chevrolet,2018,"97,000","11,330 kms",Diesel
Volkswagen Vento Highline Diesel,Volkswagen,2020,"1,89,000","3,772 kms",Petrol
Jaguar XE Prestige,Jaguar,2012,"8,35,000","1,41,613 kms",Diesel
Volvo S60 D4,Volvo,2008,"4,08,000","1,25,472 kms",Petrol
Mahindra Scorpio S10,Mahindra,2003,"25,000","96,627 kms",Petrol
Mini Cooper D,Mini,2018,"12,08,000","93,102 kms",Petrol
Jeep Compass Limited,Jeep,2019,Ask For Price,"20,453 kms",Petrol
Mitsubishi Lancer 1.8 GLX,Mitsubishi,2022,"1,85,000","30,926 kms",Diesel
Mahindra Scorpio SLE BS IV,Mahindra,2009,"40,000","1,01,363 kms",Diesel
Hyundai Creta 1.6 SX Option,Hyundai,2018,"88,000","93,898 kms",Diesel
Honda Brio S MT,Honda,2008,"32,000","1,74,541 kms",Diesel
Mitsubishi Lancer 1.8 GLX,Mitsubishi,2023,"1,58,000","85,390 kms",Petrol
Land Rover Discovery Sport,Land,2006,"5,85,000","84,822 kms",Diesel
Ford Figo,Ford,2023,"1,06,000","1,47,944 kms",Diesel
Hyundai Tucson 2WD AT GLS,Hyundai,2008,"25,000","1,73,466 kms",Petrol
Volkswagen Polo Highline 1.2L,Volkswagen,2017,"64,000","1,13,167 kms",Petrol
Skoda Octavia Elegance 1.8 TSI,Skoda,2009,"56,000","41,400 kms",Diesel
Datsun GO Plus T,Datsun,2012,"47,000","35,626 kms",Diesel
Datsun redi-GO T,Datsun,2020,"78,000","78,368 kms",Petrol
Hyundai Santro Xing XO eRLX Euro III,Hyundai,2004,"33,000","16,950 kms",Petrol
Land Rover Freelander 2,Land,2005,"4,67,000","1,10,139 kms",Diesel
Nissan Terrano XL,Nissan,2014,"49,000","1,70,634 kms",Diesel
Fiat Punto Active,Fiat,2014,"36,000","1,32,467 kms",Diesel
Skoda Rapid Elegance 1.6 MPI,Skoda,2007,"44,000","46,031 kms",Petrol
Volvo S60 D4,Volvo,2012,"8,83,000","52,453 kms",Petrol
Maruti Suzuki Ciaz VDi,Maruti,2010,"46,000","42,517 kms",Petrol
Honda Jazz V,Honda,2016,"58,000","1,29,031 kms",Petrol
Mercedes C-Class C220d,Mercedes,2016,"15,09,000","75,253 kms",Petrol
Nissan Terrano XL,Nissan,2004,"25,000","91,804 kms",Diesel
Mahindra Thar CRDe 4x4,Mahindra,2012,"58,000","88,220 kms",Diesel
Land Rover Discovery Sport,Land,2007,"5,12,000","1,63,338 kms",Diesel
Honda Amaze S i-Dtech,Honda,2005,"25,000","1,26,955 kms",Petrol
Volkswagen Jetta Comfortline TDI,Volkswagen,2022,"1,16,000","1,75,735 kms",Petrol
Toyota Innova 2.5 G,Toyota,2006,"30,000","1,61,900 kms",Petrol
Toyota Fortuner 3.0 4x4 AT,Toyota,2012,"87,000","27,983 kms",Petrol
Skoda Octavia Elegance 1.8 TSI,Skoda,2012,"50,000","1,28,718 kms",Petrol
Skoda Rapid Elegance 1.6 MPI,Skoda,2014,"82,000","36,062 kms",Diesel
Honda Jazz V,Honda,2004,"26,000","57,668 kms",Petrol
Mahindra Bolero SLE,Mahindra,2015,"74,000","79,363 kms",Diesel
Audi A8,Audi,2018,"13,12,000","1,77,804 kms",Petrol
Jaguar XE Prestige,Jaguar,2006,"4,21,000","1,25,515 kms",Diesel
BMW 3 Series 320d,BMW,2011,"6,55,000","1,47,782 kms",Diesel
Mercedes GLA 200d,Mercedes,2020,"17,17,000","1,35,928 kms",Diesel
Jaguar XF Portfolio,Jaguar,2022,"22,65,000","80,242 kms",Petrol
Audi A8,Audi,2011,"6,33,000","1,62,138 kms",Diesel
Land Rover Discovery Sport,Land,2008,"8,39,000","57,186 kms",Diesel
Audi A4 35 TDI,Audi,2005,"3,64,000","1,61,569 kms",Diesel
Nissan Terrano XL,Nissan,2007,"31,000","33,690 kms",Petrol
Mercedes C-Class C220d,Mercedes,2011,"11,46,000","37,426 kms",Petrol
Mitsubishi Pajero Sport 4x2,Mitsubishi,2009,"34,000","1,70,217 kms",Petrol
Skoda Fabia Classic 1.2 MPI,Skoda,2008,"56,000","29,383 kms",Diesel
BMW 5 Series 520d,BMW,2021,"16,44,000","1,74,287 kms",Diesel
BMW X1 sDrive20d,BMW,2017,"18,68,000","10,498 kms",Diesel
Jeep Compass Limited,Jeep,2004,"45,000","28,920 kms",Petrol
Audi A6 2.0 TDI,Audi,2009,"5,55,000","1,52,903 kms",Petrol
Chevrolet Sail UVA LS,Chevrolet,2018,"49,000","1,05,128 kms",Petrol
Tata Nexon XZ Plus,Tata,2007,"29,000","79,355 kms",Diesel
Skoda Octavia Elegance 1.8 TSI,Skoda,2014,"53,000","1,52,342 kms",Petrol
Audi Q7,Audi,2017,Ask For Price,"90,905 kms",Petrol
Mini Cooper D,Mini,2022,"27,31,000","17,264 kms",Petrol
Mercedes GLA 200d,Mercedes,2010,"6,05,000","1,65,809 kms",Diesel
Mercedes E-Class E220d,Mercedes,2018,"12,50,000","1,58,010 kms",Diesel
Renault Lodgy 110PS RxZ 8 Str,Renault,2021,"1,21,000","53,810 kms",Diesel
Skoda Rapid Elegance 1.6 MPI,Skoda,2019,"87,000","1,04,234 kms",Diesel
Mahindra KUV100 K8,Mahindra,2004,"25,000","1,38,009 kms",Diesel
Mini Cooper S,Mini,2011,"5,21,000","1,16,859 kms",Diesel
Jeep Compass Limited,Jeep,2013,"1,24,000","32,979 kms",Diesel
Renault Duster 110 PS RxL,Renault,2022,"87,000","1,35,493 kms",Petrol
Skoda Fabia Classic 1.2 MPI,Skoda,2008,"39,000","87,950 kms",Diesel
Nissan Sunny XL,Nissan,2023,Ask For Price,"1,14,967 kms",Diesel
Audi Q7,Audi,2003,"3,12,000","1,24,929 kms",Diesel
Mini Cooper D,Mini,2012,"9,10,000","55,274 kms",Petrol
Tata Indica V2 DLS,Tata,2010,"44,000","27,449 kms",Petrol
Mitsubishi Pajero Sport 4x2,Mitsubishi,2005,"26,000","1,67,430 kms",Petrol
Datsun redi-GO T,Datsun,2006,"25,000","67,820 kms",Petrol
Mini Cooper S,Mini,2012,"9,69,000","27,521 kms",Diesel
Nissan Sunny XL,Nissan,2012,"54,000","40,997 kms",Diesel
Volkswagen Vento Highline Diesel,Volkswagen,2016,"80,000","80,789 kms",Petrol
Honda City 1.5 S MT,Honda,2007,Ask For Price,"33,440 kms",Petrol
Skoda Octavia Elegance 1.8 TSI,Skoda,2014,"90,000","11,100 kms",Diesel
Land Rover Freelander 2,Land,2023,"39,82,000","28,111 kms",Diesel
Volvo XC60 D5,Volvo,2016,"12,38,000","60,884 kms",Diesel
Mitsubishi Pajero Sport 4x2,Mitsubishi,2007,"50,000","30,827 kms",Diesel
Volvo S60 D4,Volvo,2007,"7,53,000","15,621 kms",Diesel
Nissan Micra XV,Nissan,2014,"49,000","1,49,083 kms",Diesel
Chevrolet Sail UVA LS,Chevrolet,2010,"25,000","1,75,590 kms",Diesel
Mitsubishi Lancer 1.8 GLX,Mitsubishi,2004,"40,000","27,227 kms",Petrol
Jaguar XE Prestige,Jaguar,2003,"3,58,000","1,41,072 kms",Diesel
Skoda Fabia Classic 1.2 MPI,Skoda,2015,"1,01,000","37,791 kms",Petrol
Nissan Micra XV,Nissan,2016,"64,000","82,687 kms",Petrol
Toyota Glanza G,Toyota,2015,"1,26,000","7,299 kms",Diesel
Mahindra Bolero SLE,Mahindra,2023,"2,14,000","55,621 kms",Diesel
Mercedes C-Class C220d,Mercedes,2011,"10,03,000","56,982 kms",Petrol
Audi A8,Audi,2007,"6,37,000","43,607 kms",Petrol
Volvo XC60 D5,Volvo,2018,"11,87,000","1,48,581 kms",Petrol
Skoda Fabia Classic 1.2 MPI,Skoda,2019,"82,000","1,04,303 kms",Petrol
Land Rover Discovery Sport,Land,2023,"27,28,000","1,38,981 kms",Diesel
Jeep Compass Longitude,Jeep,2005,"56,000","27,318 kms",Petrol
Nissan Micra XV,Nissan,2023,"1,11,000","1,52,283 kms",Petrol
Nissan Micra XV,Nissan,2006,"30,000","55,248 kms",Diesel
Skoda Octavia Elegance 1.8 TSI,Skoda,2002,"25,000","1,04,310 kms",Petrol
Fiat Linea Active,Fiat,2019,"75,000","65,726 kms",Diesel
Land Rover Freelander 2,Land,2015,"19,71,000","27,580 kms",Diesel
Mini Cooper D,Mini,2006,"3,03,000","1,22,543 kms",Petrol
Mercedes C-Class C220d,Mercedes,2006,"7,23,000","31,758 kms",Diesel
Datsun GO Plus T,Datsun,2003,"25,000","81,854 kms",Diesel
Honda Civic 1.8 V MT,Honda,2015,"58,000","1,73,638 kms",Diesel
Hyundai Creta 1.6 SX Option,Hyundai,2008,"31,000","1,28,362 kms",Diesel
Jaguar XF Portfolio,Jaguar,2016,"18,93,000","8,719 kms",Diesel
Toyota Etios VXD,Toyota,2016,"1,11,000","49,080 kms",Diesel
Chevrolet Tavera Neo 3,Chevrolet,2002,"25,000","77,198 kms",Diesel
Mitsubishi Pajero Sport 4x2,Mitsubishi,2014,"79,000","84,045 kms",Diesel
Toyota Yaris VX,Toyota,2014,"65,000","1,27,297 kms",Petrol
Mercedes GLA 200d,Mercedes,2012,"11,32,000","29,998 kms",Petrol
Jaguar XF Portfolio,Jaguar,2007,"4,87,000","1,52,594 kms",Petrol
Honda Amaze S i-Dtech,Honda,2006,"28,000","1,59,202 kms",Petrol
Volkswagen Polo Highline 1.2L,Volkswagen,2019,"96,000","1,16,250 kms",Diesel
Datsun GO T,Datsun,2017,"49,000","1,06,324 kms",Diesel
Jaguar XF Portfolio,Jaguar,2013,Ask For Price,"1,36,625 kms",Petrol
Mitsubishi Pajero Sport 4x2,Mitsubishi,2009,"34,000","1,73,873 kms",Diesel
Tata Nexon XZ Plus,Tata,2018,"93,000","57,284 kms",Diesel
Mini Cooper S,Mini,2014,"7,27,000","1,08,797 kms",Diesel
Fiat Punto Active,Fiat,2017,"51,000","1,54,461 kms",Diesel
Maruti Suzuki Alto 800 Vxi,Maruti,2007,Ask For Price,"37,618 kms",CNG
Tata Tigor XZ,Tata,2015,"42,000","1,72,856 kms",Petrol
Volvo S60 D4,Volvo,2019,"23,66,000","9,446 kms",Petrol
Mahindra Bolero SLE,Mahindra,2006,"26,000","1,78,938 kms",Diesel
Audi A6 2.0 TDI,Audi,2017,"10,95,000","1,49,191 kms",Petrol
Jaguar XF Portfolio,Jaguar,2018,"16,08,000","1,63,180 kms",Diesel
Toyota Fortuner 3.0 4x4 AT,Toyota,2015,"1,13,000","33,120 kms",Petrol
Datsun GO Plus T,Datsun,2020,"52,000","1,33,992 kms",Petrol
Jaguar XF Portfolio,Jaguar,2007,"5,32,000","1,35,120 kms",Petrol
Nissan Terrano XL,Nissan,2018,"1,17,000","27,577 kms",Diesel
Maruti Suzuki Ciaz VDi,Maruti,2018,"1,10,000","8,177 kms",Petrol
Renault Lodgy 110PS RxZ 8 Str,Renault,2007,"25,000","1,14,811 kms",Petrol
Chevrolet Spark LT,Chevrolet,2007,"25,000","1,26,952 kms",Diesel
Mercedes C-Class C220d,Mercedes,2006,"3,85,000","1,27,075 kms",Petrol
Chevrolet Sail UVA LS,Chevrolet,2009,"31,000","38,374 kms",Diesel
Volvo S60 D4,Volvo,2007,"3,94,000","1,48,656 kms",Diesel
Land Rover Discovery Sport,Land,2012,"12,95,000","18,055 kms",Diesel
Skoda Octavia Elegance 1.8 TSI,Skoda,2012,"66,000","27,950 kms",Petrol
Maruti Suzuki Omni E STD,Maruti,2012,"43,000","1,21,810 kms",Diesel
Datsun redi-GO T,Datsun,2011,"27,000","1,25,641 kms",Petrol
Mahindra XUV500 W8,Mahindra,2006,"27,000","1,72,683 kms",Diesel
Mitsubishi Pajero Sport 4x2,Mitsubishi,2020,"2,00,000","22,976 kms",Diesel
Nissan Micra XV,Nissan,2015,"71,000","57,067 kms",Diesel
Jeep Compass Limited,Jeep,2004,"37,000","99,247 kms",Diesel
Mini Cooper D,Mini,2013,"6,98,000","1,62,642 kms",Petrol
BMW X1 sDrive20d,BMW,2016,"11,30,000","1,06,523 kms",Petrol
Datsun redi-GO T,Datsun,2011,"27,000","1,50,072 kms",Diesel
Renault Lodgy 110PS RxZ 8 Str,Renault,2023,"1,76,000","1,287 kms",Diesel
Honda Jazz V,Honda,2021,"1,62,000","27,254 kms",Diesel
Mercedes E-Class E220d,Mercedes,2017,"14,70,000","71,292 kms",Diesel
Toyota Yaris VX,Toyota,2011,"78,000","34,490 kms",Petrol
Mercedes C-Class C220d,Mercedes,2018,"23,34,000","24,386 kms",Petrol
Tata Indica V2 DLS,Tata,2016,"51,000","85,732 kms",Petrol
Nissan Terrano XL,Nissan,2009,"25,000","1,46,774 kms",Diesel
Renault Kwid RXT,Renault,2017,"88,000","26,608 kms",Petrol
Chevrolet Beat LT,Chevrolet,2008,"27,000","83,416 kms",Diesel
Land Rover Discovery Sport,Land,2009,"12,35,000","17,254 kms",Diesel
Mini Cooper S,Mini,2014,"10,16,000","60,454 kms",Petrol
Mini Cooper S,Mini,2013,"7,83,000","68,380 kms",Petrol
Jeep Compass Longitude,Jeep,2012,"77,000","79,449 kms",Petrol
Mitsubishi Pajero Sport 4x2,Mitsubishi,2023,"2,06,000","38,665 kms",Petrol
Mitsubishi Lancer 1.8 GLX,Mitsubishi,2012,"45,000","1,44,556 kms",Petrol
Skoda Rapid Elegance 1.6 MPI,Skoda,2016,"1,10,000","31,163 kms",Diesel
Ford Freestyle Titanium,Ford,2020,"83,000","1,74,113 kms",Petrol
Skoda Octavia Elegance 1.8 TSI,Skoda,2021,"1,65,000","51,342 kms",Petrol
BMW 5 Series 520d,BMW,2005,"5,74,000","52,609 kms",Petrol
Ford Freestyle Titanium,Ford,2009,"34,000","1,08,699 kms",Diesel
Mahindra KUV100 K8,Mahindra,2005,"25,000","1,12,650 kms",Diesel
Audi A4 35 TDI,Audi,2017,"10,44,000","1,75,262 kms",Petrol
Mercedes GLA 200d,Mercedes,2010,"5,96,000","1,26,946 kms",Petrol
Nissan Micra XV,Nissan,2004,"25,000","45,733 kms",Petrol
Volvo XC60 D5,Volvo,2002,"2,69,000","1,73,913 kms",Diesel
Volvo XC60 D5,Volvo,2016,"13,64,000","37,012 kms",Petrol
Toyota Glanza G,Toyota,2008,"61,000","17,187 kms",Petrol
Fiat Linea Active,Fiat,2012,"34,000","1,46,428 kms",Diesel
Volkswagen Polo Highline 1.2L,Volkswagen,2005,"25,000","1,59,361 kms",Petrol
Ford Figo Aspire Titanium,Ford,2012,"45,000","85,612 kms",Petrol
BMW 3 Series 320d,BMW,2011,"8,21,000","61,434 kms",Diesel
Audi A6 2.0 TDI,Audi,2014,"8,05,000","1,25,081 kms",Diesel
Mitsubishi Pajero Sport 4x2,Mitsubishi,2020,"1,23,000","77,241 kms",Petrol
Jaguar XE Prestige,Jaguar,2021,"20,79,000","92,540 kms",Diesel
Hyundai Eon Era Plus,Hyundai,2018,"81,000","86,630 kms",Diesel
Toyota Etios VXD,Toyota,2005,"38,000","55,182 kms",Petrol
Mercedes GLA 200d,Mercedes,2008,"6,83,000","81,018 kms",Petrol
Jaguar XF Portfolio,Jaguar,2021,"20,31,000","1,51,868 kms",Petrol
Audi A8,Audi,2009,"5,32,000","1,34,382 kms",Diesel
Jaguar XE Prestige,Jaguar,2006,"5,25,000","87,683 kms",Diesel
Tata Nexon XZ Plus,Tata,2014,"56,000","46,403 kms",Diesel
Ford Freestyle Titanium,Ford,2015,"65,000","97,332 kms",Petrol
Chevrolet Sail UVA LS,Chevrolet,2008,"25,000","1,58,826 kms",Diesel
BMW X1 sDrive20d,BMW,2020,"15,69,000","1,36,774 kms",Diesel
Volvo XC60 D5,Volvo,2019,"13,59,000","1,08,366 kms",Petrol
Mitsubishi Lancer 1.8 GLX,Mitsubishi,2006,"28,000","1,36,548 kms",Diesel
Ford Figo Aspire Titanium,Ford,2020,"1,40,000","53,675 kms",Diesel
Mitsubishi Pajero Sport 4x2,Mitsubishi,2010,"59,000","41,751 kms",Petrol
Hyundai Tucson 2WD AT GLS,Hyundai,2014,"46,000","1,21,370 kms",Diesel
Fiat Linea Active,Fiat,2017,"63,000","68,703 kms",Petrol
Nissan Micra XV,Nissan,2023,"1,18,000","1,27,209 kms",Diesel
Tata Tiago Revotron XZ,Tata,2010,"28,000","1,21,179 kms",Diesel
Renault Duster 110 PS RxL,Renault,2016,"55,000","1,72,826 kms",Diesel
Chevrolet Beat LT,Chevrolet,2023,"83,000","1,69,120 kms",Petrol
Mini Cooper D,Mini,2005,"2,76,000","1,63,011 kms",Diesel
Renault Triber RXZ,Renault,2015,"85,000","26,981 kms",Diesel
Land Rover Freelander 2,Land,2017,"23,26,000","13,173 kms",Petrol
Mitsubishi Pajero Sport 4x2,Mitsubishi,2012,Ask For Price,"23,179 kms",Petrol
Mitsubishi Lancer 1.8 GLX,Mitsubishi,2003,"34,000","16,883 kms",Petrol
Jaguar XF Portfolio,Jaguar,2007,"5,23,000","1,61,816 kms",Petrol
Chevrolet Spark LT,Chevrolet,2009,Ask For Price,"1,26,344 kms",Petrol
Volvo XC60 D5,Volvo,2013,"7,04,000","1,25,952 kms",Diesel
Skoda Rapid Elegance 1.6 MPI,Skoda,2006,"25,000","1,00,285 kms",Petrol
Renault Triber RXZ,Renault,2015,"56,000","89,923 kms",Petrol
Land Rover Discovery Sport,Land,2019,"23,40,000","52,484 kms",Petrol
Tata Indica V2 DLS,Tata,2005,"25,000","1,10,787 kms",Petrol
Volkswagen Ameo Highline 1.5,Volkswagen,2020,"1,59,000","10,853 kms",Petrol
Renault Triber RXZ,Renault,2005,"25,000","1,27,324 kms",Diesel
Tata Nano Lx,Tata,2011,"33,000","1,70,862 kms",Petrol
Hyundai Venue SX,Hyundai,2005,"25,000","1,43,505 kms",Petrol
Fiat Punto Active,Fiat,2004,"25,000","1,00,476 kms",Petrol
Mitsubishi Pajero Sport 4x2,Mitsubishi,2009,"65,000","17,671 kms",Diesel
Jeep Compass Longitude,Jeep,2023,"2,93,000","22,370 kms",Petrol
Hyundai Elite i20 Magna 1.2,Hyundai,2009,"33,000","1,42,094 kms",Petrol
Jaguar XF Portfolio,Jaguar,2002,"3,33,000","1,77,243 kms",Petrol
Nissan Sunny XL,Nissan,2021,"1,07,000","83,059 kms",Petrol
Volkswagen Polo Highline 1.2L,Volkswagen,2004,"25,000","1,58,886 kms",Petrol
Audi A6 2.0 TDI,Audi,2018,"12,94,000","1,02,517 kms",Petrol
Datsun GO T,Datsun,2011,"40,000","4,467 kms",Petrol
Volvo S60 D4,Volvo,2003,"3,77,000","59,207 kms",Petrol
Mahindra Bolero SLE,Mahindra,2012,"75,000","2,726 kms",Petrol
Mini Cooper S,Mini,2021,"15,00,000","1,77,016 kms",Diesel
Datsun GO Plus T,Datsun,2009,"25,000","1,61,283 kms",Diesel
Mahindra Jeep CL550 MDI,Mahindra,2014,"55,000","1,26,146 kms",Diesel
Toyota Fortuner 3.0 4x4 AT,Toyota,2014,"82,000","83,975 kms",Petrol
Jaguar XE Prestige,Jaguar,2007,"6,34,000","78,729 kms",Diesel
Land Rover Freelander 2,Land,2009,"6,64,000","1,46,203 kms",Diesel
Toyota Innova 2.5 G,Toyota,2004,"49,000",523 kms,Petrol
Land Rover Discovery Sport,Land,2023,"32,14,000","81,391 kms",Diesel
Skoda Rapid Elegance 1.6 MPI,Skoda,2021,"1,58,000","37,115 kms",Petrol
Ford Freestyle Titanium,Ford,2019,"86,000","1,22,321 kms",Petrol
Toyota Innova 2.5 G,Toyota,2022,"1,32,000","1,18,605 kms",Diesel
Honda Jazz V,Honda,2010,Ask For Price,"1,64,495 kms",Petrol
Tata Nano Lx,Tata,2002,"25,000","72,007 kms",Petrol
Mercedes C-Class C220d,Mercedes,2018,"24,39,000","17,812 kms",Petrol
Volvo XC60 D5,Volvo,2007,"4,50,000","1,56,190 kms",Diesel
Nissan Micra XV,Nissan,2006,"25,000","1,13,167 kms",Petrol
Mercedes GLA 200d,Mercedes,2015,Ask For Price,"1,71,865 kms",Petrol
Toyota Etios VXD,Toyota,2013,"93,000","27,225 kms",Diesel
Fiat Punto Active,Fiat,2005,"25,000","43,152 kms",Diesel
Tata Nano Lx,Tata,2011,"36,000","95,630 kms",Diesel
Nissan Sunny XL,Nissan,2013,"37,000","1,04,370 kms",Petrol
Volvo XC60 D5,Volvo,2021,"29,96,000","8,718 kms",Diesel
Skoda Rapid Elegance 1.6 MPI,Skoda,2013,"71,000","54,636 kms",Diesel
Audi Q7,Audi,2007,"5,59,000","91,549 kms",Diesel
Nissan Terrano XL,Nissan,2015,"60,000","81,819 kms",Diesel
Jaguar XF Portfolio,Jaguar,2023,"24,91,000","1,30,296 kms",Diesel
Fiat Linea Active,Fiat,2013,"61,000","13,798 kms",Diesel
Mitsubishi Lancer 1.8 GLX,Mitsubishi,2010,"43,000","88,471 kms",Petrol
Maruti Suzuki Celerio VXI,Maruti,2021,"1,41,000","36,105 kms",Diesel
Skoda Fabia Classic 1.2 MPI,Skoda,2015,"90,000","68,870 kms",Diesel
Nissan Micra XV,Nissan,2019,"1,30,000","12,449 kms",Diesel
Maruti Suzuki Omni E STD,Maruti,2022,"1,04,000","1,02,268 kms",Petrol
Toyota Glanza G,Toyota,2013,"94,000","8,400 kms",Diesel
Audi Q3 35 TDI,Audi,2002,"2,31,000","1,65,157 kms",Petrol
Toyota Corolla Altis G,Toyota,2007,"54,000","28,910 kms",Petrol
Fiat Punto Active,Fiat,2007,"25,000","1,52,366 kms",Diesel
Honda WR-V i-VTEC VX,Honda,2014,"84,000","63,927 kms",Diesel
Skoda Octavia Elegance 1.8 TSI,Skoda,2016,"92,000","69,189 kms",Diesel
Ford Figo,Ford,2023,"1,12,000","1,56,697 kms",Diesel
Fiat Punto Active,Fiat,2019,"80,000","82,189 kms",Petrol
Renault Triber RXZ,Renault,2018,"67,000","1,73,313 kms",Diesel
Volvo S60 D4,Volvo,2015,"8,30,000","1,54,867 kms",Diesel
Mini Cooper D,Mini,2006,"5,55,000","35,088 kms",Diesel
Honda City 1.5 S MT,Honda,2020,"1,65,000","11,676 kms",Petrol
Skoda Octavia Elegance 1.8 TSI,Skoda,2016,"79,000","65,486 kms",Petrol
Volvo XC60 D5,Volvo,2009,"7,76,000","55,137 kms",Diesel
Volvo S60 D4,Volvo,2003,"3,15,000","82,546 kms",Petrol
Chevrolet Tavera Neo 3,Chevrolet,2022,"1,38,000","26,836 kms",Diesel
Hyundai Santro Xing XO eRLX Euro III,Hyundai,2013,"45,000","1,61,844 kms",Diesel
Volkswagen Ameo Highline 1.5,Volkswagen,2013,Ask For Price,"1,57,499 kms",Diesel
Skoda Fabia Classic 1.2 MPI,Skoda,2002,"25,000","1,77,284 kms",Diesel
Toyota Glanza G,Toyota,2022,"1,35,000","1,06,809 kms",Diesel
Audi Q7,Audi,2016,"14,62,000","45,730 kms",Diesel
Skoda Fabia Classic 1.2 MPI,Skoda,2012,"72,000","31,766 kms",Petrol
Audi A8,Audi,2002,Ask For Price,"1,16,180 kms",Diesel
Jaguar XF Portfolio,Jaguar,2004,"4,02,000","1,75,847 kms",Diesel
Nissan Micra XV,Nissan,2007,"25,000","1,42,175 kms",Diesel
Datsun GO Plus T,Datsun,2012,"32,000","94,479 kms",Diesel
Audi A4 35 TDI,Audi,2015,"9,72,000","1,52,936 kms",Petrol
Jaguar XE Prestige,Jaguar,2013,"10,15,000","1,01,985 kms",Diesel
Maruti Suzuki Alto K10 VXi,Maruti,2022,Ask For Price,"46,787 kms",CNG
Toyota Yaris VX,Toyota,2009,Ask For Price,"92,929 kms",Petrol
Volvo XC60 D5,Volvo,2013,"7,52,000","1,53,809 kms",Diesel
Mercedes C-Class C220d,Mercedes,2010,"6,97,000","1,57,622 kms",Diesel
Mini Cooper D,Mini,2008,"5,71,000","53,713 kms",Diesel
Land Rover Discovery Sport,Land,2020,"30,85,000","22,388 kms",Petrol
Land Rover Discovery Sport,Land,2002,"5,34,000","29,721 kms",Petrol
Land Rover Freelander 2,Land,2005,"6,33,000","60,518 kms",Petrol
Jaguar XE Prestige,Jaguar,2008,"7,40,000","53,062 kms",Petrol
Mahindra TUV300 T8,Mahindra,2002,"25,000","1,75,517 kms",Diesel
Honda WR-V i-VTEC VX,Honda,2018,"77,000","1,27,281 kms",Diesel
Mercedes GLA 200d,Mercedes,2022,"30,37,000","10,830 kms",Petrol
Toyota Yaris VX,Toyota,2003,"25,000","1,33,135 kms",Petrol
Skoda Octavia Elegance 1.8 TSI,Skoda,2011,"44,000","1,72,802 kms",Petrol
Mercedes GLA 200d,Mercedes,2019,"26,55,000","25,814 kms",Diesel
Mercedes C-Class C220d,Mercedes,2003,"4,13,000","76,360 kms",Petrol
Volvo S60 D4,Volvo,2002,"2,49,000","1,65,774 kms",Petrol
Volkswagen Polo Highline 1.2L,Volkswagen,2017,"1,24,000","11,558 kms",Petrol
Renault Duster 110 PS RxL,Renault,2009,"29,000","1,29,710 kms",Diesel
Hyundai Eon Era Plus,Hyundai,2003,"25,000","89,594 kms",Diesel
Mini Cooper S,Mini,2017,"12,04,000","58,618 kms",Petrol
Ford Figo,Ford,2015,"56,000","1,31,390 kms",Petrol
Mini Cooper D,Mini,2006,"3,52,000","1,60,846 kms",Diesel
Skoda Rapid Elegance 1.6 MPI,Skoda,2007,"45,000","21,421 kms",Petrol
Mini Cooper S,Mini,2015,"11,51,000","43,125 kms",Petrol
Honda Jazz V,Honda,2002,"25,000","1,19,915 kms",Diesel
Mini Cooper D,Mini,2023,"22,02,000","55,958 kms",Diesel
Ford Freestyle Titanium,Ford,2009,"37,000","87,314 kms",Petrol
Renault Triber RXZ,Renault,2010,"31,000","1,58,891 kms",Diesel
Mitsubishi Lancer 1.8 GLX,Mitsubishi,2002,"25,000","1,54,738 kms",Petrol
Jeep Compass Limited,Jeep,2018,"1,11,000","1,53,573 kms",Diesel
Mitsubishi Lancer 1.8 GLX,Mitsubishi,2021,"1,10,000","1,15,227 kms",Petrol
Honda Brio S MT,Honda,2003,"25,000","75,818 kms",Diesel
Honda Brio S MT,Honda,2005,"25,000","1,17,479 kms",Diesel
Mitsubishi Pajero Sport 4x2,Mitsubishi,2010,"42,000","1,00,835 kms",Diesel
Volkswagen Ameo Highline 1.5,Volkswagen,2015,"66,000","95,285 kms",Diesel
Skoda Octavia Elegance 1.8 TSI,Skoda,2012,"64,000","42,056 kms",Diesel
Jeep Compass Limited,Jeep,2011,"71,000","99,428 kms",Diesel
Volvo S60 D4,Volvo,2002,"3,72,000","65,636 kms",Petrol
Fiat Linea Active,Fiat,2006,"33,000","20,138 kms",Petrol
BMW X1 sDrive20d,BMW,2021,"16,57,000","1,61,961 kms",Diesel
Volvo S60 D4,Volvo,2017,"11,76,000","1,27,211 kms",Diesel
Audi A4 35 TDI,Audi,2013,"9,06,000","65,992 kms",Petrol
Chevrolet Beat LT,Chevrolet,2008,"25,000","1,38,264 kms",Petrol
Skoda Rapid Elegance 1.6 MPI,Skoda,2006,"41,000","47,398 kms",Petrol
Honda City 1.5 S MT,Honda,2016,"83,000","78,093 kms",Petrol
Mercedes C-Class C220d,Mercedes,2023,"35,02,000","13,720 kms",Diesel
Volvo XC60 D5,Volvo,2016,"14,64,000","55,081 kms",Petrol
Maruti Suzuki Alto K10 VXi,Maruti,2012,"42,000","1,38,890 kms",Petrol
Nissan Terrano XL,Nissan,2019,"1,18,000","47,082 kms",Diesel
Mahindra Bolero SLE,Mahindra,2013,"74,000","26,339 kms",Petrol
Jeep Compass Longitude,Jeep,2018,"1,86,000","32,203 kms",Petrol
Volkswagen Vento Highline Diesel,Volkswagen,2019,"1,54,000","31,584 kms",Diesel
Renault Triber RXZ,Renault,2006,"25,000","1,68,534 kms",Petrol
Jaguar XF Portfolio,Jaguar,2012,"11,33,000","49,402 kms",Diesel
Jaguar XF Portfolio,Jaguar,2005,Ask For Price,"1,56,282 kms",Diesel
Hyundai Tucson 2WD AT GLS,Hyundai,2023,"1,50,000","56,647 kms",Petrol
Tata Tigor XZ,Tata,2003,"26,000","6,501 kms",Petrol
Audi A6 2.0 TDI,Audi,2005,"3,56,000","98,713 kms",Petrol
Renault Duster 110 PS RxL,Renault,2023,"1,12,000","1,35,306 kms",Diesel
Volkswagen Jetta Comfortline TDI,Volkswagen,2018,"1,17,000","62,783 kms",Petrol
Honda City 1.5 S MT,Honda,2007,"33,000","95,993 kms",Diesel
Mitsubishi Lancer 1.8 GLX,Mitsubishi,2021,"1,74,000","20,576 kms",Petrol
Mitsubishi Pajero Sport 4x2,Mitsubishi,2017,"1,17,000","42,786 kms",Diesel
Toyota Innova 2.5 G,Toyota,2016,"78,000","1,00,737 kms",Petrol
Fiat Punto Active,Fiat,2004,"25,000","23,699 kms",Diesel
Ford Figo Aspire Titanium,Ford,2014,"60,000","94,020 kms",Petrol
Hyundai Santro Xing XO eRLX Euro III,Hyundai,2013,"66,000","72,463 kms",Diesel
Audi A8,Audi,2014,"14,35,000","15,591 kms",Petrol
Ford Figo Aspire Titanium,Ford,2006,Ask For Price,"89,099 kms",Diesel
Hyundai Santro Xing XO eRLX Euro III,Hyundai,2008,"33,000","1,01,270 kms",Diesel
Skoda Fabia Classic 1.2 MPI,Skoda,2020,"95,000","1,24,562 kms",Petrol
Audi A4 35 TDI,Audi,2019,"17,77,000","70,743 kms",Diesel
Renault Duster 110 PS RxL,Renault,2007,"36,000","28,190 kms",Petrol
Toyota Etios VXD,Toyota,2015,"1,15,000","50,875 kms",Diesel
Ford EcoSport Titanium 1.5L TDCi,Ford,2006,"25,000","1,56,273 kms",Petrol
Mahindra Jeep CL550 MDI,Mahindra,2006,Ask For Price,"99,885 kms",Diesel
Hyundai i10 Sportz,Hyundai,2016,"62,000","1,76,626 kms",Diesel
Jaguar XF Portfolio,Jaguar,2007,"7,29,000","40,052 kms",Petrol
Datsun redi-GO T,Datsun,2023,"98,000","73,125 kms",Diesel
BMW X1 sDrive20d,BMW,2004,"4,19,000","77,929 kms",Diesel
Hyundai Eon Era Plus,Hyundai,2014,"55,000","88,790 kms",Petrol
Skoda Fabia Classic 1.2 MPI,Skoda,2008,"34,000","1,15,697 kms",Petrol
BMW 5 Series 520d,BMW,2014,"13,09,000","33,046 kms",Petrol
Datsun GO T,Datsun,2017,"57,000","79,826 kms",Diesel
Nissan Sunny XL,Nissan,2007,"38,000","37,538 kms",Diesel
Hyundai Verna 1.6 SX,Hyundai,2021,"1,09,000","1,11,976 kms",Diesel
Skoda Octavia Elegance 1.8 TSI,Skoda,2016,"63,000","1,39,665 kms",Petrol
Mahindra KUV100 K8,Mahindra,2003,"25,000","1,69,657 kms",Diesel
Jeep Compass Limited,Jeep,2009,"77,000","18,212 kms",Petrol
Datsun redi-GO T,Datsun,2009,"25,000","1,48,513 kms",Diesel
Mini Cooper D,Mini,2010,"6,46,000","48,219 kms",Diesel
Jaguar XF Portfolio,Jaguar,2008,"5,90,000","1,67,695 kms",Diesel
Land Rover Discovery Sport,Land,2019,"27,27,000","7,112 kms",Petrol
Nissan Sunny XL,Nissan,2018,"61,000","1,69,154 kms",Petrol
Mini Cooper D,Mini,2013,"6,75,000","1,60,775 kms",Diesel
Land Rover Discovery Sport,Land,2010,"11,92,000","34,961 kms",Diesel
Mini Cooper S,Mini,2011,"7,81,000","55,935 kms",Diesel
Chevrolet Tavera Neo 3,Chevrolet,2018,"77,000","67,160 kms",Diesel
Hyundai Venue SX,Hyundai,2018,"81,000","1,68,101 kms",Diesel
Toyota Corolla Altis G,Toyota,2009,Ask For Price,"14,970 kms",Petrol
Datsun redi-GO T,Datsun,2018,"48,000","1,76,958 kms",Diesel
Volvo S60 D4,Volvo,2023,"28,06,000","41,714 kms",Diesel
Land Rover Freelander 2,Land,2016,"13,27,000","88,233 kms",Petrol
Maruti Suzuki Alto 800 Vxi,Maruti,2006,"25,000","1,63,334 kms",Diesel
Tata Tiago Revotron XZ,Tata,2004,"25,000","1,46,767 kms",Diesel
Tata Nano Lx,Tata,2003,"25,000","1,47,612 kms",Petrol
Mini Cooper S,Mini,2004,"3,86,000","75,731 kms",Diesel
Ford Endeavour 4x4 AT,Ford,2017,"91,000","41,443 kms",Diesel
BMW 5 Series 520d,BMW,2012,"6,83,000","1,39,189 kms",Petrol
Renault Kwid RXT,Renault,2018,"58,000","1,55,136 kms",Diesel
Audi A4 35 TDI,Audi,2008,"8,93,000","8,976 kms",Petrol
Volvo XC60 D5,Volvo,2005,"3,39,000","1,38,781 kms",Diesel
Hyundai Xcent S,Hyundai,2016,"58,000","1,24,904 kms",Petrol
Ford Figo Aspire Titanium,Ford,2020,"1,33,000","37,636 kms",Diesel
Skoda Rapid Elegance 1.6 MPI,Skoda,2003,"28,000","22,208 kms",Petrol
Volvo XC60 D5,Volvo,2017,"11,36,000","76,660 kms",Petrol
Hyundai Grand i10 Magna 1.2 Kappa VTVT,Hyundai,2018,"96,000","56,569 kms",Petrol
Datsun redi-GO T,Datsun,2004,Ask For Price,"1,42,753 kms",Petrol
Chevrolet Spark LT,Chevrolet,2016,"73,000","10,851 kms",Petrol
Ford EcoSport Titanium 1.5L TDCi,Ford,2006,"37,000","36,922 kms",Petrol
Datsun GO Plus T,Datsun,2008,"25,000","1,61,068 kms",Petrol
Hyundai Grand i10 Magna 1.2 Kappa VTVT,Hyundai,2004,"25,000","1,43,245 kms",Petrol
Volkswagen Polo Highline 1.2L,Volkswagen,2002,"25,000","1,00,246 kms",Diesel
Mercedes C-Class C220d,Mercedes,2003,"5,45,000","28,905 kms",Diesel
BMW 3 Series 320d,BMW,2007,"4,64,000","1,46,544 kms",Petrol
Mitsubishi Lancer 1.8 GLX,Mitsubishi,2010,"66,000","35,520 kms",Diesel
BMW 5 Series 520d,BMW,2006,"7,04,000","28,555 kms",Petrol
Honda Jazz V,Honda,2010,"46,000","79,116 kms",Diesel
Toyota Yaris VX,Toyota,2010,"69,000","41,173 kms",Petrol
Honda Jazz V,Honda,2010,"35,000","1,66,958 kms",Petrol
Nissan Terrano XL,Nissan,2012,"61,000",617 kms,Petrol
Mini Cooper S,Mini,2015,"11,93,000","56,531 kms",Petrol
Ford Fiesta Classic CLXi,Ford,2016,"58,000","1,65,082 kms",Diesel
Ford Freestyle Titanium,Ford,2023,Ask For Price,"51,033 kms",Petrol
Mahindra XUV500 W8,Mahindra,2021,"1,01,000","1,67,236 kms",Diesel
Jeep Compass Limited,Jeep,2016,"91,000","1,11,592 kms",Diesel
Toyota Etios VXD,Toyota,2018,"90,000","1,28,339 kms",Petrol
Hyundai Santro Xing XO eRLX Euro III,Hyundai,2011,"36,000","1,60,568 kms",Diesel
Datsun redi-GO T,Datsun,2014,"31,000","1,17,832 kms",Diesel
Mini Cooper S,Mini,2021,"15,27,000","1,13,912 kms",Diesel
Mini Cooper S,Mini,2010,"5,31,000","1,29,272 kms",Petrol
Volvo XC60 D5,Volvo,2010,"7,07,000","84,176 kms",Diesel
Nissan Sunny XL,Nissan,2016,"86,000","31,042 kms",Petrol
Audi A4 35 TDI,Audi,2013,"10,26,000","51,878 kms",Diesel
Mitsubishi Pajero Sport 4x2,Mitsubishi,2022,"2,08,000","45,847 kms",Diesel
Toyota Fortuner 3.0 4x4 AT,Toyota,2014,"61,000","1,11,838 kms",Diesel
Mini Cooper D,Mini,2006,"3,65,000","1,31,072 kms",Diesel
Skoda Rapid Elegance 1.6 MPI,Skoda,2011,"51,000","89,952 kms",Diesel
Maruti Suzuki Omni E STD,Maruti,2002,"25,000","40,817 kms",Petrol
BMW 5 Series 520d,BMW,2020,"21,60,000","77,140 kms",Diesel
Fiat Punto Active,Fiat,2008,"32,000","35,869 kms",Petrol
Renault Kwid RXT,Renault,2013,"44,000","1,01,706 kms",Diesel
Honda Civic 1.8 V MT,Honda,2021,"1,19,000","1,08,992 kms",Diesel
Skoda Octavia Elegance 1.8 TSI,Skoda,2022,"1,94,000","39,096 kms",Petrol
Land Rover Freelander 2,Land,2005,"6,60,000","53,009 kms",Petrol
Datsun GO T,Datsun,2021,"1,13,000","20,544 kms",Diesel
Maruti Suzuki Swift Vdi,Maruti,2011,"62,000","23,469 kms",Petrol
Jeep Compass Longitude,Jeep,2022,"1,62,000","99,832 kms",Petrol
Volvo XC60 D5,Volvo,2007,"3,61,000","1,43,968 kms",Petrol
Datsun redi-GO T,Datsun,2003,"25,000","1,51,319 kms",Petrol
Audi Q3 35 TDI,Audi,2002,"3,29,000","96,863 kms",Diesel
Honda City 1.5 S MT,Honda,2013,"86,000","16,970 kms",Petrol
Mahindra Jeep CL550 MDI,Mahindra,2002,"25,000","1,69,042 kms",Petrol
Maruti Suzuki Alto 800 Vxi,Maruti,2006,"25,000","1,20,536 kms",CNG
Jaguar XF Portfolio,Jaguar,2012,"8,13,000","1,04,165 kms",Diesel
Mini Cooper S,Mini,2019,"19,47,000","2,333 kms",Petrol
Toyota Fortuner 3.0 4x4 AT,Toyota,2016,"80,000","1,09,461 kms",Petrol
Skoda Fabia Classic 1.2 MPI,Skoda,2004,"36,000","16,196 kms",Diesel
Jeep Compass Limited,Jeep,2004,"36,000","72,535 kms",Petrol
Toyota Fortuner 3.0 4x4 AT,Toyota,2011,"64,000","35,234 kms",Petrol
Volkswagen Jetta Comfortline TDI,Volkswagen,2005,"29,000","73,837 kms",Petrol
Jeep Compass Longitude,Jeep,2015,"91,000","1,30,443 kms",Diesel
Fiat Linea Active,Fiat,2011,"51,000","13,498 kms",Diesel
Volkswagen Vento Highline Diesel,Volkswagen,2019,"90,000","1,53,180 kms",Diesel
Jeep Compass Limited,Jeep,2007,"39,000","1,70,936 kms",Diesel
Mitsubishi Pajero Sport 4x2,Mitsubishi,2007,"39,000","75,528 kms",Diesel
Mini Cooper D,Mini,2006,"4,56,000","32,112 kms",Petrol
Mitsubishi Lancer 1.8 GLX,Mitsubishi,2005,"42,000","28,808 kms",Diesel
Volkswagen Ameo Highline 1.5,Volkswagen,2008,"32,000","1,48,439 kms",Petrol
Volvo XC60 D5,Volvo,2014,"13,03,000","33,668 kms",Diesel
Tata Nano Lx,Tata,2020,"91,000","88,810 kms",Petrol
Maruti Suzuki Alto 800 Vxi,Maruti,2023,"1,10,000","1,64,945 kms",Petrol
Tata Bolt XT,Tata,2012,"36,000","1,72,791 kms",Petrol
Land Rover Freelander 2,Land,2016,"10,96,000","1,27,892 kms",Petrol
Toyota Corolla Altis G,Toyota,2013,"63,000","1,39,255 kms",Diesel
Ford Fiesta Classic CLXi,Ford,2005,"35,000","16,486 kms",Diesel
Jaguar XE Prestige,Jaguar,2013,"8,58,000","1,46,162 kms",Petrol
Mitsubishi Pajero Sport 4x2,Mitsubishi,2005,"28,000","88,416 kms",Petrol
Skoda Fabia Classic 1.2 MPI,Skoda,2019,"81,000","1,29,985 kms",Diesel
Renault Triber RXZ,Renault,2023,"96,000","1,59,632 kms",Petrol
Jeep Compass Longitude,Jeep,2003,"32,000","91,801 kms",Diesel
Toyota Corolla Altis G,Toyota,2015,"1,00,000","41,793 kms",Diesel
Volkswagen Vento Highline Diesel,Volkswagen,2023,"1,76,000","53,079 kms",Petrol
Maruti Suzuki Eeco 5 Seater,Maruti,2021,"97,000","1,61,681 kms",Petrol
Fiat Linea Active,Fiat,2019,"79,000","76,976 kms",Petrol
Chevrolet Beat LT,Chevrolet,2012,"44,000","58,356 kms",Diesel
Hyundai Tucson 2WD AT GLS,Hyundai,2016,"72,000","92,824 kms",Petrol
Mitsubishi Pajero Sport 4x2,Mitsubishi,2023,"1,54,000","1,68,304 kms",Petrol
Datsun GO Plus T,Datsun,2012,"27,000","1,48,309 kms",Diesel
Mitsubishi Pajero Sport 4x2,Mitsubishi,2008,"49,000","26,143 kms",Petrol
Mini Cooper D,Mini,2011,"8,97,000","7,567 kms",Petrol
Ford Endeavour 4x4 AT,Ford,2003,"25,000","1,03,169 kms",Petrol
BMW 3 Series 320d,BMW,2007,"6,70,000","60,627 kms",Diesel
Toyota Etios VXD,Toyota,2021,"1,17,000","1,72,898 kms",Petrol
Mahindra XUV500 W8,Mahindra,2003,"25,000","1,15,499 kms",Petrol
Jeep Compass Limited,Jeep,2004,"31,000","1,69,965 kms",Diesel
Volkswagen Ameo Highline 1.5,Volkswagen,2008,"53,000","7,873 kms",Petrol
Chevrolet Tavera Neo 3,Chevrolet,2017,"44,000","1,23,013 kms",Diesel
BMW X1 sDrive20d,BMW,2013,"11,34,000","26,387 kms",Petrol
Toyota Corolla Altis G,Toyota,2009,"51,000","63,597 kms",Diesel
Nissan Sunny XL,Nissan,2018,"78,000","99,647 kms",Diesel
Hyundai Elite i20 Magna 1.2,Hyundai,2012,"78,000","6,189 kms",Diesel
BMW 3 Series 320d,BMW,2014,"7,88,000","1,50,984 kms",Diesel
Land Rover Freelander 2,Land,2015,"17,95,000","21,563 kms",Petrol
Nissan Sunny XL,Nissan,2008,"42,000","35,737 kms",Diesel
Volkswagen Polo Highline 1.2L,Volkswagen,2022,"1,39,000","68,174 kms",Petrol
Jaguar XF Portfolio,Jaguar,2008,"5,77,000","1,49,208 kms",Diesel
Tata Tiago Revotron XZ,Tata,2020,"67,000","1,01,753 kms",Petrol
Fiat Punto Active,Fiat,2002,"25,000","1,34,748 kms",Diesel
Jeep Compass Longitude,Jeep,2020,"1,85,000","56,598 kms",Petrol
Jeep Compass Longitude,Jeep,2019,"2,22,000","27,830 kms",Diesel
BMW 5 Series 520d,BMW,2002,"4,43,000","25,613 kms",Petrol
BMW X1 sDrive20d,BMW,2002,"4,93,000","26,981 kms",Petrol
Audi Q3 35 TDI,Audi,2006,"5,75,000","33,167 kms",Diesel
Mahindra Thar CRDe 4x4,Mahindra,2006,"27,000","1,79,963 kms",Petrol
Ford Freestyle Titanium,Ford,2014,"54,000","1,14,521 kms",Diesel
Mercedes C-Class C220d,Mercedes,2004,"5,33,000","54,161 kms",Petrol
Audi Q3 35 TDI,Audi,2020,"18,02,000","64,581 kms",Petrol
Mercedes GLA 200d,Mercedes,2015,"14,47,000","47,906 kms",Diesel
Mercedes E-Class E220d,Mercedes,2023,"20,79,000","97,065 kms",Petrol
Honda Jazz V,Honda,2015,"57,000","1,11,212 kms",Diesel
Ford Figo Aspire Titanium,Ford,2007,"27,000","1,22,993 kms",Petrol
Land Rover Freelander 2,Land,2015,"17,85,000","45,229 kms",Petrol
Tata Tiago Revotron XZ,Tata,2005,"25,000","61,513 kms",Diesel
Datsun GO T,Datsun,2017,"59,000","81,670 kms",Diesel
Audi Q3 35 TDI,Audi,2016,"12,54,000","79,142 kms",Diesel
Land Rover Discovery Sport,Land,2019,"24,92,000","37,431 kms",Petrol
Mercedes C-Class C220d,Mercedes,2021,"15,54,000","1,46,304 kms",Petrol
Chevrolet Sail UVA LS,Chevrolet,2018,"59,000","1,42,523 kms",Diesel
Hyundai Verna 1.6 SX,Hyundai,2003,"25,000","57,231 kms",Petrol
Jaguar XF Portfolio,Jaguar,2013,"15,12,000","14,226 kms",Diesel
Mitsubishi Lancer 1.8 GLX,Mitsubishi,2009,"41,000","1,43,102 kms",Diesel
Mercedes C-Class C220d,Mercedes,2009,"6,26,000","80,820 kms",Petrol
Mini Cooper S,Mini,2010,"7,71,000","22,977 kms",Petrol
Honda Civic 1.8 V MT,Honda,2021,"1,18,000","1,16,894 kms",Diesel
Toyota Yaris VX,Toyota,2003,"25,000","1,10,461 kms",Diesel
Volvo S60 D4,Volvo,2008,"5,49,000","98,628 kms",Diesel
Volkswagen Ameo Highline 1.5,Volkswagen,2005,"39,000","8,874 kms",Diesel
Ford Fiesta Classic CLXi,Ford,2005,"25,000","1,36,355 kms",Petrol
Maruti Suzuki Baleno Delta,Maruti,2023,"1,41,000","72,284 kms",Petrol
Jeep Compass Longitude,Jeep,2017,"1,09,000","1,79,452 kms",Petrol
Jaguar XE Prestige,Jaguar,2003,"5,02,000","55,455 kms",Petrol
Datsun redi-GO T,Datsun,2015,"43,000","94,377 kms",Petrol
Volkswagen Jetta Comfortline TDI,Volkswagen,2018,"86,000","1,33,324 kms",Diesel
Audi Q7,Audi,2019,"13,13,000","1,34,315 kms",Diesel
Land Rover Discovery Sport,Land,2021,"24,33,000","93,297 kms",Diesel
Ford EcoSport Ambiente 1.5L TDCi,Ford,2021,"1,78,000","22,802 kms",Diesel
Skoda Rapid Elegance 1.6 MPI,Skoda,2004,"25,000","1,69,787 kms",Petrol
Toyota Etios VXD,Toyota,2022,"1,24,000","1,49,802 kms",Diesel
Mini Cooper S,Mini,2006,"3,34,000","1,29,382 kms",Diesel
Fiat Linea Active,Fiat,2006,"29,000","4,750 kms",Petrol
Chevrolet Beat LT,Chevrolet,2022,"1,12,000","59,950 kms",Petrol
Volkswagen Polo Highline 1.2L,Volkswagen,2005,"26,000","71,555 kms",Petrol
BMW 5 Series 520d,BMW,2005,"4,86,000","58,546 kms",Petrol
Skoda Octavia Elegance 1.8 TSI,Skoda,2013,"46,000","1,24,981 kms",Diesel
Mini Cooper D,Mini,2004,"5,34,000","8,036 kms",Diesel
Jaguar XE Prestige,Jaguar,2020,"16,16,000","1,25,366 kms",Petrol
Jeep Compass Limited,Jeep,2019,"1,13,000","1,16,549 kms",Diesel
Mitsubishi Lancer 1.8 GLX,Mitsubishi,2015,"62,000","1,28,790 kms",Diesel
Tata Tiago Revotron XZ,Tata,2011,"31,000","1,65,518 kms",Diesel
Volkswagen Vento Highline Diesel,Volkswagen,2005,"29,000","90,395 kms",Petrol
Mini Cooper S,Mini,2023,"19,78,000","79,836 kms",Diesel
Toyota Innova 2.5 G,Toyota,2003,"25,000","1,36,363 kms",Diesel
Hyundai Santro Xing XO eRLX Euro III,Hyundai,2007,"36,000","73,413 kms",Petrol
Tata Nexon XZ Plus,Tata,2010,"43,000","48,157 kms",Petrol
Tata Indica V2 DLS,Tata,2008,"27,000","78,465 kms",Petrol
Mini Cooper D,Mini,2005,"3,40,000","1,34,468 kms",Diesel
Mahindra TUV300 T8,Mahindra,2017,"80,000","1,58,839 kms",Petrol
Skoda Octavia Elegance 1.8 TSI,Skoda,2006,"25,000","1,68,341 kms",Petrol
Mercedes C-Class C220d,Mercedes,2017,"13,84,000","70,240 kms",Petrol
Mahindra TUV300 T8,Mahindra,2012,"91,000","5,286 kms",Petrol
BMW 3 Series 320d,BMW,2004,"4,34,000","59,059 kms",Petrol
Volkswagen Jetta Comfortline TDI,Volkswagen,2004,"25,000","1,63,236 kms",Diesel
Chevrolet Beat LT,Chevrolet,2021,"69,000","1,04,012 kms",Diesel
Nissan Sunny XL,Nissan,2003,"25,000","1,11,278 kms",Diesel
Land Rover Discovery Sport,Land,2018,"15,80,000","1,14,362 kms",Petrol
Tata Nexon XZ Plus,Tata,2018,"68,000","97,626 kms",Diesel
Audi A4 35 TDI,Audi,2007,"7,68,000","17,358 kms",Petrol
Volvo S60 D4,Volvo,2017,"10,34,000","99,631 kms",Diesel
Mercedes GLA 200d,Mercedes,2002,"4,78,000",478 kms,Petrol
BMW 3 Series 320d,BMW,2010,"6,96,000","80,338 kms",Diesel
Skoda Fabia Classic 1.2 MPI,Skoda,2002,"32,000","2,886 kms",Petrol
Mini Cooper S,Mini,2015,"11,15,000","75,293 kms",Diesel
Mitsubishi Lancer 1.8 GLX,Mitsubishi,2021,"2,00,000","23,084 kms",Diesel
Skoda Octavia Elegance 1.8 TSI,Skoda,2022,"1,25,000","1,34,108 kms",Diesel
Tata Tigor XZ,Tata,2007,"39,000","2,120 kms",Petrol
Datsun GO Plus T,Datsun,2014,"30,000","1,31,488 kms",Diesel
Mercedes E-Class E220d,Mercedes,2013,"9,05,000","1,28,843 kms",Diesel
Mercedes GLA 200d,Mercedes,2014,"9,37,000","85,112 kms",Petrol
BMW 5 Series 520d,BMW,2008,"8,02,000","4,835 kms",Petrol
Nissan Sunny XL,Nissan,2013,"65,000","5,096 kms",Diesel
Datsun redi-GO T,Datsun,2009,"25,000","97,998 kms",Petrol
Chevrolet Sail UVA LS,Chevrolet,2022,"73,000","1,68,998 kms",Diesel
Mitsubishi Pajero Sport 4x2,Mitsubishi,2023,"1,35,000","1,11,235 kms",Diesel
Volkswagen Jetta Comfortline TDI,Volkswagen,2016,"60,000","1,12,420 kms",Petrol
Jaguar XE Prestige,Jaguar,2017,"19,20,000","18,520 kms",Petrol
Jeep Compass Limited,Jeep,2010,"90,000","29,776 kms",Diesel
Volvo XC60 D5,Volvo,2021,"15,49,000","1,25,493 kms",Petrol
Mini Cooper S,Mini,2021,"19,23,000","53,332 kms",Petrol
Jeep Compass Limited,Jeep,2015,"83,000","1,45,305 kms",Petrol
Jeep Compass Longitude,Jeep,2013,"76,000","1,34,507 kms",Petrol
BMW X1 sDrive20d,BMW,2005,"3,85,000","99,424 kms",Diesel
Chevrolet Beat LT,Chevrolet,2017,"46,000","1,66,556 kms",Petrol
Renault Triber RXZ,Renault,2006,"31,000","29,986 kms",Petrol
Volvo XC60 D5,Volvo,2002,"2,74,000","1,74,922 kms",Petrol
Toyota Glanza G,Toyota,2021,"1,38,000","92,078 kms",Petrol
Honda WR-V i-VTEC VX,Honda,2023,"1,21,000","1,65,559 kms",Diesel
Hyundai Venue SX,Hyundai,2014,"54,000","1,15,539 kms",Diesel
Fiat Linea Active,Fiat,2016,"47,000","1,75,917 kms",Petrol
Fiat Punto Active,Fiat,2021,"1,37,000","12,003 kms",Diesel
BMW X1 sDrive20d,BMW,2020,"13,92,000","1,49,136 kms",Petrol
Land Rover Discovery Sport,Land,2010,"11,50,000","11,346 kms",Diesel
Datsun GO T,Datsun,2003,"25,000","61,804 kms",Petrol
Land Rover Discovery Sport,Land,2017,"19,65,000","49,332 kms",Diesel
Volkswagen Polo Highline 1.2L,Volkswagen,2021,"1,15,000","1,40,745 kms",Diesel
Honda Civic 1.8 V MT,Honda,2011,"71,000","5,719 kms",Diesel
Mercedes C-Class C220d,Mercedes,2010,"6,92,000","1,22,549 kms",Diesel
Nissan Sunny XL,Nissan,2006,"25,000","1,04,102 kms",Diesel
Fiat Linea Active,Fiat,2009,"25,000","1,33,301 kms",Diesel
Maruti Suzuki Alto 800 Vxi,Maruti,2020,"77,000","1,63,131 kms",CNG
Land Rover Freelander 2,Land,2010,"7,55,000","1,69,149 kms",Diesel
Mahindra Bolero SLE,Mahindra,2021,"2,02,000","7,624 kms",Diesel
Renault Triber RXZ,Renault,2021,"82,000","1,27,967 kms",Diesel
Chevrolet Spark LT,Chevrolet,2014,"42,000","77,085 kms",Diesel
Mercedes GLA 200d,Mercedes,2020,"16,22,000","1,58,749 kms",Diesel
Honda Brio S MT,Honda,2015,"80,000","80,702 kms",Diesel
Chevrolet Spark LT,Chevrolet,2009,Ask For Price,"9,049 kms",Petrol
Audi Q3 35 TDI,Audi,2003,"3,23,000","1,24,947 kms",Diesel
Volvo XC60 D5,Volvo,2015,"9,20,000","1,47,687 kms",Petrol
Chevrolet Beat LT,Chevrolet,2010,"29,000","94,038 kms",Petrol
Volvo S60 D4,Volvo,2005,"3,03,000","1,14,090 kms",Petrol
Hyundai Venue SX,Hyundai,2012,"64,000","1,776 kms",Petrol
Volvo S60 D4,Volvo,2013,"9,10,000","96,031 kms",Diesel
Mitsubishi Pajero Sport 4x2,Mitsubishi,2006,"37,000","67,828 kms",Diesel
Chevrolet Spark LT,Chevrolet,2008,"26,000","47,678 kms",Petrol
Fiat Linea Active,Fiat,2010,"44,000","22,099 kms",Petrol
Mitsubishi Lancer 1.8 GLX,Mitsubishi,2022,"2,12,000","22,485 kms",Diesel
Tata Indica V2 DLS,Tata,2009,"25,000","1,44,707 kms",Petrol
Mitsubishi Pajero Sport 4x2,Mitsubishi,2017,"1,55,000","3,576 kms",Diesel
BMW X1 sDrive20d,BMW,2013,"14,13,000","17,182 kms",Petrol
Tata Nexon XZ Plus,Tata,2005,"25,000","1,70,700 kms",Petrol
Mercedes E-Class E220d,Mercedes,2003,"2,81,000","1,31,824 kms",Petrol
Maruti Suzuki Eeco 5 Seater,Maruti,2014,"49,000","1,51,594 kms",Petrol
Volkswagen Ameo Highline 1.5,Volkswagen,2006,"29,000","1,43,027 kms",Diesel
Mitsubishi Lancer 1.8 GLX,Mitsubishi,2006,"25,000","1,32,564 kms",Petrol
Fiat Linea Active,Fiat,2003,"25,000","94,633 kms",Petrol
Chevrolet Tavera Neo 3,Chevrolet,2003,"25,000","1,46,804 kms",Petrol
Honda Brio S MT,Honda,2015,"1,11,000","14,092 kms",Diesel
Jeep Compass Limited,Jeep,2012,"83,000","69,160 kms",Petrol
Maruti Suzuki Ciaz VDi,Maruti,2009,"27,000","1,42,604 kms",CNG
Mahindra Scorpio S10,Mahindra,2017,"82,000","1,68,256 kms",Diesel
Jeep Compass Limited,Jeep,2011,"53,000","1,38,902 kms",Diesel
Honda Amaze S i-Dtech,Honda,2002,Ask For Price,"12,498 kms",Diesel
Mini Cooper D,Mini,2010,"5,44,000","1,64,240 kms",Diesel
Ford Figo,Ford,2023,"1,47,000","58,078 kms",Diesel
Nissan Sunny XL,Nissan,2015,"75,000","14,595 kms",Diesel
Maruti Suzuki Alto K10 VXi,Maruti,2013,"46,000","1,68,899 kms",Diesel
Mercedes GLA 200d,Mercedes,2020,"23,55,000","55,873 kms",Diesel
Mitsubishi Pajero Sport 4x2,Mitsubishi,2021,"1,39,000","80,940 kms",Diesel
Mitsubishi Pajero Sport 4x2,Mitsubishi,2008,"36,000","85,455 kms",Petrol
Mitsubishi Lancer 1.8 GLX,Mitsubishi,2002,"25,000","1,55,417 kms",Petrol
Volkswagen Jetta Comfortline TDI,Volkswagen,2004,"25,000","80,966 kms",Petrol
Toyota Innova 2.5 G,Toyota,2005,"40,000","19,569 kms",Petrol
Jaguar XE Prestige,Jaguar,2009,"5,85,000","1,27,229 kms",Diesel
Fiat Punto Active,Fiat,2009,"32,000","65,459 kms",Petrol
Renault Duster 110 PS RxL,Renault,2010,"31,000","97,091 kms",Petrol
Maruti Suzuki Baleno Delta,Maruti,2011,"40,000","1,01,255 kms",Petrol
Toyota Glanza G,Toyota,2016,"1,05,000","69,376 kms",Petrol
Datsun GO Plus T,Datsun,2014,"35,000","1,08,609 kms",Petrol
Fiat Punto Active,Fiat,2003,"26,000","13,107 kms",Diesel
Nissan Terrano XL,Nissan,2008,"25,000","1,42,831 kms",Petrol
Hyundai Grand i10 Magna 1.2 Kappa VTVT,Hyundai,2012,"54,000","70,763 kms",Petrol
Chevrolet Tavera Neo 3,Chevrolet,2019,"1,00,000","28,027 kms",Petrol
Land Rover Discovery Sport,Land,2021,"35,87,000","28,051 kms",Diesel
Ford EcoSport Ambiente 1.5L TDCi,Ford,2023,"1,25,000","1,66,457 kms",Petrol
BMW 3 Series 320d,BMW,2021,"16,21,000","1,72,542 kms",Diesel
Hyundai Santro Xing XO eRLX Euro III,Hyundai,2015,"68,000","95,374 kms",Diesel
Datsun redi-GO T,Datsun,2019,"51,000","1,45,140 kms",Diesel
Jaguar XF Portfolio,Jaguar,2009,"5,89,000","1,66,244 kms",Diesel
Mercedes E-Class E220d,Mercedes,2015,"11,89,000","94,623 kms",Diesel
Jaguar XE Prestige,Jaguar,2010,"7,92,000","73,912 kms",Petrol
Ford Freestyle Titanium,Ford,2015,"76,000","47,549 kms",Petrol
Jeep Compass Limited,Jeep,2021,"1,46,000","1,69,504 kms",Petrol
Skoda Rapid Elegance 1.6 MPI,Skoda,2007,"27,000","1,43,929 kms",Petrol
Fiat Punto Active,Fiat,2023,"90,000","98,154 kms",Petrol
Mahindra XUV500 W8,Mahindra,2004,"25,000","1,77,717 kms",Diesel
Ford Figo Aspire Titanium,Ford,2002,"25,000","43,053 kms",Diesel
Skoda Rapid Elegance 1.6 MPI,Skoda,2016,"64,000","1,51,524 kms",Petrol
Renault Duster 110 PS RxL,Renault,2017,"64,000","99,783 kms",Petrol
BMW X1 sDrive20d,BMW,2007,"6,91,000","44,706 kms",Diesel
Jeep Compass Limited,Jeep,2023,"2,35,000","51,749 kms",Petrol
Chevrolet Tavera Neo 3,Chevrolet,2011,"47,000","4,060 kms",Diesel
Audi A6 2.0 TDI,Audi,2021,"15,95,000","1,25,056 kms",Petrol
Mercedes E-Class E220d,Mercedes,2015,"11,89,000","89,634 kms",Diesel
Hyundai i10 Sportz,Hyundai,2005,"25,000","1,32,950 kms",Petrol
Chevrolet Beat LT,Chevrolet,2004,"25,000","1,32,755 kms",Petrol
Chevrolet Beat LT,Chevrolet,2020,"58,000","1,73,777 kms",Petrol
Honda Civic 1.8 V MT,Honda,2015,Ask For Price,"62,200 kms",Diesel
BMW 3 Series 320d,BMW,2023,"21,68,000","1,18,436 kms",Petrol
Datsun redi-GO T,Datsun,2021,"99,000","30,850 kms",Diesel
Renault Lodgy 110PS RxZ 8 Str,Renault,2013,"52,000","47,080 kms",Petrol
Volvo S60 D4,Volvo,2010,"5,13,000","1,14,232 kms",Petrol
Mahindra Thar CRDe 4x4,Mahindra,2017,"1,08,000","59,842 kms",Diesel
Jeep Compass Limited,Jeep,2002,"25,000","1,62,391 kms",Petrol
Mercedes GLA 200d,Mercedes,2004,"6,15,000","4,189 kms",Petrol
Mercedes GLA 200d,Mercedes,2005,"4,37,000","1,72,325 kms",Diesel
Mitsubishi Lancer 1.8 GLX,Mitsubishi,2005,"33,000","73,441 kms",Diesel
Fiat Linea Active,Fiat,2008,"26,000","1,00,674 kms",Petrol
Volvo XC60 D5,Volvo,2015,"14,26,000","20,517 kms",Petrol
Jeep Compass Longitude,Jeep,2014,"79,000","1,41,888 kms",Diesel
Land Rover Freelander 2,Land,2008,"6,13,000","1,71,054 kms",Petrol
Audi A4 35 TDI,Audi,2011,Ask For Price,"1,01,069 kms",Diesel
Maruti Suzuki Eeco 5 Seater,Maruti,2002,"25,000","99,101 kms",Petrol
Ford Fiesta Classic CLXi,Ford,2021,"94,000","1,61,233 kms",Petrol
Mercedes C-Class C220d,Mercedes,2008,"7,98,000","13,930 kms",Petrol
Datsun GO T,Datsun,2006,"25,000","1,19,894 kms",Petrol
Renault Lodgy 110PS RxZ 8 Str,Renault,2021,"94,000","85,028 kms",Petrol
Mini Cooper D,Mini,2003,"2,75,000","87,118 kms",Petrol
Tata Tiago Revotron XZ,Tata,2006,"32,000","43,171 kms",Diesel
Nissan Sunny XL,Nissan,2020,"1,19,000","54,109 kms",Petrol
Nissan Micra XV,Nissan,2020,"80,000","1,22,845 kms",Petrol
Ford Figo,Ford,2023,"1,27,000","1,72,745 kms",Diesel
Skoda Fabia Classic 1.2 MPI,Skoda,2015,"1,13,000","15,628 kms",Diesel
Volvo XC60 D5,Volvo,2007,"4,57,000","1,22,534 kms",Diesel
Mahindra Bolero SLE,Mahindra,2022,"1,87,000","63,632 kms",Diesel
Mahindra Scorpio SLE BS IV,Mahindra,2021,"1,20,000","1,61,299 kms",Diesel
BMW 5 Series 520d,BMW,2003,"3,15,000","1,68,110 kms",Petrol
Toyota Fortuner 3.0 4x4 AT,Toyota,2003,"36,000","11,148 kms",Diesel
Mitsubishi Pajero Sport 4x2,Mitsubishi,2007,"43,000","49,734 kms",Diesel
Volvo S60 D4,Volvo,2019,"14,29,000","1,69,517 kms",Diesel
Fiat Punto Active,Fiat,2006,"25,000","85,569 kms",Petrol
Mercedes E-Class E220d,Mercedes,2007,"4,95,000","1,56,465 kms",Diesel
Datsun redi-GO T,Datsun,2012,"43,000","26,873 kms",Petrol
Jeep Compass Limited,Jeep,2015,"1,16,000","53,013 kms",Petrol
Nissan Sunny XL,Nissan,2003,"25,000","55,196 kms",Petrol
Honda Brio S MT,Honda,2004,"29,000","64,427 kms",Petrol
Jeep Compass Limited,Jeep,2013,"94,000","55,207 kms",Diesel
Jeep Compass Longitude,Jeep,2012,"88,000","75,734 kms",Diesel
Mitsubishi Pajero Sport 4x2,Mitsubishi,2021,"1,17,000","1,11,497 kms",Petrol
Honda Jazz V,Honda,2011,"58,000","56,495 kms",Petrol
Chevrolet Spark LT,Chevrolet,2012,"41,000","45,419 kms",Petrol
Jaguar XF Portfolio,Jaguar,2014,"10,84,000","1,10,194 kms",Petrol
Fiat Punto Active,Fiat,2010,"29,000","1,23,364 kms",Petrol
Chevrolet Tavera Neo 3,Chevrolet,2005,"28,000","4,604 kms",Petrol
Tata Indica V2 DLS,Tata,2007,"32,000","47,157 kms",Petrol
Chevrolet Sail UVA LS,Chevrolet,2005,"25,000","46,988 kms",Petrol
Jeep Compass Longitude,Jeep,2006,"52,000","50,177 kms",Petrol
Ford EcoSport Ambiente 1.5L TDCi,Ford,2006,"39,000","43,163 kms",Diesel
BMW X1 sDrive20d,BMW,2006,"6,32,000","29,929 kms",Diesel
Mercedes C-Class C220d,Mercedes,2012,"6,93,000","1,69,445 kms",Petrol
Volvo XC60 D5,Volvo,2017,"10,73,000","1,42,591 kms",Diesel
Hyundai Grand i10 Magna 1.2 Kappa VTVT,Hyundai,2023,"1,99,000","32,778 kms",Diesel
Toyota Fortuner 3.0 4x4 AT,Toyota,2019,"1,14,000","78,353 kms",Petrol
Jaguar XF Portfolio,Jaguar,2008,"7,22,000","88,624 kms",Diesel
Jaguar XE Prestige,Jaguar,2008,"8,98,000","50,498 kms",Diesel
Tata Indica V2 DLS,Tata,2003,"25,000","89,550 kms",Diesel
Toyota Etios VXD,Toyota,2019,"1,60,000","26,365 kms",Diesel
Audi Q7,Audi,2017,Ask For Price,"1,14,667 kms",Petrol
Toyota Etios VXD,Toyota,2012,"47,000","1,12,691 kms",Diesel
Renault Duster 110 PS RxL,Renault,2021,"87,000","1,60,521 kms",Diesel
Volvo XC60 D5,Volvo,2002,"2,61,000","1,26,375 kms",Diesel
Datsun GO Plus T,Datsun,2020,"59,000","1,59,143 kms",Petrol
Mitsubishi Pajero Sport 4x2,Mitsubishi,2022,"1,33,000","1,49,038 kms",Diesel
Jaguar XF Portfolio,Jaguar,2010,"6,56,000","1,02,015 kms",Petrol
Mahindra Jeep CL550 MDI,Mahindra,2003,"29,000","37,329 kms",Diesel
Mercedes E-Class E220d,Mercedes,2018,"15,04,000","1,04,027 kms",Petrol
Tata Tiago Revotron XZ,Tata,2008,"36,000","53,236 kms",Petrol
Jeep Compass Limited,Jeep,2015,"93,000","1,13,997 kms",Diesel
Nissan Terrano XL,Nissan,2010,"37,000","55,813 kms",Petrol
Mahindra Jeep CL550 MDI,Mahindra,2023,"1,57,000","1,06,295 kms",Diesel
Skoda Octavia Elegance 1.8 TSI,Skoda,2021,"1,35,000","66,437 kms",Diesel
Datsun GO Plus T,Datsun,2013,"33,000","1,79,514 kms",Diesel
Chevrolet Sail UVA LS,Chevrolet,2016,"44,000","1,29,932 kms",Petrol
Jaguar XE Prestige,Jaguar,2023,"35,01,000","37,822 kms",Diesel
Fiat Linea Active,Fiat,2019,"70,000","1,00,512 kms",Diesel
Jeep Compass Limited,Jeep,2008,"52,000","67,169 kms",Petrol
Volkswagen Ameo Highline 1.5,Volkswagen,2007,"43,000","26,686 kms",Petrol
Fiat Linea Active,Fiat,2003,"25,000","1,11,317 kms",Petrol
Volvo S60 D4,Volvo,2019,"20,04,000","11,767 kms",Diesel
Volvo S60 D4,Volvo,2012,"11,22,000","32,639 kms",Diesel
Nissan Micra XV,Nissan,2019,"82,000","91,498 kms",Petrol
Jaguar XF Portfolio,Jaguar,2017,"14,12,000","1,65,053 kms",Diesel
Land Rover Discovery Sport,Land,2009,"6,05,000","1,08,795 kms",Diesel
BMW 5 Series 520d,BMW,2016,"17,54,000","35,661 kms",Diesel
Land Rover Freelander 2,Land,2011,"9,03,000","89,378 kms",Petrol
Maruti Suzuki Wagon R 1.0 VXI,Maruti,2006,"29,000","66,554 kms",Petrol
Skoda Octavia Elegance 1.8 TSI,Skoda,2022,"1,42,000","72,568 kms",Petrol
Mitsubishi Lancer 1.8 GLX,Mitsubishi,2018,"96,000","1,70,845 kms",Diesel
BMW X1 sDrive20d,BMW,2007,"7,90,000","5,122 kms",Petrol
Toyota Etios VXD,Toyota,2011,"48,000","1,00,808 kms",Diesel
Toyota Glanza G,Toyota,2003,Ask For Price,"1,58,813 kms",Diesel
Audi Q7,Audi,2002,"2,86,000","1,59,324 kms",Diesel
Ford Freestyle Titanium,Ford,2023,"1,22,000","83,502 kms",Petrol
Tata Nano Lx,Tata,2005,"25,000","1,15,407 kms",Petrol
Tata Nano Lx,Tata,2017,"49,000","1,57,008 kms",Diesel
Skoda Octavia Elegance 1.8 TSI,Skoda,2009,"39,000","1,22,707 kms",Diesel
Toyota Corolla Altis G,Toyota,2008,"35,000","1,22,570 kms",Petrol
Ford EcoSport Ambiente 1.5L TDCi,Ford,2009,"36,000","63,047 kms",Petrol
Toyota Corolla Altis G,Toyota,2014,"61,000","1,50,933 kms",Diesel
Mahindra XUV500 W8,Mahindra,2009,"60,000","18,436 kms",Diesel
Jeep Compass Longitude,Jeep,2021,"1,77,000","76,299 kms",Diesel
BMW 3 Series 320d,BMW,2004,Ask For Price,"96,557 kms",Diesel
Volvo S60 D4,Volvo,2008,"4,81,000","1,68,404 kms",Diesel
Mahindra Thar CRDe 4x4,Mahindra,2014,"55,000","1,68,027 kms",Diesel
Datsun redi-GO T,Datsun,2017,"69,000","23,157 kms",Petrol
Land Rover Freelander 2,Land,2012,"13,85,000","21,981 kms",Diesel
Mini Cooper S,Mini,2008,"6,71,000","36,591 kms",Diesel
Jeep Compass Limited,Jeep,2007,"43,000","1,56,229 kms",Diesel
Land Rover Discovery Sport,Land,2021,"23,65,000","1,06,616 kms",Diesel
Fiat Punto Active,Fiat,2022,"1,08,000","58,087 kms",Diesel
Mercedes C-Class C220d,Mercedes,2023,"20,69,000","1,01,697 kms",Diesel
Mahindra Scorpio S10,Mahindra,2008,"32,000","1,68,045 kms",Diesel
Skoda Rapid Elegance 1.6 MPI,Skoda,2016,"57,000","1,31,968 kms",Petrol
Chevrolet Beat LT,Chevrolet,2005,"25,000","1,04,926 kms",Petrol
Tata Tigor XZ,Tata,2010,"26,000","1,49,816 kms",Petrol
Jaguar XF Portfolio,Jaguar,2006,"4,82,000","99,824 kms",Diesel
Skoda Fabia Classic 1.2 MPI,Skoda,2016,"91,000","40,152 kms",Petrol
Volkswagen Ameo Highline 1.5,Volkswagen,2011,"60,000","53,236 kms",Diesel
Mercedes GLA 200d,Mercedes,2015,"9,96,000","1,25,605 kms",Diesel
Toyota Fortuner 3.0 4x4 AT,Toyota,2021,Ask For Price,"1,34,795 kms",Diesel
Mahindra XUV500 W8,Mahindra,2008,"47,000","57,928 kms",Diesel
Fiat Punto Active,Fiat,2005,"25,000","1,18,643 kms",Petrol
Jaguar XF Portfolio,Jaguar,2005,"3,88,000","1,58,179 kms",Diesel
Skoda Octavia Elegance 1.8 TSI,Skoda,2005,"25,000","1,41,675 kms",Diesel
Nissan Sunny XL,Nissan,2005,"25,000","1,09,101 kms",Petrol
Mitsubishi Lancer 1.8 GLX,Mitsubishi,2006,"32,000","1,04,519 kms",Petrol
Toyota Etios VXD,Toyota,2018,"99,000","1,20,271 kms",Diesel
Mahindra Jeep CL550 MDI,Mahindra,2020,"1,02,000","99,809 kms",Diesel
Volvo S60 D4,Volvo,2021,"22,92,000","49,904 kms",Petrol
Audi Q7,Audi,2021,"30,48,000","12,151 kms",Diesel
Mitsubishi Pajero Sport 4x2,Mitsubishi,2008,"54,000","14,477 kms",Petrol
Mercedes GLA 200d,Mercedes,2004,"5,14,000","20,639 kms",Petrol
Maruti Suzuki Eeco 5 Seater,Maruti,2006,"32,000","61,535 kms",Diesel
Land Rover Freelander 2,Land,2023,"40,55,000","36,615 kms",Petrol
Honda Amaze S i-Dtech,Honda,2008,"49,000","12,082 kms",Petrol
Honda Amaze S i-Dtech,Honda,2009,"31,000","1,51,185 kms",Diesel
Renault Lodgy 110PS RxZ 8 Str,Renault,2017,"83,000","63,970 kms",Diesel
Audi A8,Audi,2016,Ask For Price,"1,39,940 kms",Petrol
Fiat Linea Active,Fiat,2007,"34,000","34,240 kms",Diesel
BMW 5 Series 520d,BMW,2005,"4,92,000","79,946 kms",Diesel
Datsun redi-GO T,Datsun,2016,"45,000","71,076 kms",Petrol
Maruti Suzuki Ertiga VDI,Maruti,2018,"1,23,000","17,030 kms",Diesel
Fiat Linea Active,Fiat,2020,"67,000","1,61,162 kms",Petrol
Honda City 1.5 S MT,Honda,2007,Ask For Price,"1,54,809 kms",Petrol
Maruti Suzuki Alto K10 VXi,Maruti,2010,"43,000","62,389 kms",Petrol
Mahindra Scorpio SLE BS IV,Mahindra,2004,"25,000","1,66,030 kms",Diesel
Tata Indica V2 DLS,Tata,2022,"1,12,000","88,601 kms",Petrol
Volkswagen Ameo Highline 1.5,Volkswagen,2003,"25,000","74,099 kms",Diesel
Audi A4 35 TDI,Audi,2020,"19,56,000","43,639 kms",Petrol
Mini Cooper D,Mini,2005,"3,21,000","1,07,410 kms",Petrol
Jaguar XF Portfolio,Jaguar,2007,"6,49,000","71,667 kms",Petrol
Chevrolet Beat LT,Chevrolet,2022,"73,000","1,70,937 kms",Diesel
Ford Figo,Ford,2017,"1,20,000","3,756 kms",Diesel
Mahindra Jeep CL550 MDI,Mahindra,2009,"41,000","1,24,836 kms",Diesel
Chevrolet Sail UVA LS,Chevrolet,2005,"25,000","85,638 kms",Petrol
Fiat Punto Active,Fiat,2018,"67,000","91,830 kms",Petrol
Mercedes GLA 200d,Mercedes,2004,"5,47,000","31,195 kms",Diesel
Land Rover Discovery Sport,Land,2015,"12,41,000","1,31,285 kms",Diesel
Tata Nano Lx,Tata,2023,"1,00,000","1,62,569 kms",Petrol
Hyundai Elite i20 Magna 1.2,Hyundai,2021,"1,03,000","1,70,200 kms",Petrol
Jaguar XF Portfolio,Jaguar,2023,"36,18,000","31,760 kms",Petrol
Ford Freestyle Titanium,Ford,2003,"29,000","24,676 kms",Diesel
Nissan Micra XV,Nissan,2012,"37,000","1,66,259 kms",Diesel
Maruti Suzuki Swift Vdi,Maruti,2010,"58,000","12,708 kms",Petrol
Chevrolet Tavera Neo 3,Chevrolet,2009,"38,000","21,485 kms",Diesel
Hyundai Elite i20 Magna 1.2,Hyundai,2016,"1,01,000","25,024 kms",Diesel
Jeep Compass Limited,Jeep,2016,"1,06,000","1,34,470 kms",Diesel
Volvo S60 D4,Volvo,2019,"17,90,000","60,274 kms",Diesel
Hyundai Verna 1.6 SX,Hyundai,2004,"35,000","3,409 kms",Diesel
Mini Cooper S,Mini,2007,"3,97,000","1,35,669 kms",Petrol
Land Rover Freelander 2,Land,2011,"7,21,000","1,34,101 kms",Petrol
Mahindra Bolero SLE,Mahindra,2009,"70,000","5,581 kms",Diesel
Mitsubishi Lancer 1.8 GLX,Mitsubishi,2019,"91,000","1,64,407 kms",Diesel
BMW 3 Series 320d,BMW,2011,"6,79,000","1,52,049 kms",Petrol
Mitsubishi Lancer 1.8 GLX,Mitsubishi,2015,"61,000","1,37,975 kms",Petrol
Hyundai Creta 1.6 SX Option,Hyundai,2005,"25,000","1,62,224 kms",Diesel
Mini Cooper S,Mini,2008,"7,80,000","7,001 kms",Diesel
Mahindra TUV300 T8,Mahindra,2002,"25,000","1,01,574 kms",Petrol
Datsun GO Plus T,Datsun,2010,"25,000","1,08,565 kms",Diesel
Honda Brio S MT,Honda,2002,"25,000","1,57,206 kms",Diesel
Jeep Compass Longitude,Jeep,2018,"1,89,000","27,781 kms",Diesel
Renault Triber RXZ,Renault,2010,"37,000","67,233 kms",Petrol
Skoda Rapid Elegance 1.6 MPI,Skoda,2016,"1,03,000","44,960 kms",Petrol
BMW 3 Series 320d,BMW,2022,"16,75,000","1,05,938 kms",Petrol
Mahindra KUV100 K8,Mahindra,2002,"25,000","1,73,381 kms",Diesel
Ford Figo Aspire Titanium,Ford,2007,Ask For Price,"50,882 kms",Petrol
Audi A4 35 TDI,Audi,2014,"8,06,000","1,11,112 kms",Diesel
Ford Fiesta Classic CLXi,Ford,2019,"94,000","95,262 kms",Petrol
Volkswagen Polo Highline 1.2L,Volkswagen,2011,"43,000","1,26,302 kms",Petrol
Land Rover Discovery Sport,Land,2004,"5,94,000","41,763 kms",Diesel
Datsun GO Plus T,Datsun,2010,"36,000","26,533 kms",Diesel
Audi A4 35 TDI,Audi,2012,"7,46,000","1,20,263 kms",Petrol
Honda City 1.5 S MT,Honda,2017,"1,27,000","4,805 kms",Petrol
Land Rover Discovery Sport,Land,2022,"22,67,000","1,38,110 kms",Petrol
Mercedes GLA 200d,Mercedes,2020,"22,16,000","48,796 kms",Diesel
Chevrolet Spark LT,Chevrolet,2013,Ask For Price,"1,20,798 kms",Diesel
Land Rover Freelander 2,Land,2008,"6,96,000","91,120 kms",Diesel
BMW 3 Series 320d,BMW,2018,"13,12,000","1,13,114 kms",Petrol
Tata Tiago Revotron XZ,Tata,2006,"30,000","42,318 kms",Diesel
Ford Fiesta Classic CLXi,Ford,2002,"25,000","17,020 kms",Petrol
Mitsubishi Pajero Sport 4x2,Mitsubishi,2002,"25,000","1,48,237 kms",Petrol
Mercedes E-Class E220d,Mercedes,2013,"9,15,000","1,45,365 kms",Diesel
Jaguar XE Prestige,Jaguar,2005,"5,57,000","79,801 kms",Petrol
Maruti Suzuki Swift Dzire Vdi,Maruti,2013,"36,000","1,18,092 kms",CNG
Volvo S60 D4,Volvo,2021,"16,34,000","85,272 kms",Petrol
Volvo S60 D4,Volvo,2010,"5,53,000","1,02,574 kms",Petrol
Volvo S60 D4,Volvo,2018,"18,68,000","50,668 kms",Diesel
Fiat Punto Active,Fiat,2014,"63,000","34,986 kms",Diesel
Mahindra KUV100 K8,Mahindra,2008,"38,000","1,02,035 kms",Diesel
Mahindra TUV300 T8,Mahindra,2016,"88,000","83,535 kms",Diesel
Jaguar XF Portfolio,Jaguar,2023,"35,90,000","47,264 kms",Diesel
Volkswagen Jetta Comfortline TDI,Volkswagen,2019,"89,000","1,42,756 kms",Petrol
Land Rover Freelander 2,Land,2010,"8,78,000","86,053 kms",Petrol
Mercedes C-Class C220d,Mercedes,2013,"14,21,000","10,106 kms",Diesel
Chevrolet Tavera Neo 3,Chevrolet,2007,"27,000","69,702 kms",Diesel
Fiat Linea Active,Fiat,2016,"52,000","1,35,522 kms",Diesel
Mitsubishi Pajero Sport 4x2,Mitsubishi,2020,"1,40,000","52,765 kms",Diesel
Land Rover Freelander 2,Land,2011,"10,22,000","44,203 kms",Petrol
Volvo XC60 D5,Volvo,2008,"4,43,000","1,44,831 kms",Petrol
Mahindra Bolero SLE,Mahindra,2002,"25,000","76,897 kms",Diesel
BMW X1 sDrive20d,BMW,2008,"6,33,000","93,872 kms",Diesel
BMW X1 sDrive20d,BMW,2007,"4,10,000","1,26,328 kms",Petrol
Mitsubishi Pajero Sport 4x2,Mitsubishi,2009,"51,000","80,265 kms",Diesel
Mini Cooper D,Mini,2009,"7,13,000","46,929 kms",Petrol
Hyundai Tucson 2WD AT GLS,Hyundai,2012,"53,000","77,672 kms",Diesel
Audi A6 2.0 TDI,Audi,2003,"2,92,000","1,23,898 kms",Petrol
Mitsubishi Lancer 1.8 GLX,Mitsubishi,2014,Ask For Price,"1,16,994 kms",Diesel
Mitsubishi Lancer 1.8 GLX,Mitsubishi,2005,"39,000","24,393 kms",Petrol
Datsun GO Plus T,Datsun,2007,"25,000","83,596 kms",Diesel
Hyundai Tucson 2WD AT GLS,Hyundai,2003,"25,000","37,453 kms",Petrol
Mitsubishi Lancer 1.8 GLX,Mitsubishi,2013,"1,02,000","6,209 kms",Petrol
Skoda Rapid Elegance 1.6 MPI,Skoda,2004,"28,000","90,377 kms",Diesel
Datsun GO Plus T,Datsun,2009,"39,000","10,916 kms",Diesel
Mercedes E-Class E220d,Mercedes,2015,"13,13,000","40,668 kms",Petrol
Chevrolet Spark LT,Chevrolet,2019,"75,000","55,704 kms",Petrol
Ford Fiesta Classic CLXi,Ford,2009,"33,000","1,68,414 kms",Diesel
Maruti Suzuki Eeco 5 Seater,Maruti,2016,"84,000","48,527 kms",Petrol
Volkswagen Vento Highline Diesel,Volkswagen,2006,"40,000","59,718 kms",Diesel
Nissan Sunny XL,Nissan,2017,"66,000","1,24,842 kms",Diesel
Fiat Linea Active,Fiat,2008,"30,000","48,920 kms",Diesel
Jeep Compass Limited,Jeep,2006,"39,000","1,09,825 kms",Petrol
Mercedes GLA 200d,Mercedes,2011,"7,07,000","1,14,712 kms",Diesel
Audi Q7,Audi,2013,"7,98,000","1,03,509 kms",Diesel
Mitsubishi Pajero Sport 4x2,Mitsubishi,2010,"67,000","36,156 kms",Diesel
Fiat Punto Active,Fiat,2022,"75,000","1,61,822 kms",Diesel
Toyota Yaris VX,Toyota,2018,"86,000","1,28,690 kms",Petrol
Audi A8,Audi,2018,"11,88,000","1,03,202 kms",Petrol
Volkswagen Ameo Highline 1.5,Volkswagen,2019,"89,000","1,25,521 kms",Diesel
BMW 3 Series 320d,BMW,2020,"16,56,000","1,16,956 kms",Petrol
Tata Indica V2 DLS,Tata,2018,"67,000","1,40,840 kms",Diesel
Toyota Fortuner 3.0 4x4 AT,Toyota,2017,"95,000","1,49,135 kms",Diesel
Jaguar XF Portfolio,Jaguar,2016,"12,90,000","1,75,111 kms",Diesel
Maruti Suzuki Celerio VXI,Maruti,2023,"1,95,000","8,071 kms",Diesel
Datsun GO T,Datsun,2006,"25,000","18,364 kms",Diesel
Chevrolet Beat LT,Chevrolet,2019,"65,000","1,06,187 kms",Diesel
Mahindra Scorpio S10,Mahindra,2004,"30,000","76,927 kms",Diesel
Jeep Compass Longitude,Jeep,2022,"1,72,000","1,61,516 kms",Diesel
BMW X1 sDrive20d,BMW,2018,"13,93,000","1,12,090 kms",Diesel
Volkswagen Jetta Comfortline TDI,Volkswagen,2015,"1,01,000","14,010 kms",Petrol
Nissan Terrano XL,Nissan,2009,"28,000","1,61,078 kms",Diesel
Land Rover Discovery Sport,Land,2013,"13,34,000","43,343 kms",Petrol
Honda Jazz V,Honda,2014,"57,000","98,156 kms",Diesel
Volvo XC60 D5,Volvo,2017,"11,95,000","1,47,224 kms",Diesel
Tata Tiago Revotron XZ,Tata,2005,"25,000","99,554 kms",Petrol
Toyota Etios VXD,Toyota,2016,"1,09,000","32,694 kms",Petrol
Hyundai Santro Xing XO eRLX Euro III,Hyundai,2006,"40,000","21,664 kms",Diesel
Fiat Linea Active,Fiat,2016,"51,000","1,79,870 kms",Diesel
Audi A8,Audi,2009,"5,85,000","76,151 kms",Petrol
Volvo S60 D4,Volvo,2008,"6,98,000","33,495 kms",Petrol
Renault Lodgy 110PS RxZ 8 Str,Renault,2014,"46,000","1,52,182 kms",Diesel
Mitsubishi Pajero Sport 4x2,Mitsubishi,2018,"1,20,000","71,282 kms",Diesel
Mercedes C-Class C220d,Mercedes,2006,"4,79,000","1,51,521 kms",Diesel
Chevrolet Tavera Neo 3,Chevrolet,2006,"25,000","1,24,405 kms",Petrol
Hyundai Elite i20 Magna 1.2,Hyundai,2010,"47,000","78,443 kms",Diesel
Nissan Terrano XL,Nissan,2019,"70,000","1,61,182 kms",Petrol
Maruti Suzuki Ciaz VDi,Maruti,2011,"38,000","1,22,618 kms",Petrol
Honda WR-V i-VTEC VX,Honda,2011,"44,000","1,06,394 kms",Diesel
Mitsubishi Lancer 1.8 GLX,Mitsubishi,2007,"44,000","70,247 kms",Diesel
Renault Duster 110 PS RxL,Renault,2006,"25,000","1,39,016 kms",Diesel
Hyundai Tucson 2WD AT GLS,Hyundai,2007,"27,000","1,20,301 kms",Diesel
Hyundai Tucson 2WD AT GLS,Hyundai,2018,"1,06,000","24,229 kms",Petrol
Mahindra Thar CRDe 4x4,Mahindra,2022,"2,12,000","25,356 kms",Diesel
Mahindra XUV500 W8,Mahindra,2014,"52,000","1,33,695 kms",Diesel
Ford Fiesta Classic CLXi,Ford,2014,"47,000","1,75,530 kms",Diesel
Maruti Suzuki Alto 800 Vxi,Maruti,2019,"71,000","1,18,595 kms",CNG
Hyundai Santro Xing XO eRLX Euro III,Hyundai,2008,"45,000","46,212 kms",Petrol
Mercedes C-Class C220d,Mercedes,2011,"6,58,000","1,21,811 kms",Diesel
Volkswagen Ameo Highline 1.5,Volkswagen,2015,"69,000","71,446 kms",Petrol
Tata Nano Lx,Tata,2008,"35,000","60,904 kms",Diesel
Land Rover Discovery Sport,Land,2017,"19,27,000","61,997 kms",Petrol
Fiat Punto Active,Fiat,2004,"25,000","1,62,883 kms",Diesel
Chevrolet Tavera Neo 3,Chevrolet,2019,"81,000","39,033 kms",Petrol
Honda Brio S MT,Honda,2023,"2,01,000","21,053 kms",Petrol
Jeep Compass Longitude,Jeep,2021,"1,92,000","44,245 kms",Petrol
Volkswagen Polo Highline 1.2L,Volkswagen,2006,"28,000","86,567 kms",Diesel
Hyundai Venue SX,Hyundai,2017,"69,000","1,62,571 kms",Petrol
Land Rover Discovery Sport,Land,2011,"8,22,000","1,23,018 kms",Diesel
Mahindra Scorpio SLE BS IV,Mahindra,2009,"64,000","28,981 kms",Diesel
BMW X1 sDrive20d,BMW,2017,"16,59,000","55,383 kms",Petrol
Toyota Fortuner 3.0 4x4 AT,Toyota,2011,"65,000","83,276 kms",Diesel
Volkswagen Jetta Comfortline TDI,Volkswagen,2018,"1,05,000","75,260 kms",Diesel
Maruti Suzuki Ciaz VDi,Maruti,2002,"25,000","50,530 kms",Diesel
Land Rover Discovery Sport,Land,2006,"5,39,000","99,193 kms",Petrol
Mercedes E-Class E220d,Mercedes,2003,"4,97,000","49,203 kms",Diesel
Datsun redi-GO T,Datsun,2007,"25,000","29,052 kms",Petrol
Audi A6 2.0 TDI,Audi,2018,"11,77,000","1,43,584 kms",Petrol
BMW X1 sDrive20d,BMW,2022,"20,75,000","80,726 kms",Diesel
Chevrolet Beat LT,Chevrolet,2023,"83,000","1,65,435 kms",Petrol
Mini Cooper D,Mini,2009,"4,17,000","1,73,662 kms",Petrol
Mitsubishi Lancer 1.8 GLX,Mitsubishi,2002,"31,000","45,231 kms",Petrol
Jeep Compass Limited,Jeep,2002,"37,000","11,674 kms",Petrol
Toyota Etios VXD,Toyota,2003,"25,000","94,195 kms",Petrol
Fiat Punto Active,Fiat,2020,"88,000","94,304 kms",Diesel
Mitsubishi Pajero Sport 4x2,Mitsubishi,2011,"42,000","1,11,424 kms",Diesel
Maruti Suzuki Swift Vdi,Maruti,2011,"32,000","1,23,350 kms",Petrol
Nissan Terrano XL,Nissan,2021,"1,48,000","26,215 kms",Petrol
Hyundai i10 Sportz,Hyundai,2015,"67,000","85,085 kms",Petrol
Mini Cooper D,Mini,2016,"7,74,000","1,12,719 kms",Petrol
Tata Indica V2 DLS,Tata,2015,"85,000","5,315 kms",Petrol
Honda Brio S MT,Honda,2011,"46,000","89,299 kms",Petrol
Tata Nano Lx,Tata,2016,"79,000","16,038 kms",Diesel
Mahindra KUV100 K8,Mahindra,2021,"1,53,000","67,513 kms",Petrol
Skoda Rapid Elegance 1.6 MPI,Skoda,2019,"92,000","1,09,068 kms",Diesel
Jaguar XF Portfolio,Jaguar,2015,"10,03,000","1,61,063 kms",Petrol
Skoda Fabia Classic 1.2 MPI,Skoda,2002,"34,000","1,423 kms",Petrol
Audi Q3 35 TDI,Audi,2008,"4,81,000","1,17,369 kms",Diesel
Mercedes C-Class C220d,Mercedes,2018,"21,21,000","46,838 kms",Petrol
Jaguar XE Prestige,Jaguar,2009,"6,74,000","1,26,160 kms",Diesel
Mini Cooper S,Mini,2008,"5,43,000","61,785 kms",Diesel
Volkswagen Polo Highline 1.2L,Volkswagen,2017,"72,000","1,29,549 kms",Diesel
BMW 5 Series 520d,BMW,2004,"5,10,000","11,188 kms",Petrol
Volvo S60 D4,Volvo,2005,"3,18,000","1,38,950 kms",Diesel
Mercedes GLA 200d,Mercedes,2009,"5,70,000","1,63,454 kms",Petrol
Skoda Octavia Elegance 1.8 TSI,Skoda,2023,"1,19,000","1,51,592 kms",Petrol
Mitsubishi Lancer 1.8 GLX,Mitsubishi,2009,"71,000","22,695 kms",Diesel
Nissan Terrano XL,Nissan,2018,"1,08,000","12,641 kms",Petrol
Chevrolet Tavera Neo 3,Chevrolet,2012,"43,000","25,924 kms",Petrol
Renault Kwid RXT,Renault,2008,"25,000","1,28,866 kms",Petrol
Volkswagen Ameo Highline 1.5,Volkswagen,2014,"50,000","1,40,607 kms",Diesel
Mini Cooper S,Mini,2009,"4,78,000","1,32,889 kms",Diesel
Skoda Fabia Classic 1.2 MPI,Skoda,2019,"1,08,000","81,024 kms",Petrol
Datsun GO Plus T,Datsun,2010,"25,000","84,819 kms",Diesel
Audi A6 2.0 TDI,Audi,2009,"4,53,000","1,27,804 kms",Petrol
Tata Nexon XZ Plus,Tata,2003,"25,000","90,801 kms",Diesel
Mercedes C-Class C220d,Mercedes,2007,"4,12,000","1,24,089 kms",Petrol
Honda WR-V i-VTEC VX,Honda,2007,"29,000","1,69,781 kms",Diesel
Volvo S60 D4,Volvo,2015,"14,34,000","5,876 kms",Diesel
Datsun GO T,Datsun,2021,"72,000","94,319 kms",Diesel
Mahindra Scorpio S10,Mahindra,2019,"1,03,000","1,51,410 kms",Diesel
Mercedes E-Class E220d,Mercedes,2018,"12,66,000","1,13,024 kms",Diesel
Renault Duster 110 PS RxL,Renault,2020,"74,000","1,29,349 kms",Diesel
Datsun GO T,Datsun,2005,"25,000","68,742 kms",Petrol
Mitsubishi Pajero Sport 4x2,Mitsubishi,2018,"82,000","1,79,942 kms",Diesel
Mini Cooper D,Mini,2019,"10,45,000","1,13,340 kms",Petrol
Volkswagen Jetta Comfortline TDI,Volkswagen,2010,"34,000","1,75,082 kms",Petrol
Mitsubishi Pajero Sport 4x2,Mitsubishi,2012,"51,000","90,048 kms",Petrol
Nissan Terrano XL,Nissan,2003,"25,000","1,74,128 kms",Diesel
Renault Triber RXZ,Renault,2011,"34,000","1,61,870 kms",Petrol
Jeep Compass Limited,Jeep,2009,"65,000","76,190 kms",Petrol
Toyota Fortuner 3.0 4x4 AT,Toyota,2007,"33,000","1,18,789 kms",Diesel
Hyundai Venue SX,Hyundai,2020,"77,000","1,79,822 kms",Petrol
Mahindra Scorpio SLE BS IV,Mahindra,2014,"53,000","1,73,678 kms",Diesel
Audi A4 35 TDI,Audi,2005,"5,93,000","1,873 kms",Petrol
Mercedes C-Class C220d,Mercedes,2015,"16,52,000","17,414 kms",Diesel
Volkswagen Polo Highline 1.2L,Volkswagen,2017,"71,000","1,64,366 kms",Petrol
Maruti Suzuki Alto 800 Vxi,Maruti,2003,"31,000","7,510 kms",Petrol
Renault Duster 110 PS RxL,Renault,2023,"1,05,000","1,67,396 kms",Petrol
Fiat Punto Active,Fiat,2010,"42,000","2,204 kms",Petrol
Renault Kwid RXT,Renault,2005,"25,000","93,220 kms",Petrol
Mercedes C-Class C220d,Mercedes,2010,"7,97,000","75,751 kms",Petrol
Skoda Rapid Elegance 1.6 MPI,Skoda,2014,"92,000","19,891 kms",Diesel
Ford EcoSport Ambiente 1.5L TDCi,Ford,2022,"95,000","1,43,056 kms",Petrol
Chevrolet Tavera Neo 3,Chevrolet,2011,"29,000","1,27,865 kms",Petrol
Mitsubishi Pajero Sport 4x2,Mitsubishi,2011,"49,000","1,35,194 kms",Diesel
Volvo S60 D4,Volvo,2023,"19,60,000","1,59,738 kms",Petrol
Renault Kwid RXT,Renault,2014,"47,000","91,206 kms",Diesel
Mini Cooper D,Mini,2019,"18,16,000","18,576 kms",Petrol
Volvo S60 D4,Volvo,2014,"8,13,000","1,50,587 kms",Petrol
Audi A4 35 TDI,Audi,2023,"20,80,000","1,31,791 kms",Diesel
Audi Q3 35 TDI,Audi,2019,"14,86,000","1,11,306 kms",Diesel
Jaguar XF Portfolio,Jaguar,2021,"19,27,000","1,21,729 kms",Diesel
Jaguar XE Prestige,Jaguar,2003,"3,19,000","1,21,307 kms",Diesel
Jeep Compass Longitude,Jeep,2008,"45,000","1,71,976 kms",Petrol
Renault Kwid RXT,Renault,2010,"32,000","1,22,685 kms",Diesel
Toyota Fortuner 3.0 4x4 AT,Toyota,2017,"92,000","1,47,527 kms",Diesel
Audi A6 2.0 TDI,Audi,2022,"17,04,000","1,42,869 kms",Diesel
Nissan Micra XV,Nissan,2004,"25,000","1,20,662 kms",Petrol
Maruti Suzuki Eeco 5 Seater,Maruti,2012,"39,000","1,34,830 kms",CNG
Mini Cooper S,Mini,2007,"3,66,000","1,77,358 kms",Petrol
Chevrolet Tavera Neo 3,Chevrolet,2014,"31,000","1,62,235 kms",Petrol
Tata Nexon XZ Plus,Tata,2023,"1,77,000","8,457 kms",Diesel
Mahindra Jeep CL550 MDI,Mahindra,2015,"1,07,000","33,496 kms",Diesel
Nissan Terrano XL,Nissan,2011,"45,000","59,042 kms",Diesel
Mercedes E-Class E220d,Mercedes,2016,"20,57,000",900 kms,Diesel
Ford EcoSport Titanium 1.5L TDCi,Ford,2016,"95,000","41,611 kms",Diesel
Mitsubishi Lancer 1.8 GLX,Mitsubishi,2009,"48,000","67,234 kms",Petrol
Hyundai Tucson 2WD AT GLS,Hyundai,2010,"62,000","27,459 kms",Diesel
Land Rover Discovery Sport,Land,2016,"16,57,000","46,892 kms",Diesel
Toyota Glanza G,Toyota,2023,"1,30,000","1,29,201 kms",Petrol
Honda City 1.5 S MT,Honda,2013,"53,000","1,04,468 kms",Diesel
Volvo S60 D4,Volvo,2018,Ask For Price,"1,22,021 kms",Petrol
Chevrolet Spark LT,Chevrolet,2003,"25,000","1,24,966 kms",Petrol
Fiat Punto Active,Fiat,2006,"25,000","45,313 kms",Petrol
Mitsubishi Lancer 1.8 GLX,Mitsubishi,2003,"25,000","82,198 kms",Petrol
Ford Freestyle Titanium,Ford,2022,"1,66,000","23,661 kms",Diesel
Mercedes GLA 200d,Mercedes,2010,"10,30,000","23,166 kms",Diesel
Nissan Sunny XL,Nissan,2012,"65,000","22,615 kms",Petrol
Chevrolet Sail UVA LS,Chevrolet,2020,"1,15,000","19,759 kms",Diesel
Volvo S60 D4,Volvo,2013,Ask For Price,"1,72,035 kms",Diesel
Tata Nexon XZ Plus,Tata,2008,"35,000","61,099 kms",Diesel
Chevrolet Beat LT,Chevrolet,2003,"25,000","1,17,135 kms",Diesel
Chevrolet Beat LT,Chevrolet,2004,"25,000","1,48,646 kms",Petrol
Volkswagen Jetta Comfortline TDI,Volkswagen,2002,"25,000","1,03,078 kms",Diesel
Mini Cooper D,Mini,2017,"9,92,000","1,33,078 kms",Petrol
Mahindra Bolero SLE,Mahindra,2012,"83,000","39,343 kms",Diesel
BMW 5 Series 520d,BMW,2020,"24,75,000","17,094 kms",Diesel
Mitsubishi Pajero Sport 4x2,Mitsubishi,2023,"2,01,000","69,695 kms",Petrol
Mahindra Bolero SLE,Mahindra,2003,"25,000","99,352 kms",Diesel
Volkswagen Jetta Comfortline TDI,Volkswagen,2013,"73,000","25,875 kms",Petrol
Hyundai Santro Xing XO eRLX Euro III,Hyundai,2011,"40,000","1,62,165 kms",Petrol
Volkswagen Vento Highline Diesel,Volkswagen,2018,"1,13,000","69,641 kms",Diesel
Fiat Punto Active,Fiat,2020,"97,000","41,579 kms",Petrol
Ford Figo Aspire Titanium,Ford,2008,"39,000","62,787 kms",Petrol
Datsun GO T,Datsun,2012,"25,000","1,52,807 kms",Petrol
Nissan Sunny XL,Nissan,2005,"31,000","29,230 kms",Petrol
Ford Figo,Ford,2018,"1,08,000","55,651 kms",Petrol
Renault Duster 110 PS RxL,Renault,2018,"83,000","55,634 kms",Petrol
Mercedes GLA 200d,Mercedes,2004,"3,54,000","1,29,483 kms",Diesel
Mitsubishi Lancer 1.8 GLX,Mitsubishi,2002,"25,000","1,28,931 kms",Petrol
Honda Amaze S i-Dtech,Honda,2009,"38,000","85,629 kms",Petrol
Tata Indica V2 DLS,Tata,2013,"51,000","64,911 kms",Diesel
Fiat Linea Active,Fiat,2006,"25,000","81,652 kms",Diesel
Volkswagen Polo Highline 1.2L,Volkswagen,2020,"1,19,000","66,602 kms",Petrol
Mercedes C-Class C220d,Mercedes,2015,"9,82,000","1,44,439 kms",Petrol
Toyota Innova 2.5 G,Toyota,2019,"94,000","1,70,631 kms",Petrol
Toyota Innova 2.5 G,Toyota,2014,"85,000","51,110 kms",Diesel
Tata Bolt XT,Tata,2015,"48,000","1,68,545 kms",Diesel
Jaguar XF Portfolio,Jaguar,2009,"8,68,000","37,196 kms",Petrol
Honda Jazz V,Honda,2007,"27,000","1,13,555 kms",Petrol
Tata Nexon XZ Plus,Tata,2018,"94,000","20,703 kms",Petrol
Chevrolet Spark LT,Chevrolet,2018,"53,000","1,27,276 kms",Diesel
Volkswagen Ameo Highline 1.5,Volkswagen,2016,"81,000","74,295 kms",Petrol
Volkswagen Ameo Highline 1.5,Volkswagen,2004,"39,000","1,016 kms",Diesel
Hyundai i10 Sportz,Hyundai,2012,"57,000","47,942 kms",Diesel
Mini Cooper S,Mini,2010,"6,48,000","78,456 kms",Diesel
Volkswagen Ameo Highline 1.5,Volkswagen,2005,Ask For Price,"1,51,293 kms",Diesel
Fiat Linea Active,Fiat,2017,"63,000","83,497 kms",Diesel
Ford Fiesta Classic CLXi,Ford,2012,"37,000","1,75,423 kms",Diesel
Toyota Corolla Altis G,Toyota,2002,"37,000","27,240 kms",Diesel
Skoda Fabia Classic 1.2 MPI,Skoda,2023,"1,47,000","1,17,696 kms",Diesel
Skoda Octavia Elegance 1.8 TSI,Skoda,2017,"1,13,000","43,357 kms",Diesel
Honda WR-V i-VTEC VX,Honda,2005,"29,000","91,455 kms",Petrol
Jaguar XE Prestige,Jaguar,2002,"3,97,000","84,699 kms",Diesel
Fiat Punto Active,Fiat,2018,"85,000","46,131 kms",Petrol
Maruti Suzuki Ciaz VDi,Maruti,2018,"61,000","1,34,951 kms",Petrol
Honda Jazz V,Honda,2007,"25,000","1,64,232 kms",Petrol
Mitsubishi Lancer 1.8 GLX,Mitsubishi,2006,"44,000","51,357 kms",Diesel
Mahindra XUV500 W8,Mahindra,2003,"35,000","41,208 kms",Diesel
Mitsubishi Pajero Sport 4x2,Mitsubishi,2007,"33,000","82,714 kms",Petrol
Toyota Etios VXD,Toyota,2017,"88,000","1,56,779 kms",Petrol
Mitsubishi Pajero Sport 4x2,Mitsubishi,2012,"56,000","1,60,625 kms",Diesel
Hyundai Eon Era Plus,Hyundai,2007,Ask For Price,"44,857 kms",Diesel
Mini Cooper D,Mini,2017,"8,13,000","1,68,353 kms",Petrol
Fiat Punto Active,Fiat,2017,"75,000","27,835 kms",Diesel
Chevrolet Spark LT,Chevrolet,2011,"29,000","1,00,036 kms",Petrol
Fiat Linea Active,Fiat,2020,"1,01,000","42,475 kms",Petrol
Nissan Micra XV,Nissan,2007,"40,000","36,876 kms",Diesel
Maruti Suzuki Ciaz VDi,Maruti,2020,"87,000","1,63,465 kms",CNG
Volkswagen Polo Highline 1.2L,Volkswagen,2005,"25,000","1,15,977 kms",Petrol
Hyundai Eon Era Plus,Hyundai,2014,"60,000","77,615 kms",Diesel
Nissan Terrano XL,Nissan,2023,"1,06,000","1,73,909 kms",Petrol
Volvo XC60 D5,Volvo,2018,"13,65,000","73,312 kms",Petrol
Honda Civic 1.8 V MT,Honda,2023,"1,35,000","1,15,859 kms",Diesel
Skoda Octavia Elegance 1.8 TSI,Skoda,2007,"30,000","1,48,731 kms",Diesel
Volvo XC60 D5,Volvo,2017,"17,59,000","21,522 kms",Diesel
Mercedes C-Class C220d,Mercedes,2003,"3,22,000","1,22,712 kms",Petrol
Mini Cooper S,Mini,2009,"4,52,000","96,176 kms",Petrol
Nissan Terrano XL,Nissan,2006,"31,000","30,090 kms",Diesel
Chevrolet Beat LT,Chevrolet,2013,"39,000","84,126 kms",Diesel
Ford Fiesta Classic CLXi,Ford,2022,"1,34,000","71,426 kms",Petrol
Ford EcoSport Titanium 1.5L TDCi,Ford,2012,"54,000","79,765 kms",Petrol
Ford Freestyle Titanium,Ford,2018,"76,000","1,31,230 kms",Diesel
Ford Endeavour 4x4 AT,Ford,2006,"27,000","1,01,395 kms",Diesel
Mercedes C-Class C220d,Mercedes,2009,"6,08,000","1,03,362 kms",Diesel
Volkswagen Vento Highline Diesel,Volkswagen,2004,Ask For Price,"57,248 kms",Diesel
Maruti Suzuki Omni E STD,Maruti,2004,"25,000","1,48,688 kms",Petrol
Maruti Suzuki Ertiga VDI,Maruti,2009,"26,000","1,45,650 kms",Petrol
Renault Kwid RXT,Renault,2014,"58,000","91,151 kms",Diesel
Chevrolet Beat LT,Chevrolet,2023,"84,000","1,34,800 kms",Petrol
Mini Cooper D,Mini,2012,"10,46,000","17,154 kms",Diesel
Renault Lodgy 110PS RxZ 8 Str,Renault,2020,"83,000","1,46,389 kms",Petrol
Volkswagen Ameo Highline 1.5,Volkswagen,2021,"1,22,000","67,357 kms",Petrol
Volvo XC60 D5,Volvo,2003,"2,80,000","1,37,597 kms",Petrol
Maruti Suzuki Ertiga VDI,Maruti,2020,"97,000","85,525 kms",CNG
Fiat Punto Active,Fiat,2008,"30,000","50,082 kms",Petrol
Toyota Fortuner 3.0 4x4 AT,Toyota,2014,"83,000","75,613 kms",Petrol
Renault Duster 110 PS RxL,Renault,2016,"57,000","91,060 kms",Petrol
Mitsubishi Pajero Sport 4x2,Mitsubishi,2022,"1,16,000","1,12,988 kms",Diesel
Datsun redi-GO T,Datsun,2005,"25,000","15,143 kms",Petrol
Ford EcoSport Titanium 1.5L TDCi,Ford,2012,Ask For Price,"1,58,778 kms",Petrol
Datsun redi-GO T,Datsun,2008,"25,000","1,30,854 kms",Diesel
Nissan Terrano XL,Nissan,2019,"89,000","51,401 kms",Petrol
BMW 5 Series 520d,BMW,2012,"8,79,000","67,231 kms",Petrol
Jeep Compass Longitude,Jeep,2006,"32,000","1,07,663 kms",Petrol
Mini Cooper D,Mini,2022,"13,61,000","1,76,162 kms",Petrol
Audi A4 35 TDI,Audi,2022,"24,08,000","57,231 kms",Petrol
Ford Figo Aspire Titanium,Ford,2015,"93,000","33,806 kms",Petrol
Chevrolet Beat LT,Chevrolet,2004,"25,000","1,69,660 kms",Petrol
BMW 3 Series 320d,BMW,2013,"12,47,000","25,100 kms",Petrol
Volkswagen Ameo Highline 1.5,Volkswagen,2006,"35,000","69,111 kms",Diesel
Maruti Suzuki Alto 800 Vxi,Maruti,2010,"33,000","1,72,709 kms",Petrol
Audi A8,Audi,2012,"6,20,000","1,30,373 kms",Petrol
Nissan Terrano XL,Nissan,2011,"31,000","1,15,559 kms",Diesel
Volkswagen Polo Highline 1.2L,Volkswagen,2004,"25,000","1,72,919 kms",Diesel
Maruti Suzuki Celerio VXI,Maruti,2011,"34,000","1,69,149 kms",Diesel
Toyota Yaris VX,Toyota,2013,"85,000","38,025 kms",Petrol
Volvo XC60 D5,Volvo,2008,"4,33,000","1,52,685 kms",Petrol
Datsun redi-GO T,Datsun,2013,"49,000","39,878 kms",Diesel
Renault Duster 110 PS RxL,Renault,2012,"33,000","1,26,143 kms",Diesel
Nissan Terrano XL,Nissan,2004,"26,000","26,961 kms",Petrol
Mercedes E-Class E220d,Mercedes,2019,"19,11,000","61,385 kms",Diesel
Volvo XC60 D5,Volvo,2018,"19,71,000","12,895 kms",Petrol
Audi A4 35 TDI,Audi,2015,"8,48,000","1,08,923 kms",Petrol
Mini Cooper S,Mini,2013,"8,60,000","47,341 kms",Diesel
Mini Cooper D,Mini,2007,"3,70,000","1,09,324 kms",Diesel
Tata Nano Lx,Tata,2015,"69,000","25,944 kms",Petrol
Honda WR-V i-VTEC VX,Honda,2002,"27,000","21,656 kms",Petrol
Honda Brio S MT,Honda,2022,"1,79,000","15,161 kms",Petrol
Jaguar XE Prestige,Jaguar,2003,"4,60,000","72,297 kms",Diesel
Audi A4 35 TDI,Audi,2019,"13,45,000","97,669 kms",Petrol
Chevrolet Tavera Neo 3,Chevrolet,2011,"25,000","1,33,030 kms",Petrol
Fiat Linea Active,Fiat,2012,"48,000","50,779 kms",Petrol
Renault Kwid RXT,Renault,2014,"49,000","75,515 kms",Petrol
Land Rover Discovery Sport,Land,2010,"8,60,000","95,479 kms",Diesel
Tata Tigor XZ,Tata,2021,"1,02,000","54,950 kms",Petrol
Ford Figo Aspire Titanium,Ford,2019,"77,000","1,34,710 kms",Petrol
Honda City 1.5 S MT,Honda,2012,"52,000","88,237 kms",Diesel
Jaguar XE Prestige,Jaguar,2006,"4,67,000","96,484 kms",Petrol
Tata Tigor XZ,Tata,2008,"31,000","76,217 kms",Petrol
Mitsubishi Pajero Sport 4x2,Mitsubishi,2020,"1,51,000","79,821 kms",Diesel
Mini Cooper D,Mini,2017,"10,66,000","1,14,650 kms",Diesel
Datsun GO T,Datsun,2013,"43,000","52,956 kms",Diesel
Mercedes C-Class C220d,Mercedes,2006,"6,90,000","11,425 kms",Petrol
Mercedes GLA 200d,Mercedes,2010,"9,73,000","32,118 kms",Diesel
Volvo S60 D4,Volvo,2008,"8,73,000","1,624 kms",Petrol
Toyota Etios VXD,Toyota,2009,"38,000","1,18,091 kms",Petrol
Renault Kwid RXT,Renault,2023,"1,68,000","50,592 kms",Diesel
Volvo XC60 D5,Volvo,2022,"22,22,000","42,003 kms",Petrol
Volvo S60 D4,Volvo,2016,"17,67,000","2,384 kms",Petrol
Mercedes E-Class E220d,Mercedes,2022,"22,32,000","67,382 kms",Petrol
Land Rover Freelander 2,Land,2004,"3,51,000","1,30,821 kms",Petrol
Volvo S60 D4,Volvo,2002,"2,54,000","1,78,627 kms",Diesel
Chevrolet Spark LT,Chevrolet,2022,"1,37,000","12,373 kms",Diesel
BMW X1 sDrive20d,BMW,2014,"8,69,000","90,906 kms",Petrol
Volvo XC60 D5,Volvo,2008,"4,00,000","1,23,878 kms",Petrol
Jeep Compass Longitude,Jeep,2020,"1,78,000","47,983 kms",Petrol
Toyota Corolla Altis G,Toyota,2010,"42,000","1,38,722 kms",Petrol
Volvo XC60 D5,Volvo,2013,"7,89,000","1,21,381 kms",Diesel
Tata Bolt XT,Tata,2013,"37,000","1,56,369 kms",Petrol
BMW 3 Series 320d,BMW,2004,"5,01,000","43,665 kms",Diesel
Audi Q3 35 TDI,Audi,2020,"15,79,000","1,78,469 kms",Petrol
Jeep Compass Limited,Jeep,2023,"1,78,000","1,22,125 kms",Petrol
Tata Tigor XZ,Tata,2010,"30,000","1,78,102 kms",Diesel
Volkswagen Jetta Comfortline TDI,Volkswagen,2023,"1,64,000","79,287 kms",Diesel
Datsun GO Plus T,Datsun,2011,"28,000","79,061 kms",Diesel
Ford Fiesta Classic CLXi,Ford,2013,"45,000","1,21,595 kms",Petrol
Volkswagen Vento Highline Diesel,Volkswagen,2014,"86,000","14,637 kms",Diesel
Mitsubishi Pajero Sport 4x2,Mitsubishi,2010,"55,000","61,522 kms",Petrol
Jaguar XF Portfolio,Jaguar,2005,"6,82,000","34,783 kms",Petrol
Volkswagen Ameo Highline 1.5,Volkswagen,2022,"1,94,000","38,712 kms",Diesel
Tata Nexon XZ Plus,Tata,2007,"42,000","2,851 kms",Diesel
Jaguar XE Prestige,Jaguar,2003,"3,64,000","1,62,683 kms",Diesel
Volvo S60 D4,Volvo,2010,"5,38,000","1,05,045 kms",Diesel
Chevrolet Spark LT,Chevrolet,2020,"1,04,000","30,443 kms",Petrol
Mitsubishi Pajero Sport 4x2,Mitsubishi,2019,"1,43,000","41,571 kms",Petrol
Chevrolet Beat LT,Chevrolet,2016,"61,000","62,026 kms",Diesel
Chevrolet Beat LT,Chevrolet,2013,"58,000","9,748 kms",Diesel
Jaguar XE Prestige,Jaguar,2010,"6,72,000","1,08,761 kms",Petrol
Datsun GO Plus T,Datsun,2015,"53,000","42,315 kms",Petrol
Datsun GO T,Datsun,2023,"72,000","1,21,221 kms",Petrol
Ford EcoSport Ambiente 1.5L TDCi,Ford,2010,"43,000","95,153 kms",Diesel
Mahindra Bolero SLE,Mahindra,2020,"1,00,000","1,58,051 kms",Diesel
Mahindra Bolero SLE,Mahindra,2010,"39,000","1,01,006 kms",Petrol
Chevrolet Sail UVA LS,Chevrolet,2011,"28,000","87,562 kms",Petrol
Honda City 1.5 S MT,Honda,2021,"1,10,000","1,36,738 kms",Diesel
Honda City 1.5 S MT,Honda,2013,"44,000","1,59,126 kms",Petrol
Volvo S60 D4,Volvo,2002,"2,58,000","1,48,441 kms",Petrol
Land Rover Freelander 2,Land,2007,"6,84,000","81,039 kms",Petrol
Mitsubishi Lancer 1.8 GLX,Mitsubishi,2003,"25,000","1,78,276 kms",Diesel
Fiat Punto Active,Fiat,2019,"1,00,000","43,257 kms",Diesel
Hyundai Santro Xing XO eRLX Euro III,Hyundai,2023,"2,13,000","1,973 kms",Diesel
Skoda Octavia Elegance 1.8 TSI,Skoda,2023,"1,26,000","1,07,449 kms",Petrol
Nissan Terrano XL,Nissan,2002,"25,000","30,313 kms",Petrol
Tata Indica V2 DLS,Tata,2005,"25,000","42,513 kms",Diesel
Tata Nexon XZ Plus,Tata,2010,"32,000","1,02,031 kms",Diesel
BMW 5 Series 520d,BMW,2022,Ask For Price,"86,151 kms",Diesel
Mini Cooper S,Mini,2010,"4,40,000","1,35,109 kms",Petrol
Volkswagen Ameo Highline 1.5,Volkswagen,2017,"1,14,000","47,428 kms",Petrol
Chevrolet Spark LT,Chevrolet,2007,"33,000","26,530 kms",Diesel
Mini Cooper D,Mini,2013,"7,02,000","83,254 kms",Petrol
Volvo XC60 D5,Volvo,2013,"14,68,000","3,702 kms",Diesel
Datsun GO T,Datsun,2016,"66,000","41,775 kms",Petrol
Mitsubishi Pajero Sport 4x2,Mitsubishi,2020,"1,82,000","39,364 kms",Diesel
Jeep Compass Longitude,Jeep,2005,"61,000","8,263 kms",Diesel
Toyota Glanza G,Toyota,2013,"79,000","74,836 kms",Diesel
Toyota Yaris VX,Toyota,2008,"39,000","1,11,576 kms",Petrol
Ford Figo Aspire Titanium,Ford,2009,"28,000","1,71,177 kms",Diesel
Mercedes E-Class E220d,Mercedes,2006,"8,01,000","7,772 kms",Petrol
Mini Cooper D,Mini,2003,Ask For Price,"48,126 kms",Diesel
Audi Q7,Audi,2021,"22,64,000","59,552 kms",Diesel
Mahindra Jeep CL550 MDI,Mahindra,2010,"41,000","1,33,221 kms",Diesel
Volvo S60 D4,Volvo,2013,"10,05,000","69,630 kms",Petrol
Audi Q7,Audi,2011,"5,82,000","1,66,032 kms",Petrol
Mercedes C-Class C220d,Mercedes,2010,"11,49,000","1,763 kms",Diesel
Nissan Micra XV,Nissan,2012,"34,000","1,05,110 kms",Petrol
Mini Cooper S,Mini,2016,"8,64,000","1,65,744 kms",Petrol
Jeep Compass Limited,Jeep,2023,"3,45,000","3,715 kms",Diesel
Land Rover Freelander 2,Land,2009,"11,71,000","3,105 kms",Diesel
Ford EcoSport Ambiente 1.5L TDCi,Ford,2005,"27,000","82,529 kms",Petrol
Skoda Fabia Classic 1.2 MPI,Skoda,2016,"80,000","99,728 kms",Diesel
Ford Figo Aspire Titanium,Ford,2012,"54,000","63,541 kms",Diesel
Datsun redi-GO T,Datsun,2019,"58,000","90,155 kms",Diesel
Datsun redi-GO T,Datsun,2009,"25,000","1,04,189 kms",Petrol
Ford Figo Aspire Titanium,Ford,2018,"92,000","96,845 kms",Diesel
Mahindra TUV300 T8,Mahindra,2005,"25,000","1,12,894 kms",Petrol
Toyota Corolla Altis G,Toyota,2015,"64,000","1,67,373 kms",Petrol
Toyota Corolla Altis G,Toyota,2004,Ask For Price,"2,739 kms",Petrol
Jaguar XE Prestige,Jaguar,2005,"5,09,000","70,337 kms",Petrol
Mahindra Scorpio S10,Mahindra,2003,"33,000","21,508 kms",Petrol
Volkswagen Polo Highline 1.2L,Volkswagen,2012,"42,000","1,24,637 kms",Diesel
Volkswagen Vento Highline Diesel,Volkswagen,2008,"28,000","1,31,342 kms",Petrol
Volkswagen Ameo Highline 1.5,Volkswagen,2019,"1,49,000","40,499 kms",Diesel
Maruti Suzuki Alto K10 VXi,Maruti,2002,"25,000","1,30,661 kms",Petrol
Mini Cooper D,Mini,2016,"10,69,000","70,675 kms",Petrol
Chevrolet Sail UVA LS,Chevrolet,2007,"25,000","1,77,532 kms",Diesel
Toyota Fortuner 3.0 4x4 AT,Toyota,2021,"2,17,000","28,430 kms",Diesel
Datsun redi-GO T,Datsun,2015,Ask For Price,"1,59,104 kms",Petrol
Land Rover Freelander 2,Land,2020,"16,09,000","1,20,453 kms",Petrol
Renault Duster 110 PS RxL,Renault,2018,"73,000","1,69,956 kms",Diesel
BMW X1 sDrive20d,BMW,2009,"8,38,000","54,648 kms",Diesel
Renault Lodgy 110PS RxZ 8 Str,Renault,2013,"68,000","12,367 kms",Petrol
Land Rover Freelander 2,Land,2018,"19,36,000","84,556 kms",Diesel
Hyundai Elite i20 Magna 1.2,Hyundai,2019,"88,000","79,571 kms",Diesel
Audi Q7,Audi,2008,"4,85,000","1,10,173 kms",Petrol
Land Rover Discovery Sport,Land,2021,"25,38,000","77,715 kms",Petrol
Skoda Rapid Elegance 1.6 MPI,Skoda,2021,"1,77,000","14,578 kms",Diesel
Nissan Micra XV,Nissan,2017,"55,000","1,66,032 kms",Petrol
BMW 3 Series 320d,BMW,2019,"22,30,000","33,960 kms",Petrol
Jaguar XE Prestige,Jaguar,2002,"3,18,000","1,78,864 kms",Petrol
BMW X1 sDrive20d,BMW,2017,"11,60,000","1,44,873 kms",Petrol
Mini Cooper D,Mini,2008,"6,53,000","1,349 kms",Petrol
Ford Figo,Ford,2018,Ask For Price,"1,43,649 kms",Petrol
Chevrolet Spark LT,Chevrolet,2007,"25,000","39,284 kms",Petrol
Skoda Rapid Elegance 1.6 MPI,Skoda,2006,"36,000","70,334 kms",Petrol
Hyundai Xcent S,Hyundai,2008,"26,000","1,45,903 kms",Petrol
Mini Cooper D,Mini,2019,"12,43,000","1,75,570 kms",Petrol
Jaguar XE Prestige,Jaguar,2006,"6,92,000","46,356 kms",Diesel
Datsun GO T,Datsun,2021,"59,000","1,53,114 kms",Diesel
Ford Freestyle Titanium,Ford,2018,"68,000","1,04,963 kms",Petrol
Ford Figo,Ford,2022,"1,65,000","59,548 kms",Diesel
Land Rover Freelander 2,Land,2004,"5,63,000","68,247 kms",Diesel
Volkswagen Jetta Comfortline TDI,Volkswagen,2006,"36,000","40,557 kms",Diesel
Volkswagen Jetta Comfortline TDI,Volkswagen,2010,"54,000","66,749 kms",Petrol
Volvo XC60 D5,Volvo,2008,"7,68,000","8,447 kms",Petrol
Nissan Terrano XL,Nissan,2003,"25,000","1,37,636 kms",Petrol
Volkswagen Vento Highline Diesel,Volkswagen,2006,Ask For Price,"13,310 kms",Petrol
Mini Cooper S,Mini,2002,"2,34,000","1,67,625 kms",Diesel
Jaguar XF Portfolio,Jaguar,2017,"15,40,000","95,370 kms",Diesel
Mercedes C-Class C220d,Mercedes,2012,"6,86,000","1,22,732 kms",Petrol
Renault Kwid RXT,Renault,2017,"53,000","1,54,718 kms",Petrol
Mitsubishi Lancer 1.8 GLX,Mitsubishi,2023,"2,43,000","14,784 kms",Diesel
Jaguar XF Portfolio,Jaguar,2014,"15,45,000","27,560 kms",Petrol
Jeep Compass Longitude,Jeep,2006,"35,000","1,77,448 kms",Petrol
Honda Jazz V,Honda,2019,"1,45,000","9,531 kms",Diesel
Honda WR-V i-VTEC VX,Honda,2012,"48,000","1,11,954 kms",Petrol
Audi A6 2.0 TDI,Audi,2003,"5,45,000","20,775 kms",Diesel
Maruti Suzuki Swift Vdi,Maruti,2005,"25,000","1,17,070 kms",Diesel
Datsun redi-GO T,Datsun,2016,"48,000","77,245 kms",Diesel
BMW 5 Series 520d,BMW,2011,"8,78,000","77,981 kms",Diesel
Jeep Compass Longitude,Jeep,2017,"1,65,000","32,727 kms",Diesel
Land Rover Freelander 2,Land,2009,"12,43,000","4,857 kms",Petrol
Mitsubishi Pajero Sport 4x2,Mitsubishi,2009,Ask For Price,"1,76,918 kms",Petrol
Tata Nano Lx,Tata,2011,"54,000","31,730 kms",Diesel
Chevrolet Sail UVA LS,Chevrolet,2023,"1,49,000","4,884 kms",Petrol
Renault Duster 110 PS RxL,Renault,2008,"26,000","96,877 kms",Diesel
Renault Lodgy 110PS RxZ 8 Str,Renault,2009,"47,000","28,760 kms",Petrol
Land Rover Freelander 2,Land,2010,"7,32,000","1,44,496 kms",Petrol
Land Rover Discovery Sport,Land,2020,"17,33,000","1,48,497 kms",Diesel
Mini Cooper S,Mini,2017,"9,48,000","1,37,773 kms",Petrol
Jeep Compass Longitude,Jeep,2023,"1,71,000","1,50,844 kms",Diesel
Mini Cooper S,Mini,2015,"10,66,000","46,897 kms",Petrol
Audi Q7,Audi,2015,"13,66,000","51,616 kms",Petrol
Datsun GO Plus T,Datsun,2004,"25,000","1,49,896 kms",Diesel
Audi A8,Audi,2021,"17,82,000","1,41,080 kms",Diesel
Volkswagen Ameo Highline 1.5,Volkswagen,2020,"1,62,000","16,944 kms",Petrol
Ford EcoSport Ambiente 1.5L TDCi,Ford,2010,"33,000","1,75,448 kms",Petrol
Chevrolet Sail UVA LS,Chevrolet,2016,"61,000","60,014 kms",Petrol
Hyundai Xcent S,Hyundai,2017,"1,05,000","35,639 kms",Diesel
Renault Duster 110 PS RxL,Renault,2006,"35,000","42,400 kms",Diesel
Toyota Fortuner 3.0 4x4 AT,Toyota,2013,"89,000","41,579 kms",Petrol
Toyota Fortuner 3.0 4x4 AT,Toyota,2023,"1,98,000","38,685 kms",Petrol
Volkswagen Vento Highline Diesel,Volkswagen,2011,"70,000","17,870 kms",Diesel
Fiat Punto Active,Fiat,2015,"46,000","1,21,213 kms",Diesel
Audi A6 2.0 TDI,Audi,2016,"9,30,000","1,15,640 kms",Diesel
Land Rover Discovery Sport,Land,2015,"18,91,000","7,064 kms",Diesel
Datsun GO Plus T,Datsun,2012,"27,000","1,67,457 kms",Diesel
Hyundai Tucson 2WD AT GLS,Hyundai,2014,"45,000","1,41,195 kms",Petrol
BMW X1 sDrive20d,BMW,2021,"15,55,000","1,32,211 kms",Diesel
Datsun GO T,Datsun,2021,"1,04,000","33,084 kms",Petrol
Tata Nexon XZ Plus,Tata,2002,"25,000","85,463 kms",Petrol
Fiat Punto Active,Fiat,2004,"25,000","3,468 kms",Petrol
Mercedes GLA 200d,Mercedes,2009,"9,32,000","30,748 kms",Petrol
Mini Cooper D,Mini,2004,"2,96,000","1,53,935 kms",Diesel
Toyota Etios VXD,Toyota,2012,"90,000","14,924 kms",Petrol
Jaguar XE Prestige,Jaguar,2007,"5,42,000","1,24,550 kms",Diesel
Volkswagen Ameo Highline 1.5,Volkswagen,2011,"60,000","74,338 kms",Diesel
Mercedes GLA 200d,Mercedes,2021,"25,35,000","45,895 kms",Diesel
Jaguar XF Portfolio,Jaguar,2004,"3,49,000","1,19,533 kms",Diesel
Fiat Linea Active,Fiat,2016,Ask For Price,"1,49,116 kms",Diesel
Datsun GO T,Datsun,2008,"25,000","1,23,932 kms",Diesel
Toyota Etios VXD,Toyota,2016,"88,000","98,623 kms",Petrol
Volvo S60 D4,Volvo,2002,"2,62,000","1,42,865 kms",Diesel
Mitsubishi Pajero Sport 4x2,Mitsubishi,2021,"1,92,000","18,446 kms",Petrol
Mahindra Scorpio S10,Mahindra,2014,"89,000","57,053 kms",Diesel
Fiat Punto Active,Fiat,2013,"32,000","1,13,956 kms",Diesel
Datsun GO T,Datsun,2007,"25,000","85,200 kms",Petrol
BMW 3 Series 320d,BMW,2018,"15,40,000","75,632 kms",Diesel
Fiat Punto Active,Fiat,2018,"77,000","66,721 kms",Petrol
Toyota Corolla Altis G,Toyota,2006,"47,000","15,401 kms",Petrol
Mitsubishi Pajero Sport 4x2,Mitsubishi,2019,"1,31,000","41,163 kms",Petrol
Volvo XC60 D5,Volvo,2023,"21,18,000","1,09,914 kms",Diesel
Jeep Compass Longitude,Jeep,2002,"35,000","50,627 kms",Petrol
Volkswagen Polo Highline 1.2L,Volkswagen,2021,"1,13,000","1,59,850 kms",Petrol
Mahindra XUV500 W8,Mahindra,2017,"77,000","1,09,117 kms",Petrol
Jeep Compass Longitude,Jeep,2011,"59,000","1,71,281 kms",Petrol
Mercedes GLA 200d,Mercedes,2021,"31,52,000","26,227 kms",Diesel
Honda City 1.5 S MT,Honda,2018,"1,03,000","71,354 kms",Diesel
Chevrolet Beat LT,Chevrolet,2020,"78,000","68,879 kms",Petrol
Skoda Octavia Elegance 1.8 TSI,Skoda,2013,"51,000","1,66,253 kms",Petrol
Ford EcoSport Titanium 1.5L TDCi,Ford,2016,"66,000","95,409 kms",Petrol
Volvo XC60 D5,Volvo,2007,"6,45,000","36,588 kms",Diesel
Land Rover Discovery Sport,Land,2003,"5,36,000","33,853 kms",Petrol
Land Rover Freelander 2,Land,2023,"39,50,000","41,127 kms",Petrol
Volkswagen Ameo Highline 1.5,Volkswagen,2023,"1,45,000","1,49,548 kms",Diesel
Renault Duster 110 PS RxL,Renault,2016,"55,000","1,51,244 kms",Diesel
BMW 5 Series 520d,BMW,2016,"16,16,000","39,031 kms",Petrol
Mercedes GLA 200d,Mercedes,2008,"5,59,000","1,47,827 kms",Petrol
Mahindra KUV100 K8,Mahindra,2008,"33,000","1,42,568 kms",Diesel
Mercedes GLA 200d,Mercedes,2011,"11,86,000","3,513 kms",Petrol
Honda Amaze S i-Dtech,Honda,2021,"1,70,000","29,293 kms",Diesel
Tata Nexon XZ Plus,Tata,2004,Ask For Price,"74,997 kms",Diesel
Land Rover Freelander 2,Land,2021,Ask For Price,"21,029 kms",Diesel
Chevrolet Sail UVA LS,Chevrolet,2019,"77,000","78,940 kms",Petrol
Toyota Etios VXD,Toyota,2019,"1,51,000","58,799 kms",Diesel
Honda Amaze S i-Dtech,Honda,2020,"1,49,000","61,468 kms",Diesel
Mercedes E-Class E220d,Mercedes,2018,"12,56,000","1,66,493 kms",Diesel
Fiat Punto Active,Fiat,2013,"35,000","1,41,365 kms",Diesel
Maruti Suzuki Eeco 5 Seater,Maruti,2010,"47,000","60,094 kms",Diesel
Nissan Terrano XL,Nissan,2008,"39,000","21,172 kms",Diesel
Mahindra Jeep CL550 MDI,Mahindra,2019,"91,000","1,76,612 kms",Diesel
Mini Cooper S,Mini,2010,"4,52,000","1,17,240 kms",Diesel
Chevrolet Beat LT,Chevrolet,2018,"52,000","1,40,458 kms",Diesel
Chevrolet Spark LT,Chevrolet,2017,"54,000","1,54,881 kms",Diesel
Mahindra KUV100 K8,Mahindra,2015,"55,000","1,35,095 kms",Petrol
Mahindra Scorpio SLE BS IV,Mahindra,2020,"1,00,000","1,44,065 kms",Petrol
Skoda Octavia Elegance 1.8 TSI,Skoda,2017,"93,000","50,992 kms",Petrol
Jeep Compass Limited,Jeep,2011,"68,000","83,474 kms",Diesel
Jaguar XF Portfolio,Jaguar,2002,"3,31,000","1,04,125 kms",Petrol
Chevrolet Sail UVA LS,Chevrolet,2019,"53,000","1,33,142 kms",Petrol
BMW 5 Series 520d,BMW,2009,"8,75,000","43,781 kms",Diesel
Mahindra Thar CRDe 4x4,Mahindra,2015,"72,000","95,488 kms",Diesel
Mahindra Thar CRDe 4x4,Mahindra,2014,"87,000","42,529 kms",Diesel
Mitsubishi Pajero Sport 4x2,Mitsubishi,2019,"1,54,000","14,999 kms",Diesel
Mitsubishi Pajero Sport 4x2,Mitsubishi,2002,"32,000","11,919 kms",Diesel
Ford Figo Aspire Titanium,Ford,2010,"33,000","1,07,332 kms",Petrol
Mini Cooper D,Mini,2020,"16,43,000","52,783 kms",Petrol
Land Rover Freelander 2,Land,2018,"15,41,000","1,36,602 kms",Petrol
Mini Cooper S,Mini,2010,"4,93,000","1,52,522 kms",Petrol
Skoda Octavia Elegance 1.8 TSI,Skoda,2012,"44,000","1,51,609 kms",Petrol
Mini Cooper S,Mini,2002,"2,47,000","1,03,335 kms",Diesel
Mercedes GLA 200d,Mercedes,2016,Ask For Price,"23,081 kms",Petrol
Fiat Punto Active,Fiat,2002,"25,000","10,389 kms",Petrol
BMW 5 Series 520d,BMW,2015,"16,34,000","23,702 kms",Diesel
Jeep Compass Limited,Jeep,2010,"62,000","80,955 kms",Petrol
Mercedes GLA 200d,Mercedes,2017,"11,19,000","1,08,624 kms",Diesel
Volvo XC60 D5,Volvo,2007,"4,83,000","93,022 kms",Petrol
Mitsubishi Pajero Sport 4x2,Mitsubishi,2013,"75,000","52,876 kms",Diesel
Mitsubishi Pajero Sport 4x2,Mitsubishi,2017,"1,50,000","19,244 kms",Diesel
Ford Figo Aspire Titanium,Ford,2007,"32,000","75,762 kms",Petrol
Tata Bolt XT,Tata,2002,"25,000","28,779 kms",Petrol
Jaguar XE Prestige,Jaguar,2005,"4,60,000","1,15,057 kms",Diesel
Skoda Rapid Elegance 1.6 MPI,Skoda,2002,"25,000","1,41,455 kms",Petrol
Datsun redi-GO T,Datsun,2020,Ask For Price,"30,792 kms",Diesel
Fiat Punto Active,Fiat,2005,"25,000","34,710 kms",Petrol
Jaguar XE Prestige,Jaguar,2010,"6,74,000","1,57,005 kms",Diesel
Mercedes E-Class E220d,Mercedes,2004,"3,73,000","1,67,459 kms",Petrol
Renault Lodgy 110PS RxZ 8 Str,Renault,2013,"60,000","27,517 kms",Diesel
BMW X1 sDrive20d,BMW,2014,"9,33,000","1,38,578 kms",Petrol
Land Rover Discovery Sport,Land,2023,"33,52,000","50,608 kms",Petrol
Toyota Glanza G,Toyota,2011,"45,000","1,63,780 kms",Diesel
Nissan Terrano XL,Nissan,2023,"1,63,000","4,502 kms",Petrol
Jaguar XE Prestige,Jaguar,2010,"6,32,000","1,77,505 kms",Diesel
Chevrolet Sail UVA LS,Chevrolet,2009,"42,000","2,079 kms",Petrol
Volkswagen Jetta Comfortline TDI,Volkswagen,2003,"26,000","88,373 kms",Diesel
Jaguar XE Prestige,Jaguar,2010,"8,59,000","82,163 kms",Petrol
Honda City 1.5 S MT,Honda,2022,"1,50,000","53,795 kms",Diesel
Renault Lodgy 110PS RxZ 8 Str,Renault,2002,"25,000","75,606 kms",Petrol
Ford Freestyle Titanium,Ford,2002,"28,000","8,984 kms",Diesel
Mercedes E-Class E220d,Mercedes,2006,"7,60,000","21,297 kms",Petrol
Fiat Linea Active,Fiat,2012,"37,000","78,633 kms",Petrol
Land Rover Discovery Sport,Land,2018,"14,66,000","1,00,702 kms",Petrol
Mini Cooper D,Mini,2010,Ask For Price,"74,342 kms",Petrol
Datsun redi-GO T,Datsun,2008,"25,000","1,57,532 kms",Petrol
Mini Cooper D,Mini,2020,"25,16,000","8,738 kms",Diesel
Volkswagen Jetta Comfortline TDI,Volkswagen,2006,"38,000","63,103 kms",Diesel
Tata Bolt XT,Tata,2022,"81,000","1,51,037 kms",Diesel
Mini Cooper S,Mini,2003,"3,18,000","79,835 kms",Diesel
Jeep Compass Longitude,Jeep,2002,"25,000","1,17,189 kms",Diesel
Toyota Corolla Altis G,Toyota,2012,"71,000","56,009 kms",Petrol
Tata Bolt XT,Tata,2009,"43,000","40,990 kms",Diesel
Honda Jazz V,Honda,2003,"25,000","1,11,675 kms",Petrol
Renault Kwid RXT,Renault,2009,"46,000",844 kms,Petrol
Volkswagen Jetta Comfortline TDI,Volkswagen,2017,"75,000","95,381 kms",Petrol
Volvo XC60 D5,Volvo,2011,"10,57,000","22,405 kms",Diesel
Mitsubishi Lancer 1.8 GLX,Mitsubishi,2005,Ask For Price,"11,533 kms",Petrol
Volkswagen Vento Highline Diesel,Volkswagen,2008,"59,000","9,498 kms",Diesel
Hyundai Tucson 2WD AT GLS,Hyundai,2020,"1,08,000","63,384 kms",Diesel
BMW X1 sDrive20d,BMW,2002,"5,36,000","14,476 kms",Diesel
Skoda Octavia Elegance 1.8 TSI,Skoda,2018,"84,000","1,02,937 kms",Diesel
Honda Amaze S i-Dtech,Honda,2013,"74,000","48,612 kms",Diesel
Audi Q3 35 TDI,Audi,2013,"7,39,000","1,14,060 kms",Diesel
Toyota Fortuner 3.0 4x4 AT,Toyota,2017,"86,000","89,563 kms",Petrol
Nissan Micra XV,Nissan,2015,"51,000","1,15,764 kms",Diesel
Toyota Etios VXD,Toyota,2004,"25,000","1,11,345 kms",Diesel
Nissan Micra XV,Nissan,2008,"27,000","1,33,584 kms",Petrol
Audi A4 35 TDI,Audi,2011,"9,47,000","47,712 kms",Petrol
Jaguar XF Portfolio,Jaguar,2016,"12,58,000","1,30,841 kms",Diesel
Volkswagen Polo Highline 1.2L,Volkswagen,2011,"41,000","1,54,657 kms",Petrol
Tata Nexon XZ Plus,Tata,2006,"29,000","60,141 kms",Petrol
Nissan Micra XV,Nissan,2008,"25,000","1,22,510 kms",Petrol
Audi A8,Audi,2008,"7,85,000","16,456 kms",Diesel
Jeep Compass Longitude,Jeep,2016,"90,000","1,13,111 kms",Diesel
Datsun GO Plus T,Datsun,2020,"1,05,000","17,881 kms",Diesel
Mitsubishi Lancer 1.8 GLX,Mitsubishi,2009,"38,000","1,66,657 kms",Petrol
Jeep Compass Limited,Jeep,2018,"1,94,000","27,072 kms",Diesel
Mini Cooper D,Mini,2022,"22,74,000","33,361 kms",Petrol
Ford Endeavour 4x4 AT,Ford,2002,"25,000","1,20,682 kms",Diesel
Ford Fiesta Classic CLXi,Ford,2013,"57,000","92,650 kms",Diesel
Skoda Octavia Elegance 1.8 TSI,Skoda,2022,"1,16,000","1,42,970 kms",Petrol
Volvo XC60 D5,Volvo,2005,"5,80,000","22,747 kms",Diesel
Mahindra TUV300 T8,Mahindra,2004,"25,000","1,31,905 kms",Diesel
Maruti Suzuki Swift Vdi,Maruti,2007,"25,000","1,08,796 kms",Petrol
Datsun GO T,Datsun,2022,"81,000","68,471 kms",Petrol
Mini Cooper S,Mini,2005,Ask For Price,"1,05,948 kms",Diesel
Volkswagen Vento Highline Diesel,Volkswagen,2012,"78,000","39,991 kms",Diesel
Mahindra Bolero SLE,Mahindra,2016,"1,19,000","22,005 kms",Petrol
Jaguar XE Prestige,Jaguar,2007,"4,42,000","1,30,278 kms",Petrol
Mercedes C-Class C220d,Mercedes,2006,"4,95,000","89,252 kms",Diesel
Ford Figo,Ford,2009,"57,000","9,467 kms",Petrol
Mitsubishi Pajero Sport 4x2,Mitsubishi,2012,"59,000","1,07,503 kms",Diesel
Mahindra TUV300 T8,Mahindra,2006,"39,000","20,709 kms",Petrol
Datsun GO T,Datsun,2004,"25,000","18,748 kms",Diesel
Maruti Suzuki Eeco 5 Seater,Maruti,2004,"25,000","1,48,566 kms",CNG
Nissan Micra XV,Nissan,2023,"1,40,000","83,844 kms",Diesel
Tata Indica V2 DLS,Tata,2019,"1,16,000","28,045 kms",Petrol
Skoda Rapid Elegance 1.6 MPI,Skoda,2002,"25,000","1,51,453 kms",Diesel
Renault Triber RXZ,Renault,2022,Ask For Price,"5,701 kms",Diesel
BMW 5 Series 520d,BMW,2017,"19,88,000","28,822 kms",Diesel
Volkswagen Vento Highline Diesel,Volkswagen,2015,"54,000","1,43,840 kms",Petrol
Chevrolet Spark LT,Chevrolet,2021,"92,000","73,881 kms",Petrol
Maruti Suzuki Vitara Brezza ZDi,Maruti,2019,"1,07,000","65,688 kms",Diesel
Chevrolet Sail UVA LS,Chevrolet,2003,"25,000","46,443 kms",Petrol
Datsun GO Plus T,Datsun,2002,"25,000","34,081 kms",Petrol
BMW 5 Series 520d,BMW,2006,"4,64,000","88,114 kms",Petrol
Skoda Rapid Elegance 1.6 MPI,Skoda,2010,"44,000","92,080 kms",Petrol
Datsun redi-GO T,Datsun,2017,"48,000","77,991 kms",Petrol
Fiat Punto Active,Fiat,2002,"25,000","1,09,121 kms",Petrol
Mercedes C-Class C220d,Mercedes,2002,"2,76,000","1,79,116 kms",Diesel
Nissan Sunny XL,Nissan,2007,"36,000","60,149 kms",Diesel
Land Rover Discovery Sport,Land,2020,"19,67,000","1,19,705 kms",Petrol
BMW X1 sDrive20d,BMW,2021,"15,10,000","1,33,713 kms",Petrol
Renault Triber RXZ,Renault,2002,"25,000","48,398 kms",Petrol
Mini Cooper D,Mini,2022,"13,67,000","1,51,911 kms",Petrol
Mercedes C-Class C220d,Mercedes,2009,"5,32,000","1,25,092 kms",Petrol
Jaguar XF Portfolio,Jaguar,2012,"11,43,000","36,900 kms",Petrol
Jaguar XE Prestige,Jaguar,2003,"5,55,000","8,894 kms",Diesel
Jaguar XF Portfolio,Jaguar,2006,"7,31,000","12,482 kms",Petrol
Mercedes GLA 200d,Mercedes,2008,"5,13,000","1,45,070 kms",Diesel
Tata Tiago Revotron XZ,Tata,2003,"25,000","14,342 kms",Petrol
BMW 3 Series 320d,BMW,2019,"19,94,000","52,074 kms",Diesel
Mini Cooper S,Mini,2015,"9,90,000","88,921 kms",Diesel
Volvo S60 D4,Volvo,2021,"15,82,000","1,51,357 kms",Diesel
Land Rover Freelander 2,Land,2009,"6,24,000","1,68,730 kms",Diesel
Chevrolet Spark LT,Chevrolet,2007,"25,000","1,56,461 kms",Diesel
Chevrolet Sail UVA LS,Chevrolet,2006,"25,000","1,42,083 kms",Petrol
Jeep Compass Limited,Jeep,2005,"35,000","1,04,318 kms",Diesel
Skoda Fabia Classic 1.2 MPI,Skoda,2018,"1,24,000","9,193 kms",Petrol
Ford Figo Aspire Titanium,Ford,2018,"1,13,000","45,250 kms",Diesel
Maruti Suzuki Celerio VXI,Maruti,2023,"1,26,000","68,035 kms",Petrol
Jaguar XF Portfolio,Jaguar,2003,"3,71,000","1,12,461 kms",Diesel
Datsun redi-GO T,Datsun,2005,"25,000","47,678 kms",Diesel
Mini Cooper D,Mini,2021,"24,29,000","4,703 kms",Diesel
Ford Figo,Ford,2018,"1,10,000","65,182 kms",Diesel
Mitsubishi Pajero Sport 4x2,Mitsubishi,2009,"47,000","79,261 kms",Diesel
Chevrolet Spark LT,Chevrolet,2006,"25,000","56,109 kms",Petrol
Mercedes E-Class E220d,Mercedes,2003,"3,80,000","89,790 kms",Diesel
Nissan Terrano XL,Nissan,2015,"74,000","22,055 kms",Petrol
Jaguar XE Prestige,Jaguar,2009,"7,12,000","78,358 kms",Diesel
Mitsubishi Lancer 1.8 GLX,Mitsubishi,2020,"1,43,000","53,758 kms",Petrol
Volvo S60 D4,Volvo,2011,"6,40,000","1,68,557 kms",Petrol
Chevrolet Spark LT,Chevrolet,2021,"1,05,000","12,602 kms",Petrol
Land Rover Discovery Sport,Land,2023,"24,29,000","1,35,020 kms",Diesel
Volkswagen Jetta Comfortline TDI,Volkswagen,2018,Ask For Price,"1,14,612 kms",Diesel
Mahindra Scorpio SLE BS IV,Mahindra,2005,"25,000","1,05,986 kms",Petrol
Jaguar XE Prestige,Jaguar,2014,"11,19,000","1,58,126 kms",Diesel
Jeep Compass Limited,Jeep,2023,"2,88,000","15,009 kms",Petrol
Fiat Linea Active,Fiat,2010,"51,000","5,593 kms",Diesel
Mahindra Bolero SLE,Mahindra,2021,"1,04,000","1,40,139 kms",Petrol
Ford Figo Aspire Titanium,Ford,2011,"51,000","44,317 kms",Diesel
Audi Q3 35 TDI,Audi,2002,"3,09,000","77,862 kms",Diesel
Toyota Glanza G,Toyota,2023,Ask For Price,"86,363 kms",Petrol
Ford EcoSport Titanium 1.5L TDCi,Ford,2009,"38,000","90,713 kms",Diesel
Mahindra Scorpio SLE BS IV,Mahindra,2003,"38,000","7,855 kms",Diesel
Toyota Corolla Altis G,Toyota,2014,"1,18,000","9,668 kms",Petrol
Fiat Linea Active,Fiat,2010,"30,000","1,75,086 kms",Diesel
Renault Duster 110 PS RxL,Renault,2022,Ask For Price,"87,904 kms",Petrol
BMW 5 Series 520d,BMW,2016,"20,36,000","13,937 kms",Diesel
Mitsubishi Lancer 1.8 GLX,Mitsubishi,2023,"1,53,000","1,17,790 kms",Petrol
Jaguar XE Prestige,Jaguar,2014,"13,28,000","71,104 kms",Petrol
Renault Triber RXZ,Renault,2020,"85,000","1,31,395 kms",Diesel
Mercedes E-Class E220d,Mercedes,2021,"17,31,000","1,73,856 kms",Petrol
Skoda Octavia Elegance 1.8 TSI,Skoda,2011,"61,000","19,987 kms",Petrol
Mitsubishi Lancer 1.8 GLX,Mitsubishi,2003,"25,000","91,894 kms",Petrol
Datsun GO T,Datsun,2016,"58,000","37,638 kms",Petrol
Land Rover Freelander 2,Land,2014,"15,51,000","23,473 kms",Petrol
Jeep Compass Limited,Jeep,2003,"30,000","84,070 kms",Diesel
Toyota Glanza G,Toyota,2018,"1,28,000","73,549 kms",Diesel
Jeep Compass Limited,Jeep,2003,"45,000","13,920 kms",Diesel
Datsun GO Plus T,Datsun,2021,"89,000","73,380 kms",Petrol
Mini Cooper D,Mini,2014,"11,84,000","11,671 kms",Petrol
Chevrolet Tavera Neo 3,Chevrolet,2016,"41,000","1,15,303 kms",Diesel
Volvo XC60 D5,Volvo,2012,"7,99,000","56,558 kms",Petrol
Mahindra XUV500 W8,Mahindra,2006,"26,000","99,209 kms",Petrol
Land Rover Discovery Sport,Land,2005,"4,74,000","1,65,874 kms",Diesel
Skoda Fabia Classic 1.2 MPI,Skoda,2008,"32,000","1,03,111 kms",Petrol
Jaguar XE Prestige,Jaguar,2016,"18,27,000","20,955 kms",Diesel
Fiat Punto Active,Fiat,2016,"65,000","74,784 kms",Diesel
Hyundai Creta 1.6 SX Option,Hyundai,2015,"63,000","88,664 kms",Diesel
Datsun GO T,Datsun,2014,"44,000","55,087 kms",Diesel
Jaguar XE Prestige,Jaguar,2008,"5,86,000","1,62,370 kms",Petrol
Toyota Etios VXD,Toyota,2003,"25,000","74,592 kms",Petrol
Volvo S60 D4,Volvo,2002,"3,29,000","79,330 kms",Diesel
Tata Nexon XZ Plus,Tata,2003,"25,000","24,353 kms",Petrol
Audi Q7,Audi,2008,"5,07,000","1,29,683 kms",Diesel
Maruti Suzuki Swift Vdi,Maruti,2007,"25,000","1,57,478 kms",Petrol
Honda Civic 1.8 V MT,Honda,2006,"42,000","6,406 kms",Petrol
Skoda Rapid Elegance 1.6 MPI,Skoda,2017,"97,000","70,125 kms",Petrol
Hyundai Venue SX,Hyundai,2011,"40,000","1,57,891 kms",Petrol
Renault Kwid RXT,Renault,2019,"1,17,000","35,357 kms",Petrol
BMW X1 sDrive20d,BMW,2011,"6,46,000","1,63,470 kms",Petrol
BMW X1 sDrive20d,BMW,2009,"8,84,000","23,051 kms",Petrol
Land Rover Freelander 2,Land,2009,"6,75,000","1,47,446 kms",Petrol
Audi A6 2.0 TDI,Audi,2014,"15,07,000","18,491 kms",Diesel
Mercedes GLA 200d,Mercedes,2015,"18,68,000","20,165 kms",Diesel
BMW 3 Series 320d,BMW,2023,"23,98,000","83,871 kms",Petrol
Maruti Suzuki Ertiga VDI,Maruti,2021,"96,000","1,58,008 kms",Diesel
Mitsubishi Pajero Sport 4x2,Mitsubishi,2007,"44,000","61,954 kms",Petrol
Jeep Compass Limited,Jeep,2023,"1,81,000","1,37,102 kms",Petrol
Mahindra Jeep CL550 MDI,Mahindra,2023,"1,41,000","1,46,780 kms",Petrol
Maruti Suzuki Vitara Brezza ZDi,Maruti,2007,"34,000","60,307 kms",Petrol
Jaguar XF Portfolio,Jaguar,2011,"7,79,000","1,15,394 kms",Petrol
Skoda Rapid Elegance 1.6 MPI,Skoda,2005,"39,000","1,642 kms",Petrol
Volkswagen Vento Highline Diesel,Volkswagen,2012,"59,000","65,152 kms",Diesel
Skoda Fabia Classic 1.2 MPI,Skoda,2017,"75,000","1,31,478 kms",Diesel
Mercedes C-Class C220d,Mercedes,2006,"5,88,000","56,498 kms",Petrol
Mahindra Jeep CL550 MDI,Mahindra,2021,"1,90,000","17,336 kms",Diesel
Mahindra Jeep CL550 MDI,Mahindra,2011,"47,000","1,68,195 kms",Diesel
Mitsubishi Pajero Sport 4x2,Mitsubishi,2009,"40,000","81,434 kms",Petrol
Honda Jazz V,Honda,2006,"28,000","91,377 kms",Petrol
Tata Indica V2 DLS,Tata,2003,"25,000","98,808 kms",Petrol
Skoda Fabia Classic 1.2 MPI,Skoda,2019,"96,000","1,22,926 kms",Diesel
Fiat Linea Active,Fiat,2004,"25,000","1,23,053 kms",Diesel
Toyota Glanza G,Toyota,2015,"1,02,000","32,956 kms",Petrol
Mercedes E-Class E220d,Mercedes,2019,"12,70,000","1,64,829 kms",Petrol
Skoda Fabia Classic 1.2 MPI,Skoda,2003,"32,000","7,717 kms",Petrol
Toyota Etios VXD,Toyota,2003,"25,000","1,01,524 kms",Diesel
Fiat Punto Active,Fiat,2012,"57,000","31,260 kms",Diesel
Jeep Compass Longitude,Jeep,2003,"38,000","81,363 kms",Diesel
Volkswagen Jetta Comfortline TDI,Volkswagen,2020,"1,90,000","6,406 kms",Diesel
Mini Cooper D,Mini,2023,Ask For Price,"22,937 kms",Diesel
Volkswagen Vento Highline Diesel,Volkswagen,2003,Ask For Price,"74,239 kms",Diesel
Jeep Compass Limited,Jeep,2019,"1,21,000","1,42,452 kms",Diesel
Renault Kwid RXT,Renault,2007,"25,000","1,36,994 kms",Diesel
Jaguar XE Prestige,Jaguar,2012,"8,67,000","1,44,803 kms",Petrol
Mahindra Jeep CL550 MDI,Mahindra,2008,Ask For Price,"1,26,012 kms",Petrol
Renault Kwid RXT,Renault,2012,"33,000","1,42,368 kms",Petrol
Maruti Suzuki Ertiga VDI,Maruti,2007,"26,000","1,22,900 kms",Diesel
Nissan Sunny XL,Nissan,2003,"25,000","1,33,285 kms",Petrol
Hyundai Creta 1.6 SX Option,Hyundai,2005,"25,000","99,856 kms",Petrol
Volkswagen Vento Highline Diesel,Volkswagen,2011,"42,000","1,53,428 kms",Petrol
Jeep Compass Longitude,Jeep,2011,"68,000","90,792 kms",Diesel
BMW X1 sDrive20d,BMW,2011,"9,81,000","61,080 kms",Petrol
Maruti Suzuki Baleno Delta,Maruti,2003,"25,000","1,74,786 kms",Diesel
Ford EcoSport Ambiente 1.5L TDCi,Ford,2023,Ask For Price,"1,34,714 kms",Diesel
BMW 3 Series 320d,BMW,2021,"29,18,000","39,945 kms",Diesel
Hyundai Tucson 2WD AT GLS,Hyundai,2021,"1,34,000","72,449 kms",Petrol
Volkswagen Vento Highline Diesel,Volkswagen,2016,"87,000","51,435 kms",Petrol
Volvo S60 D4,Volvo,2018,"12,37,000","99,984 kms",Diesel
Chevrolet Beat LT,Chevrolet,2007,Ask For Price,"35,953 kms",Petrol
Tata Bolt XT,Tata,2011,"30,000","1,30,105 kms",Petrol
Tata Nano Lx,Tata,2010,"28,000","1,03,962 kms",Diesel
Nissan Terrano XL,Nissan,2005,"25,000","66,949 kms",Diesel
Ford Fiesta Classic CLXi,Ford,2010,"62,000","10,751 kms",Diesel
Renault Triber RXZ,Renault,2002,"28,000","1,552 kms",Diesel
Jaguar XF Portfolio,Jaguar,2022,"36,89,000","15,804 kms",Petrol
Renault Duster 110 PS RxL,Renault,2016,"80,000","63,432 kms",Diesel
BMW 3 Series 320d,BMW,2007,"7,27,000","25,090 kms",Diesel
Renault Lodgy 110PS RxZ 8 Str,Renault,2012,"51,000","53,064 kms",Petrol
Fiat Linea Active,Fiat,2005,Ask For Price,"48,578 kms",Petrol
Mini Cooper S,Mini,2003,"4,10,000","35,417 kms",Diesel
Land Rover Discovery Sport,Land,2019,"25,63,000","22,023 kms",Petrol
Toyota Etios VXD,Toyota,2019,"91,000","1,24,080 kms",Diesel
Mitsubishi Lancer 1.8 GLX,Mitsubishi,2013,"63,000","1,69,200 kms",Diesel
Volkswagen Vento Highline Diesel,Volkswagen,2009,"40,000","90,909 kms",Petrol
Hyundai Elite i20 Magna 1.2,Hyundai,2015,"59,000","81,572 kms",Petrol
Honda Civic 1.8 V MT,Honda,2018,"95,000","77,944 kms",Petrol
Land Rover Discovery Sport,Land,2011,"8,22,000","1,28,866 kms",Diesel
Mercedes GLA 200d,Mercedes,2021,"18,07,000","1,09,171 kms",Petrol
Honda City 1.5 S MT,Honda,2013,"59,000","96,752 kms",Petrol
Mini Cooper D,Mini,2002,"3,42,000","65,900 kms",Diesel
Renault Duster 110 PS RxL,Renault,2011,"49,000","57,540 kms",Diesel
Nissan Terrano XL,Nissan,2019,"72,000","1,34,190 kms",Petrol
Skoda Rapid Elegance 1.6 MPI,Skoda,2009,"52,000","62,764 kms",Diesel
Volkswagen Polo Highline 1.2L,Volkswagen,2006,Ask For Price,"1,59,832 kms",Petrol
Fiat Punto Active,Fiat,2023,"1,62,000","2,045 kms",Petrol
Mini Cooper D,Mini,2002,"2,28,000","1,28,963 kms",Diesel
Fiat Linea Active,Fiat,2007,"38,000","18,936 kms",Diesel
Skoda Octavia Elegance 1.8 TSI,Skoda,2011,"53,000","61,514 kms",Petrol
Volkswagen Jetta Comfortline TDI,Volkswagen,2012,"54,000","93,038 kms",Petrol
Renault Kwid RXT,Renault,2018,"69,000","1,66,616 kms",Petrol
Audi A4 35 TDI,Audi,2020,"16,98,000","85,844 kms",Petrol
Honda WR-V i-VTEC VX,Honda,2005,"28,000","80,728 kms",Diesel
Honda Civic 1.8 V MT,Honda,2011,"39,000","1,14,078 kms",Diesel
Land Rover Discovery Sport,Land,2007,"9,87,000","13,881 kms",Petrol
Jeep Compass Longitude,Jeep,2006,"52,000","33,343 kms",Diesel
Renault Kwid RXT,Renault,2017,"66,000","76,777 kms",Petrol
Fiat Linea Active,Fiat,2021,"1,09,000","47,431 kms",Diesel
Toyota Etios VXD,Toyota,2009,"61,000","31,737 kms",Petrol
Mini Cooper D,Mini,2019,"21,91,000","6,356 kms",Diesel
Volkswagen Vento Highline Diesel,Volkswagen,2023,"1,24,000","1,35,419 kms",Petrol
Volkswagen Polo Highline 1.2L,Volkswagen,2020,"1,03,000","1,50,363 kms",Diesel
Mahindra Scorpio SLE BS IV,Mahindra,2008,"55,000","37,913 kms",Diesel
Mahindra Bolero SLE,Mahindra,2015,"99,000","24,986 kms",Diesel
Tata Tigor XZ,Tata,2009,"25,000","1,23,855 kms",Petrol
Chevrolet Sail UVA LS,Chevrolet,2014,"55,000","50,165 kms",Diesel
Volkswagen Polo Highline 1.2L,Volkswagen,2022,"1,52,000","92,767 kms",Diesel
Fiat Punto Active,Fiat,2016,"55,000","66,085 kms",Petrol
Tata Bolt XT,Tata,2015,"43,000","1,08,648 kms",Diesel
Land Rover Freelander 2,Land,2022,"28,85,000","67,997 kms",Petrol
Toyota Fortuner 3.0 4x4 AT,Toyota,2010,"51,000","83,227 kms",Diesel
Mitsubishi Pajero Sport 4x2,Mitsubishi,2013,"99,000","4,765 kms",Diesel
Renault Lodgy 110PS RxZ 8 Str,Renault,2009,"31,000","1,09,014 kms",Diesel
Renault Lodgy 110PS RxZ 8 Str,Renault,2005,"26,000","47,485 kms",Petrol
Mercedes C-Class C220d,Mercedes,2022,"34,04,000","15,302 kms",Diesel
Volkswagen Vento Highline Diesel,Volkswagen,2019,"84,000","1,03,003 kms",Petrol
Toyota Fortuner 3.0 4x4 AT,Toyota,2013,"67,000","83,933 kms",Diesel
Skoda Octavia Elegance 1.8 TSI,Skoda,2008,"34,000","1,03,859 kms",Diesel
Honda City 1.5 S MT,Honda,2014,"91,000","4,321 kms",Petrol
Jeep Compass Limited,Jeep,2010,"99,000","1,090 kms",Petrol
Tata Tiago Revotron XZ,Tata,2021,"87,000","1,02,637 kms",Diesel
Tata Tiago Revotron XZ,Tata,2009,"29,000","1,62,863 kms",Diesel
Ford Fiesta Classic CLXi,Ford,2012,"53,000","76,398 kms",Petrol
BMW 5 Series 520d,BMW,2004,"3,64,000","1,37,878 kms",Petrol
Hyundai Grand i10 Magna 1.2 Kappa VTVT,Hyundai,2008,"28,000","1,13,118 kms",Petrol
Audi A6 2.0 TDI,Audi,2007,"6,78,000","37,434 kms",Petrol
Mini Cooper D,Mini,2013,"7,13,000","1,54,689 kms",Diesel
Mercedes E-Class E220d,Mercedes,2007,"8,20,000","6,423 kms",Diesel
Audi A8,Audi,2020,"14,93,000","1,19,734 kms",Petrol
Datsun GO T,Datsun,2010,"32,000","64,243 kms",Diesel
Datsun GO T,Datsun,2003,"25,000","10,222 kms",Diesel
Toyota Etios VXD,Toyota,2008,"35,000","1,67,753 kms",Petrol
Tata Tigor XZ,Tata,2022,"94,000","95,779 kms",Diesel
Ford Endeavour 4x4 AT,Ford,2016,"62,000","1,45,359 kms",Petrol
Mini Cooper D,Mini,2016,"13,01,000","57,739 kms",Diesel
Hyundai Verna 1.6 SX,Hyundai,2023,"1,10,000","1,67,202 kms",Diesel
BMW X1 sDrive20d,BMW,2012,"13,11,000",622 kms,Petrol
Jaguar XF Portfolio,Jaguar,2016,"11,88,000","1,74,629 kms",Petrol
Datsun GO Plus T,Datsun,2005,"25,000","1,01,802 kms",Diesel
Land Rover Freelander 2,Land,2019,"16,33,000","1,16,726 kms",Petrol
Datsun GO T,Datsun,2022,"71,000","1,12,003 kms",Diesel
Volvo XC60 D5,Volvo,2014,"10,16,000","60,471 kms",Diesel
Maruti Suzuki Alto 800 Vxi,Maruti,2016,Ask For Price,"94,798 kms",Diesel
Fiat Linea Active,Fiat,2005,"25,000","51,414 kms",Petrol
Ford EcoSport Titanium 1.5L TDCi,Ford,2016,"76,000","83,298 kms",Petrol
Maruti Suzuki Eeco 5 Seater,Maruti,2017,"67,000","1,56,663 kms",Petrol
Mini Cooper D,Mini,2005,"2,88,000","1,35,494 kms",Petrol
BMW 5 Series 520d,BMW,2010,Ask For Price,"10,620 kms",Petrol
Fiat Punto Active,Fiat,2006,"27,000","44,892 kms",Petrol
Datsun redi-GO T,Datsun,2004,"25,000","1,08,426 kms",Diesel
Nissan Terrano XL,Nissan,2015,"59,000","1,04,431 kms",Diesel
Nissan Sunny XL,Nissan,2003,"25,000","78,404 kms",Petrol
Tata Bolt XT,Tata,2007,"28,000","51,929 kms",Diesel
Ford Figo,Ford,2014,"48,000","1,57,069 kms",Petrol
Mitsubishi Lancer 1.8 GLX,Mitsubishi,2016,"69,000","1,16,597 kms",Diesel
Chevrolet Sail UVA LS,Chevrolet,2003,"25,000","1,78,118 kms",Diesel
Chevrolet Sail UVA LS,Chevrolet,2016,"68,000","40,562 kms",Petrol
Volkswagen Jetta Comfortline TDI,Volkswagen,2012,"71,000","37,239 kms",Diesel
Volkswagen Jetta Comfortline TDI,Volkswagen,2005,"25,000","1,31,439 kms",Petrol
Hyundai Venue SX,Hyundai,2009,"43,000","30,115 kms",Petrol
Audi Q7,Audi,2017,"10,96,000","1,23,273 kms",Diesel
Hyundai Elite i20 Magna 1.2,Hyundai,2007,"46,000","3,698 kms",Petrol
Land Rover Discovery Sport,Land,2011,"11,88,000","34,372 kms",Petrol
Chevrolet Sail UVA LS,Chevrolet,2007,"29,000","37,064 kms",Petrol
Volkswagen Ameo Highline 1.5,Volkswagen,2022,"1,24,000","1,05,329 kms",Petrol
Maruti Suzuki Swift Dzire Vdi,Maruti,2013,"56,000","67,687 kms",Petrol
Tata Bolt XT,Tata,2014,"48,000","87,472 kms",Diesel
Chevrolet Beat LT,Chevrolet,2016,"46,000","1,02,200 kms",Diesel
Renault Lodgy 110PS RxZ 8 Str,Renault,2011,"30,000","1,57,902 kms",Diesel
Toyota Fortuner 3.0 4x4 AT,Toyota,2006,"29,000","1,34,117 kms",Diesel
Honda City 1.5 S MT,Honda,2023,"1,72,000","50,325 kms",Petrol
Maruti Suzuki Ertiga VDI,Maruti,2005,"26,000","78,585 kms",Petrol
Nissan Terrano XL,Nissan,2020,"78,000","1,63,129 kms",Diesel
Mitsubishi Pajero Sport 4x2,Mitsubishi,2015,"66,000","1,56,780 kms",Petrol
Mercedes C-Class C220d,Mercedes,2003,"4,46,000","67,694 kms",Diesel
Jaguar XE Prestige,Jaguar,2009,"5,94,000","1,73,004 kms",Diesel
Volvo S60 D4,Volvo,2014,"8,12,000","1,39,698 kms",Diesel
Maruti Suzuki Baleno Delta,Maruti,2021,"1,48,000","26,445 kms",Petrol
Mercedes GLA 200d,Mercedes,2003,"4,11,000","88,270 kms",Petrol
Mercedes E-Class E220d,Mercedes,2004,"3,38,000","1,33,023 kms",Diesel
Toyota Glanza G,Toyota,2016,"70,000","1,68,235 kms",Petrol
Audi A8,Audi,2008,"6,88,000","60,923 kms",Petrol
Mahindra Bolero SLE,Mahindra,2023,"2,07,000","50,877 kms",Diesel
Land Rover Discovery Sport,Land,2023,"25,40,000","1,69,190 kms",Diesel
Maruti Suzuki Wagon R 1.0 VXI,Maruti,2006,"34,000","53,903 kms",Petrol
Land Rover Discovery Sport,Land,2013,"8,83,000","1,43,333 kms",Diesel
Tata Nano Lx,Tata,2010,"29,000","1,47,375 kms",Diesel
Skoda Fabia Classic 1.2 MPI,Skoda,2004,"37,000","16,773 kms",Diesel
Audi Q3 35 TDI,Audi,2017,"15,76,000","57,629 kms",Petrol
Mini Cooper D,Mini,2005,"3,30,000","87,490 kms",Diesel
Mahindra Scorpio S10,Mahindra,2010,"51,000","59,378 kms",Diesel
Mitsubishi Pajero Sport 4x2,Mitsubishi,2010,"47,000","1,24,278 kms",Diesel
Hyundai Eon Era Plus,Hyundai,2012,"42,000","1,66,994 kms",Petrol
Chevrolet Tavera Neo 3,Chevrolet,2018,"72,000","71,113 kms",Petrol
Tata Tiago Revotron XZ,Tata,2003,"25,000","1,02,600 kms",Diesel
Renault Kwid RXT,Renault,2014,"68,000","50,937 kms",Petrol
Ford Freestyle Titanium,Ford,2012,"62,000","14,468 kms",Petrol
Hyundai Tucson 2WD AT GLS,Hyundai,2006,"37,000","38,002 kms",Petrol
Audi A4 35 TDI,Audi,2010,"6,23,000","1,75,113 kms",Diesel
Mini Cooper D,Mini,2002,"2,30,000","1,30,184 kms",Petrol
BMW 3 Series 320d,BMW,2018,"13,17,000","1,20,023 kms",Petrol
Honda Civic 1.8 V MT,Honda,2013,"85,000","30,727 kms",Diesel
Fiat Linea Active,Fiat,2012,"33,000","1,42,384 kms",Diesel
Ford Figo Aspire Titanium,Ford,2003,"25,000","1,69,279 kms",Petrol
Land Rover Discovery Sport,Land,2019,"17,99,000","1,15,744 kms",Diesel
Datsun GO Plus T,Datsun,2005,"25,000","35,043 kms",Petrol
Volvo XC60 D5,Volvo,2012,"8,77,000","41,501 kms",Petrol
Volvo XC60 D5,Volvo,2008,"8,32,000","20,831 kms",Diesel
Datsun redi-GO T,Datsun,2019,"56,000","1,79,638 kms",Diesel
Tata Tiago Revotron XZ,Tata,2004,"26,000","29,838 kms",Petrol
Jaguar XE Prestige,Jaguar,2002,"4,39,000","70,885 kms",Petrol
Jaguar XF Portfolio,Jaguar,2022,"31,32,000","47,527 kms",Diesel
Land Rover Discovery Sport,Land,2011,"9,24,000","93,281 kms",Petrol
Volkswagen Ameo Highline 1.5,Volkswagen,2021,"1,01,000","1,34,911 kms",Petrol
Renault Lodgy 110PS RxZ 8 Str,Renault,2018,"68,000","1,38,536 kms",Diesel
Skoda Rapid Elegance 1.6 MPI,Skoda,2002,"25,000","1,03,805 kms",Petrol
Hyundai Tucson 2WD AT GLS,Hyundai,2022,"1,07,000","95,989 kms",Diesel
Honda City 1.5 S MT,Honda,2020,Ask For Price,"1,38,086 kms",Petrol
Mercedes E-Class E220d,Mercedes,2017,"17,17,000","50,954 kms",Petrol
Mahindra Thar CRDe 4x4,Mahindra,2009,"73,000","5,340 kms",Diesel
Tata Nexon XZ Plus,Tata,2016,"47,000","1,17,754 kms",Petrol
Mitsubishi Pajero Sport 4x2,Mitsubishi,2013,"70,000","61,460 kms",Diesel
Land Rover Discovery Sport,Land,2020,"18,87,000","1,65,800 kms",Petrol
Renault Kwid RXT,Renault,2006,"26,000","93,813 kms",Diesel
Land Rover Freelander 2,Land,2011,"12,18,000","20,803 kms",Diesel
Honda City 1.5 S MT,Honda,2006,"25,000","1,76,190 kms",Petrol
Chevrolet Sail UVA LS,Chevrolet,2022,"1,05,000","71,287 kms",Diesel
Nissan Micra XV,Nissan,2006,"25,000","1,77,642 kms",Diesel
Maruti Suzuki Eeco 5 Seater,Maruti,2004,"25,000","1,02,040 kms",Petrol
Renault Lodgy 110PS RxZ 8 Str,Renault,2017,"56,000","1,77,923 kms",Diesel
Mini Cooper D,Mini,2005,"3,41,000","79,668 kms",Diesel
Mercedes C-Class C220d,Mercedes,2003,"3,63,000","80,750 kms",Petrol
Jaguar XF Portfolio,Jaguar,2002,"4,59,000","74,491 kms",Diesel
Mahindra TUV300 T8,Mahindra,2019,"1,22,000","89,866 kms",Diesel
Tata Tigor XZ,Tata,2011,"41,000","52,524 kms",Diesel
Hyundai Grand i10 Magna 1.2 Kappa VTVT,Hyundai,2007,"25,000","1,57,409 kms",Petrol
Toyota Glanza G,Toyota,2015,"70,000","1,40,646 kms",Diesel
Datsun redi-GO T,Datsun,2014,"31,000","1,60,073 kms",Petrol
Honda City 1.5 S MT,Honda,2020,"1,18,000","74,084 kms",Petrol
Tata Indica V2 DLS,Tata,2020,"74,000","1,51,793 kms",Petrol
Hyundai Grand i10 Magna 1.2 Kappa VTVT,Hyundai,2011,"44,000","99,820 kms",Petrol
Hyundai Elite i20 Magna 1.2,Hyundai,2017,"83,000","59,980 kms",Petrol
Fiat Punto Active,Fiat,2004,"25,000","80,008 kms",Diesel
Maruti Suzuki Alto K10 VXi,Maruti,2018,"90,000","46,172 kms",Petrol
Tata Bolt XT,Tata,2015,"50,000","1,49,853 kms",Diesel
Land Rover Discovery Sport,Land,2023,"25,95,000","1,28,714 kms",Petrol
Toyota Corolla Altis G,Toyota,2020,"1,69,000","43,270 kms",Petrol
Honda Jazz V,Honda,2002,"25,000","1,03,235 kms",Petrol
Mini Cooper D,Mini,2014,"12,64,000","5,367 kms",Diesel
Honda WR-V i-VTEC VX,Honda,2010,"45,000","97,333 kms",Petrol
BMW X1 sDrive20d,BMW,2013,"7,50,000","1,74,760 kms",Petrol
BMW X1 sDrive20d,BMW,2020,"23,14,000","24,942 kms",Petrol
Jeep Compass Longitude,Jeep,2006,"38,000","88,958 kms",Petrol
Toyota Innova 2.5 G,Toyota,2021,"1,24,000","1,16,084 kms",Diesel
Skoda Fabia Classic 1.2 MPI,Skoda,2011,"59,000","38,671 kms",Diesel
Jaguar XF Portfolio,Jaguar,2012,"8,63,000","98,458 kms",Petrol
Hyundai Creta 1.6 SX Option,Hyundai,2014,"53,000","77,929 kms",Petrol
Audi A6 2.0 TDI,Audi,2011,"7,01,000","1,21,482 kms",Diesel
Maruti Suzuki Celerio VXI,Maruti,2008,"45,000","18,914 kms",Petrol
Jeep Compass Longitude,Jeep,2016,"1,18,000","74,522 kms",Diesel
Volvo S60 D4,Volvo,2017,"11,80,000","1,23,938 kms",Diesel
Toyota Corolla Altis G,Toyota,2007,"36,000","1,26,632 kms",Diesel
Fiat Linea Active,Fiat,2022,"75,000","1,08,161 kms",Petrol
Honda WR-V i-VTEC VX,Honda,2005,"39,000","41,902 kms",Diesel
Fiat Linea Active,Fiat,2016,"49,000","1,59,815 kms",Diesel
Jeep Compass Longitude,Jeep,2020,"1,58,000","81,792 kms",Petrol
Toyota Fortuner 3.0 4x4 AT,Toyota,2013,"62,000","1,05,400 kms",Petrol
Hyundai Xcent S,Hyundai,2015,"48,000","1,23,884 kms",Petrol
Datsun GO Plus T,Datsun,2010,"25,000","1,36,581 kms",Petrol
Volkswagen Jetta Comfortline TDI,Volkswagen,2004,"26,000","1,01,596 kms",Diesel
Mini Cooper D,Mini,2012,"8,58,000","18,335 kms",Petrol
Nissan Micra XV,Nissan,2018,"1,16,000","7,003 kms",Diesel
Skoda Rapid Elegance 1.6 MPI,Skoda,2017,"1,26,000","2,132 kms",Petrol
Honda City 1.5 S MT,Honda,2006,"25,000","1,74,008 kms",Petrol
Maruti Suzuki Ertiga VDI,Maruti,2013,"52,000","64,093 kms",Petrol
Mitsubishi Lancer 1.8 GLX,Mitsubishi,2014,"88,000","36,170 kms",Petrol
Nissan Terrano XL,Nissan,2004,"25,000","42,746 kms",Petrol
Mitsubishi Lancer 1.8 GLX,Mitsubishi,2009,"42,000","1,44,624 kms",Diesel
Honda Jazz V,Honda,2003,"25,000","89,108 kms",Petrol
Mahindra Jeep CL550 MDI,Mahindra,2014,Ask For Price,"1,68,561 kms",Diesel
Fiat Punto Active,Fiat,2020,"83,000","82,863 kms",Petrol
Mini Cooper S,Mini,2012,"5,28,000","1,38,127 kms",Petrol
Mercedes C-Class C220d,Mercedes,2007,"7,20,000","29,128 kms",Petrol
Datsun GO Plus T,Datsun,2003,"25,000","42,228 kms",Petrol
Volkswagen Jetta Comfortline TDI,Volkswagen,2013,"53,000","1,14,001 kms",Petrol
Ford Freestyle Titanium,Ford,2013,"65,000","67,774 kms",Petrol
Mahindra Thar CRDe 4x4,Mahindra,2009,"34,000","1,46,303 kms",Diesel
Mini Cooper D,Mini,2011,"4,96,000","1,54,845 kms",Petrol
Renault Duster 110 PS RxL,Renault,2009,"33,000","77,288 kms",Petrol
Fiat Linea Active,Fiat,2012,"37,000","1,03,838 kms",Diesel
Ford Freestyle Titanium,Ford,2012,"49,000","91,883 kms",Diesel
BMW 3 Series 320d,BMW,2021,"19,51,000","1,00,472 kms",Diesel
Jeep Compass Limited,Jeep,2015,"89,000","1,09,548 kms",Petrol
Mahindra TUV300 T8,Mahindra,2019,"1,51,000","41,407 kms",Petrol
Ford Freestyle Titanium,Ford,2011,"36,000","1,64,818 kms",Diesel
Fiat Punto Active,Fiat,2006,"25,000","1,19,740 kms",Diesel
Mercedes C-Class C220d,Mercedes,2002,"4,96,000","29,414 kms",Diesel
Skoda Rapid Elegance 1.6 MPI,Skoda,2013,"74,000","40,076 kms",Petrol
Mini Cooper D,Mini,2012,"5,59,000","1,45,822 kms",Diesel
Fiat Linea Active,Fiat,2011,"41,000","59,433 kms",Petrol
Volkswagen Polo Highline 1.2L,Volkswagen,2011,"51,000","98,105 kms",Diesel
Nissan Terrano XL,Nissan,2016,"72,000","51,743 kms",Petrol
Audi Q7,Audi,2021,"15,78,000","1,22,998 kms",Petrol
BMW 3 Series 320d,BMW,2008,"4,38,000","1,70,209 kms",Petrol
Renault Kwid RXT,Renault,2017,"61,000","1,05,666 kms",Petrol
Land Rover Discovery Sport,Land,2021,"21,59,000","1,31,002 kms",Petrol
Audi A8,Audi,2018,"12,00,000","1,21,689 kms",Diesel
Skoda Rapid Elegance 1.6 MPI,Skoda,2005,"25,000","1,39,879 kms",Petrol
Renault Triber RXZ,Renault,2003,"25,000","1,52,391 kms",Diesel
Mini Cooper D,Mini,2022,"15,44,000","90,333 kms",Petrol
BMW 3 Series 320d,BMW,2011,"8,04,000","73,326 kms",Petrol
Hyundai Tucson 2WD AT GLS,Hyundai,2005,"25,000","1,00,463 kms",Petrol
BMW 5 Series 520d,BMW,2007,"4,08,000","1,19,359 kms",Petrol
Toyota Fortuner 3.0 4x4 AT,Toyota,2008,"31,000","1,29,108 kms",Petrol
Jeep Compass Longitude,Jeep,2011,"88,000","50,814 kms",Diesel
Honda City 1.5 S MT,Honda,2003,"25,000","1,12,960 kms",Diesel
Toyota Fortuner 3.0 4x4 AT,Toyota,2016,"1,38,000","31,713 kms",Diesel
Mini Cooper D,Mini,2016,"13,76,000","3,997 kms",Petrol
Fiat Punto Active,Fiat,2023,"96,000","1,53,985 kms",Diesel
Datsun redi-GO T,Datsun,2014,"62,000","7,244 kms",Diesel
Maruti Suzuki Ertiga VDI,Maruti,2022,"91,000","1,77,789 kms",CNG
Chevrolet Spark LT,Chevrolet,2003,"25,000","8,372 kms",Diesel
Mini Cooper D,Mini,2019,"12,00,000","88,070 kms",Petrol
Hyundai Santro Xing XO eRLX Euro III,Hyundai,2014,"61,000","90,923 kms",Diesel
Ford EcoSport Ambiente 1.5L TDCi,Ford,2010,"46,000","35,627 kms",Petrol
Maruti Suzuki Baleno Delta,Maruti,2011,"56,000","37,828 kms",Petrol
Fiat Linea Active,Fiat,2007,"30,000","17,840 kms",Diesel
BMW 5 Series 520d,BMW,2018,"13,73,000","1,23,990 kms",Petrol
Jaguar XE Prestige,Jaguar,2017,"12,27,000","1,60,164 kms",Diesel
BMW 5 Series 520d,BMW,2005,"4,97,000","38,592 kms",Petrol
Chevrolet Spark LT,Chevrolet,2014,"41,000","95,728 kms",Petrol
Ford Figo Aspire Titanium,Ford,2023,"1,23,000","1,08,923 kms",Diesel
Renault Lodgy 110PS RxZ 8 Str,Renault,2015,"75,000","43,011 kms",Petrol
Hyundai Xcent S,Hyundai,2014,"75,000","16,604 kms",Petrol
Maruti Suzuki Omni E STD,Maruti,2013,"78,000","6,520 kms",CNG
Volkswagen Jetta Comfortline TDI,Volkswagen,2019,"1,31,000","51,002 kms",Diesel
Volkswagen Jetta Comfortline TDI,Volkswagen,2002,"25,000","1,76,299 kms",Petrol
Maruti Suzuki Omni E STD,Maruti,2016,"64,000","1,48,582 kms",Diesel
Skoda Fabia Classic 1.2 MPI,Skoda,2023,"1,27,000","1,22,546 kms",Diesel
Mahindra KUV100 K8,Mahindra,2007,"46,000","23,052 kms",Diesel
Mitsubishi Pajero Sport 4x2,Mitsubishi,2021,"1,14,000","98,011 kms",Petrol
Mitsubishi Lancer 1.8 GLX,Mitsubishi,2014,"1,04,000","21,624 kms",Petrol
Ford Figo Aspire Titanium,Ford,2012,"44,000","1,31,770 kms",Petrol
Datsun GO Plus T,Datsun,2017,"46,000","1,78,007 kms",Petrol
Mahindra Scorpio SLE BS IV,Mahindra,2021,"1,52,000","58,918 kms",Petrol
Hyundai Tucson 2WD AT GLS,Hyundai,2002,"25,000","71,032 kms",Diesel
Jaguar XF Portfolio,Jaguar,2007,"5,10,000","1,57,642 kms",Petrol
Volkswagen Vento Highline Diesel,Volkswagen,2003,"34,000","23,046 kms",Diesel
Toyota Fortuner 3.0 4x4 AT,Toyota,2009,"66,000","29,212 kms",Petrol
Datsun redi-GO T,Datsun,2015,"33,000","1,28,886 kms",Petrol
Jeep Compass Limited,Jeep,2012,"1,22,000","6,302 kms",Petrol
Ford EcoSport Titanium 1.5L TDCi,Ford,2005,"25,000","1,77,499 kms",Diesel
Volvo S60 D4,Volvo,2007,"6,28,000","47,628 kms",Diesel
Volkswagen Ameo Highline 1.5,Volkswagen,2010,"67,000","7,276 kms",Diesel
Mahindra Thar CRDe 4x4,Mahindra,2020,"1,09,000","1,65,132 kms",Diesel
Mitsubishi Lancer 1.8 GLX,Mitsubishi,2014,"67,000","1,77,116 kms",Diesel
Fiat Punto Active,Fiat,2019,"1,01,000","44,144 kms",Diesel
Mitsubishi Pajero Sport 4x2,Mitsubishi,2011,"67,000","57,608 kms",Petrol
Land Rover Discovery Sport,Land,2007,"6,78,000","73,326 kms",Diesel
Nissan Micra XV,Nissan,2018,"93,000","45,943 kms",Petrol
BMW 3 Series 320d,BMW,2016,"10,31,000","1,34,663 kms",Petrol
Tata Tiago Revotron XZ,Tata,2009,"26,000","1,35,961 kms",Diesel
Volkswagen Vento Highline Diesel,Volkswagen,2003,"25,000","93,941 kms",Diesel
Nissan Terrano XL,Nissan,2013,Ask For Price,"1,52,260 kms",Petrol
Toyota Fortuner 3.0 4x4 AT,Toyota,2022,"1,34,000","1,50,901 kms",Petrol
Land Rover Discovery Sport,Land,2020,"19,33,000","1,61,403 kms",Petrol
Mahindra TUV300 T8,Mahindra,2006,"49,000","22,623 kms",Petrol
Toyota Yaris VX,Toyota,2015,"1,19,000","18,798 kms",Diesel
Land Rover Discovery Sport,Land,2007,"4,75,000","1,30,528 kms",Petrol
Mahindra Jeep CL550 MDI,Mahindra,2007,"28,000","1,09,629 kms",Diesel
Maruti Suzuki Alto K10 VXi,Maruti,2008,"40,000","49,027 kms",Petrol
Mitsubishi Pajero Sport 4x2,Mitsubishi,2011,"66,000","59,440 kms",Petrol
Volkswagen Polo Highline 1.2L,Volkswagen,2012,"62,000","65,088 kms",Petrol
Jeep Compass Longitude,Jeep,2009,"91,000","14,178 kms",Diesel
Mitsubishi Lancer 1.8 GLX,Mitsubishi,2006,"31,000","1,48,955 kms",Diesel
Audi A4 35 TDI,Audi,2008,"7,67,000","10,806 kms",Diesel
Mercedes GLA 200d,Mercedes,2014,Ask For Price,"1,32,306 kms",Petrol
Mercedes GLA 200d,Mercedes,2016,"10,65,000","1,61,743 kms",Diesel
Audi A4 35 TDI,Audi,2021,"15,07,000","1,21,347 kms",Diesel
Mitsubishi Pajero Sport 4x2,Mitsubishi,2008,"38,000","1,37,324 kms",Diesel
Renault Duster 110 PS RxL,Renault,2016,"51,000","1,64,489 kms",Diesel
Chevrolet Beat LT,Chevrolet,2020,"69,000","94,115 kms",Diesel
Renault Kwid RXT,Renault,2010,"36,000","67,080 kms",Petrol
Mini Cooper D,Mini,2012,"9,81,000","16,763 kms",Petrol
Mini Cooper S,Mini,2016,"14,99,000","25,267 kms",Petrol
Volkswagen Ameo Highline 1.5,Volkswagen,2009,"60,000","21,122 kms",Diesel
Volvo XC60 D5,Volvo,2011,"6,39,000","1,76,843 kms",Diesel
Audi A6 2.0 TDI,Audi,2012,"10,25,000","65,869 kms",Diesel
Chevrolet Spark LT,Chevrolet,2018,"54,000","1,43,493 kms",Petrol
Fiat Punto Active,Fiat,2013,"47,000","49,874 kms",Petrol
Land Rover Freelander 2,Land,2002,"3,46,000","1,74,067 kms",Petrol
Volvo XC60 D5,Volvo,2010,"7,21,000","74,800 kms",Diesel
Mahindra KUV100 K8,Mahindra,2019,"1,43,000","23,394 kms",Petrol
Datsun redi-GO T,Datsun,2021,"99,000","30,213 kms",Petrol
Volkswagen Ameo Highline 1.5,Volkswagen,2005,"25,000","1,57,198 kms",Diesel
Toyota Etios VXD,Toyota,2002,"25,000","99,818 kms",Diesel
Volvo S60 D4,Volvo,2005,"3,70,000","1,25,612 kms",Diesel
Skoda Fabia Classic 1.2 MPI,Skoda,2012,"76,000","42,413 kms",Diesel
Audi A4 35 TDI,Audi,2021,"21,34,000","57,249 kms",Petrol
Mini Cooper D,Mini,2017,"14,11,000","52,207 kms",Petrol
Tata Tiago Revotron XZ,Tata,2019,"59,000","1,71,523 kms",Petrol
Tata Tiago Revotron XZ,Tata,2023,"1,08,000","1,58,033 kms",Diesel
Ford Figo,Ford,2008,"42,000","59,456 kms",Petrol
Volvo XC60 D5,Volvo,2010,"7,16,000","51,578 kms",Petrol
Mitsubishi Pajero Sport 4x2,Mitsubishi,2013,"60,000","93,414 kms",Petrol
Jeep Compass Longitude,Jeep,2023,"1,83,000","1,30,328 kms",Diesel
Hyundai Creta 1.6 SX Option,Hyundai,2009,"34,000","1,47,594 kms",Diesel
Fiat Linea Active,Fiat,2006,"25,000","1,22,095 kms",Petrol
BMW 5 Series 520d,BMW,2015,"12,10,000","73,987 kms",Diesel
Volvo S60 D4,Volvo,2018,"16,17,000","68,473 kms",Petrol
Mercedes E-Class E220d,Mercedes,2021,"20,05,000","1,05,335 kms",Diesel
Skoda Fabia Classic 1.2 MPI,Skoda,2015,"60,000","1,03,137 kms",Diesel
Jeep Compass Longitude,Jeep,2014,"66,000","1,52,634 kms",Petrol
Fiat Punto Active,Fiat,2004,"25,000","25,801 kms",Diesel
Mitsubishi Pajero Sport 4x2,Mitsubishi,2002,"30,000","43,202 kms",Petrol
BMW X1 sDrive20d,BMW,2022,"24,14,000","89,607 kms",Diesel
Tata Bolt XT,Tata,2015,"43,000","1,74,956 kms",Petrol
Fiat Linea Active,Fiat,2004,"25,000","1,52,556 kms",Petrol
BMW X1 sDrive20d,BMW,2010,"10,64,000","15,622 kms",Diesel
Hyundai Verna 1.6 SX,Hyundai,2004,"25,000","1,34,334 kms",Diesel
Mercedes C-Class C220d,Mercedes,2013,"15,16,000","9,489 kms",Petrol
Jeep Compass Limited,Jeep,2020,"1,24,000","1,20,681 kms",Diesel
Toyota Glanza G,Toyota,2012,"66,000","93,063 kms",Diesel
Renault Lodgy 110PS RxZ 8 Str,Renault,2015,"52,000","1,74,056 kms",Petrol
Renault Triber RXZ,Renault,2006,"36,000","24,413 kms",Diesel
Ford EcoSport Titanium 1.5L TDCi,Ford,2019,"1,08,000","45,797 kms",Petrol
Chevrolet Beat LT,Chevrolet,2002,Ask For Price,"40,740 kms",Diesel
Mini Cooper S,Mini,2010,"5,20,000","1,20,621 kms",Diesel
Datsun GO T,Datsun,2009,"29,000","56,967 kms",Petrol
Land Rover Discovery Sport,Land,2014,"11,10,000","1,35,169 kms",Diesel
Mini Cooper D,Mini,2010,"5,85,000","85,258 kms",Petrol
Tata Nexon XZ Plus,Tata,2008,"34,000","65,189 kms",Petrol
Maruti Suzuki Wagon R 1.0 VXI,Maruti,2016,"91,000","26,077 kms",CNG
Honda Amaze S i-Dtech,Honda,2011,"39,000","1,71,064 kms",Petrol
Hyundai Grand i10 Magna 1.2 Kappa VTVT,Hyundai,2006,Ask For Price,"1,66,146 kms",Petrol
Maruti Suzuki Swift Vdi,Maruti,2004,"26,000","35,766 kms",Diesel
Jeep Compass Longitude,Jeep,2019,"1,14,000","1,29,872 kms",Diesel
BMW 5 Series 520d,BMW,2022,"23,05,000","62,072 kms",Diesel
Volkswagen Vento Highline Diesel,Volkswagen,2022,"1,11,000","1,73,013 kms",Diesel
Land Rover Discovery Sport,Land,2004,"5,04,000","67,007 kms",Petrol
Chevrolet Sail UVA LS,Chevrolet,2010,"25,000","1,12,301 kms",Petrol
Land Rover Discovery Sport,Land,2016,"11,81,000","1,06,148 kms",Diesel
Skoda Octavia Elegance 1.8 TSI,Skoda,2002,"25,000","1,50,976 kms",Petrol
Volvo S60 D4,Volvo,2013,"6,80,000","1,45,559 kms",Petrol
Fiat Linea Active,Fiat,2021,"81,000","78,026 kms",Petrol
Volvo XC60 D5,Volvo,2012,"6,46,000","1,14,062 kms",Petrol
Nissan Sunny XL,Nissan,2023,"1,50,000","71,438 kms",Diesel
Mitsubishi Lancer 1.8 GLX,Mitsubishi,2016,"83,000","94,617 kms",Diesel
Mahindra Scorpio S10,Mahindra,2009,"41,000","76,575 kms",Diesel
Land Rover Discovery Sport,Land,2006,Ask For Price,"46,956 kms",Petrol
Mahindra Thar CRDe 4x4,Mahindra,2002,"25,000","1,26,643 kms",Diesel
Volkswagen Vento Highline Diesel,Volkswagen,2002,"30,000","25,853 kms",Petrol
Toyota Innova 2.5 G,Toyota,2020,"1,27,000","78,889 kms",Petrol
Jeep Compass Longitude,Jeep,2011,"97,000","22,285 kms",Diesel
Mercedes C-Class C220d,Mercedes,2011,"11,92,000","29,036 kms",Petrol
Hyundai Venue SX,Hyundai,2009,"35,000","82,775 kms",Diesel
Mahindra TUV300 T8,Mahindra,2016,"90,000","66,699 kms",Petrol
Mitsubishi Lancer 1.8 GLX,Mitsubishi,2008,"39,000","1,79,074 kms",Diesel
Fiat Linea Active,Fiat,2009,"31,000","83,561 kms",Diesel
Chevrolet Beat LT,Chevrolet,2012,"42,000","70,945 kms",Petrol
Hyundai Creta 1.6 SX Option,Hyundai,2009,"29,000","1,43,650 kms",Diesel
Maruti Suzuki Alto K10 VXi,Maruti,2018,"86,000","77,214 kms",CNG
Volkswagen Polo Highline 1.2L,Volkswagen,2011,"49,000","78,809 kms",Petrol
Land Rover Freelander 2,Land,2020,"18,89,000","1,77,660 kms",Diesel
Mercedes E-Class E220d,Mercedes,2017,"10,64,000","1,50,563 kms",Petrol
Maruti Suzuki Alto K10 VXi,Maruti,2019,"1,20,000",361 kms,CNG
Skoda Rapid Elegance 1.6 MPI,Skoda,2010,"44,000","91,118 kms",Petrol
Jaguar XE Prestige,Jaguar,2021,"19,75,000","1,02,066 kms",Diesel
Volkswagen Jetta Comfortline TDI,Volkswagen,2015,"60,000","1,31,791 kms",Petrol
Datsun GO Plus T,Datsun,2009,"25,000","82,109 kms",Petrol
Renault Triber RXZ,Renault,2011,"56,000","8,006 kms",Petrol
Mini Cooper D,Mini,2023,"30,59,000","13,964 kms",Petrol
Mitsubishi Lancer 1.8 GLX,Mitsubishi,2002,"25,000","63,090 kms",Petrol
Fiat Punto Active,Fiat,2011,"54,000","9,407 kms",Petrol
Volkswagen Ameo Highline 1.5,Volkswagen,2011,"42,000","1,49,675 kms",Petrol
Mini Cooper D,Mini,2014,"12,44,000","6,996 kms",Diesel
Mini Cooper S,Mini,2002,"2,30,000","1,62,689 kms",Diesel
Tata Tiago Revotron XZ,Tata,2021,"1,25,000","32,680 kms",Diesel
Chevrolet Tavera Neo 3,Chevrolet,2016,"58,000","49,953 kms",Petrol
Skoda Fabia Classic 1.2 MPI,Skoda,2015,"80,000","48,903 kms",Petrol
Mini Cooper S,Mini,2004,"4,33,000","40,870 kms",Petrol
Ford Fiesta Classic CLXi,Ford,2003,"25,000","56,958 kms",Diesel
Fiat Punto Active,Fiat,2003,"25,000","1,17,052 kms",Diesel
Jeep Compass Longitude,Jeep,2020,"1,60,000","1,05,729 kms",Diesel
BMW 5 Series 520d,BMW,2015,"10,80,000","1,33,620 kms",Diesel
Mahindra KUV100 K8,Mahindra,2012,"83,000","8,614 kms",Petrol
Fiat Punto Active,Fiat,2023,"1,24,000","47,267 kms",Diesel
Hyundai Grand i10 Magna 1.2 Kappa VTVT,Hyundai,2010,"57,000","14,377 kms",Diesel
Renault Triber RXZ,Renault,2014,"45,000","1,63,066 kms",Diesel
Skoda Fabia Classic 1.2 MPI,Skoda,2020,"1,24,000","83,084 kms",Petrol
Nissan Terrano XL,Nissan,2018,"1,21,000","3,426 kms",Petrol
Renault Triber RXZ,Renault,2018,Ask For Price,"73,846 kms",Diesel
Tata Nano Lx,Tata,2009,"39,000","9,352 kms",Petrol
Volvo S60 D4,Volvo,2014,"7,24,000","1,72,170 kms",Diesel
Renault Triber RXZ,Renault,2012,"40,000","95,572 kms",Diesel
Mini Cooper S,Mini,2016,"9,72,000","1,77,426 kms",Diesel
Toyota Fortuner 3.0 4x4 AT,Toyota,2015,"1,05,000","36,420 kms",Diesel
Mercedes GLA 200d,Mercedes,2002,"3,42,000","67,519 kms",Petrol
Hyundai Elite i20 Magna 1.2,Hyundai,2022,"1,18,000","1,03,130 kms",Diesel
Chevrolet Tavera Neo 3,Chevrolet,2010,"28,000","1,38,006 kms",Diesel
Nissan Micra XV,Nissan,2017,"60,000","88,908 kms",Petrol
Mitsubishi Pajero Sport 4x2,Mitsubishi,2002,"25,000","95,190 kms",Petrol
BMW 5 Series 520d,BMW,2014,"11,78,000","58,818 kms",Petrol
Tata Tiago Revotron XZ,Tata,2019,Ask For Price,"1,45,144 kms",Petrol
Maruti Suzuki Alto 800 Vxi,Maruti,2007,"28,000","65,833 kms",Petrol
Honda WR-V i-VTEC VX,Honda,2016,"69,000","98,535 kms",Petrol
Honda Jazz V,Honda,2023,"1,46,000","1,52,716 kms",Diesel
Mercedes E-Class E220d,Mercedes,2011,"9,77,000","29,245 kms",Petrol
Jeep Compass Limited,Jeep,2007,"74,000","24,601 kms",Diesel
Mercedes E-Class E220d,Mercedes,2022,"32,27,000","39,043 kms",Petrol
Hyundai Creta 1.6 SX Option,Hyundai,2017,"59,000","1,46,120 kms",Petrol
BMW 3 Series 320d,BMW,2022,"20,55,000","1,09,557 kms",Diesel
Jeep Compass Longitude,Jeep,2022,"2,78,000","40,142 kms",Diesel
Land Rover Freelander 2,Land,2016,"11,45,000","1,55,928 kms",Diesel
Nissan Micra XV,Nissan,2020,"82,000","1,22,155 kms",Petrol
Hyundai Tucson 2WD AT GLS,Hyundai,2018,"66,000","1,25,036 kms",Petrol
Toyota Yaris VX,Toyota,2010,"70,000","44,647 kms",Diesel
Skoda Octavia Elegance 1.8 TSI,Skoda,2016,"61,000","1,64,461 kms",Petrol
Datsun GO T,Datsun,2023,"93,000","77,313 kms",Diesel
BMW 5 Series 520d,BMW,2020,Ask For Price,"31,880 kms",Petrol
Nissan Micra XV,Nissan,2007,"36,000","19,503 kms",Petrol
Nissan Terrano XL,Nissan,2019,"1,07,000","19,043 kms",Petrol
Fiat Linea Active,Fiat,2014,"62,000","8,775 kms",Petrol
Nissan Micra XV,Nissan,2004,"25,000","64,692 kms",Diesel
Volkswagen Ameo Highline 1.5,Volkswagen,2013,"45,000","1,17,956 kms",Petrol
Fiat Punto Active,Fiat,2003,"25,000","22,809 kms",Petrol
Hyundai Venue SX,Hyundai,2008,"44,000","14,950 kms",Petrol
Renault Lodgy 110PS RxZ 8 Str,Renault,2013,"43,000","1,14,979 kms",Diesel
Nissan Terrano XL,Nissan,2005,"25,000","1,15,860 kms",Petrol
Mahindra KUV100 K8,Mahindra,2012,"61,000","68,841 kms",Petrol
Jeep Compass Longitude,Jeep,2013,"67,000","1,47,800 kms",Petrol
Nissan Sunny XL,Nissan,2022,"97,000","1,76,476 kms",Petrol
Fiat Linea Active,Fiat,2010,"42,000","40,515 kms",Petrol
Ford Figo Aspire Titanium,Ford,2004,"27,000","79,794 kms",Diesel
Toyota Yaris VX,Toyota,2006,"29,000","1,59,307 kms",Diesel
Mitsubishi Lancer 1.8 GLX,Mitsubishi,2012,"81,000","21,423 kms",Diesel
Ford Endeavour 4x4 AT,Ford,2023,Ask For Price,"4,188 kms",Diesel
Jeep Compass Limited,Jeep,2009,"49,000","1,35,819 kms",Petrol
Toyota Innova 2.5 G,Toyota,2016,"82,000","1,61,545 kms",Diesel
Mitsubishi Pajero Sport 4x2,Mitsubishi,2022,"1,34,000","1,61,468 kms",Diesel
BMW 5 Series 520d,BMW,2020,"22,49,000","21,008 kms",Petrol
Mercedes C-Class C220d,Mercedes,2023,"21,86,000","1,37,304 kms",Diesel
Audi Q3 35 TDI,Audi,2020,"13,99,000","1,78,668 kms",Petrol
BMW 5 Series 520d,BMW,2015,"9,71,000","1,23,863 kms",Petrol
BMW 5 Series 520d,BMW,2017,"10,74,000","1,43,447 kms",Diesel
Toyota Innova 2.5 G,Toyota,2008,"34,000","1,46,028 kms",Diesel
Audi Q7,Audi,2011,"11,31,000","15,921 kms",Petrol
Skoda Octavia Elegance 1.8 TSI,Skoda,2004,"25,000","1,74,813 kms",Diesel
Mitsubishi Lancer 1.8 GLX,Mitsubishi,2004,"33,000","27,804 kms",Petrol
Mercedes GLA 200d,Mercedes,2017,"17,80,000","52,451 kms",Diesel
Chevrolet Beat LT,Chevrolet,2010,"27,000","1,61,269 kms",Diesel
Audi A4 35 TDI,Audi,2014,"8,07,000","1,49,875 kms",Diesel
Ford Freestyle Titanium,Ford,2008,"36,000","75,394 kms",Petrol
Volvo XC60 D5,Volvo,2020,"14,13,000","1,62,270 kms",Diesel
Mini Cooper D,Mini,2016,"13,47,000","5,842 kms",Petrol
Skoda Rapid Elegance 1.6 MPI,Skoda,2004,"25,000","1,64,108 kms",Petrol
Mini Cooper S,Mini,2007,"5,64,000","58,080 kms",Diesel
Jaguar XE Prestige,Jaguar,2003,"5,36,000","53,316 kms",Petrol
Datsun GO T,Datsun,2010,"46,000",785 kms,Diesel
BMW 3 Series 320d,BMW,2020,"21,76,000","42,166 kms",Petrol
Land Rover Discovery Sport,Land,2008,"5,50,000","1,16,015 kms",Diesel
Mitsubishi Lancer 1.8 GLX,Mitsubishi,2008,"47,000","47,613 kms",Diesel
Hyundai i10 Sportz,Hyundai,2014,"56,000","1,21,473 kms",Diesel
Mini Cooper S,Mini,2013,Ask For Price,"1,51,453 kms",Diesel
Audi Q3 35 TDI,Audi,2023,"28,73,000","63,473 kms",Diesel
Land Rover Freelander 2,Land,2018,"12,88,000","1,35,499 kms",Petrol
Honda Civic 1.8 V MT,Honda,2010,"40,000","1,35,448 kms",Petrol
Hyundai Creta 1.6 SX Option,Hyundai,2020,"83,000","1,10,133 kms",Diesel
Audi Q7,Audi,2004,"3,10,000","1,53,280 kms",Petrol
Tata Nexon XZ Plus,Tata,2021,"69,000","1,37,208 kms",Petrol
Audi A6 2.0 TDI,Audi,2002,"4,38,000","43,773 kms",Petrol
Mitsubishi Lancer 1.8 GLX,Mitsubishi,2002,"25,000","1,47,297 kms",Diesel
Chevrolet Spark LT,Chevrolet,2011,"29,000","1,79,962 kms",Petrol
Mahindra Jeep CL550 MDI,Mahindra,2006,"25,000","1,62,795 kms",Petrol
Maruti Suzuki Baleno Delta,Maruti,2014,"51,000","1,23,766 kms",Diesel
Toyota Yaris VX,Toyota,2012,Ask For Price,"1,74,826 kms",Diesel
Mitsubishi Pajero Sport 4x2,Mitsubishi,2005,"28,000","1,34,862 kms",Petrol
Volkswagen Vento Highline Diesel,Volkswagen,2002,"25,000","1,19,880 kms",Petrol
Fiat Punto Active,Fiat,2003,"25,000","86,746 kms",Diesel
Fiat Punto Active,Fiat,2017,"55,000","1,67,071 kms",Diesel
Land Rover Discovery Sport,Land,2018,"16,66,000","96,770 kms",Petrol
Jeep Compass Limited,Jeep,2015,"81,000","1,71,931 kms",Diesel
Toyota Etios VXD,Toyota,2007,"37,000","1,40,934 kms",Diesel
Chevrolet Beat LT,Chevrolet,2011,"32,000","1,06,940 kms",Diesel
Land Rover Discovery Sport,Land,2011,"11,91,000","36,457 kms",Diesel
Fiat Linea Active,Fiat,2003,"25,000","1,06,856 kms",Diesel
Volkswagen Ameo Highline 1.5,Volkswagen,2002,"28,000","21,965 kms",Petrol
Ford Figo,Ford,2022,"1,44,000","71,006 kms",Petrol
Land Rover Discovery Sport,Land,2003,"3,44,000","1,19,716 kms",Diesel
Mitsubishi Lancer 1.8 GLX,Mitsubishi,2021,"1,11,000","1,70,313 kms",Petrol
Datsun GO Plus T,Datsun,2010,"25,000","1,23,038 kms",Petrol
Datsun GO T,Datsun,2004,"25,000","81,890 kms",Petrol
Honda Jazz V,Honda,2010,"53,000","56,293 kms",Petrol
Skoda Fabia Classic 1.2 MPI,Skoda,2023,"1,66,000","90,287 kms",Diesel
Skoda Fabia Classic 1.2 MPI,Skoda,2020,"1,06,000","1,03,336 kms",Petrol
Volkswagen Jetta Comfortline TDI,Volkswagen,2006,"25,000","1,29,095 kms",Petrol
Mitsubishi Lancer 1.8 GLX,Mitsubishi,2003,"25,000","1,13,900 kms",Petrol
Maruti Suzuki Baleno Delta,Maruti,2016,"78,000","73,933 kms",Diesel
Mitsubishi Pajero Sport 4x2,Mitsubishi,2023,"1,34,000","1,14,484 kms",Diesel
Mini Cooper S,Mini,2010,Ask For Price,"38,003 kms",Petrol
Mini Cooper S,Mini,2009,"4,90,000","1,14,593 kms",Diesel
Mitsubishi Pajero Sport 4x2,Mitsubishi,2017,"1,34,000","15,122 kms",Petrol
Mitsubishi Lancer 1.8 GLX,Mitsubishi,2007,"33,000","1,21,287 kms",Petrol
Volkswagen Vento Highline Diesel,Volkswagen,2011,"40,000","1,28,410 kms",Petrol
Jaguar XE Prestige,Jaguar,2006,"7,84,000","33,606 kms",Diesel
Ford Figo Aspire Titanium,Ford,2011,"59,000","13,092 kms",Petrol
Land Rover Discovery Sport,Land,2007,"6,43,000","69,202 kms",Petrol
Land Rover Discovery Sport,Land,2015,"15,66,000","80,773 kms",Diesel
Mercedes C-Class C220d,Mercedes,2018,"20,52,000","11,117 kms",Petrol
Datsun GO T,Datsun,2009,"25,000","92,864 kms",Diesel
Land Rover Discovery Sport,Land,2021,"25,24,000","71,713 kms",Diesel
Nissan Sunny XL,Nissan,2010,"34,000","99,370 kms",Diesel
Audi Q3 35 TDI,Audi,2020,"22,28,000","24,420 kms",Petrol
Datsun GO Plus T,Datsun,2010,"36,000","3,271 kms",Petrol
Toyota Innova 2.5 G,Toyota,2015,"88,000","67,170 kms",Diesel
Jaguar XF Portfolio,Jaguar,2011,"6,60,000","1,66,480 kms",Petrol
Maruti Suzuki Alto 800 Vxi,Maruti,2011,"33,000","1,50,097 kms",Petrol
Hyundai Verna 1.6 SX,Hyundai,2018,"1,12,000","26,377 kms",Petrol
Skoda Rapid Elegance 1.6 MPI,Skoda,2020,"1,73,000","15,124 kms",Diesel
Renault Lodgy 110PS RxZ 8 Str,Renault,2015,"55,000","92,748 kms",Petrol
Hyundai Santro Xing XO eRLX Euro III,Hyundai,2012,"42,000","1,20,378 kms",Petrol
Fiat Punto Active,Fiat,2017,"63,000","93,927 kms",Petrol
Hyundai Eon Era Plus,Hyundai,2012,"49,000","71,504 kms",Diesel
Volkswagen Polo Highline 1.2L,Volkswagen,2006,"25,000","1,59,382 kms",Diesel
Land Rover Freelander 2,Land,2023,Ask For Price,"1,77,743 kms",Diesel
Tata Indica V2 DLS,Tata,2006,"31,000","25,472 kms",Diesel
Mitsubishi Lancer 1.8 GLX,Mitsubishi,2020,"1,45,000","45,413 kms",Diesel
Ford Figo Aspire Titanium,Ford,2014,"65,000","88,723 kms",Diesel
Hyundai Grand i10 Magna 1.2 Kappa VTVT,Hyundai,2019,"1,32,000","22,712 kms",Petrol
Tata Nano Lx,Tata,2019,"1,02,000","11,694 kms",Petrol
Fiat Punto Active,Fiat,2014,"63,000","18,660 kms",Diesel
Land Rover Freelander 2,Land,2017,"14,33,000","1,52,024 kms",Petrol
Chevrolet Beat LT,Chevrolet,2011,"29,000","1,43,078 kms",Petrol
Skoda Rapid Elegance 1.6 MPI,Skoda,2019,"83,000","1,30,817 kms",Petrol
Renault Lodgy 110PS RxZ 8 Str,Renault,2002,"25,000","45,452 kms",Petrol
Volkswagen Ameo Highline 1.5,Volkswagen,2003,"27,000","53,604 kms",Diesel
Datsun redi-GO T,Datsun,2009,"34,000","23,170 kms",Petrol
Tata Indica V2 DLS,Tata,2007,"25,000","81,445 kms",Petrol
Datsun GO Plus T,Datsun,2014,"56,000","33,690 kms",Petrol
Datsun GO T,Datsun,2004,"25,000","87,817 kms",Petrol
Volkswagen Polo Highline 1.2L,Volkswagen,2014,"1,05,000",679 kms,Petrol
Ford Fiesta Classic CLXi,Ford,2006,"45,000","2,552 kms",Diesel
Volvo XC60 D5,Volvo,2010,"5,18,000","1,18,523 kms",Diesel
Hyundai Santro Xing XO eRLX Euro III,Hyundai,2017,"88,000","77,754 kms",Petrol
Tata Tiago Revotron XZ,Tata,2009,"39,000","55,442 kms",Petrol
Volkswagen Polo Highline 1.2L,Volkswagen,2016,"74,000","91,887 kms",Petrol
Audi Q3 35 TDI,Audi,2014,"8,69,000","96,443 kms",Petrol
Jeep Compass Longitude,Jeep,2018,"1,04,000","1,11,718 kms",Diesel
Jaguar XF Portfolio,Jaguar,2018,Ask For Price,"1,27,628 kms",Petrol
Tata Indica V2 DLS,Tata,2021,"1,51,000","16,310 kms",Diesel
Jaguar XF Portfolio,Jaguar,2014,"13,36,000","65,196 kms",Diesel
Ford Figo,Ford,2021,"1,02,000","1,06,109 kms",Petrol
Tata Bolt XT,Tata,2020,Ask For Price,"1,20,394 kms",Diesel
Jaguar XE Prestige,Jaguar,2007,"8,04,000","21,990 kms",Diesel
Volvo S60 D4,Volvo,2021,"19,92,000","59,695 kms",Diesel
Toyota Glanza G,Toyota,2006,"31,000","1,39,716 kms",Petrol
Nissan Terrano XL,Nissan,2021,"86,000","1,00,222 kms",Petrol
Jaguar XF Portfolio,Jaguar,2011,Ask For Price,"80,061 kms",Diesel
Volkswagen Polo Highline 1.2L,Volkswagen,2008,"43,000","62,947 kms",Diesel
Toyota Glanza G,Toyota,2020,"1,88,000","40,800 kms",Diesel
Honda Amaze S i-Dtech,Honda,2012,"82,000","11,742 kms",Diesel
Mitsubishi Pajero Sport 4x2,Mitsubishi,2020,"1,34,000","58,534 kms",Diesel
BMW 3 Series 320d,BMW,2019,"21,48,000","38,796 kms",Petrol
Mitsubishi Lancer 1.8 GLX,Mitsubishi,2017,"78,000","1,31,773 kms",Diesel
Nissan Sunny XL,Nissan,2023,"1,86,000","3,994 kms",Petrol
Fiat Linea Active,Fiat,2018,"63,000","1,01,166 kms",Diesel
Volvo XC60 D5,Volvo,2018,"18,45,000","29,974 kms",Petrol
Chevrolet Sail UVA LS,Chevrolet,2018,"84,000","34,167 kms",Diesel
Nissan Terrano XL,Nissan,2004,"25,000","1,66,314 kms",Petrol
Ford Freestyle Titanium,Ford,2009,"32,000","1,04,764 kms",Diesel
Toyota Glanza G,Toyota,2005,"48,000","31,390 kms",Diesel
Ford Freestyle Titanium,Ford,2010,"33,000","1,17,326 kms",Petrol
Mahindra KUV100 K8,Mahindra,2005,"25,000","1,23,774 kms",Petrol
Fiat Punto Active,Fiat,2023,"96,000","1,73,791 kms",Diesel
Toyota Fortuner 3.0 4x4 AT,Toyota,2005,"25,000","1,67,642 kms",Petrol
Mahindra Scorpio S10,Mahindra,2019,"87,000","1,59,444 kms",Petrol
Mini Cooper D,Mini,2011,"5,90,000","1,67,456 kms",Diesel
BMW X1 sDrive20d,BMW,2009,"5,42,000","1,02,738 kms",Diesel
Mercedes C-Class C220d,Mercedes,2011,"7,02,000","1,20,349 kms",Petrol
Audi A4 35 TDI,Audi,2022,"24,11,000","42,851 kms",Diesel
Toyota Innova 2.5 G,Toyota,2006,"58,000","2,036 kms",Petrol
Jeep Compass Longitude,Jeep,2009,"55,000","1,61,875 kms",Diesel
Chevrolet Beat LT,Chevrolet,2021,"73,000","1,78,910 kms",Diesel
Nissan Micra XV,Nissan,2010,"52,000","8,304 kms",Diesel
Toyota Etios VXD,Toyota,2013,"60,000","1,56,167 kms",Petrol
Jaguar XF Portfolio,Jaguar,2013,"13,64,000","41,141 kms",Petrol
Mercedes C-Class C220d,Mercedes,2007,"5,21,000","95,776 kms",Diesel
Chevrolet Sail UVA LS,Chevrolet,2006,"25,000","41,452 kms",Petrol
Jeep Compass Limited,Jeep,2007,"36,000","1,51,573 kms",Petrol
Land Rover Discovery Sport,Land,2016,"17,10,000","62,572 kms",Petrol
Jaguar XE Prestige,Jaguar,2016,"22,82,000","7,597 kms",Diesel
Hyundai Santro Xing XO eRLX Euro III,Hyundai,2022,"1,62,000","19,571 kms",Diesel
Nissan Sunny XL,Nissan,2017,"52,000","1,12,866 kms",Petrol
Mini Cooper S,Mini,2014,"6,40,000","1,08,624 kms",Petrol
BMW X1 sDrive20d,BMW,2017,"14,31,000","70,865 kms",Diesel
Mercedes C-Class C220d,Mercedes,2009,"5,15,000","1,68,645 kms",Petrol
Jeep Compass Limited,Jeep,2023,"2,92,000","14,230 kms",Petrol
Ford Fiesta Classic CLXi,Ford,2016,Ask For Price,"87,543 kms",Diesel
Renault Duster 110 PS RxL,Renault,2019,"69,000","1,64,413 kms",Diesel
Toyota Glanza G,Toyota,2018,"92,000","1,67,533 kms",Diesel
Toyota Fortuner 3.0 4x4 AT,Toyota,2010,"38,000","1,09,495 kms",Petrol
Mahindra Jeep CL550 MDI,Mahindra,2013,"47,000","1,47,130 kms",Petrol
Maruti Suzuki Baleno Delta,Maruti,2013,"60,000","23,363 kms",CNG
Jaguar XF Portfolio,Jaguar,2010,"8,39,000","88,886 kms",Petrol
Volvo XC60 D5,Volvo,2003,"3,19,000","1,12,098 kms",Diesel
Hyundai Venue SX,Hyundai,2023,"1,97,000","18,919 kms",Petrol
Skoda Rapid Elegance 1.6 MPI,Skoda,2005,"43,000","25,518 kms",Diesel
Chevrolet Spark LT,Chevrolet,2010,"26,000","1,65,111 kms",Petrol
Fiat Punto Active,Fiat,2003,"25,000","29,865 kms",Diesel
Maruti Suzuki Alto K10 VXi,Maruti,2022,"1,30,000","59,967 kms",Diesel
BMW X1 sDrive20d,BMW,2021,"19,02,000","84,847 kms",Petrol
Tata Tiago Revotron XZ,Tata,2012,"53,000","14,458 kms",Diesel
Mercedes C-Class C220d,Mercedes,2008,"5,14,000","1,28,088 kms",Diesel
Jaguar XE Prestige,Jaguar,2014,"16,25,000","2,712 kms",Diesel
Hyundai i10 Sportz,Hyundai,2011,"61,000","7,434 kms",Diesel
Toyota Glanza G,Toyota,2010,"78,000","5,866 kms",Petrol
Hyundai Venue SX,Hyundai,2021,"1,62,000","5,416 kms",Diesel
Mitsubishi Pajero Sport 4x2,Mitsubishi,2012,"67,000","59,114 kms",Petrol
Skoda Rapid Elegance 1.6 MPI,Skoda,2005,"25,000","92,089 kms",Diesel
Land Rover Freelander 2,Land,2004,"4,95,000","65,152 kms",Diesel
Ford Figo,Ford,2015,"58,000","1,44,060 kms",Petrol
Fiat Punto Active,Fiat,2012,"31,000","1,66,834 kms",Petrol
Mini Cooper D,Mini,2018,"10,39,000","1,43,276 kms",Diesel
BMW X1 sDrive20d,BMW,2010,"7,33,000","85,308 kms",Diesel
Audi A4 35 TDI,Audi,2021,"22,68,000","56,519 kms",Petrol
Jaguar XF Portfolio,Jaguar,2012,"7,37,000","1,48,262 kms",Petrol
Volvo XC60 D5,Volvo,2010,Ask For Price,"1,70,038 kms",Diesel
Mini Cooper D,Mini,2012,"5,67,000","1,19,263 kms",Diesel
Hyundai Elite i20 Magna 1.2,Hyundai,2009,"58,000","15,396 kms",Diesel
Skoda Octavia Elegance 1.8 TSI,Skoda,2014,"66,000","86,570 kms",Petrol
Honda Civic 1.8 V MT,Honda,2015,"1,18,000","3,532 kms",Petrol
Audi A8,Audi,2021,"26,53,000","17,750 kms",Petrol
Fiat Punto Active,Fiat,2022,"1,18,000","57,518 kms",Diesel
Hyundai Creta 1.6 SX Option,Hyundai,2016,"1,05,000",956 kms,Diesel
Volkswagen Ameo Highline 1.5,Volkswagen,2009,"32,000","1,76,717 kms",Petrol
Mahindra Scorpio SLE BS IV,Mahindra,2020,"93,000","1,78,434 kms",Diesel
Maruti Suzuki Ciaz VDi,Maruti,2010,"34,000","95,065 kms",Petrol
Jeep Compass Longitude,Jeep,2004,"31,000","1,06,687 kms",Diesel
BMW 3 Series 320d,BMW,2023,"31,39,000","2,970 kms",Petrol
Fiat Linea Active,Fiat,2022,"90,000","1,10,555 kms",Diesel
Renault Lodgy 110PS RxZ 8 Str,Renault,2016,"72,000","43,501 kms",Petrol
BMW X1 sDrive20d,BMW,2023,"31,20,000","49,882 kms",Petrol
Renault Triber RXZ,Renault,2011,"34,000","1,40,685 kms",Petrol
Mercedes C-Class C220d,Mercedes,2006,"4,76,000","1,21,587 kms",Diesel
Mahindra Jeep CL550 MDI,Mahindra,2009,"36,000","1,17,420 kms",Diesel
Maruti Suzuki Swift Dzire Vdi,Maruti,2012,"60,000","50,745 kms",CNG
Mitsubishi Pajero Sport 4x2,Mitsubishi,2008,"38,000","86,659 kms",Diesel
Jaguar XE Prestige,Jaguar,2022,Ask For Price,"77,602 kms",Diesel
Volkswagen Jetta Comfortline TDI,Volkswagen,2017,"1,13,000","35,318 kms",Petrol
Jeep Compass Longitude,Jeep,2005,"29,000","1,37,669 kms",Petrol
Hyundai Venue SX,Hyundai,2014,"46,000","1,78,794 kms",Petrol
Mitsubishi Lancer 1.8 GLX,Mitsubishi,2012,"57,000","1,40,451 kms",Diesel
Honda Jazz V,Honda,2009,"34,000","1,14,916 kms",Diesel
BMW 5 Series 520d,BMW,2009,"9,52,000","34,435 kms",Diesel
Datsun GO T,Datsun,2017,"78,000","2,086 kms",Petrol
Mercedes C-Class C220d,Mercedes,2008,"4,87,000","1,44,236 kms",Petrol
Honda City 1.5 S MT,Honda,2014,"55,000","1,14,359 kms",Petrol
Datsun GO Plus T,Datsun,2022,"99,000","47,630 kms",Diesel
Mitsubishi Pajero Sport 4x2,Mitsubishi,2022,"1,60,000","69,711 kms",Petrol
Jaguar XF Portfolio,Jaguar,2011,"7,99,000","1,03,418 kms",Petrol
Jaguar XF Portfolio,Jaguar,2018,"16,31,000","1,38,274 kms",Diesel
Volvo S60 D4,Volvo,2006,"6,35,000","18,532 kms",Petrol
Renault Kwid RXT,Renault,2003,"25,000","72,954 kms",Diesel
Chevrolet Spark LT,Chevrolet,2011,"27,000","1,39,558 kms",Diesel
Maruti Suzuki Wagon R 1.0 VXI,Maruti,2011,"33,000","1,08,809 kms",Petrol
Skoda Octavia Elegance 1.8 TSI,Skoda,2022,"1,40,000","76,433 kms",Petrol
BMW X1 sDrive20d,BMW,2023,"24,34,000","1,01,441 kms",Diesel
Hyundai Santro Xing XO eRLX Euro III,Hyundai,2009,"45,000","57,494 kms",Diesel
Audi Q3 35 TDI,Audi,2006,"6,43,000","30,709 kms",Petrol
Jaguar XF Portfolio,Jaguar,2002,"3,59,000","98,379 kms",Petrol
Chevrolet Tavera Neo 3,Chevrolet,2020,"1,17,000","1,786 kms",Petrol
Ford Fiesta Classic CLXi,Ford,2017,"1,08,000","13,765 kms",Petrol
Honda City 1.5 S MT,Honda,2017,"75,000","86,477 kms",Petrol
Land Rover Discovery Sport,Land,2016,"18,09,000","38,342 kms",Petrol
Datsun redi-GO T,Datsun,2009,"30,000","73,206 kms",Diesel
BMW 3 Series 320d,BMW,2004,"3,53,000","85,229 kms",Petrol
Fiat Linea Active,Fiat,2010,"27,000","1,50,917 kms",Petrol
Nissan Micra XV,Nissan,2015,"52,000","1,30,213 kms",Petrol
Mahindra Thar CRDe 4x4,Mahindra,2006,"29,000","1,06,472 kms",Diesel
Mercedes C-Class C220d,Mercedes,2023,"21,78,000","1,53,464 kms",Diesel
Land Rover Discovery Sport,Land,2006,"8,87,000","7,203 kms",Petrol
Mini Cooper D,Mini,2010,"4,47,000","1,21,368 kms",Petrol
Chevrolet Beat LT,Chevrolet,2020,"60,000","1,07,066 kms",Petrol
Renault Duster 110 PS RxL,Renault,2003,"25,000","79,713 kms",Petrol
Nissan Terrano XL,Nissan,2014,"45,000","1,48,764 kms",Petrol
Mini Cooper S,Mini,2002,"2,87,000","90,172 kms",Petrol
Datsun GO T,Datsun,2011,"51,000",967 kms,Diesel
Maruti Suzuki Swift Vdi,Maruti,2003,"25,000","1,14,069 kms",Petrol
Mahindra KUV100 K8,Mahindra,2004,"25,000","1,38,826 kms",Petrol
Land Rover Discovery Sport,Land,2012,"14,12,000","50,687 kms",Diesel
Skoda Rapid Elegance 1.6 MPI,Skoda,2002,"25,000","1,75,760 kms",Petrol
Fiat Linea Active,Fiat,2003,"25,000","59,659 kms",Diesel
Datsun GO Plus T,Datsun,2004,"25,000","46,447 kms",Diesel
Jaguar XF Portfolio,Jaguar,2005,"3,76,000","1,37,881 kms",Petrol
Land Rover Freelander 2,Land,2004,"6,36,000","40,879 kms",Petrol
Volvo S60 D4,Volvo,2008,"4,27,000","1,43,313 kms",Diesel
Datsun GO T,Datsun,2009,"25,000","1,70,462 kms",Petrol
Mitsubishi Lancer 1.8 GLX,Mitsubishi,2021,"1,27,000","94,125 kms",Diesel
Audi Q3 35 TDI,Audi,2015,Ask For Price,"1,65,348 kms",Diesel
Mitsubishi Lancer 1.8 GLX,Mitsubishi,2013,"83,000","36,249 kms",Petrol
Chevrolet Sail UVA LS,Chevrolet,2002,"25,000","50,703 kms",Diesel
Land Rover Freelander 2,Land,2008,"8,59,000","62,132 kms",Petrol
Volkswagen Ameo Highline 1.5,Volkswagen,2013,"80,000","40,938 kms",Petrol
Volvo XC60 D5,Volvo,2006,"6,37,000","44,420 kms",Diesel
Volkswagen Polo Highline 1.2L,Volkswagen,2009,"33,000","1,02,870 kms",Petrol
Jeep Compass Limited,Jeep,2005,"46,000","61,754 kms",Petrol
Tata Indica V2 DLS,Tata,2013,"39,000","1,12,183 kms",Petrol
Renault Duster 110 PS RxL,Renault,2004,"26,000","32,565 kms",Petrol
Land Rover Discovery Sport,Land,2017,"13,34,000","1,62,750 kms",Petrol
Ford Figo,Ford,2013,"46,000","1,65,796 kms",Petrol
Ford EcoSport Titanium 1.5L TDCi,Ford,2005,"25,000","1,35,512 kms",Petrol
Jaguar XE Prestige,Jaguar,2018,"15,35,000","1,26,471 kms",Petrol
Volvo S60 D4,Volvo,2008,"4,52,000","1,35,437 kms",Petrol
BMW 3 Series 320d,BMW,2007,"7,93,000","4,787 kms",Petrol
Jaguar XE Prestige,Jaguar,2019,"24,16,000","31,348 kms",Diesel
Mini Cooper D,Mini,2007,"3,92,000","1,42,271 kms",Petrol
Land Rover Freelander 2,Land,2013,"9,55,000","1,42,378 kms",Diesel
Mitsubishi Lancer 1.8 GLX,Mitsubishi,2018,"1,54,000","9,589 kms",Diesel
Hyundai Elite i20 Magna 1.2,Hyundai,2010,"42,000","74,472 kms",Diesel
Tata Tigor XZ,Tata,2013,"36,000","1,50,800 kms",Diesel
Land Rover Freelander 2,Land,2023,"25,56,000","1,23,779 kms",Petrol
Mercedes E-Class E220d,Mercedes,2010,"10,33,000","38,085 kms",Petrol
Fiat Punto Active,Fiat,2004,"25,000","79,050 kms",Diesel
Tata Nexon XZ Plus,Tata,2008,"25,000","1,69,824 kms",Petrol
Nissan Terrano XL,Nissan,2014,"41,000","1,09,303 kms",Petrol
Volkswagen Ameo Highline 1.5,Volkswagen,2012,"56,000","72,770 kms",Diesel
Tata Tigor XZ,Tata,2007,"25,000","1,09,307 kms",Petrol
Audi A4 35 TDI,Audi,2018,"10,59,000","1,75,617 kms",Petrol
Mitsubishi Lancer 1.8 GLX,Mitsubishi,2015,"1,07,000","22,874 kms",Diesel
Nissan Terrano XL,Nissan,2023,"1,32,000","70,386 kms",Petrol
Land Rover Discovery Sport,Land,2017,"20,97,000","32,315 kms",Petrol
Ford EcoSport Ambiente 1.5L TDCi,Ford,2002,"25,000","46,210 kms",Petrol
Chevrolet Tavera Neo 3,Chevrolet,2002,"25,000","98,931 kms",Diesel
Toyota Etios VXD,Toyota,2020,"1,25,000","95,054 kms",Petrol
Tata Nexon XZ Plus,Tata,2002,"25,000","71,227 kms",Diesel
Jaguar XF Portfolio,Jaguar,2004,"3,75,000","1,39,856 kms",Petrol
Chevrolet Tavera Neo 3,Chevrolet,2014,"34,000","1,37,269 kms",Petrol
BMW X1 sDrive20d,BMW,2023,"39,08,000","3,215 kms",Petrol
Mercedes C-Class C220d,Mercedes,2022,"31,98,000","12,493 kms",Petrol
Land Rover Freelander 2,Land,2016,"12,48,000","1,22,886 kms",Diesel
Volkswagen Vento Highline Diesel,Volkswagen,2008,"39,000","78,073 kms",Petrol
Hyundai Verna 1.6 SX,Hyundai,2012,"42,000","88,505 kms",Petrol
Tata Nano Lx,Tata,2008,"30,000","76,379 kms",Petrol
Mercedes GLA 200d,Mercedes,2006,"4,59,000","1,79,481 kms",Diesel
BMW X1 sDrive20d,BMW,2009,"8,50,000","25,422 kms",Diesel
Honda WR-V i-VTEC VX,Honda,2005,"25,000","1,77,968 kms",Petrol
Chevrolet Spark LT,Chevrolet,2014,"46,000","54,514 kms",Petrol
Audi Q7,Audi,2022,"21,13,000","88,293 kms",Diesel
Skoda Rapid Elegance 1.6 MPI,Skoda,2006,"50,000","8,485 kms",Diesel
Land Rover Freelander 2,Land,2004,"3,99,000","1,36,015 kms",Diesel
Mercedes C-Class C220d,Mercedes,2014,"11,49,000","59,569 kms",Diesel
Fiat Punto Active,Fiat,2011,"32,000","1,48,270 kms",Diesel
Volkswagen Polo Highline 1.2L,Volkswagen,2019,"1,42,000","19,649 kms",Petrol
Ford Freestyle Titanium,Ford,2008,"46,000","28,934 kms",Diesel
Fiat Punto Active,Fiat,2016,"44,000","1,08,877 kms",Petrol
Volkswagen Jetta Comfortline TDI,Volkswagen,2009,"41,000","97,388 kms",Diesel
Land Rover Discovery Sport,Land,2022,"20,38,000","1,40,968 kms",Petrol
Renault Lodgy 110PS RxZ 8 Str,Renault,2011,"36,000","87,363 kms",Diesel
Audi A6 2.0 TDI,Audi,2016,"13,80,000","69,338 kms",Diesel
Land Rover Freelander 2,Land,2016,"19,06,000","19,526 kms",Petrol
Jeep Compass Longitude,Jeep,2023,"2,59,000","38,115 kms",Petrol
Toyota Etios VXD,Toyota,2016,"1,04,000","64,372 kms",Diesel
Maruti Suzuki Wagon R 1.0 VXI,Maruti,2023,"1,95,000","27,099 kms",Diesel
Fiat Linea Active,Fiat,2004,"25,000","56,873 kms",Diesel
Nissan Terrano XL,Nissan,2003,"25,000","1,04,560 kms",Petrol
Audi Q3 35 TDI,Audi,2012,Ask For Price,"68,266 kms",Diesel
Honda City 1.5 S MT,Honda,2002,"25,000","1,79,693 kms",Diesel
Chevrolet Tavera Neo 3,Chevrolet,2015,"72,000","1,296 kms",Petrol
BMW X1 sDrive20d,BMW,2014,"9,14,000","1,16,028 kms",Petrol
Toyota Fortuner 3.0 4x4 AT,Toyota,2019,"96,000","1,76,564 kms",Petrol
Land Rover Discovery Sport,Land,2020,"18,56,000","1,36,165 kms",Petrol
Jaguar XE Prestige,Jaguar,2002,"3,44,000","1,31,138 kms",Petrol
Jeep Compass Longitude,Jeep,2002,"38,000","28,444 kms",Petrol
Maruti Suzuki Alto K10 VXi,Maruti,2008,"48,000","21,527 kms",Diesel
Land Rover Discovery Sport,Land,2010,"7,28,000","1,03,714 kms",Diesel
Chevrolet Tavera Neo 3,Chevrolet,2008,"32,000","46,772 kms",Petrol
Chevrolet Beat LT,Chevrolet,2013,"41,000","80,088 kms",Diesel
Jeep Compass Limited,Jeep,2018,"1,16,000","1,45,794 kms",Petrol
Mitsubishi Lancer 1.8 GLX,Mitsubishi,2010,Ask For Price,"1,25,706 kms",Diesel
Fiat Punto Active,Fiat,2009,"30,000","79,733 kms",Petrol
Ford EcoSport Ambiente 1.5L TDCi,Ford,2007,"33,000","74,621 kms",Petrol
Hyundai Grand i10 Magna 1.2 Kappa VTVT,Hyundai,2009,"31,000","1,21,019 kms",Petrol
Fiat Linea Active,Fiat,2003,"25,000","1,49,983 kms",Diesel
Mercedes C-Class C220d,Mercedes,2018,"15,67,000","88,344 kms",Petrol
Ford Figo,Ford,2006,"39,000","3,222 kms",Diesel
Chevrolet Beat LT,Chevrolet,2012,"29,000","1,00,820 kms",Petrol
Volkswagen Jetta Comfortline TDI,Volkswagen,2022,"1,83,000","9,396 kms",Petrol
Land Rover Freelander 2,Land,2009,"9,63,000","50,104 kms",Diesel
Hyundai i10 Sportz,Hyundai,2019,"98,000","81,047 kms",Petrol
Honda Civic 1.8 V MT,Honda,2009,"34,000","1,46,996 kms",Diesel
Mini Cooper S,Mini,2007,"6,76,000","2,030 kms",Petrol
Honda Brio S MT,Honda,2006,"34,000","78,690 kms",Diesel
Ford Figo,Ford,2003,Ask For Price,"1,64,741 kms",Diesel
Nissan Sunny XL,Nissan,2023,"95,000","1,27,471 kms",Petrol
BMW 5 Series 520d,BMW,2002,"3,49,000","1,00,266 kms",Diesel
Ford EcoSport Titanium 1.5L TDCi,Ford,2018,"1,01,000","35,880 kms",Petrol
Jaguar XE Prestige,Jaguar,2020,"16,88,000","97,802 kms",Petrol
Toyota Etios VXD,Toyota,2007,"51,000","31,838 kms",Petrol
Honda Brio S MT,Honda,2019,"99,000","82,595 kms",Petrol
Renault Triber RXZ,Renault,2003,"25,000","45,205 kms",Petrol
Volvo S60 D4,Volvo,2014,"13,22,000","24,505 kms",Petrol
Mitsubishi Lancer 1.8 GLX,Mitsubishi,2009,Ask For Price,"1,79,027 kms",Petrol
Volvo XC60 D5,Volvo,2018,"13,22,000","1,68,272 kms",Diesel
Jaguar XE Prestige,Jaguar,2011,"7,50,000","1,71,269 kms",Petrol
Land Rover Discovery Sport,Land,2005,"4,98,000","1,63,897 kms",Diesel
Mahindra TUV300 T8,Mahindra,2015,"92,000","63,422 kms",Diesel
Mini Cooper S,Mini,2005,"3,86,000","91,271 kms",Diesel
Ford Freestyle Titanium,Ford,2015,"48,000","1,16,982 kms",Petrol
Maruti Suzuki Wagon R 1.0 VXI,Maruti,2023,"1,14,000","1,46,856 kms",Petrol
Jaguar XF Portfolio,Jaguar,2014,"15,30,000","38,279 kms",Petrol
Tata Tigor XZ,Tata,2007,"25,000","1,29,804 kms",Petrol
Mini Cooper S,Mini,2021,"13,02,000","1,19,535 kms",Petrol
Land Rover Freelander 2,Land,2003,"3,62,000","1,67,258 kms",Diesel
Audi Q7,Audi,2005,"4,05,000","1,11,678 kms",Diesel
Honda WR-V i-VTEC VX,Honda,2021,"1,40,000","81,550 kms",Diesel
Maruti Suzuki Celerio VXI,Maruti,2020,"77,000","1,18,206 kms",Petrol
Mini Cooper S,Mini,2011,"5,89,000","1,65,283 kms",Diesel
Tata Indica V2 DLS,Tata,2014,"46,000","1,45,890 kms",Diesel
Fiat Linea Active,Fiat,2005,"25,000","1,50,665 kms",Petrol
Land Rover Freelander 2,Land,2006,"4,70,000","1,42,474 kms",Diesel
Honda WR-V i-VTEC VX,Honda,2004,"25,000","1,12,446 kms",Diesel
Volkswagen Ameo Highline 1.5,Volkswagen,2023,"2,04,000","16,021 kms",Petrol
Mini Cooper S,Mini,2007,"4,40,000","89,872 kms",Diesel
Maruti Suzuki Ertiga VDI,Maruti,2002,"25,000","76,231 kms",Diesel
Fiat Punto Active,Fiat,2016,"43,000","1,44,092 kms",Petrol
Hyundai Verna 1.6 SX,Hyundai,2023,"1,21,000","1,14,004 kms",Diesel
Ford Freestyle Titanium,Ford,2017,"91,000","38,263 kms",Petrol
Ford EcoSport Ambiente 1.5L TDCi,Ford,2009,"49,000","58,510 kms",Diesel
Tata Bolt XT,Tata,2011,"44,000","54,726 kms",Petrol
Volvo XC60 D5,Volvo,2018,"10,46,000","1,33,762 kms",Petrol
Land Rover Freelander 2,Land,2003,"3,90,000","1,32,058 kms",Diesel
Nissan Sunny XL,Nissan,2010,"38,000","88,710 kms",Petrol
Hyundai Verna 1.6 SX,Hyundai,2019,"89,000","93,988 kms",Diesel
Nissan Micra XV,Nissan,2020,"83,000","1,23,520 kms",Diesel
Nissan Micra XV,Nissan,2010,"42,000","77,866 kms",Diesel
Land Rover Freelander 2,Land,2023,"41,56,000","4,685 kms",Diesel
Volvo S60 D4,Volvo,2007,"3,58,000","1,38,067 kms",Petrol
Audi Q7,Audi,2011,"7,03,000","1,53,105 kms",Diesel
Toyota Glanza G,Toyota,2009,"65,000","36,970 kms",Diesel
Skoda Fabia Classic 1.2 MPI,Skoda,2016,Ask For Price,"1,57,297 kms",Diesel
Volkswagen Ameo Highline 1.5,Volkswagen,2022,"1,35,000","89,512 kms",Petrol
Skoda Rapid Elegance 1.6 MPI,Skoda,2019,"95,000","1,71,085 kms",Diesel
BMW 3 Series 320d,BMW,2019,"13,61,000","1,45,074 kms",Petrol
Maruti Suzuki Omni E STD,Maruti,2012,"36,000","1,47,868 kms",Petrol
Ford Freestyle Titanium,Ford,2018,"72,000","1,55,045 kms",Diesel
Ford EcoSport Titanium 1.5L TDCi,Ford,2015,"66,000","98,666 kms",Diesel
Datsun GO T,Datsun,2022,"60,000","1,11,769 kms",Petrol
Skoda Octavia Elegance 1.8 TSI,Skoda,2008,"47,000","53,186 kms",Diesel
Mahindra Thar CRDe 4x4,Mahindra,2014,"73,000","77,516 kms",Diesel
Nissan Sunny XL,Nissan,2014,"49,000","1,48,722 kms",Diesel
Datsun GO Plus T,Datsun,2016,"59,000","55,321 kms",Diesel
Land Rover Freelander 2,Land,2023,"26,44,000","1,61,468 kms",Diesel
Mercedes E-Class E220d,Mercedes,2010,"9,43,000","26,697 kms",Diesel
BMW 5 Series 520d,BMW,2015,"11,46,000","1,03,197 kms",Diesel
Maruti Suzuki Ertiga VDI,Maruti,2008,"33,000","63,962 kms",CNG
Ford Figo Aspire Titanium,Ford,2005,"34,000","22,181 kms",Petrol
Audi Q7,Audi,2014,"8,32,000","1,57,169 kms",Petrol
Volkswagen Jetta Comfortline TDI,Volkswagen,2006,"35,000","59,501 kms",Diesel
Toyota Glanza G,Toyota,2012,"87,000","21,989 kms",Diesel
Tata Nexon XZ Plus,Tata,2021,"1,03,000","74,662 kms",Diesel
Mercedes GLA 200d,Mercedes,2008,"6,86,000","58,659 kms",Petrol
Ford EcoSport Titanium 1.5L TDCi,Ford,2017,"67,000","1,41,074 kms",Diesel
Hyundai Verna 1.6 SX,Hyundai,2008,"33,000","74,222 kms",Diesel
Fiat Punto Active,Fiat,2015,"48,000","1,76,383 kms",Diesel
Fiat Punto Active,Fiat,2022,"76,000","1,77,788 kms",Diesel
Datsun redi-GO T,Datsun,2019,"48,000","1,29,600 kms",Diesel
Nissan Sunny XL,Nissan,2014,Ask For Price,"80,284 kms",Diesel
Datsun GO T,Datsun,2023,"1,07,000","44,388 kms",Diesel
Datsun GO T,Datsun,2006,"25,000","1,30,995 kms",Petrol
Honda City 1.5 S MT,Honda,2016,"92,000","58,744 kms",Diesel
BMW 5 Series 520d,BMW,2016,"13,68,000","60,829 kms",Petrol
Hyundai Venue SX,Hyundai,2007,"28,000","1,30,610 kms",Diesel
Jaguar XE Prestige,Jaguar,2015,"12,03,000","98,000 kms",Diesel
Audi A8,Audi,2015,"11,03,000","92,540 kms",Diesel
Maruti Suzuki Swift Dzire Vdi,Maruti,2007,"28,000","1,03,635 kms",Petrol
Honda Amaze S i-Dtech,Honda,2010,"41,000","1,52,703 kms",Diesel
Audi A6 2.0 TDI,Audi,2010,"7,23,000","68,928 kms",Petrol
Land Rover Freelander 2,Land,2015,"20,26,000","25,361 kms",Diesel
Maruti Suzuki Ciaz VDi,Maruti,2021,"1,01,000","89,280 kms",CNG
Fiat Punto Active,Fiat,2008,Ask For Price,"1,36,251 kms",Petrol
Mini Cooper S,Mini,2005,"3,81,000","92,038 kms",Diesel
Maruti Suzuki Celerio VXI,Maruti,2008,"35,000","65,228 kms",Petrol
Volvo S60 D4,Volvo,2019,"11,60,000","1,77,529 kms",Diesel
Land Rover Freelander 2,Land,2011,"7,77,000","1,62,061 kms",Diesel
Mahindra Jeep CL550 MDI,Mahindra,2008,"62,000","3,626 kms",Petrol
Nissan Terrano XL,Nissan,2014,"67,000","55,913 kms",Petrol
Skoda Rapid Elegance 1.6 MPI,Skoda,2005,"25,000","1,01,990 kms",Petrol
Jaguar XE Prestige,Jaguar,2008,"9,66,000","1,036 kms",Diesel
Nissan Micra XV,Nissan,2020,"79,000","1,10,032 kms",Petrol
Maruti Suzuki Wagon R 1.0 VXI,Maruti,2018,"1,13,000","5,306 kms",Petrol
Volkswagen Jetta Comfortline TDI,Volkswagen,2013,"55,000","1,39,022 kms",Diesel
Toyota Corolla Altis G,Toyota,2020,"1,38,000","64,017 kms",Diesel
Volvo S60 D4,Volvo,2016,"8,95,000","1,49,018 kms",Petrol
Volkswagen Ameo Highline 1.5,Volkswagen,2012,"43,000","1,42,030 kms",Petrol
Tata Tigor XZ,Tata,2003,"25,000","32,819 kms",Diesel
Volkswagen Ameo Highline 1.5,Volkswagen,2023,"1,35,000","1,16,809 kms",Petrol
Mini Cooper D,Mini,2015,"10,31,000","59,951 kms",Diesel
Honda Civic 1.8 V MT,Honda,2004,"25,000","1,07,896 kms",Petrol
BMW 3 Series 320d,BMW,2004,"3,06,000","1,20,855 kms",Petrol
Fiat Linea Active,Fiat,2014,"37,000","1,44,518 kms",Petrol
Chevrolet Tavera Neo 3,Chevrolet,2003,"25,000","1,65,964 kms",Petrol
Hyundai Eon Era Plus,Hyundai,2010,"53,000","53,644 kms",Petrol
Volvo S60 D4,Volvo,2008,"5,12,000","84,439 kms",Diesel
Volkswagen Vento Highline Diesel,Volkswagen,2009,"35,000","96,997 kms",Diesel
Maruti Suzuki Celerio VXI,Maruti,2017,"80,000","81,389 kms",Petrol
Fiat Linea Active,Fiat,2002,"25,000","99,686 kms",Petrol
Honda Brio S MT,Honda,2023,"1,17,000","1,34,094 kms",Diesel
Nissan Sunny XL,Nissan,2011,"42,000","85,910 kms",Petrol
Hyundai Venue SX,Hyundai,2014,Ask For Price,"1,67,669 kms",Petrol
Jaguar XF Portfolio,Jaguar,2003,"3,56,000","1,44,055 kms",Diesel
Mini Cooper D,Mini,2020,"17,21,000","59,312 kms",Diesel
Mercedes C-Class C220d,Mercedes,2015,"10,77,000","1,76,495 kms",Petrol
Mini Cooper D,Mini,2008,"4,94,000","64,557 kms",Diesel
Mahindra Jeep CL550 MDI,Mahindra,2023,"2,40,000","20,740 kms",Diesel
Toyota Etios VXD,Toyota,2002,"29,000","59,870 kms",Diesel
Skoda Rapid Elegance 1.6 MPI,Skoda,2009,"57,000","10,395 kms",Petrol
Tata Tiago Revotron XZ,Tata,2002,"25,000","54,431 kms",Diesel
Honda Civic 1.8 V MT,Honda,2021,"1,14,000","90,125 kms",Petrol
Fiat Linea Active,Fiat,2005,"25,000","1,64,852 kms",Petrol
Fiat Punto Active,Fiat,2020,"1,07,000","42,042 kms",Petrol
Renault Lodgy 110PS RxZ 8 Str,Renault,2017,"60,000","1,44,387 kms",Diesel
Jaguar XF Portfolio,Jaguar,2014,"10,90,000","99,329 kms",Diesel
Jeep Compass Longitude,Jeep,2021,"2,31,000","54,556 kms",Petrol
Tata Nexon XZ Plus,Tata,2002,"25,000","63,030 kms",Diesel
BMW 5 Series 520d,BMW,2009,"4,91,000","1,33,157 kms",Diesel
Toyota Corolla Altis G,Toyota,2023,"1,36,000","1,18,316 kms",Petrol
Chevrolet Sail UVA LS,Chevrolet,2010,"35,000","43,032 kms",Petrol
Mercedes GLA 200d,Mercedes,2010,"8,07,000","45,176 kms",Petrol
Fiat Punto Active,Fiat,2013,"50,000","73,892 kms",Diesel
Volkswagen Vento Highline Diesel,Volkswagen,2002,"31,000","31,545 kms",Diesel
Maruti Suzuki Omni E STD,Maruti,2016,"69,000","96,467 kms",Petrol
Land Rover Discovery Sport,Land,2014,"11,24,000","1,18,441 kms",Diesel
Land Rover Discovery Sport,Land,2007,"5,29,000","1,25,688 kms",Petrol
BMW 5 Series 520d,BMW,2011,"6,92,000","1,37,871 kms",Diesel
Tata Bolt XT,Tata,2022,"1,51,000","2,272 kms",Diesel
Renault Triber RXZ,Renault,2016,"57,000","1,65,381 kms",Petrol
Mercedes GLA 200d,Mercedes,2003,"4,54,000","67,649 kms",Diesel
Fiat Punto Active,Fiat,2013,"34,000","1,65,301 kms",Diesel
Mitsubishi Pajero Sport 4x2,Mitsubishi,2013,"59,000","1,35,017 kms",Petrol
Skoda Octavia Elegance 1.8 TSI,Skoda,2002,"25,000","1,46,489 kms",Diesel
Ford Fiesta Classic CLXi,Ford,2018,"63,000","1,50,330 kms",Petrol
Nissan Terrano XL,Nissan,2017,"69,000","1,02,033 kms",Diesel
Datsun GO T,Datsun,2019,"64,000","73,394 kms",Petrol
Mahindra Bolero SLE,Mahindra,2005,"28,000","1,73,615 kms",Diesel
Skoda Octavia Elegance 1.8 TSI,Skoda,2005,"41,000","7,940 kms",Diesel
Honda WR-V i-VTEC VX,Honda,2007,"35,000","72,603 kms",Diesel
Toyota Corolla Altis G,Toyota,2023,"1,53,000","1,67,377 kms",Diesel
Renault Triber RXZ,Renault,2017,"59,000","1,44,709 kms",Diesel
Tata Nexon XZ Plus,Tata,2002,"25,000","57,488 kms",Petrol
Jaguar XE Prestige,Jaguar,2010,"7,52,000","84,390 kms",Diesel
Mercedes GLA 200d,Mercedes,2020,"17,97,000","1,33,054 kms",Diesel
Ford Endeavour 4x4 AT,Ford,2023,"1,33,000","91,347 kms",Petrol
Tata Tigor XZ,Tata,2007,"25,000","1,26,153 kms",Diesel
Fiat Punto Active,Fiat,2018,Ask For Price,"37,795 kms",Petrol
Mitsubishi Lancer 1.8 GLX,Mitsubishi,2002,"27,000","43,197 kms",Petrol
Maruti Suzuki Wagon R 1.0 VXI,Maruti,2016,"82,000","64,456 kms",Petrol
Toyota Etios VXD,Toyota,2010,"71,000","49,937 kms",Diesel
Land Rover Freelander 2,Land,2005,"4,15,000","1,11,776 kms",Petrol
Volvo XC60 D5,Volvo,2004,"2,83,000","1,32,097 kms",Diesel
Audi A8,Audi,2016,"15,16,000","31,348 kms",Diesel
Volvo S60 D4,Volvo,2018,"18,58,000","13,325 kms",Diesel
Audi Q7,Audi,2014,"13,05,000","29,274 kms",Petrol
Mitsubishi Pajero Sport 4x2,Mitsubishi,2019,"1,46,000","60,527 kms",Diesel
Jaguar XF Portfolio,Jaguar,2003,"5,82,000","34,336 kms",Diesel
Jaguar XE Prestige,Jaguar,2012,"7,94,000","1,73,558 kms",Diesel
Nissan Terrano XL,Nissan,2011,"61,000","16,031 kms",Diesel
Toyota Innova 2.5 G,Toyota,2011,"50,000","1,60,264 kms",Diesel
Toyota Glanza G,Toyota,2017,"96,000","1,01,978 kms",Diesel
Chevrolet Spark LT,Chevrolet,2018,"56,000","1,07,403 kms",Diesel
Chevrolet Spark LT,Chevrolet,2020,"1,09,000","34,207 kms",Diesel
Tata Tigor XZ,Tata,2008,"25,000","1,28,137 kms",Petrol
Datsun GO Plus T,Datsun,2011,"43,000","13,713 kms",Petrol
Skoda Octavia Elegance 1.8 TSI,Skoda,2020,"1,42,000","15,866 kms",Petrol
Audi A6 2.0 TDI,Audi,2013,"7,49,000","1,60,056 kms",Petrol
Chevrolet Tavera Neo 3,Chevrolet,2023,"92,000","1,32,965 kms",Diesel
Volkswagen Vento Highline Diesel,Volkswagen,2020,Ask For Price,"1,13,665 kms",Petrol
Chevrolet Spark LT,Chevrolet,2023,"76,000","1,33,931 kms",Diesel
Hyundai i10 Sportz,Hyundai,2007,"37,000","75,065 kms",Diesel
Mahindra Scorpio S10,Mahindra,2006,"29,000","92,571 kms",Diesel
Audi A8,Audi,2006,"4,01,000","1,59,890 kms",Petrol
BMW 5 Series 520d,BMW,2013,"11,78,000","68,361 kms",Diesel
Mini Cooper D,Mini,2017,"15,56,000","14,222 kms",Petrol
Hyundai Grand i10 Magna 1.2 Kappa VTVT,Hyundai,2003,"25,000","1,48,467 kms",Diesel
Mercedes E-Class E220d,Mercedes,2009,"6,18,000","1,33,174 kms",Petrol
Audi Q7,Audi,2010,"7,50,000","54,067 kms",Diesel
Mini Cooper S,Mini,2023,"18,47,000","1,45,934 kms",Diesel
Datsun GO Plus T,Datsun,2005,"27,000","16,505 kms",Diesel
Jeep Compass Limited,Jeep,2012,"60,000","1,32,453 kms",Petrol
Ford Endeavour 4x4 AT,Ford,2022,"96,000","1,12,648 kms",Petrol
Jeep Compass Limited,Jeep,2003,"25,000","1,32,078 kms",Diesel
Mahindra Thar CRDe 4x4,Mahindra,2014,"77,000","46,453 kms",Diesel
Maruti Suzuki Wagon R 1.0 VXI,Maruti,2017,"95,000","18,443 kms",Diesel
BMW X1 sDrive20d,BMW,2012,"7,55,000","1,55,215 kms",Petrol
Audi A4 35 TDI,Audi,2019,"14,62,000","1,09,403 kms",Petrol
Tata Bolt XT,Tata,2004,"29,000","14,275 kms",Petrol
Skoda Fabia Classic 1.2 MPI,Skoda,2008,"30,000","1,23,533 kms",Petrol
Honda Amaze S i-Dtech,Honda,2005,"27,000","72,205 kms",Diesel
Honda WR-V i-VTEC VX,Honda,2023,"2,56,000","4,819 kms",Diesel
Land Rover Freelander 2,Land,2021,"31,15,000","33,867 kms",Diesel
Renault Lodgy 110PS RxZ 8 Str,Renault,2006,"39,000","13,784 kms",Petrol
Honda City 1.5 S MT,Honda,2010,"38,000","1,33,646 kms",Diesel
Land Rover Discovery Sport,Land,2006,Ask For Price,"1,31,764 kms",Petrol
Ford Endeavour 4x4 AT,Ford,2014,"47,000","1,36,602 kms",Diesel
Tata Tigor XZ,Tata,2013,"38,000","1,32,370 kms",Petrol
Skoda Rapid Elegance 1.6 MPI,Skoda,2018,"74,000","1,37,271 kms",Petrol
Ford Endeavour 4x4 AT,Ford,2018,"74,000","1,30,742 kms",Petrol
Ford Freestyle Titanium,Ford,2017,"1,04,000","39,049 kms",Petrol
Toyota Yaris VX,Toyota,2009,"40,000","1,62,307 kms",Petrol
Chevrolet Sail UVA LS,Chevrolet,2004,"25,000","53,427 kms",Diesel
Skoda Rapid Elegance 1.6 MPI,Skoda,2002,"25,000","88,039 kms",Diesel
Toyota Corolla Altis G,Toyota,2005,"44,000","52,910 kms",Diesel
Mercedes C-Class C220d,Mercedes,2007,"4,91,000","1,68,126 kms",Diesel
Volkswagen Polo Highline 1.2L,Volkswagen,2002,"25,000","1,23,236 kms",Petrol
Jeep Compass Limited,Jeep,2017,"1,18,000","93,493 kms",Petrol
Maruti Suzuki Wagon R 1.0 VXI,Maruti,2012,"49,000","79,743 kms",Diesel
Mercedes E-Class E220d,Mercedes,2009,"5,47,000","1,22,268 kms",Petrol
Datsun GO Plus T,Datsun,2020,"65,000","90,614 kms",Petrol
Volkswagen Jetta Comfortline TDI,Volkswagen,2005,"33,000","42,941 kms",Petrol
Mahindra Bolero SLE,Mahindra,2022,"1,23,000","1,67,121 kms",Diesel
Hyundai Santro Xing XO eRLX Euro III,Hyundai,2020,"1,55,000","25,370 kms",Petrol
Jeep Compass Limited,Jeep,2009,"52,000","81,883 kms",Petrol
Maruti Suzuki Alto K10 VXi,Maruti,2020,"92,000","93,065 kms",Petrol
Volvo XC60 D5,Volvo,2002,"2,32,000","1,14,206 kms",Diesel
Mercedes E-Class E220d,Mercedes,2019,"16,11,000","1,50,762 kms",Diesel
Honda WR-V i-VTEC VX,Honda,2009,"36,000","1,28,621 kms",Diesel
Mahindra Jeep CL550 MDI,Mahindra,2012,"48,000","1,49,906 kms",Petrol
Fiat Punto Active,Fiat,2011,"32,000","1,75,006 kms",Diesel
Maruti Suzuki Celerio VXI,Maruti,2003,"25,000","86,110 kms",Petrol
Maruti Suzuki Ertiga VDI,Maruti,2003,"25,000","63,676 kms",Diesel
Toyota Fortuner 3.0 4x4 AT,Toyota,2002,"25,000","1,01,089 kms",Petrol
Hyundai Tucson 2WD AT GLS,Hyundai,2005,"25,000","1,27,360 kms",Petrol
Nissan Micra XV,Nissan,2016,"79,000","39,235 kms",Petrol
Volkswagen Polo Highline 1.2L,Volkswagen,2019,"90,000","1,61,370 kms",Diesel
Jaguar XE Prestige,Jaguar,2004,"3,63,000","1,78,497 kms",Petrol
Chevrolet Beat LT,Chevrolet,2015,"51,000","78,471 kms",Petrol
Mitsubishi Pajero Sport 4x2,Mitsubishi,2018,"84,000","1,40,230 kms",Petrol
Audi A4 35 TDI,Audi,2003,"2,83,000","1,55,581 kms",Diesel
Fiat Linea Active,Fiat,2019,"1,04,000","36,093 kms",Diesel
Ford Endeavour 4x4 AT,Ford,2023,"1,27,000","1,42,154 kms",Diesel
Jaguar XE Prestige,Jaguar,2003,"3,75,000","1,15,219 kms",Diesel
Mercedes GLA 200d,Mercedes,2015,"9,46,000","1,70,551 kms",Petrol
Volkswagen Polo Highline 1.2L,Volkswagen,2008,"58,000","1,826 kms",Petrol
Toyota Etios VXD,Toyota,2002,Ask For Price,"1,07,001 kms",Diesel
Mini Cooper D,Mini,2017,"13,44,000","45,184 kms",Petrol
Mini Cooper D,Mini,2004,"5,17,000","7,693 kms",Petrol
Land Rover Freelander 2,Land,2021,"21,42,000","1,05,826 kms",Petrol
Maruti Suzuki Swift Dzire Vdi,Maruti,2015,"66,000","81,893 kms",Petrol
Hyundai Eon Era Plus,Hyundai,2004,"25,000","90,929 kms",Petrol
BMW 5 Series 520d,BMW,2022,"18,90,000","1,38,037 kms",Petrol
Toyota Glanza G,Toyota,2022,"1,26,000","1,69,439 kms",Petrol
BMW 3 Series 320d,BMW,2015,Ask For Price,"1,39,354 kms",Petrol
Land Rover Freelander 2,Land,2006,"5,52,000","85,905 kms",Petrol
Mini Cooper S,Mini,2019,"12,16,000","1,67,527 kms",Petrol
Renault Duster 110 PS RxL,Renault,2017,"89,000","55,793 kms",Petrol
Honda Amaze S i-Dtech,Honda,2004,"35,000","35,805 kms",Diesel
Jaguar XF Portfolio,Jaguar,2013,"12,35,000","33,560 kms",Petrol
Mini Cooper D,Mini,2012,"8,95,000","46,885 kms",Petrol
Hyundai Tucson 2WD AT GLS,Hyundai,2020,"1,45,000","21,065 kms",Petrol
Ford EcoSport Ambiente 1.5L TDCi,Ford,2018,"1,34,000","7,473 kms",Diesel
Land Rover Freelander 2,Land,2012,"14,00,000","6,194 kms",Diesel
Chevrolet Beat LT,Chevrolet,2004,"25,000","29,861 kms",Petrol
Chevrolet Beat LT,Chevrolet,2018,"78,000","47,732 kms",Diesel
Mitsubishi Pajero Sport 4x2,Mitsubishi,2020,"1,05,000","1,27,244 kms",Petrol
Mitsubishi Pajero Sport 4x2,Mitsubishi,2011,"44,000","1,58,736 kms",Petrol
Ford Endeavour 4x4 AT,Ford,2004,"34,000","8,361 kms",Diesel
Volkswagen Jetta Comfortline TDI,Volkswagen,2019,"92,000","1,31,614 kms",Petrol
BMW 3 Series 320d,BMW,2003,"3,20,000","1,48,479 kms",Diesel
Skoda Octavia Elegance 1.8 TSI,Skoda,2009,"42,000","89,048 kms",Petrol
Renault Lodgy 110PS RxZ 8 Str,Renault,2007,"30,000","79,051 kms",Diesel
Hyundai Verna 1.6 SX,Hyundai,2007,"38,000","60,276 kms",Petrol
Skoda Rapid Elegance 1.6 MPI,Skoda,2012,"87,000","3,640 kms",Petrol
Nissan Terrano XL,Nissan,2015,"79,000","50,286 kms",Diesel
Hyundai Verna 1.6 SX,Hyundai,2018,"75,000","86,761 kms",Petrol
Audi A8,Audi,2004,"3,11,000","1,23,542 kms",Petrol
Mercedes E-Class E220d,Mercedes,2015,"14,38,000","34,647 kms",Diesel
Land Rover Discovery Sport,Land,2005,"7,28,000","8,940 kms",Diesel
Renault Duster 110 PS RxL,Renault,2017,"80,000","54,299 kms",Diesel
Honda Civic 1.8 V MT,Honda,2004,Ask For Price,"84,478 kms",Diesel
Audi Q7,Audi,2014,"13,90,000","30,622 kms",Diesel
Jeep Compass Limited,Jeep,2009,"62,000","68,418 kms",Diesel
Audi Q3 35 TDI,Audi,2018,"19,21,000","26,171 kms",Diesel
Mitsubishi Lancer 1.8 GLX,Mitsubishi,2010,"41,000","1,07,766 kms",Petrol
Tata Bolt XT,Tata,2013,"63,000","25,206 kms",Petrol
Renault Kwid RXT,Renault,2010,"34,000","1,61,502 kms",Diesel
Chevrolet Spark LT,Chevrolet,2020,"61,000","1,61,894 kms",Petrol
Jaguar XF Portfolio,Jaguar,2004,"5,78,000","49,963 kms",Diesel
Mini Cooper D,Mini,2005,"2,84,000","1,02,933 kms",Petrol
Ford Figo,Ford,2023,"1,18,000","1,64,103 kms",Diesel
Fiat Linea Active,Fiat,2023,"96,000","1,58,869 kms",Diesel
Mitsubishi Pajero Sport 4x2,Mitsubishi,2020,"1,43,000","63,399 kms",Petrol
Audi A8,Audi,2006,"4,31,000","83,868 kms",Diesel
Volvo S60 D4,Volvo,2015,"11,52,000","49,115 kms",Diesel
Volkswagen Jetta Comfortline TDI,Volkswagen,2014,"50,000","1,74,859 kms",Diesel
Maruti Suzuki Ertiga VDI,Maruti,2018,"73,000","1,48,749 kms",Petrol
Nissan Terrano XL,Nissan,2013,"58,000","41,106 kms",Diesel
Volkswagen Polo Highline 1.2L,Volkswagen,2016,"61,000","1,72,837 kms",Petrol
Maruti Suzuki Swift Dzire Vdi,Maruti,2010,"54,000","31,729 kms",CNG
Ford Figo Aspire Titanium,Ford,2016,"1,00,000","35,930 kms",Petrol
Audi A6 2.0 TDI,Audi,2003,"2,75,000","1,49,054 kms",Petrol
Tata Indica V2 DLS,Tata,2005,"25,000","1,77,103 kms",Petrol
Jeep Compass Limited,Jeep,2011,"53,000","1,17,567 kms",Petrol
Chevrolet Beat LT,Chevrolet,2007,"25,000","53,618 kms",Petrol
Skoda Octavia Elegance 1.8 TSI,Skoda,2010,"40,000","1,28,156 kms",Petrol
Nissan Micra XV,Nissan,2008,"25,000","1,24,204 kms",Petrol
Maruti Suzuki Alto 800 Vxi,Maruti,2017,"88,000","67,379 kms",Petrol
Fiat Punto Active,Fiat,2003,"25,000","21,565 kms",Petrol
Ford EcoSport Ambiente 1.5L TDCi,Ford,2006,"25,000","1,06,144 kms",Petrol
Jaguar XF Portfolio,Jaguar,2023,"24,85,000","1,23,785 kms",Diesel
Jaguar XF Portfolio,Jaguar,2005,"4,73,000","1,32,629 kms",Diesel
Audi A6 2.0 TDI,Audi,2013,"12,97,000","4,219 kms",Petrol
Renault Lodgy 110PS RxZ 8 Str,Renault,2012,"40,000","1,35,026 kms",Diesel
Mitsubishi Lancer 1.8 GLX,Mitsubishi,2020,"1,45,000","38,899 kms",Petrol
Ford EcoSport Titanium 1.5L TDCi,Ford,2022,"1,10,000","1,46,309 kms",Petrol
Mahindra XUV500 W8,Mahindra,2012,"54,000","1,20,306 kms",Diesel
Land Rover Freelander 2,Land,2015,"11,05,000","1,11,587 kms",Petrol
Jeep Compass Longitude,Jeep,2018,"1,17,000","1,33,813 kms",Petrol
Maruti Suzuki Ertiga VDI,Maruti,2004,"25,000","1,70,511 kms",CNG
Chevrolet Beat LT,Chevrolet,2016,"52,000","90,330 kms",Diesel
Jaguar XF Portfolio,Jaguar,2019,"23,16,000","41,929 kms",Diesel
Fiat Punto Active,Fiat,2010,"26,000","1,73,496 kms",Diesel
Toyota Glanza G,Toyota,2018,"1,14,000","87,888 kms",Diesel
Hyundai Xcent S,Hyundai,2016,"58,000","1,18,730 kms",Petrol
Datsun GO Plus T,Datsun,2023,Ask For Price,"64,849 kms",Diesel
Tata Tigor XZ,Tata,2018,"1,10,000","18,064 kms",Diesel
Hyundai Santro Xing XO eRLX Euro III,Hyundai,2016,"84,000","53,544 kms",Diesel
Audi A4 35 TDI,Audi,2005,"6,10,000","32,219 kms",Petrol
Mitsubishi Pajero Sport 4x2,Mitsubishi,2018,"93,000","1,59,800 kms",Diesel
Mitsubishi Lancer 1.8 GLX,Mitsubishi,2015,"1,02,000","23,716 kms",Petrol
Mercedes GLA 200d,Mercedes,2023,"20,40,000","1,00,127 kms",Petrol
Land Rover Discovery Sport,Land,2006,"6,06,000","68,537 kms",Diesel
Chevrolet Tavera Neo 3,Chevrolet,2005,"25,000","1,42,965 kms",Petrol
Toyota Fortuner 3.0 4x4 AT,Toyota,2005,"50,000","2,546 kms",Diesel
BMW 5 Series 520d,BMW,2015,"9,73,000","96,090 kms",Diesel
Land Rover Freelander 2,Land,2022,"39,04,000","16,396 kms",Petrol
Audi A6 2.0 TDI,Audi,2015,"11,41,000","78,585 kms",Diesel
Toyota Innova 2.5 G,Toyota,2007,"41,000","78,585 kms",Diesel
Mahindra Thar CRDe 4x4,Mahindra,2013,"55,000","1,24,407 kms",Petrol
Jaguar XE Prestige,Jaguar,2004,"3,53,000","1,62,924 kms",Petrol
Jeep Compass Longitude,Jeep,2020,"2,44,000","12,643 kms",Petrol
Mitsubishi Lancer 1.8 GLX,Mitsubishi,2015,Ask For Price,"1,27,433 kms",Petrol
Mahindra Scorpio SLE BS IV,Mahindra,2008,"40,000","96,030 kms",Diesel
Tata Nexon XZ Plus,Tata,2015,"50,000","1,36,245 kms",Diesel
Honda WR-V i-VTEC VX,Honda,2019,"1,28,000","53,989 kms",Diesel
Mercedes C-Class C220d,Mercedes,2007,"6,01,000","76,090 kms",Diesel
Mitsubishi Lancer 1.8 GLX,Mitsubishi,2013,"74,000","71,217 kms",Diesel
Audi A8,Audi,2003,"4,17,000","68,399 kms",Petrol
Fiat Punto Active,Fiat,2017,"50,000","1,31,148 kms",Petrol
Mitsubishi Lancer 1.8 GLX,Mitsubishi,2010,"51,000","81,357 kms",Petrol
Mitsubishi Lancer 1.8 GLX,Mitsubishi,2008,"52,000","45,607 kms",Diesel
Skoda Fabia Classic 1.2 MPI,Skoda,2020,"1,10,000","1,78,786 kms",Diesel
Land Rover Discovery Sport,Land,2017,"18,95,000","30,347 kms",Petrol
Mahindra KUV100 K8,Mahindra,2019,"1,39,000","11,270 kms",Petrol
Toyota Corolla Altis G,Toyota,2006,"42,000","64,387 kms",Diesel
Mercedes E-Class E220d,Mercedes,2008,"8,08,000","33,435 kms",Petrol
Land Rover Discovery Sport,Land,2021,"18,76,000","1,50,480 kms",Petrol
Ford Endeavour 4x4 AT,Ford,2022,"1,19,000","81,319 kms",Petrol
Jaguar XE Prestige,Jaguar,2004,"4,06,000","1,38,771 kms",Petrol
Datsun redi-GO T,Datsun,2003,"25,000","4,815 kms",Diesel
Tata Bolt XT,Tata,2010,Ask For Price,"1,28,658 kms",Petrol
Land Rover Discovery Sport,Land,2009,"6,90,000","1,30,717 kms",Petrol
Mahindra Thar CRDe 4x4,Mahindra,2003,"25,000","1,47,165 kms",Diesel
Renault Triber RXZ,Renault,2003,"25,000","90,192 kms",Diesel
Chevrolet Beat LT,Chevrolet,2005,"25,000","1,24,891 kms",Diesel
Hyundai Santro Xing XO eRLX Euro III,Hyundai,2004,"25,000","1,19,190 kms",Diesel
Jaguar XE Prestige,Jaguar,2012,"7,58,000","1,18,037 kms",Petrol
Mercedes E-Class E220d,Mercedes,2002,"4,71,000","19,944 kms",Diesel
Jeep Compass Limited,Jeep,2021,"2,45,000","35,531 kms",Petrol
Ford Figo,Ford,2009,"32,000","1,31,752 kms",Petrol
Fiat Linea Active,Fiat,2010,"25,000","1,71,205 kms",Petrol
Renault Kwid RXT,Renault,2014,"63,000","43,231 kms",Diesel
Jaguar XF Portfolio,Jaguar,2014,"16,03,000","10,972 kms",Petrol
Honda Civic 1.8 V MT,Honda,2010,"45,000","71,780 kms",Petrol
Honda Amaze S i-Dtech,Honda,2015,"72,000","75,219 kms",Diesel
Mini Cooper S,Mini,2009,"4,92,000","79,972 kms",Petrol
Jaguar XE Prestige,Jaguar,2007,"8,05,000","35,788 kms",Petrol
Ford Figo Aspire Titanium,Ford,2022,"1,12,000","92,870 kms",Petrol
Mahindra TUV300 T8,Mahindra,2009,"67,000","6,739 kms",Petrol
Land Rover Freelander 2,Land,2018,"23,01,000","21,964 kms",Petrol
Jaguar XE Prestige,Jaguar,2010,"10,89,000","28,788 kms",Petrol
Nissan Terrano XL,Nissan,2017,"58,000","97,224 kms",Petrol
Renault Kwid RXT,Renault,2002,"25,000","1,62,520 kms",Petrol
Volvo S60 D4,Volvo,2002,"2,55,000","1,58,995 kms",Petrol
Audi Q7,Audi,2013,"14,19,000","21,854 kms",Diesel
Volvo XC60 D5,Volvo,2011,"7,23,000","71,761 kms",Diesel
Mini Cooper D,Mini,2009,"4,26,000","1,28,355 kms",Petrol
Renault Kwid RXT,Renault,2010,"27,000","1,39,819 kms",Petrol
Nissan Terrano XL,Nissan,2016,"52,000","1,67,324 kms",Petrol
Renault Kwid RXT,Renault,2004,"27,000","28,177 kms",Diesel
BMW 5 Series 520d,BMW,2013,"8,72,000","1,00,036 kms",Diesel
Audi A4 35 TDI,Audi,2013,"7,94,000","1,25,322 kms",Petrol
Nissan Terrano XL,Nissan,2022,"1,65,000","22,867 kms",Petrol
Renault Kwid RXT,Renault,2013,"44,000","1,03,768 kms",Petrol
Nissan Sunny XL,Nissan,2002,"25,000","32,184 kms",Petrol
Ford Freestyle Titanium,Ford,2003,"25,000","63,740 kms",Diesel
Audi A6 2.0 TDI,Audi,2023,"32,44,000","36,504 kms",Petrol
Honda Amaze S i-Dtech,Honda,2003,"31,000","21,863 kms",Diesel
Toyota Etios VXD,Toyota,2022,"1,45,000","1,12,847 kms",Petrol
Datsun GO Plus T,Datsun,2019,Ask For Price,"1,68,563 kms",Diesel
Mercedes C-Class C220d,Mercedes,2021,"19,34,000","1,63,279 kms",Diesel
Fiat Linea Active,Fiat,2009,"25,000","1,56,060 kms",Diesel
Ford Endeavour 4x4 AT,Ford,2007,"27,000","1,63,936 kms",Diesel
Mahindra Jeep CL550 MDI,Mahindra,2006,"25,000","1,62,187 kms",Petrol
Jeep Compass Longitude,Jeep,2012,"1,02,000","3,827 kms",Petrol
Tata Nano Lx,Tata,2021,"95,000","1,01,959 kms",Diesel
Tata Tigor XZ,Tata,2023,"1,55,000","33,005 kms",Petrol
Renault Duster 110 PS RxL,Renault,2014,"48,000","84,752 kms",Petrol
Land Rover Discovery Sport,Land,2021,"33,90,000","18,654 kms",Petrol
Skoda Octavia Elegance 1.8 TSI,Skoda,2005,"36,000","19,473 kms",Diesel
Skoda Octavia Elegance 1.8 TSI,Skoda,2023,"1,88,000","66,190 kms",Diesel
Honda Amaze S i-Dtech,Honda,2021,"1,23,000","1,08,982 kms",Diesel
Fiat Punto Active,Fiat,2015,Ask For Price,"1,53,374 kms",Petrol
Skoda Rapid Elegance 1.6 MPI,Skoda,2002,"25,000","52,295 kms",Petrol
Maruti Suzuki Alto K10 VXi,Maruti,2018,"76,000","1,39,393 kms",Diesel
Mitsubishi Pajero Sport 4x2,Mitsubishi,2008,"43,000","70,194 kms",Diesel
Maruti Suzuki Celerio VXI,Maruti,2008,"25,000","1,47,472 kms",Petrol
Land Rover Freelander 2,Land,2011,"9,81,000","71,505 kms",Petrol
Honda Amaze S i-Dtech,Honda,2015,"87,000","32,749 kms",Diesel
Jaguar XF Portfolio,Jaguar,2006,"4,76,000","1,46,557 kms",Petrol
Honda Brio S MT,Honda,2022,"1,68,000","24,873 kms",Petrol
Ford EcoSport Titanium 1.5L TDCi,Ford,2015,"1,03,000","12,449 kms",Diesel
Mercedes GLA 200d,Mercedes,2002,"3,84,000","73,895 kms",Petrol
Jaguar XF Portfolio,Jaguar,2023,"25,72,000","1,06,366 kms",Diesel
Hyundai Santro Xing XO eRLX Euro III,Hyundai,2021,"1,11,000","81,353 kms",Diesel
Land Rover Discovery Sport,Land,2006,"7,15,000","35,348 kms",Petrol
Renault Kwid RXT,Renault,2017,"1,09,000","20,936 kms",Diesel
Land Rover Freelander 2,Land,2022,"19,76,000","1,77,952 kms",Diesel
Honda Amaze S i-Dtech,Honda,2009,"61,000","33,493 kms",Diesel
Mitsubishi Lancer 1.8 GLX,Mitsubishi,2011,"53,000","68,122 kms",Petrol
Jaguar XF Portfolio,Jaguar,2020,"22,15,000","56,235 kms",Diesel
Datsun GO T,Datsun,2015,"41,000","1,34,437 kms",Diesel
Land Rover Discovery Sport,Land,2009,"10,72,000","8,213 kms",Diesel
Jaguar XF Portfolio,Jaguar,2017,"14,99,000","97,665 kms",Diesel
Volvo S60 D4,Volvo,2016,"17,61,000","8,659 kms",Petrol
Volvo S60 D4,Volvo,2002,"4,34,000","37,742 kms",Diesel
Honda Amaze S i-Dtech,Honda,2023,"1,85,000","54,802 kms",Petrol
Chevrolet Tavera Neo 3,Chevrolet,2006,"27,000","56,286 kms",Diesel
Honda Amaze S i-Dtech,Honda,2011,"62,000","34,474 kms",Petrol
Ford EcoSport Ambiente 1.5L TDCi,Ford,2022,Ask For Price,"72,105 kms",Petrol
Datsun redi-GO T,Datsun,2012,"27,000","1,14,906 kms",Diesel
Datsun GO T,Datsun,2022,"66,000","1,67,311 kms",Petrol
Volkswagen Vento Highline Diesel,Volkswagen,2011,"53,000","45,313 kms",Petrol
Volvo S60 D4,Volvo,2020,"25,17,000","7,095 kms",Petrol
BMW 5 Series 520d,BMW,2014,"9,02,000","1,13,330 kms",Petrol
Datsun GO Plus T,Datsun,2019,"57,000","1,24,740 kms",Diesel
Mini Cooper S,Mini,2016,"8,05,000","1,11,296 kms",Diesel
Jaguar XF Portfolio,Jaguar,2022,"22,99,000","1,44,722 kms",Diesel
Datsun redi-GO T,Datsun,2011,"27,000","1,12,252 kms",Petrol
Jaguar XE Prestige,Jaguar,2007,"4,95,000","1,44,315 kms",Petrol
Land Rover Discovery Sport,Land,2015,"12,94,000","1,61,192 kms",Diesel
Chevrolet Sail UVA LS,Chevrolet,2012,"28,000","1,22,734 kms",Diesel
Audi Q7,Audi,2007,"6,60,000","10,805 kms",Petrol
Datsun GO Plus T,Datsun,2009,"25,000","95,008 kms",Petrol
Jeep Compass Longitude,Jeep,2009,"49,000","1,27,256 kms",Petrol
Hyundai Creta 1.6 SX Option,Hyundai,2015,"66,000","96,224 kms",Petrol
Mahindra TUV300 T8,Mahindra,2022,"2,29,000","16,295 kms",Diesel
Honda WR-V i-VTEC VX,Honda,2017,"78,000","1,19,258 kms",Petrol
Hyundai Elite i20 Magna 1.2,Hyundai,2003,"25,000","50,514 kms",Petrol
Mercedes E-Class E220d,Mercedes,2020,"28,76,000","4,751 kms",Petrol
Mahindra Thar CRDe 4x4,Mahindra,2008,"49,000","47,414 kms",Diesel
Mitsubishi Lancer 1.8 GLX,Mitsubishi,2013,"69,000","88,842 kms",Petrol
Toyota Fortuner 3.0 4x4 AT,Toyota,2005,"25,000","1,46,157 kms",Petrol
Volvo XC60 D5,Volvo,2011,"7,38,000","72,373 kms",Petrol
Datsun redi-GO T,Datsun,2015,"57,000","36,848 kms",Petrol
Land Rover Discovery Sport,Land,2012,"14,26,000","16,563 kms",Diesel
Datsun redi-GO T,Datsun,2010,"25,000","1,24,997 kms",Petrol
Mini Cooper S,Mini,2011,"7,99,000","31,375 kms",Diesel
Audi Q7,Audi,2017,"16,14,000","15,687 kms",Petrol
Volkswagen Ameo Highline 1.5,Volkswagen,2003,"25,000","1,06,751 kms",Petrol
Datsun GO T,Datsun,2023,"99,000","54,352 kms",Petrol
Skoda Octavia Elegance 1.8 TSI,Skoda,2008,"30,000","1,71,205 kms",Petrol
Honda City 1.5 S MT,Honda,2008,"29,000","1,29,455 kms",Diesel
Hyundai Venue SX,Hyundai,2003,"25,000","1,16,931 kms",Petrol
BMW X1 sDrive20d,BMW,2003,"4,01,000","63,522 kms",Petrol
Audi A8,Audi,2002,"2,47,000","1,17,760 kms",Petrol
BMW 3 Series 320d,BMW,2003,"3,79,000","88,349 kms",Diesel
Mahindra Bolero SLE,Mahindra,2020,"1,43,000","49,425 kms",Diesel
Mahindra KUV100 K8,Mahindra,2004,"25,000","95,517 kms",Petrol
Audi Q7,Audi,2019,"21,59,000","39,980 kms",Diesel
Chevrolet Sail UVA LS,Chevrolet,2012,"33,000","1,16,874 kms",Diesel
Volkswagen Ameo Highline 1.5,Volkswagen,2022,Ask For Price,"11,495 kms",Petrol
BMW 3 Series 320d,BMW,2010,"10,95,000","3,561 kms",Petrol
Mahindra KUV100 K8,Mahindra,2020,"1,37,000","57,306 kms",Diesel
Tata Nano Lx,Tata,2014,"58,000","52,720 kms",Diesel
Fiat Punto Active,Fiat,2010,"25,000","1,74,672 kms",Petrol
Datsun redi-GO T,Datsun,2010,"32,000","70,058 kms",Diesel
Skoda Octavia Elegance 1.8 TSI,Skoda,2010,"40,000","1,09,102 kms",Petrol
Mini Cooper D,Mini,2019,"20,83,000","29,826 kms",Diesel
Nissan Sunny XL,Nissan,2016,"66,000","79,178 kms",Petrol
Mitsubishi Lancer 1.8 GLX,Mitsubishi,2020,"1,85,000","25,133 kms",Diesel
Land Rover Freelander 2,Land,2015,"17,97,000","4,403 kms",Petrol
Hyundai i10 Sportz,Hyundai,2002,"26,000","40,813 kms",Petrol
Fiat Linea Active,Fiat,2004,"25,000","81,909 kms",Diesel
Nissan Terrano XL,Nissan,2014,"57,000","86,433 kms",Petrol
Jaguar XE Prestige,Jaguar,2007,"8,62,000","29,764 kms",Diesel
Land Rover Discovery Sport,Land,2011,"6,99,000","1,69,232 kms",Diesel
Fiat Linea Active,Fiat,2023,"1,51,000","7,627 kms",Petrol
Honda Jazz V,Honda,2015,"58,000","1,08,031 kms",Petrol
Nissan Micra XV,Nissan,2006,"25,000","97,538 kms",Petrol
Honda Civic 1.8 V MT,Honda,2022,"1,95,000","7,810 kms",Petrol
Volkswagen Vento Highline Diesel,Volkswagen,2006,"26,000","1,37,953 kms",Diesel
Mercedes GLA 200d,Mercedes,2013,"12,54,000","32,166 kms",Petrol
Volvo XC60 D5,Volvo,2019,"21,75,000","5,834 kms",Diesel
Chevrolet Beat LT,Chevrolet,2003,"25,000","1,67,316 kms",Petrol
Honda Civic 1.8 V MT,Honda,2004,"25,000","1,17,174 kms",Petrol
Ford Figo,Ford,2021,"1,71,000","10,762 kms",Diesel
Jeep Compass Limited,Jeep,2004,"32,000","1,53,057 kms",Petrol
